f,sscd21,sscd11,sscc21,sscc11,ssdd21,ssdd11,s11,s21,s12,s22
1000000000.0,(-0.002304964913379115-0.0018722659777848372j),(-0.0022965582331381414-0.004417196672414685j),(0.9483059706669421-0.22719196906881511j),(-0.01069264795030406-0.0325230456256132j),(0.9188562812591241-0.2639825935464958j),(-0.05723940305668607-0.1387481952542805j),(-0.03166946727035713-0.0812184237675318j),(0.014724844703908935+0.018395312238840625j),(0.014724844703909085+0.018395312238840045j),(-0.03626258373663388-0.09005281711236171j)
1009009009.009009,(-0.0027279089980557503-0.0019630508499859645j),(-0.0029680864312064473-0.005245649343614968j),(0.9328184781339914-0.2827500138161756j),(-0.014818699677803311-0.039872301945214274j),(0.8934917780557022-0.3236466731553408j),(-0.07784689218978644-0.16742706871778062j),(-0.043364709502588264-0.09840403598788239j),(0.01966335003914466+0.020448329669582925j),(0.019663350039144472+0.02044832966958228j),(-0.049300882365002664-0.10889533467511209j)
1018018018.018018,(-0.0031889059011501186-0.00196159334534049j),(-0.0037367453608577114-0.005960149537664314j),(0.9140356621194234-0.3372132986602252j),(-0.019780865823978207-0.046677191611204635j),(0.863736827163986-0.3799606432912629j),(-0.1018058457689548-0.19274657019685346j),(-0.0570566104356088-0.11375173136636467j),(0.025149417477718677+0.021373672315518844j),(0.02514941747771882+0.02137367231551883j),(-0.06453010115732502-0.12567203044169314j)
1027027027.027027,(-0.0036676550065591895-0.0018621222629469636j),(-0.004580837466300704-0.006550478281872177j),(0.8920441307795274-0.39037990912966j),(-0.02550685548506903-0.052843039908160375j),(0.8301822855577198-0.4325625153248977j),(-0.12850452077279845-0.21434275636407318j),(-0.07242485066263302-0.12704241985424417j),(0.03093092261090394+0.0210913030976192j),(0.030930922610903515+0.02109130309761867j),(-0.08158652559523408-0.14014337641798963j)
1036036036.036036,(-0.004143686610972475-0.0016634211999893844j),(-0.005478226712420778-0.0070109834707276775j),(0.8669437860938065-0.44205651689444303j),(-0.03191374870245732-0.058284956784436015j),(0.7934390116774781-0.4812129137015061j),(-0.15730712325445878-0.23197575755304373j),(-0.08913220926603727-0.13811937369801205j),(0.03675238720816423+0.01957819840353163j),(0.036752387208164025+0.019578198403531432j),(-0.10008866269087889-0.15214134063946771j)
1045045045.045045,(-0.004597382571005892-0.0013685133364048918j),(-0.00640734526755897-0.007340269467676165j),(0.8388466959991141-0.49205936170988307j),(-0.03890937386885744-0.06292900025738568j),(0.7541110126318293-0.5257886471756916j),(-0.18758055765106585-0.2455236539117283j),(-0.10683762049240272-0.14688605761688073j),(0.04236784168364241+0.016864642732904302j),(0.04236784168364215+0.016864642732904285j),(-0.11965231102752091-0.16156659655223293j)
1054054054.054054,(-0.005010812306846468-0.000984134188133201j),(-0.007348013455976167-0.007540676998903116j),(0.8078758890388509-0.5402150510101131j),(-0.04639380171316434-0.06671313393383152j),(0.7127730437607589-0.5662707009919541j),(-0.21871671075949467-0.2549708068010489j),(-0.1252072427803533-0.153301293368537j),(0.047551422639046104+0.013027824990920632j),(0.047551422639046104+0.013027824990920242j),(-0.13990326969230596-0.16838264736634317j)
1063063063.063063,(-0.005368353090542344-0.0005200701988181677j),(-0.00828204202109354-0.007617631633680649j),(0.7741641037976079-0.5863611734309161j),(-0.05426092304022318-0.06958797078627861j),(0.6699535059327888-0.6027285835438276j),(-0.2501494271513356-0.26039258544504884j),(-0.14392313307468574-0.1573726464819829j),(0.05210529893240967+0.008183705056455886j),(0.052105298932409505+0.008183705056455728j),(-0.16048721711687208-0.1726079097493452j)
1072072072.072072,(-0.0056570912471445856+1.1562744631432587e-05j),(-0.009193613478426212-0.007578935398484352j),(0.7378525242914744-0.6303467281880686j),(-0.06240007825381052-0.07151730067471605j),(0.626122789120364-0.6353028839987066j),(-0.2813660303103013-0.2619383524390686j),(-0.16268944080362963-0.1591488911584081j),(0.0558648675855551+0.0024780779053188346j),(0.05586486758555531+0.00247807790531928j),(-0.18107666776048156-0.1743067619553771j)
1081081081.0810812,(-0.00586702210181711+0.0005970384882997282j),(-0.010069460590512988-0.0074340644118164115j),(0.6990895305447699-0.6720323773042094j),(-0.07069770830764233-0.07247840385715013j),(0.5816866724431448-0.6641876185476026j),(-0.3119137830031584-0.2598142936196954j),(-0.1812362850648875-0.15871228432660653j),(0.05870142905081245-0.003922379378303553j),(0.058701429050812555-0.003922379378303115j),(-0.20137520624591357-0.17358041315023867j)
1090090090.09009,(-0.00599108002621479+0.0012216908217619338j),(-0.010898873577489726-0.007193519743522586j),(0.6580294909687674-0.7112905321143077j),(-0.07903899893710478-0.07246215684906271j),(0.5369840426500303-0.6896135592666693j),(-0.3414020297218814-0.2542672949240351j),(-0.19932164075200323-0.15617120614302635j),(0.06052272415936877-0.010838486423819052j),(0.06052272415936848-0.01083848642381946j),(-0.22111938790698352-0.17055824563007066j)
1099099099.0990992,(-0.00602503623114814+0.001870504480844637j),(-0.011673574047199098-0.006868262332131614j),(0.6148316200016403-0.7480052892543518j),(-0.08730949267998861-0.07147294045235021j),(0.4922880250246747-0.711833334844419j),(-0.36950093341732115-0.2455706649846941j),(-0.21673163900145576-0.15165354038639048j),(0.06127179748848269-0.018085977204966384j),(0.0612717974884829-0.018085977204966283j),(-0.24007878709585342-0.1653900650506544j)
1108108108.108108,(-0.005967302469256419+0.002528611465939079j),(-0.012387494240071878-0.006469248073959488j),(0.5696589208897513-0.7820722344232967j),(-0.0953966461709001-0.06952836256614876j),(0.44780959775576196-0.7311087258551425j),(-0.39593774343761357-0.2340121365162549j),(-0.23327970056418493-0.14530100146724223j),(0.060924661566994956-0.025481754284076927j),(0.06092466156699444-0.025481754284077354j),(-0.25805468904432877-0.15823949761516115j)
1117117117.1171172,(-0.005818675368563508+0.003181689034953916j),(-0.01303649685739372-0.006007067405276449j),(0.5226772296030828-0.8133981345823891j),(-0.10319131336929382-0.0666588105104795j),(0.4037028380355179-0.7477002816618721j),(-0.42049145653993597-0.21988428482734876j),(-0.24880488809722107-0.13726448026363752j),(0.05948719578378249-0.03284892646025835j),(0.05948719578378239-0.03284892646025825j),(-0.27487788181200834-0.14927861507419143j)
1126126126.126126,(-0.005582050447185766+0.0038162642379994116j),(-0.013618065211934288-0.005491685228681133j),(0.47405437179925214-0.8419005409058038j),(-0.11058913863303635-0.06290684904705157j),(0.36007108243648966-0.7618591721253478j),(-0.4429866012511321-0.20347728869772985j),(-0.26316980473014995-0.12770038364370956j),(0.056991644681381126-0.04002068439022796j),(0.056991644681381175-0.040020684390227795j),(-0.29040593515401847-0.13868375410107187j)
1135135135.1351352,(-0.005262128353891227+0.004419935245346562j),(-0.014130987104786316-0.004932271678751293j),(0.42395944059933827-0.8675073257261706j),(-0.11749184675608769-0.05832648109638271j),(0.31697344058940685-0.7738210505683256j),(-0.46328672268877535-0.18507382279896983j),(-0.27625829761764525-0.1167678802689249j),(0.05349300000496557-0.04684313757892245j),(0.05349300000496579-0.04684313757892222j),(-0.30452027182721736-0.12663242362642865j)
1144144144.144144,(-0.0048651295098169345+0.0049815225134115515j),(-0.014575049666360473-0.0043371114418311076j),(0.37256219883183334-0.8901561769503982j),(-0.12380842013419452-0.052982288376680994j),(0.27443125540422064-0.7838016319977954j),(-0.4812879947709401-0.16494579879677584j),(-0.2879731577862068-0.10462693214489728j),(0.04906547171380643-0.05317727247630128j),(0.049065471713806354-0.053177272476301496j),(-0.3171232571189276-0.11330115502856002j)
1153153153.1531532,(-0.0043985276690335084+0.00549116368098429j),(-0.01495075698344811-0.0037135784872560293j),(0.32003260544573564-0.9097940729992107j),(-0.1294561560028059-0.04694846890013608j),(0.2324342404456351-0.7919936665346885j),(-0.4969132542567317-0.14335264820550936j),(-0.29823394814632076-0.09143698006556669j),(0.04379918250005018-0.05890020323226103j),(0.04379918250005036-0.058900203232261125j),(-0.32813546211321687-0.09886413704007882j)
1162162162.162162,(-0.00387080823266589+0.005940365608281706j),(-0.015259077934806561-0.0030681635039903586j),(0.2665404620843688-0.9263767603083248j),(-0.1343615991228957-0.04030778754940881j),(0.19094613883960138-0.7985649970170255j),(-0.5101066431486057-0.12054084843033823j),(-0.3069750432009442-0.07735615448588305j),(0.03779716162238375-0.06390588164564956j),(0.03779716162238365-0.0639058816456495j),(-0.3374931990705573-0.08349248149386423j)
1171171171.1711712,(-0.0032912534887544337+0.006322025681789356j),(-0.015501228324962008-0.0024065425372746495j),(0.21225517242304276-0.9398682538938428j),(-0.13846134731338083-0.03315045492801444j),(0.14990983695134247-0.8036574189597443j),(-0.5208289640659208-0.0967444210697356j),(-0.31414392736468877-0.06254089546160027j),(0.031172667735850226-0.06810541746704916j),(0.031172667735849906-0.06810541746704943j),(-0.3451463840146132-0.06735398053614863j)
1180180180.18018,(-0.0026697542240627092+0.006630432798706787j),(-0.01567848905778048-0.0017336768772399386j),(0.15734560386292268-0.9502403795086309j),(-0.14170272881098767-0.025572948447724092j),(0.1092519320406592-0.8073861007337888j),(-0.5290537953610264-0.07218616833945143j),(-0.31969977302822644-0.0471458815163478j),(0.024046835911131787-0.07142713938742108j),(0.024046835911131555-0.07142713938742097j),(-0.3510567511437875-0.050613235270827804j)
1189189189.1891892,(-0.0020166452166208923+0.006861256583853614j),(-0.01579206058080504-0.0010539358770321177j),(0.10198003857688992-0.9574723735812778j),(-0.1440443515747773-0.01767678829900913j),(0.0688867997897313-0.8098393652814616j),(-0.5347643754202455-0.047079452234819144j),(-0.32361230291670634-0.03132418438988196j),(0.016546619393579327-0.07381650414990802j),(0.016546619393579237-0.07381650414990798j),(-0.3551964240783165-0.033432056143946204j)
1198198198.1981983,(-0.001342560804122251+0.007011531542699734j),(-0.015842952989472303-0.0003712358815417425j),(0.04632619874247622-0.9615505545114137j),(-0.14545652536391246-0.009567279656238364j),(0.028720239104123236-0.8110786778207782j),(-0.5379512446475938-0.021630357047224335j),(-0.32586093201628075-0.015227582470189566j),(0.008802979819176526-0.07523593834531771j),(0.008802979819176401-0.07523593834531779j),(-0.3575468379952254-0.01597005423327311j)
1207207207.2072072,(-0.000658305878704548+0.007079641100309009j),(-0.015831910843247643+0.00031081028598246895j),(-0.00944867092023708-0.9624680760648718j),(-0.1459215577476972-0.0013522312959538918j),(-0.011347208244157055-0.8111387247255698j),(-0.5386106250533889+0.003959893774970066j),(-0.32643418055729545+0.0009930209535255626j),(0.00094926866195989-0.07566467566965104j),(0.0009492686619600929-0.07566467566965088j),(-0.3580980022437906+0.001614641525490268j)
1216216216.216216,(2.5262845678275525e-05+0.007065304843129949j),(-0.015759371766323818+0.000988737867416387j),(-0.06517768146149709-0.9602247706310496j),(-0.14543392521931375+0.006859340163240605j),(-0.05141715351428761-0.8100275064656499j),(-0.5367435175681758+0.02949237226590494j),(-0.32532934962742094+0.017187118347156277j),(-0.006880263973604773-0.0750986320827j),(-0.006880263973604676-0.0750986320826998j),(-0.35684809316006855+0.019164594081988853j)
1225225225.2252252,(0.0006973507072848481+0.006969570756053145j),(-0.015625458156561745+0.0016590726993071635j),(-0.12069415785653248-0.9548270870259179j),(-0.14400032035723004+0.014958511892218926j),(-0.091590356475831-0.8077264024889461j),(-0.5323555030767542+0.05476782274762762j),(-0.3225524535604304+0.03320409462061609j),(-0.01455190069035075-0.0735503422684859j),(-0.014551900690350757-0.0735503422684861j),(-0.3538033698735538+0.03652224001923051j)
1234234234.2342343,(0.001347339603812267+0.0067948127948847525j),(-0.015430001697350648+0.0023181753973207497j),(-0.17583149639604495-0.9462881243933572j),(-0.14163957559951126+0.02283775423663599j),(-0.13196370232208066-0.8041901991555227j),(-0.5254572420441959+0.07958406458608633j),(-0.31811840712450284+0.048892734014040484j),(-0.021933897036982022-0.07104896261891726j),(-0.021933897036982293-0.07104896261891719j),(-0.3489784105192042+0.05352908480868191j)
1243243243.2432432,(0.001964908547046576+0.006544732706849132j),(-0.01517260075841581+0.0029620909238651898j),(-0.23042304068258912-0.9346277606157383j),(-0.13838246376119429+0.030392219792609854j),(-0.1726270431456874-0.7993471045209519j),(-0.5160656770814598+0.10373350616659414j),(-0.3120514696629113+0.06410077205573678j),(-0.028897998768450953-0.06764032804739321j),(-0.0288979987684509-0.06764032804739328j),(-0.3423966711797427+0.07002495390346773j)
1252252252.2522523,(0.002540165438996128+0.0062243635596896385j),(-0.014852711086660045+0.003586407667887162j),(-0.28430199515410015-0.9198728705306782j),(-0.13427137503032516+0.03752101382793313j),(-0.2136597920078081-0.7930988071974472j),(-0.5042059505436114+0.12700086512120548j),(-0.304385951700308+0.07867453180668216j),(-0.03532110157314583-0.06338703166661548j),(-0.035321101573146094-0.06338703166661541j),(-0.33409137387362864+0.08584734714245582j)
1261261261.2612612,(0.003063794800427594+0.00584007092186839j),(-0.01446977032581491+0.004186130894425846j),(-0.33730139418235006-0.9020576262042355j),(-0.12935986991884807+0.04412843710782316j),(-0.2551271671735804-0.785320671803772j),(-0.48991405281435085+0.14916120762150226j),(-0.2951671910407845+0.09245869147023678j),(-0.04108711350438487-0.0583684772002317j),(-0.04108711350438475-0.05836847720023157j),(-0.32410673169241444+0.10083095325908843j)
1270270270.2702703,(0.0035272254624802712+0.005399546028612978j),(-0.014023356751268756+0.004755576451006063j),(-0.3892541434939114-0.881223868574952j),(-0.12371210760846427+0.050125191315654245j),(-0.2970760001163716-0.7758622013263106j),(-0.4732402135500083+0.1699784447687498j),(-0.2844528038279675+0.10529624159119595j),(-0.046089071688769856-0.052680833624320786j),(-0.04608907168877003-0.05268083362432098j),(-0.312499517330505+0.11480739449320833j)
1279279279.2792792,(0.003922821130055321+0.004911783577938811j),(-0.013513382035883093+0.005288291897010716j),(-0.4399931489332865-0.8574215370072804j),(-0.1174021493963765+0.05542953617990795j),(-0.33953004606566906-0.7645479369844439j),(-0.4542530346570387+0.18920445560860677j),(-0.27231420999082456+0.11702870399724663j),(-0.05023155143380876-0.04643680001141829j),(-0.05023155143380862-0.04643680001141838j),(-0.2993409740625908+0.1276052877912678j)
1288288288.2882884,(0.004244095110103208+0.004387035080414714j),(-0.012940316729783893+0.0057770136603205804j),(-0.4893515454346416-0.8307091407339168j),(-0.11051313757457278+0.059968386208376766j),(-0.38248477353734867-0.7511790077087175j),(-0.4330443365523551+0.2065790419433119j),(-0.25883842033368004+0.12749670041552377j),(-0.05343338594864644-0.039765066512599624j),(-0.053433385948646446-0.03976506651259959j),(-0.2847190537932481+0.13905072773616453j)
1297297297.2972972,(0.004485948221912783+0.003836727054791378j),(-0.012305445290083372+0.006213670273452085j),(-0.5371630364997277-0.8011542538885232j),(-0.10313635111332389+0.06367833368334962j),(-0.4259016632231293-0.7355355812525206j),(-0.4097346444385974+0.2218309563237117j),(-0.24413005248587727+0.13654097473007865j),(-0.05563068663829929-0.03280933631800117j),(-0.05563068663829918-0.032809336318000995j),(-0.26874094306604374+0.1489683152769831j)
1306306306.3063064,(0.004644925827868407+0.0032733320235092123j),(-0.011611144792701547+0.006589442969649001j),(-0.5832623515159281-0.7688340139034516j),(-0.09537014098772319+0.06650658339179412j),(-0.4697021205383499-0.7173805022455864j),(-0.38447917523182684+0.23468027577029657j),(-0.22831351331707345+0.14400398661139627j),(-0.05678011548878904-0.025726755828932656j),(-0.05678011548878908-0.025726755828932676j),(-0.25153580290247657+0.15718287255069446j)
1315315315.3153152,(0.00471948593981647+0.002710179527761869j),(-0.01086117779833079+0.006894895598159929j),(-0.6274858249243129-0.7338356015454552j),(-0.0873187498838385+0.06841178356246033j),(-0.5137612028052514-0.6964644214648584j),(-0.35747409572362626+0.24484241174637913j),(-0.2115352450054016+0.1497322020562598j),(-0.05686231105953076-0.018685590040298357j),(-0.05686231105953069-0.018685590040298364j),(-0.23325760060206324+0.16352199325257963j)
1324324324.3243244,(0.004710265458645946+0.002161194676428224j),(-0.0100609852225855+0.007120185506716101j),(-0.6696720976143677-0.6962566798591276j),(-0.07909102332171156+0.06936473676743868j),(-0.5579014819990297-0.6725327145972038j),(-0.32896270814754197+0.2520340406939455j),(-0.1939658805120413+0.15357920322397592j),(-0.055885307807668975-0.011861982630961875j),(-0.055885307807669045-0.011861982630961929j),(-0.21408785095721194+0.16781957423740868j)
1333333333.3333333,(0.004620325946740944+0.0016405535964331142j),(-0.009217959635204852+0.0072553651968531654j),(-0.7096629370472467-0.6562057688513309j),(-0.07079902188449377+0.06934897422272807j),(-0.6018875036662208-0.6453344444344388j),(-0.29924108422323814+0.25598119541924547j),(-0.17580209341866113+0.1554097196241337j),(-0.05388771669051293-0.00543566220844602j),(-0.05388771669051279-0.005435662208445907j),(-0.19423801268907098+0.16992045001783973j)
1342342342.3423424,(0.00445535431686539+0.0011622491501764864j),(-0.0083416735919849+0.007290780588876451j),(-0.7473041685762282-0.6138025329388234j),(-0.06255654717296955+0.06836117708293926j),(-0.6454214522863504-0.6146335228340551j),(-0.26866252285550574+0.2564296606493466j),(-0.15726786142225277+0.15510463827726664j),(-0.050941358144938914+0.0004154949476159878j),(-0.05094135814493906+0.0004154949476155925j),(-0.17395120860622273+0.169686199455019j)
1351351351.3513513,(0.004223788179439247+0.0007395669718259779j),(-0.007444032123395623+0.007217565088123656j),(-0.7824467063373386-0.5691779590411807j),(-0.05447759722088582+0.06641142904568026j),(-0.68814077489007-0.5802220638653987j),(-0.23764006819118855+0.2531576520006047j),(-0.13861480058264147+0.15256697543501882j),(-0.04715296572363418+0.005522052412108761j),(-0.04715296572363434+0.005522052412109339j),(-0.15350286482943287+0.1670021056112662j)
1360360360.3603604,(0.003936831436276045+0.0003844815826962722j),(-0.006539314483478609+0.007028218983499458j),(-0.8149476680290744-0.5224744047630099j),(-0.046674770304401134+0.06352328592001377j),(-0.7296186203655108-0.5419356783630997j),(-0.2066462216017786+0.24599051732872018j),(-0.1201211814696113+0.14772868264086747j),(-0.042664523831781695+0.009730636800045172j),(-0.042664523831781306+0.009730636800045073j),(-0.13319981043656823+0.16178512060786668j)
1369369369.3693695,(0.003608324510949612+0.00010699497398566904j),(-0.005644069173863821+0.006717251132052578j),(-0.8446715539973881-0.4738454983910001j),(-0.03925763924537221+0.059733649812762225j),(-0.7693679846089823-0.49967014447074054j),(-0.17620895043172247+0.23481688474273088j),(-0.10208922566468351+0.14055801614569394j),(-0.03765178469420263+0.012912323039870187j),(-0.03765178469420258+0.01291232303987076j),(-0.11337736401241108+0.15399251840979927j)
1378378378.3783784,(0.003254437030401791-8.55452053196426e-05j),(-0.00477682977070485+0.006281845185084477j),(-0.8714914674048122-0.4234558754401153j),(-0.03233112132292641+0.055092438275010626j),(-0.8068503691708702-0.45339851795129327j),(-0.14690318045345763+0.21960531168857653j),(-0.08484032111748711+0.131067029796709j),(-0.03232054911697102+0.014971321255588681j),(-0.03232054911697128+0.01497132125558917j),(-0.09439398065889695+0.1436307201668781j)
1387387387.3873873,(0.0028931603552029284-0.00018909555661791866j),(-0.003957628736312561+0.005722497500137105j),(-0.895290349012769-0.3714807402198609j),(-0.025993871640556745+0.04966204214755775j),(-0.8414895238024405-0.4031873624043245j),(-0.11933719748241144+0.20042010674905858j),(-0.0687079058251716+0.1193185769481709j),(-0.026900412605164303+0.01585331109223165j),(-0.026900412605164473+0.015853311092231995j),(-0.07662316329779666+0.13076357194844543j)
1396396396.3963964,(0.0025435939979632227-0.0002034697466908597j),(-0.0032073030959105693+0.005043561039676604j),(-0.9159621973835912-0.3181052453490798j),(-0.020336730098504414+0.04351656995657247j),(-0.8726904273464077-0.3492104502347426j),(-0.09413380056833812+0.17743466731870738j),(-0.054027962237510795+0.1054320575979633j),(-0.02163588501859194+0.01555260244283161j),(-0.021635885018591584+0.015552602442831121j),(-0.060442568429331454+0.11551917967731663j)
1405405405.4054055,(0.002225043331468002-0.0001327218432071453j),(-0.002546609266540878+0.004253622403560645j),(-0.9334132432804164-0.2635236873029848j),(-0.015441253816175244+0.03674088152857809j),(-0.8998630736754223-0.2917580967657726j),(-0.07190663770241976+0.15094048858533388j),(-0.0411273364927567+0.08958706265339533j),(-0.01677508480249715+0.014117204731394009j),(-0.016775084802497044+0.014117204731393735j),(-0.04622055502583823+0.09809430746051667j)
1414414414.4144144,(0.0019559739626041073+1.4710171887352685e-05j),(-0.001995192334093454+0.003365641224979843j),(-0.9475630459130835-0.20793852186888295j),(-0.011378367723162502+0.029429418967240953j),(-0.9224499213968551-0.23124033279253747j),(-0.05323286357705269+0.12135004279234694j),(-0.030310423316014155+0.07202408965481409j),(-0.012556562258114258+0.011650905461827201j),(-0.012556562258114216+0.011650905461827246j),(-0.03430080798420119+0.07875537210477376j)
1423423423.4234233,(0.0017528966660581013+0.00022615708463601114j),(-0.0015704836187887521+0.0023967951630979555j),(-0.9583454786807397-0.15155920968970527j),(-0.008207165845133172+0.02168484914362122j),(-0.9399551392811418-0.1681824648567407j),(-0.03862398617057719+0.0891920722901729j),(-0.02184509238906644+0.05304166555379916j),(-0.009195169699798854+0.008311627583517863j),(-0.009195169699798916+0.008311627583517549j),(-0.024986059626643835+0.057835255879994975j)
1432432432.4324324,(0.0016292802091096847+0.0004851971322972076j),(-0.0012866238265225628+0.0013680003231442087j),(-0.9657095734374964-0.09460090865754768j),(-0.005973894302499061+0.013616538173852338j),(-0.95197317560686-0.10321223726819514j),(-0.02849737306001133+0.05509850509272841j),(-0.01594900985473263+0.03298952131014618j),(-0.006868198915318295+0.004305664305323759j),(-0.006868198915318746+0.004305664305323654j),(-0.018522257507777654+0.035725521956434574j)
1441441441.4414415,(0.0015946016979822564+0.0007724535846648541j),(-0.0011535213973052506+0.0003031138673596713j),(-0.9696201952494647-0.03728303643188843j),(-0.004711144011893587+0.005338884647306643j),(-0.9582138530211672-0.037038741235388806j),(-0.023151215243020974+0.019783133367608906j),(-0.012777658230152016+0.01225789514009812j),(-0.0057031711141486245-0.00012214759824975835j),(-0.005703171114148175-0.00012214759824985544j),(-0.015084701024762759+0.012864122874817413j)
1450450450.4504504,(0.0016536404256444759+0.0010666622768545232j),(-0.0011761520221189002-0.0007721325566545714j),(-0.9700585241996185+0.02017226766538279j),(-0.0044372764441797125-0.0030304558364425433j),(-0.9585212653723396+0.029575719899741844j),(-0.02274567161395485-0.015986740785924575j),(-0.012415322006948214-0.008736465754528968j),(-0.005768629413639445-0.004701726117179443j),(-0.005768629413639777-0.0047017261171796035j),(-0.014767626051186509-0.010280730867838164j)
1459459459.4594595,(0.0018060997753459596+0.0013459210901324223j),(-0.0013541838817286728-0.0018313808725829196j),(-0.9670223269308816+0.07754174721035018j),(-0.00515609963898752-0.01137241748605581j),(-0.9528842792570297+0.09584859878637883j),(-0.027292391130434742-0.05142348616474606j),(-0.014870061502982678-0.029566570952817936j),(-0.007069023836925959-0.009153425788014213j),(-0.00706902383692594-0.0091534257880144j),(-0.017578429266439734-0.03322933269798389j)
1468468468.4684684,(0.0020466048085446276+0.0015890053148193j),(-0.0016819762412596043-0.0028489603475781687j),(-0.960526007983254+0.13460266217051986j),(-0.006856804310160324-0.019568401894561837j),(-0.9414373673212921+0.16101196428660697j),(-0.036653685559911935-0.0857542129320033j),(-0.02007326869377647-0.04981234706570423j),(-0.009544320330980976-0.013204651058043105j),(-0.009544320330981071-0.013204651058044005j),(-0.023437221176295656-0.05551026776086095j)
1477477477.4774776,(0.0023650770148656575+0.001776622126720001j),(-0.0021489528884009127-0.003801140603705986j),(-0.9506004390673288+0.19113441238390713j),(-0.009514161800806721-0.027502144396179876j),(-0.9244516671884043+0.22434601685920252j),(-0.050551458997029536-0.11825450003964463j),(-0.02788385751051724-0.0690771816142063j),(-0.013074385939462387-0.016605802237647776j),(-0.013074385939462932-0.01660580223764746j),(-0.03218176328731888-0.07667946282161826j)
1486486486.4864864,(0.002747441133782058+0.001892486613439645j),(-0.002740305339920226-0.00466720659801521j),(-0.937292572592646+0.24692011273033648j),(-0.013088977483800425-0.03506152787967644j),(-0.9023173477611435+0.2852082305676449j),(-0.06858481260321629-0.14827775533483592j),(-0.03809658970358803-0.08700243500924096j),(-0.01748761241575116-0.019144058918654068j),(-0.017487612415751308-0.01914405891865439j),(-0.04357720038342847-0.0963368482052715j)
1495495495.4954956,(0.003176580919006744+0.0019241287972263932j),(-0.0034379427083538333-0.005430265316489137j),(-0.9206648533962765+0.3017480843316891j),(-0.017528785584057453-0.04214030531627532j),(-0.8755193461349701+0.34305575718957504j),(-0.09025426167975982-0.17527784819792647j),(-0.050453580923554876-0.10327881144061148j),(-0.022572753630653128-0.02065383642894258j),(-0.02257275363065305-0.02065383642894342j),(-0.05732946634026264-0.1141393420735902j)
1504504504.5045044,(0.0036334378400948997+0.0018633798325332351j),(-0.004221582251588425-0.006077732669387534j),(-0.9007944491628257+0.35541323039696204j),(-0.02276876484612373-0.048639696445493444j),(-0.8446091424332665+0.39745969721466223j),(-0.11498989828698389-0.19882362404823306j),(-0.0646577493149653-0.11765392757747571j),(-0.02809265336477961-0.021023233408849994j),(-0.02809265336477972-0.021023233408850223j),(-0.0731009138181422-0.12980939291625085j)
1513513513.5135136,(0.004098141710542125+0.0017065278332693279j),(-0.005069869633050596-0.006601491367614433j),(-0.8777723251466031+0.4077182707871698j),(-0.028732849321184965-0.054469829383610245j),(-0.8101753935656811+0.4481109118098532j),(-0.14218067915125265-0.21860497960359496j),(-0.08038689460316824-0.12993591312598834j),(-0.033798465790461-0.020196320511341865j),(-0.033798465790460995-0.020196320511341487j),(-0.09052663386926914-0.143138895861217j)
1522522522.5225224,(0.004551073625459479+0.0014541716805553107j),(-0.005961429327799882-0.006997748475948702j),(-0.8517021923642955+0.45847481550747593j),(-0.03533500492860359-0.059551003872203044j),(-0.7728159830731445+0.49481801790503377j),(-0.17120228271825946-0.2344311461913252j),(-0.0973072144956315-0.1399933265558156j),(-0.03944310464557516-0.018171601198778985j),(-0.0394431046455753-0.01817160119877914j),(-0.10923007315123132-0.1539888235077129j)
1531531531.5315316,(0.004973784739795539+0.0011108289398628624j),(-0.006875768776520123-0.007266649141983071j),(-0.8226993604651003+0.5075042636840053j),(-0.04248064030645989-0.06381475901625591j),(-0.7331134770594219+0.537498927796443j),(-0.20144154673414-0.24622254807144445j),(-0.11508532474377964-0.14775200440186717j),(-0.044792941702839005-0.014997332056218778j),(-0.044792941702839144-0.014997332056219233j),(-0.12883686229681995-0.16228530268583347j)
1540540540.5405407,(0.005349723227150771+0.0006843690861360607j),(-0.007793988723343262-0.007411718098879999j),(-0.7908895271644475+0.554638520799307j),(-0.05006811963487788-0.06720473432611108j),(-0.6916152582183316+0.5761676961989342j),(-0.2323162161899484-0.2539980047678335j),(-0.1333981791890698-0.15318965144809213j),(-0.04963713447305793-0.01076458769981324j),(-0.04963713447305838-0.010764587699813644j),(-0.14898615663575637-0.16801308764585246j)
1549549549.5495496,(0.0056647504232034684+0.00018534604011199995j),(-0.00869928087000775-0.007439203378378292j),(-0.7564075356549309+0.5997205328082698j),(-0.057990345377751606-0.06967731844505626j),(-0.6488188880443214+0.6109185294011571j),(-0.2632894539813929-0.2578591387082134j),(-0.15194061880956442-0.15632902519825662j),(-0.05379432380530456-0.005598998296443612j),(-0.053794323805304745-0.005598998296443877j),(-0.16933918054957994-0.17120743195501328j)
1558558558.5585585,(0.005907451370555483-0.00037370284463356107j),(-0.009577218233610213-0.007357389844446109j),(-0.7193961299909281+0.6426046410942506j),(-0.06613638002661196-0.07120208498121419j),(-0.6051626316410172+0.64190865620428j),(-0.2938791830690306-0.2579736951615671j),(-0.17043056331421105-0.15723050022694443j),(-0.057116749174955454+0.0003479924449854142j),(-0.05711674917495513+0.00034799244498516513j),(-0.189584999781432-0.17194527991583627j)
1567567567.5675676,(0.006069262424474198-0.000978937151142556j),(-0.01041586109111621-0.007175937251904338j),(-0.680004736260772+0.6831567669759808j),(-0.0743930777559939-0.07176201929985211j),(-0.5610206306710701+0.6693414477860113j),(-0.32366277876093186-0.25455916965631376j),(-0.18861206716734666-0.15598465722617857j),(-0.059492052794850876+0.006907659594984685j),(-0.0594920527948508+0.0069076595949846414j),(-0.20944378934957955-0.1703365317299869j)
1576576576.5765767,(0.006144448773805711-0.0016158344247419465j),(-0.011205711655510514-0.006905282084885965j),(-0.6383882945607852+0.721254438593885j),(-0.08264669925492843-0.07135354393566415j),(-0.5167019419587369+0.6934507924646869j),(-0.3522778989904194-0.24786775768982933j),(-0.2062565874671632-0.1527053687278606j),(-0.06084317630102391+0.013901823064599254j),(-0.06084317630102433+0.013901823064598917j),(-0.2286680107781848-0.1665159328976326j)
1585585585.5855856,(0.0061299685246754-0.0022697283733084106j),(-0.011939554504788286-0.006556127255130273j),(-0.5947061634959898+0.7567866764570996j),(-0.09078448574857406-0.0699863534348642j),(-0.4724525523257064+0.7144873530600494j),(-0.3794203489212876-0.23817326409763356j),(-0.22316286283014258-0.1475236815111188j),(-0.06112680558514173+0.02114966169852511j),(-0.06112680558514201+0.02114966169852535j),(-0.24704197183971832-0.16063593602138j)
1594594594.5945945,(0.006025258934227007-0.002926253875617457j),(-0.012612218826800775-0.006139030667819401j),(-0.5491211152692318+0.7896537566940625j),(-0.09869617124303903-0.06768307192378162j),(-0.42845949643490844+0.7327070060958403j),(-0.4048398619247796-0.2257602818458655j),(-0.23915579775710866-0.14058264621700403j),(-0.06033080941716181+0.02847337529911108j),(-0.0603308094171617+0.02847337529911151j),(-0.26438023541070993-0.15286070755264314j)
1603603603.6036036,(0.0058319761862378194-0.0035716985624970055j),(-0.013220294472059413-0.005664093570579697j),(-0.5017984354997023+0.8197668731010685j),(-0.10627541519297162-0.06447874852398783j),(-0.38485630097066037+0.7483615065412983j),(-0.42833458478069586-0.21091569527484372j),(-0.2540847055147745-0.13203312832883604j),(-0.05847106726452119+0.035702683279884975j),(-0.05847106726452075+0.035702683279885225j),(-0.280525294458893-0.14336131546999567j)
1612612612.6126127,(0.0055537143031712255-0.004193267738837048j),(-0.013761828160007733-0.005140742629814683j),(-0.4529051378506257+0.8470477204193609j),(-0.11342114098374509-0.060420206909757j),(-0.3417291169113389+0.7616912435688623j),(-0.4497449194344718-0.19392238531264472j),(-0.26782120204910087-0.12203055348138608j),(-0.05558801046964366+0.042678238425249336j),(-0.05558801046964328+0.042678238425249565j),(-0.29534485836911606-0.13231203874101558j)
1621621621.6216216,(0.005195722564736882-0.004779273615777457j),(-0.014236020140418373-0.004577595497132991j),(-0.4026092994614826+0.8714280219039396j),(-0.12003876871914719-0.05556526586837287j),(-0.2991230522851251+0.7729198443191106j),(-0.4689472265620885-0.1750549062064518j),(-0.2802569775001993-0.11073249054027924j),(-0.05174312358817862+0.049254088792414746j),(-0.051743123588179264+0.04925408879241518j),(-0.30872901778103606-0.1198876815345462j)
1630630630.6306305,(0.004764634930159273-0.0053192617773659134j),(-0.01464293595366005-0.003982397674962383j),(-0.35107951918425334+0.892849024208443j),(-0.12604133370169907-0.049981847736857994j),(-0.25704836081134413+0.7822503303265687j),(-0.4858477574954213-0.15457685116923237j),(-0.2913016096449-0.09829695177808277j),(-0.0470155791864544+0.055299346940937556j),(-0.047015579186455145+0.055299346940937744j),(-0.3205874815522201-0.10626174712800794j)
1639639639.6396396,(0.004268219872544943-0.0058040881242785725j),(-0.014983243098130622-0.0033620181465992445j),(-0.29848449681657396+0.9112609819506052j),(-0.1313504845918375-0.04374699113077321j),(-0.21548626610468152+0.7898625199739996j),(-0.5003770619741256-0.13273961273210572j),(-0.3008805301848509-0.0848812837848402j),(-0.04149911535594631+0.06069923098830279j),(-0.04149911535594607+0.06069923098830304j),(-0.3308470163811123-0.09160532007803833j)
1648648648.6486487,(0.003715154898445386-0.006225958773406204j),(-0.015257978573524053-0.002722491936228349j),(-0.24499272799182292+0.9266226531076531j),(-0.13589735746193415-0.03694578354984661j),(-0.17439430218104762+0.7959113862714389j),(-0.5124850243085197-0.10978225844856358j),(-0.3089332123117027-0.07064152906297692j),(-0.03529921290538728+0.0653556334181071j),(-0.03529921290538796+0.06535563341810682j),(-0.3394491694587512-0.07608651293543296j)
1657657657.6576576,(0.0031148268391655853-0.006578443994130767j),(-0.015468350422961519-0.0020690990467382066j),(-0.19077230619374075+0.9389008246955131j),(-0.13962332377400571-0.02967022835022154j),(-0.1337111288113905+0.8005261111751998j),(-0.5221366100048757-0.08593227236873344j),(-0.3154116164664792-0.0557321513127394j),(-0.0285305886911749+0.06918735676015661j),(-0.0285305886911756+0.06918735676015707j),(-0.34634831731240223-0.05987034940621603j)
1666666666.6666665,(0.0024771566582549864-0.006856475558254971j),(-0.015615574442478505-0.001406470741351742j),(-0.13599082055799586+0.9480698860891378j),(-0.14248061168591614-0.022018059327509477j),(-0.09336083732792406+0.8038096173223422j),(-0.5293083562862722-0.061406948720816645j),(-0.3202789095436154-0.04030603328281131j),(-0.021314991615035504+0.07213013438339795j),(-0.021314991615036687+0.0721301343833991j),(-0.3515100584285726-0.04311897476551674j)
1675675675.6756756,(0.001812445874918557-0.007056335088340138j),(-0.015700746014196784-0.0007387156487441288j),(-0.08081533573497726+0.9541114649214425j),(-0.14443280103589023-0.014091514869564j),(-0.05325680243446003+0.8058383999678244j),(-0.5339856096101703-0.03641526047398994j),(-0.32350845930883315-0.024514672023032945j),(-0.013779266650258184+0.07413653247680914j),(-0.013779266650259091+0.07413653247680906j),(-0.3549099513372272-0.025992103320521542j)
1684684684.6846848,(0.00113124060150052-0.00717563923621739j),(-0.01572474638950165-6.955952541767797e-05j),(-0.02541243813291611+0.9570141378280337j),(-0.1454551928993259-0.005996082416121273j),(-0.013305162238989794+0.8066625228602866j),(-0.5361604973153111-0.011160058022012654j),(-0.32508309871781677-0.00850851069364939j),(-0.006053637946962741+0.07517580748387341j),(-0.006053637946963665+0.07517580748387293j),(-0.35653259149682026-0.008647629744483947j)
1693693693.6936936,(0.000444208497257053-0.007213325868414833j),(-0.015688182549912832+0.0005975063888760111j),(0.03005166865828771+0.9567732254497725j),(-0.14553505480690987+0.0021607771055639955j),(0.026591974431319214+0.8063056802897645j),(-0.5358306152133901+0.014159520198903396j),(-0.3249946524602365+0.007562642263357345j),(0.001729847113485337+0.07523377258000394j),(0.0017298471134831895+0.0752337725800043j),(-0.35637101756006334+0.008757655041111088j)
1702702702.7027028,(-0.00023797646109395554-0.007169643889126831j),(-0.015591359871647309+0.0012590726867870309j),(0.08541103754562648+0.9533906781216996j),(-0.14467174262709684+0.010270916040275201j),(0.06653348456333874+0.8047652633169187j),(-0.5329984149852895+0.039345524016914615j),(-0.32324371893454595+0.023549147341807866j),(0.009438776491143674+0.0743127074023904j),(0.009438776491144139+0.07431270740239003j),(-0.35442643867784046+0.026067292715382582j)
1711711711.711712,(-0.0009047466777198088-0.007046147873667918j),(-0.015434287098727198+0.0019116585696899273j),(0.14049983965070503+0.9468750556146799j),(-0.14287669983019713+0.018226789688094016j),(0.10661623769654137+0.8020124017779531j),(-0.5276712818002249+0.06419864213530041j),(-0.319839703716484+0.03930105734200745j),(0.01694180097708153+0.07243132691836361j),(0.016941800977082314+0.07243132691836345j),(-0.350708277913938+0.04312437448138761j)
1720720720.7207208,(-0.0015457564069930735-0.006845697277772789j),(-0.01521671348590492+0.002551561733617161j),(0.19515223323307224+0.9372416011979523j),(-0.14017333445627214+0.025922740879633588j),(0.1469320383193955+0.7979919860456823j),(-0.5198623011456752+0.08851571102284231j),(-0.31480110431506836+0.054667664217620586j),(0.024110097456838647+0.06962480757613479j),(0.02411009745683806+0.06962480757613515j),(-0.34523453128687914+0.0597707876848546j)
1729729729.7297297,(-0.00215100515557011-0.0065724585848151995j),(-0.014938198310713219+0.0031747152058314333j),(0.24920225879451025+0.9245124071960151j),(-0.13659677369853032+0.033256271320302316j),(0.18756439200412578+0.7926227049076633j),(-0.5095917221132884+0.11208737074933997j),(-0.30815604959519605+0.06949710582898949j),(0.030818933395192608+0.06594485114417573j),(0.030818933395191705+0.06594485114417555j),(-0.33803244621662254+0.0758465362406537j)
1738738738.7387388,(-0.002710973861403232-0.006231907310452034j),(-0.01459821317823197+0.0037765554898715574j),(0.3024837787285858+0.9087166661604671j),(-0.13219349568301147+0.04012929116662914j),(0.22858499000936483+0.7857971694543835j),(-0.49688913000174456+0.13469596906648823j),(-0.2999430996641454+0.08363607462668694j),(0.03694939435961118+0.06145974835304176j),(0.03694939435961022+0.061459748353042826j),(-0.32913952602061036+0.0911891856064305j)
1747747747.747748,(-0.003216778147295013-0.005830825269991957j),(-0.014196277549533995+0.004351907199575181j),(0.35483047884799757+0.8898909988072172j),(-0.12702083786461166+0.04644933759025986j),(0.27004981905703174+0.7773822284428318j),(-0.48179634155223106+0.1561138352312062j),(-0.29021231215888765+0.09692967921115815j),(0.042390329895482415+0.05625438518219294j),(0.04239032989548294+0.05625438518219211j),(-0.3186048672579549+0.10563349361030823j)
1756756756.7567568,(-0.00366034208784094-0.005377286917901125j),(-0.013732127600089725+0.00489489045494006j),(0.4060759476674404+0.8680798470270719j),(-0.12114638155190484+0.05213075213414718j),(0.3119948224003583+0.7672196185600053j),(-0.4643710285698619+0.17610207202647404j),(-0.27902657746079373+0.10922152162537077j),(0.047040562633540645+0.05043011423353335j),(0.04704056263354175+0.050430114233533066j),(-0.30649083266097277+0.11901130253525136j)
1765765765.7657657,(-0.004034594645840134-0.004880626916920094j),(-0.013205917727468958+0.005398858609170887j),(0.4560538474419388+0.8433359176152306j),(-0.11464721248952325+0.05709580553884011j),(0.35443106798680635+0.7551271328234839j),(-0.44469105684178556+0.19441004663351924j),(-0.2664632169381853+0.12035406747700884j),(0.05081138972756618+0.04410439239587346j),(0.05081138972756626+0.04410439239587337j),(-0.2928750523931234+0.13115178469535058j)
1774774774.7747748,(-0.004333689095475324-0.004351379463770677j),(-0.012618452636381075+0.00585637526530184j),(0.5045981886644801+0.8157206599418134j),(-0.10760905822160556+0.06127575749926669j),(0.3973394228943884+0.7409005301862015j),(-0.4228594935314167+0.21077579579498387j),(-0.25261582324013+0.13016940138182365j),(0.05362938288504584+0.037410064877806064j),(0.05362938288504592+0.03741006487780606j),(-0.27785272851289194+0.14188215191242734j)
1783783783.783784,(-0.004553243214932057-0.003801178438676056j),(-0.011971445790733906+0.006259240846523989j),(0.551543717026695+0.7853047586675865j),(-0.10012530416898584+0.06461183760122292j),(0.44066479391576135+0.7243164456291316j),(-0.39901018392589344+0.2249275937909523j),(-0.23759629825670578+0.13851047484956366j),(0.055439461555466946+0.03049415651922746j),(0.05543946155546687+0.03049415651922767j),(-0.26153918983817387+0.15102895654261086j)
1792792792.7927928,(-0.004690594680585691-0.0032426063957782802j),(-0.011267797016706313+0.006598579944596339j),(0.5967264187670016+0.7521686208680141j),(-0.09229589198846395+0.06705613258784338j),(0.4843100754038649+0.7051365866949753j),(-0.3733137243578849+0.23658695667368715j),(-0.22153701115646762+0.1452229646861683j),(0.056208171681568685+0.02351601708651874j),(0.05620817168156807+0.023516017086520152j),(-0.24407260518988141+0.1584201245753622j)
1801801801.8018017,(-0.004745061866114064-0.0026889801165620453j),(-0.01051187810920888+0.006865000924182137j),(0.6399841469135996+0.7164028356380655j),(-0.08422610583374167+0.06857236422880666j),(0.5281300490764989+0.683113510901382j),(-0.34598356060545865+0.24547336393339292j),(-0.20459295511039102+0.15015786315691734j),(0.05592704891855073+0.016644662368341362j),(0.05592704891854975+0.016644662368342097j),(-0.22561671132881017+0.16388786500528119j)
1810810810.8108108,(-0.004718195199171826-0.0021540613591645164j),(-0.009709810495515739+0.0070488383416685285j),(0.681157367231533+0.6781085834813073j),(-0.07602525456772435+0.06913654151572626j),(0.571925605318518+0.6579982573616281j),(-0.3172818212984728+0.2513109575776179j),(-0.18694372743758317+0.15317491120500407j),(0.054615880956507025+0.010055163059840059j),(0.05461588095650782+0.010055163059839417j),(-0.20636334842861556+0.16727258788833843j)
1819819819.81982,(-0.0046139986000438005-0.0016516840879129968j),(-0.008869713595246999+0.007140486101937904j),(0.720090018777499+0.6373979726040278j),(-0.0678052607247979+0.0687374707847278j),(0.6154387957622209+0.6295500416186042j),(-0.28752435980915286+0.25383741465664345j),(-0.16879509667172815+0.15414695661874755j),(0.05232561150763901+0.003923965492711821j),(0.05232561150763893+0.003923965492711713j),(-0.1865345238622213+0.16842792882262472j)
1828828828.8288288,(-0.004439094839673197-0.0011952944086983108j),(-0.008001897006589431+0.007130824366311149j),(0.756630479941042+0.594394279692434j),(-0.05967917000885635+0.06737710775685682j),(0.6583493698516981+0.5975481009629013j),(-0.2570843386186475+0.2528150681856991j),(-0.15037985730716277+0.15296526360496748j),(0.04914055504467168-0.0015769106352330768j),(0.04914055504467236-0.0015769106352340745j),(-0.166383651320342+0.16722691233758744j)
1837837837.8378377,(-0.004202803763655227-0.0007974071131428562j),(-0.007118964905791683+0.007011735588938882j),(0.7906326268057163+0.5492320738878056j),(-0.05175959824159421+0.06507073645799039j),(0.7002735723406792+0.561805586612147j),(-0.22639356870944166+0.2480441613352875j),(-0.13195761856972635+0.14954571330770075j),(0.04517952723251832-0.006286756362170076j),(0.04517952723251891-0.006286756362171256j),(-0.1461955483813105+0.16356918448557645j)
1846846846.8468468,(-0.003917099449751049-0.0004689933043998673j),(-0.006235798289754062+0.0067766945362339875j),(0.8219569667048846+0.5020572045173437j),(-0.044157135836859214+0.06184696158283899j),(0.740766053606454+0.5221851344388345j),(-0.19594074386747187+0.23937785595739303j),(-0.11381314156241136+0.14383571423388178j),(0.040595456549215495-0.010063964960745615j),(0.0405954565492149-0.010063964960745311j),(-0.12628473814192054+0.15738910330634964j)
1855855855.855856,(-0.0035964129996962635-0.0002188266743489986j),(-0.00536938142388059+0.006421404095377253j),(0.8504718260873148+0.4530266356987753j),(-0.03697873295556997+0.057747503139774864j),(0.7793257321315371+0.47861541585915435j),(-0.1662657241322203+0.22673828734166862j),(-0.0962528471200147+0.13582149114534456j),(0.035573046977888885-0.012794390080189476j),(0.03557304697788891-0.012794390080189434j),(-0.10699160996777558+0.14866429933609898j)
1864864864.8648648,(-0.003257253380210434-5.283050549795276e-05j),(-0.004538444652186141+0.005944434223886644j),(0.8760545683637369+0.4023081142201156j),(-0.0303260913656183+0.052826785175146954j),(0.8154063081760643+0.4311076026024696j),(-0.13794916441853622+0.2101325900745481j),(-0.07959918323989074+0.1255352534009606j),(0.030324130093836537-0.014399744191177413j),(0.030324130093835926-0.014399744191176851j),(-0.08867607254426377+0.13742412184873418j)
1873873873.8738737,(-0.0029176307769760434+2.651865089878247e-05j),(-0.0037629078399529607+0.005347807560849058j),(0.8985928144077432+0.3500796610951564j),(-0.02429409155695834+0.04715131404216086j),(0.848431826717354+0.3797703241732242j),(-0.1115970864384793+0.18966746578648824j),(-0.06418268115776575+0.11306158235347415j),(0.025080493845194805-0.014845331539035226j),(0.025080493845194334-0.014845331539032537j),(-0.07170849683767244+0.12375719747517439j)
1882882882.8828828,(-0.0025962857170250264+2.0664306461581905e-05j),(-0.0030631275619696363+0.004637464901570621j),(0.9179856359804037+0.2965288818963812j),(-0.018969285684026123+0.04079884604520094j),(0.8778172143105909+0.32482142798673047j),(-0.08782046638788141+0.16556059549026267j),(-0.05033174847398405+0.09854225586616147j),(0.020084210834906358-0.01414627304517449j),(0.02008421083490658-0.01414627304517466j),(-0.05645800359792501+0.1078171856693015j)
1891891891.891892,(-0.002311751750895319-6.474940251581518e-05j),(-0.002458975725878951+0.003823540313453628j),(0.9341446907174433+0.24185209632730448j),(-0.014428488238659767+0.033857349328824754j),(0.9029930922046014+0.26659475574765346j),(-0.06721053390027948+0.13814710347105968j),(-0.03836053534359145+0.0821786860864896j),(0.015575799256420376-0.012371329710173655j),(0.015575799256421434-0.012371329710175481j),(-0.04327848679534803+0.08982576671339526j)
1900900900.9009008,(-0.002081306970807828-0.00021985313488755154j),(-0.0019688048356372636+0.0029203822731824654j),(0.9469952666707964+0.18625329342903246j),(-0.010737496775198927+0.026423770509881758j),(0.923433466198196+0.20554030666787176j),(-0.05031118017985064+0.10787943730262317j),(-0.02855553364188785+0.06423122163307506j),(0.011780900236299848-0.009643506619414401j),(0.011780900236300426-0.00964350661942483j),(-0.03249314331316146+0.07007198617942992j)
1909909909.90991,(-0.001919895514004788-0.00043082849926838473j),(-0.0016083809971137383+0.0019462756968933494j),(0.9564772049636139+0.12994292515129774j),(-0.007949974276050984+0.01860262261394537j),(0.9386842272079177+0.14221661822706072j),(-0.037590540175645434+0.0753194891724446j),(-0.021161876228734573+0.04501478019630151j),(0.008896488877848203-0.006136846537881397j),(0.008896488877848175-0.006136846537881484j),(-0.02437863822296431+0.048907331590088136j)
1918918918.918919,(-0.001839118803730888-0.000680499797261723j),(-0.0013898843885773943+0.000922849659931441j),(0.9625456711136102+0.07313655748566225j),(-0.006106522635618284+0.010504417102172852j),(0.9483899093866347+0.07727494983023966j),(-0.029414301129502083+0.04112253876584929j),(-0.016370527493982677+0.0248906282740795j),(0.007077880863487824-0.0020691961722886544j),(0.00707788086348773-0.0020691961722887654j),(-0.01915029627113848+0.026736327593942576j)
1927927927.927928,(-0.0018464021645266393-0.0009492182743443076j),(-0.0013210828165448546-0.00012580644004184151j),(0.9651717491474296+0.016053404565280677j),(-0.005233973101275528+0.0022439687808458036j),(0.9523159852178278+0.011435820284167814j),(-0.02602345750915093+0.0060135638624425865j),(-0.014307632488668452+0.004254572761686047j),(0.006427881964800971+0.002308792140556427j),(0.006427881964800892+0.002308792140556435j),(-0.016949798121755885+0.004002959881602371j)
1936936936.9369369,(-0.0019444320461009523-0.0012159759965746052j),(-0.0014047735844376968-0.0011742557049763368j),(0.9643428377738504-0.04108522339419157j),(-0.005344914326658952-0.006061392305946982j),(0.9503642233869629-0.054540528501429555j),(-0.027518986171065227-0.02924251346531314j),(-0.015027176664424383-0.01647769718065398j),(0.006989307193443859+0.006727652553619083j),(0.0069893071934435625+0.006727652553618921j),(-0.017836723833298363-0.01882620859060621j)
1945945945.945946,(-0.0021309321832346795-0.0014596525477275635j),(-0.0016385620021231312-0.002196959036682688j),(0.9600628344233101-0.09805752321197124j),(-0.006437472139264161-0.014293663790470383j),(0.9425793051503288-0.11988728863766179j),(-0.03385524585052874-0.0638741964414174j),(-0.018507796992773197-0.0368869710792612j),(0.008741764636490432+0.010914882712845301j),(0.008741764636490484+0.010914882712845339j),(-0.02178492099701718-0.04128088915262688j)
1954954954.954955,(-0.002398807373461709-0.0016602770227122782j),(-0.0020150052243395247-0.003169535682580337j),(0.9523521005097615-0.15464281527202578j),(-0.008495347578254526-0.022336028018859488j),(0.9291458966650177-0.1838648601505949j),(-0.04484290348229353-0.09713739915167843j),(-0.02465412030593441-0.05656717790268867j),(0.011603101922371864+0.014611022439284593j),(0.011603101922371805+0.014611022439284627j),(-0.02868413075461198-0.06290624926784959j)
1963963963.963964,(-0.002736638291957638-0.001800185037688598j),(-0.0025221048489456593-0.004069919036600637j),(0.9412472092799076-0.21062313523109394j),(-0.011488111759176094-0.030074681965224698j),(0.9103765297640163-0.2457921410305859j),(-0.06016103497552622-0.12834695169093738j),(-0.03330246851840549-0.07514089779148113j),(0.015435339757945568+0.0175845028997454j),(0.015435339757945518+0.01758450289974676j),(-0.038346678216296476-0.08328073586468104j)
1972972972.9729729,(-0.003129468563773996-0.0018649663760969826j),(-0.0031440895120230863-0.004879303606473196j),(0.926800485462338-0.26578476408582297j),(-0.015371748283849768-0.03740060017036878j),(0.8866917315104597-0.30507261335434654j),(-0.07937696036218173-0.15690290908479276j),(-0.0442302648109931-0.09227245102110594j),(0.02005437697593899+0.019643924634263378j),(0.020054376975939345+0.01964392463426026j),(-0.05051844383503781-0.10203105823405591j)
1981981981.981982,(-0.003559794036171793-0.0018441298332141365j),(-0.0038623974461045735-0.0055828100092704044j),(0.9090793530300657-0.3199196630116881j),(-0.020089426812530488-0.04421119401788325j),(0.8585946614882535-0.36121327574943546j),(-0.10197155477895967-0.18230971866019302j),(-0.05716809334964047-0.10767764632976735j),(0.025242345770906106+0.02064680636887393j),(0.02524234577090636+0.02064680636887324j),(-0.06489288824185033-0.11884326634830863j)
1990990990.990991,(-0.0040086487967931905-0.0017314510344359768j),(-0.004656753579554484-0.006169834082741604j),(0.8881655132957094-0.37282678405766423j),(-0.025572485491982915-0.05041183522100037j),(0.8266429350379969-0.4138354632203629j),(-0.12736735768875923-0.20418729149514825j),(-0.07181316801081691-0.12112972927533444j),(0.030761289128855767+0.02050433958134776j),(0.03076128912885654+0.020504339581350922j),(-0.08112667516992741-0.13346939744081293j)
2000000000.0,(-0.004456683977109799-0.0015250085822954562j),(-0.005506237260365358-0.00663408579550169j),(0.864153980011735-0.42431323341855065j),(-0.03174159543629845-0.055917216878126674j),(0.7914203001081597-0.4626776060803821j),(-0.15495681353321009-0.22227403458683423j),(-0.0878429672243891-0.13246153993697923j),(0.03636683995178753+0.01918218633091516j),(0.036366839951787196+0.019182186330916548j),(-0.09885544174511789-0.14572971152798245j)
2009009009.009009,(-0.004885151075659455-0.0012269469404408984j),(-0.006390252398854143-0.006973356715650907j),(0.8371520010837239-0.47419527013560814j),(-0.03850807744278714-0.060652531389143456j),(0.7535104592631722-0.5075908335704522j),(-0.1841283534501756-0.23642275457627512j),(-0.1049279630476271-0.14156428626705803j),(0.04182077091027612+0.016697781717422328j),(0.04182077091027608+0.016697781717421534j),(-0.11770846784533567-0.15551099969836055j)
2018018018.018018,(-0.005276726320822933-0.000843026624369525j),(-0.0072893366300500265-0.007189076984091547j),(0.8072778980086994-0.5222991292885927j),(-0.04577533949946878-0.06455445050878691j),(0.7134747139418594-0.5485289105390061j),(-0.21428864254136676-0.2465909271028971j),(-0.12274265439036791-0.14838361182175072j),(0.04690159203341988+0.013114890625206458j),(0.04690159203342061+0.013114890625207057j),(-0.13732132765046762-0.1627617657899332j)
2027027027.0270271,(-0.005616140629015831-0.00038203220333365984j),(-0.008185774160452769-0.007285732704140013j),(0.774659854394854-0.5684616647406594j),(-0.053440403221040586-0.06757189855044193j),(0.6718344028402317-0.5855342698264101j),(-0.24488002291102084-0.2528271006538165j),(-0.14097443890557865-0.1529137668979899j),(0.0514127257773105+0.00853630254287469j),(0.05141272577731155+0.008536302542876434j),(-0.15734598722648216-0.16748523230626933j)
2036036036.036036,(-0.005890605925505221+0.0001448923915654543j),(-0.00906400321153935-0.007270213684509377j),(0.7394346841050585-0.6125308120851468j),(-0.061395487926857194-0.06966661505479439j),(0.629058440004588-0.6187218981740904j),(-0.27539284964435307-0.2552551995472821j),(-0.1593301655740658-0.15519069361652876j),(0.05518812205023522+0.0030955430444718824j),(0.05518812205023572+0.0030955430444712384j),(-0.17745817199714575-0.1697311209855468j)
2045045045.045045,(-0.006090049565692701+0.0007249207888707643j),(-0.009910829988937206-0.007151152479452562j),(0.7017466078848188-0.6543658775031649j),(-0.06952962244782751-0.07081350799550876j),(0.5855557194029698-0.6482626216155888j),(-0.3053729565515202-0.25405827950076487j),(-0.17754045951073658-0.15528474126868425j),(0.05809544424092449-0.00305162794378812j),(0.058095444240924665-0.003051627943788271j),(-0.19736211948861168-0.16958704622758874j)
2054054054.054054,(-0.006207182788885712+0.0013441864422418792j),(-0.010715475358470047-0.00693830213175347j),(0.6617460649487501-0.6938376627074481j),(-0.07773025674597185-0.07100080274947074j),(0.5416717825035222-0.6743670045982719j),(-0.33442485980224523-0.24946295826246376j),(-0.19536208291563795-0.15329357837421337j),(0.0600371412226146-0.00973532905458739j),(0.06003714122261336-0.009735329054589181j),(-0.21679303363257926-0.16717018263772096j)
2063063063.0630631,(-0.0062374366080255594+0.0019883583187749188j),(-0.011469487954416407-0.006641985102096376j),(0.6195885830465019-0.7308284399777019j),(-0.08588484790426115-0.0702299955821966j),(0.49768894431082-0.6972707057304424j),(-0.36221150998584273-0.24172537321826706j),(-0.21257869099063512-0.14933569929813462j),(0.06094981936784175-0.016778867123628877j),(0.060949819367840045-0.01677886712363026j),(-0.2355176668994681-0.16261966950233j)
2072072072.072072,(-0.006178800384443128+0.002643132083457733j),(-0.01216655938001375-0.006272631915476057j),(0.5754337271313772-0.7652317944537341j),(-0.09388239786478299-0.06851562327194159j),(0.4538290150526868-0.7172217823982647j),(-0.3884514630536199-0.23111916804902785j),(-0.2290003710791873-0.14354476374500816j),(0.06080235603934584-0.024005006027734088j),(0.060802356039344384-0.02400500602773567j),(-0.2533334898392163-0.1560900275759599j)
2081081081.0810812,(-0.006031596125120886+0.0032946304691444106j),(-0.012802275058792778-0.005840416479733823j),(0.5294441430289296-0.7969523533208631j),(-0.10161492333652614-0.0658848627108434j),(0.41025780037328075-0.7344701431720877j),(-0.41291429700251353-0.2179257179905569j),(-0.24446233511072676-0.13606487387096605j),(0.05959317132782476-0.031241105074387356j),(0.059593171327824226-0.031241105074388445j),(-0.27006688522831296-0.1477457068304342j)
2090090090.09009,(-0.00579821686872381+0.003929715187202587j),(-0.0133738297562251-0.00535498639927582j),(0.4817847085649286-0.8259054232836478j),(-0.10897884143820234-0.062376975883771994j),(0.36709067242738314-0.7492591262939785j),(-0.4354149941673575-0.20242658335851593j),(-0.25882308804655485-0.12704679322186851j),(0.05734701806877279-0.03832314849483503j),(0.057347018068772924-0.03832314849483484j),(-0.2855707475590051-0.13775676602041903j)
2099099099.0990992,(-0.005482851743090267+0.004536218490838184j),(-0.0138797311681359-0.004825280876178055j),(0.43262180057995875-0.8520165587796331j),(-0.1158762577661947-0.05804261655960897j),(0.32439864355925857-0.7618190343666386j),(-0.4558078728233149-0.18489803342536468j),(-0.2719623341266193-0.11664504411630891j),(0.05411157851034983-0.04509876220649729j),(0.054111578510349936-0.04509876220649636j),(-0.29972179646289043-0.12629560586866467j)
2108108108.108108,(-0.005091214369770641+0.005103105752330084j),(-0.01431950925582029-0.00425942555231194j),(0.3821226822455992-0.87522108375528j),(-0.12221614656745083-0.05294301538015357j),(0.28221451812718457-0.7723623700209764j),(-0.47398051172143846-0.16560739773942573j),(-0.2837788198886242-0.10501578100747792j),(0.04995408205920758-0.05142935686715208j),(0.04995408205920769-0.05142935686715294j),(-0.312417838400265-0.11353463211210099j)
2117117117.1171172,(-0.004630285883392732+0.0056205817150296045j),(-0.014693443825869013-0.0036646923353585506j),(0.3304550112117719-0.8954635895503631j),(-0.12791541544969964-0.04714905986703452j),(0.24053883047448785-0.7810804810718783j),(-0.48984798332704044-0.14481096565536908j),(-0.29418825556250067-0.09231532042584326j),(0.04495809036864233-0.057191554239242416j),(0.04495809036864189-0.05719155423924298j),(-0.3235751432142389-0.09964470509656148j)
2126126126.126126,(-0.004108079245456836+0.006080152999770161j),(-0.015002318529234518-0.0030475122911465917j),(0.2777864654500318-0.9126974305713093j),(-0.1328998494914928-0.040740285273574775j),(0.19934538969950139-0.7881413222969835j),(-0.5033476043652052-0.12275315281610802j),(-0.3031214083991147-0.07869920675369471j),(0.03922053787526542-0.062278054137162836j),(0.03922053787526482-0.06227805413716293j),(-0.3331260454575838-0.08479423133598654j)
2135135135.1351352,(-0.0035334278634228528+0.006474658478989759j),(-0.015247206092304566-0.0024135305661100483j),(0.22428448028922376-0.92688423804757j),(-0.13710493166038754-0.03380379128789142j),(0.15858634200631322-0.7936880620312246j),(-0.5144343286400066-0.09966667285720346j),(-0.31052242405789227-0.06432170150643725j),(0.032849069141455654-0.06659808800817267j),(0.03284906914145474-0.06659808800817243j),(-0.3410168362425016-0.06914876263865757j)
2144144144.144144,(-0.0029157987362334187+0.006798277669136155j),(-0.015429287154064539-0.0017676936231988249j),(0.1701160871271949-0.9379934703333404j),(-0.14047653807342042-0.026433098455987715j),(0.11819672989441053-0.7978382954601755j),(-0.5230768462013788-0.07577348354319374j),(-0.3163474049833352-0.0493355973763921j),(0.025959678616391726-0.07007758743658259j),(0.025959678616392954-0.0700775874365815j),(-0.3472059792914638-0.052870984622791724j)
2153153153.1531534,(-0.002265128320974037+0.007046525609155585j),(-0.01554970345237322-0.0011143605363627181j),(0.115447841683602-0.9460020160186624j),(-0.14297150782960383-0.01872695694964544j),(0.07809857708623341-0.8006836658173802j),(-0.5292544120091045-0.05128631143095781j),(-0.3205632564669812-0.033892273653938966j),(0.018674632298684168-0.07265917510064117j),(0.01867463229868426-0.0726591751006411j),(-0.3516626633717271-0.03612099472666477j)
2162162162.162162,(-0.0015916779080217547+0.007216240967927223j),(-0.015609445131569949-0.0004574314913543785j),(0.06044582745921462-0.9508938636232376j),(-0.14455808792562283-0.010788119061209519j),(0.03820456247523606-0.8022897351353739j),(-0.5329544026752759-0.026410592900419198j),(-0.32314680016887987-0.01814192448945998j),(0.011120632491989182-0.07430206424393175j),(0.01112063249198925-0.07430206424393146j),(-0.35436569043201904-0.019056787472168664j)
2171171171.171171,(-0.0009059043623576607+0.0073055724544570655j),(-0.01560927148162057+0.00019951214390393412j),(0.005275718296611961-0.9526598489329281j),(-0.14521625417101502-0.002722085662104254j),(-0.0015786309346195533-0.8026959852613657j),(-0.5341705879336607-0.0013466987717057385j),(-0.3240841495707172-0.0022339043608089245j),(0.003427174615615884-0.07498193183578129j),(0.0034271746156159318-0.0749819318357808j),(-0.3553026925339583-0.0018348800730033838j)
2180180180.18018,(-0.0002183415127547557+0.007313967031793656j),(-0.015549664326598475+0.0008530608619753011j),(-0.04989711740204231-0.9512974881636633j),(-0.14493790910532234+0.005364164102488663j),(-0.04134719203495789-0.8019158665086544j),(-0.5329021007374339+0.023707667146534824j),(-0.32337034059477954+0.01368285476253644j),(-0.004274962683542008-0.07469081082750434j),(-0.004274962683542556-0.07469081082750448j),(-0.3544696692479767+0.015388976486488112j)
2189189189.189189,(0.0004605128459684374+0.007242161958395998j),(-0.015430813433294222+0.0014998272009219896j),(-0.10490748915529952-0.9468109021539074j),(-0.14372695776012515+0.013363451328271131j),(-0.08119717459462003-0.799936845586392j),(-0.5291530932867129+0.04855498936270056j),(-0.3210092120901253+0.02945939314456374j),(-0.01185515728034031-0.07343702828375769j),(-0.011855157280339139-0.07343702828375721j),(-0.35187083895671284+0.032459047546407674j)
2198198198.1981983,(0.001120309493698568+0.007092181273496978j),(-0.015252633601164522+0.0021362967663734883j),(-0.15959025242398556-0.9392108337407087j),(-0.14159926178654245+0.021169675946015546j),(-0.12122149589607562-0.7967204370009775j),(-0.5229330731797917+0.07299546749724982j),(-0.3170135338820025+0.04494627495525909j),(-0.019184378263954957-0.07124519836986568j),(-0.01918437826395485-0.07124519836986587j),(-0.34751880108433175+0.0492188684880054j)
2207207207.207207,(0.0017509649833047924+0.006867335966440957j),(-0.015014813425228049+0.0027586837741210846j),(-0.2137801910866955-0.9285147574071745j),(-0.1385824720750421+0.028679087371116366j),(-0.16150683008726324-0.7922022339754757j),(-0.5142579218829395+0.09682463392985549j),(-0.31140538355376296+0.05999317687636476j),(-0.026136680499716576-0.06815626171584929j),(-0.02613668049971552-0.06815626171584888j),(-0.3414350104042188+0.06551054442460613j)
2216216216.216216,(0.0023427884052402426+0.006572225681400257j),(-0.014716895999781418+0.003362795105699888j),(-0.2673119329349949-0.9147470772389348j),(-0.1347157396224294+0.03579153896565812j),(-0.2021302894049041-0.786291987219936j),(-0.5031516045412192+0.11983115522606363j),(-0.30421677608204306+0.07444855199016086j),(-0.032590821765045755-0.0642275450094994j),(-0.032590821765045005-0.06422754500949958j),(-0.3336505680816055+0.08117414220156097j)
2225225225.2252254,(0.002886622227881136+0.0062127383707188955j),(-0.014358391957801933+0.0039439074860849604j),(-0.3200199159910265-0.8979394062333038j),(-0.1300493041427408+0.04241171754369659j),(-0.2431557950159194-0.7788738136166562j),(-0.4896485834501283+0.1417949254399105j),(-0.29549055183863243+0.08815941400571865j),(-0.038432060487553335-0.05953279630832374j),(-0.0384320604875538-0.05953279630832384j),(-0.32420733575423666+0.09604722897788869j)
2234234234.2342343,(0.0033740010660579522+0.005796042800125911j),(-0.0139389251127887+0.004496663292481409j),(-0.3717384222688998-0.8781309171089208j),(-0.12464395986152675+0.048450338352802075j),(-0.2846300538800946-0.7698066527067876j),(-0.47379694467949907+0.16248558162609045j),(-0.28528152715772387+0.10097129669696492j),(-0.04355418419440217-0.054162132201066714j),(-0.04355418419440309-0.054162132201066415j),(-0.31315937738330196+0.1099646232819276j)
2243243243.243243,(0.003797331225960987+0.005330567231502659j),(-0.01345841046953658+0.005014991639075206j),(-0.4223016940004426-0.8553687520135627j),(-0.11857039815375617+0.05382529495258151j),(-0.3265780810840861-0.7589251267704646j),(-0.4556622354401886+0.18166160013884292j),(-0.27365790632743603+0.1127284559066369j),(-0.047861806458178675-0.04822181262154882j),(-0.047861806458177766-0.048221812621549426j),(-0.3005747272665093+0.1227584391847863j)
2252252252.2522526,(0.004150092406688705+0.004825956008804644j),(-0.012917263366723594+0.005492062673392674j),(-0.4715441453269429-0.829708475977667j),(-0.11190842724850346+0.05846275225741091j),(-0.3689982415119709-0.7460409992576573j),(-0.43533198549440666+0.19907016462355132j),(-0.2607029430047314+0.1232743957670884j),(-0.05127295190748594-0.04183373836000467j),(-0.051272951907486-0.041833738360004896j),(-0.28653746973817884+0.1342585211138738j)
2261261261.261261,(0.004427060876824707+0.004292994252600435j),(-0.012316636869385084+0.00592028433248231j),(-0.5193006800294713-0.801214556672689j),(-0.10474607017571716+0.062298169804810476j),(-0.41185683390055294-0.7309454638743089j),(-0.4129208456855681+0.2144480298051239j),(-0.24651682106125777+0.1324528154724848j),(-0.053721923064459574-0.03513454639918985j),(-0.05372192306445886-0.03513454639919027j),(-0.2711500948000275+0.1442933841374496j)
2270270270.2702703,(0.004624550660719318+0.0037434896076337654j),(-0.011658682113443078+0.006291351938007936j),(-0.5654071230493893-0.7699608510744722j),(-0.09717854349793666+0.06527724115233932j),(-0.4550823076567355-0.7134125283428225j),(-0.38857621710260964+0.22752363423610408j),(-0.23121869818683002+0.1401090857562139j),(-0.0551624076963267-0.02827416136582456j),(-0.055162407696326486-0.028274161365824252j),(-0.2545360624137167+0.15269178963222924j)
2279279279.279279,(0.004740665669824062+0.0031900992574352416j),(-0.010946823024519936+0.0065963616667041106j),(-0.6097007703679025-0.7360310780747192j),(-0.08930712115679204+0.06735673430100181j),(-0.498559290888162-0.6932037759299525j),(-0.36248416295076646+0.23802073281261393j),(-0.21494881902925922+0.14609237189010377j),(-0.055570739739870124-0.02141365107238362j),(-0.055570739739870575-0.021413651072383577j),(-0.23684246507829898+0.15928509522351225j)
2288288288.288288,(0.004775551283017043+0.0026460905954988068j),(-0.010186032676199233+0.006825998726380539j),(-0.6520210583168049-0.6995192550002429j),(-0.08123788994916807+0.06850521729952513j),(-0.5421227175868719-0.6700747847984925j),(-0.3348752913013278+0.24566381626849348j),(-0.19787055794904854+0.15025851805762866j),(-0.05494917036496632-0.014722235100875398j),(-0.05494917036496692-0.014722235100875267j),(-0.2182426233014472+0.16391051551039015j)
2297297297.2972975,(0.004731628742306704+0.0021250254924598533j),(-0.009383093648273243+0.006970809516525477j),(-0.6922103496433349-0.6605300754593008j),(-0.07308040568622298+0.06870365280447441j),(-0.5855524699634047-0.6437834481250834j),(-0.30603017349616846+0.25018554777672797j),(-0.18017219594292253+0.1524737907740758j),(-0.053328939839965186-0.008373313667108712j),(-0.05332893983996512-0.008373313667108716j),(-0.19893838323946852+0.166415409807127j)
2306306306.3063064,(0.004613790225438952+0.0016403615485467427j),(-0.008546819436954435+0.007021563622409445j),(-0.7301148297301859-0.6191792059970609j),(-0.06494626191215586+0.06794584544933097j),(-0.628569090284552-0.6141003532087155j),(-0.2762837284795676+0.2513363624930221j),(-0.16206817575890733+0.1526195403487668j),(-0.05077286972281715-0.002539426394172914j),(-0.050772869722817096-0.002539426394172886j),(-0.17916181463281666+0.16666266759358572j)
2315315315.3153152,(0.004429527214088846+0.0012049695663756133j),(-0.007688208889969565+0.006969705678744387j),(-0.7655855023687785-0.5755934797565256j),(-0.056947586082087116+0.0662387264899354j),(-0.6708312495877067-0.5808212324839013j),(-0.2460278734692334+0.24889623123004115j),(-0.14379952088569084+0.15059777318124376j),(-0.04737712639053587+0.0026138763636881336j),(-0.04737712639053533+0.002613876363687928j),(-0.15917593866562985+0.16453718453873276j)
2324324324.3243246,(0.004188960759927585+0.0008305750492807462j),(-0.006820501758994506+0.006807888610445789j),(-0.798479270502001-0.5299109667420281j),(-0.04919548121853209+0.06360246140608211j),(-0.7119357640030686-0.5437812845544113j),(-0.2157116405924988+0.24268837544953564j),(-0.1256330591465208+0.1463375298173634j),(-0.04327175324946588+0.006935158906191778j),(-0.04327175324946567+0.006935158906192132j),(-0.13927406266450998+0.15995330703825456j)
2333333333.333333,(0.0039047407509948395+0.0005271427860635558j),(-0.00595910207354014+0.006530568547936842j),(-0.8286600835013211-0.48228090238955135j),(-0.04179843417194247+0.06007036799428495j),(-0.7514209903345657-0.5028708792994252j),(-0.18583792027513762+0.23259443754863868j),(-0.10785907514999976+0.139801834223525j),(-0.03861954658337743+0.010294988454936746j),(-0.038619546583377705+0.010294988454937294j),(-0.11977727929708021+0.15286297131939874j)
2342342342.3423424,(0.0035917837853071677+0.00030223689357730676j),(-0.005121338636008568+0.006134628451387299j),(-0.8560001289366082-0.43286345897054823j),(-0.034860714583085047+0.05568863501457864j),(-0.7887743727956309-0.45805182300489j),(-0.15695605359821188+0.21857027317373162j),(-0.09078704545463988+0.13099482564276774j),(-0.033612878070488496+0.012594182017170852j),(-0.03361287807048913+0.01259418201717074j),(-0.1010297227266568+0.1432640825455427j)
2351351351.3513513,(0.003266827186436616+0.0001604026272439274j),(-0.004326039939049675+0.005619983586145773j),(-0.8803810435570838-0.38182934789270584j),(-0.02848079135451804+0.05051583467178513j),(-0.8234447154774007-0.4093730028586676j),(-0.12964969449419858+0.20066117650474619j),(-0.07473920298530863+0.11996852200211995j),(-0.02846816403984163+0.013771827482980975j),(-0.028468164039841627+0.013771827482980725j),(-0.0833912828634079+0.13120848917441139j)
2360360360.36036,(0.0029477909653923273+0.00010262853963149965j),(-0.0035929151348112753+0.004990109766356887j),(-0.9016951154651475-0.32935924520021514j),(-0.022749795740695786+0.04462222612324673j),(-0.8548593955804457-0.356983913055441j),(-0.10451972326283657+0.17901503312862088j),(-0.06004184436695501+0.10682851985957693j),(-0.023417859942351262+0.013812333927612996j),(-0.02341785994235064+0.013812333927612833j),(-0.06722767463657754+0.11680873939229057j)
2369369369.3693695,(0.0026529600344167292+0.0001259551608548959j),(-0.0029417532336380448+0.004252427731596151j),(-0.9198464473886457-0.2756430374914321j),(-0.017750061894076248+0.03808885179587064j),(-0.8824462118471185-0.30114436392224225j),(-0.08216251432071921+0.1538916949841446j),(-0.04701453487375963+0.09173784565841141j),(-0.018700117770763598+0.012750663215404965j),(-0.0187001177707635+0.012750663215405243j),(-0.052898041341035804+0.10024270112160384j)
2378378378.3783784,(0.0024000240813479845+0.00022329606902778132j),(-0.002391477849354704+0.003418477364679918j),(-0.9347520497298757-0.22087889100110086j),(-0.013553776660688091+0.03100643351521803j),(-0.9056589208306662-0.2422286740113896j),(-0.0631445035594248+0.1256668710178718j),(-0.03595766226070171+0.074918174901865j),(-0.014546564449604676+0.010674891505144384j),(-0.014546564449604789+0.01067489150514436j),(-0.040740617959411037+0.08175512963122486j)
2387387387.3873873,(0.0022050388362046536+0.0003835264041557457j),(-0.001959121159423571+0.002503826307183387j),(-0.9463428319041483-0.1652721526198782j),(-0.010221770379899702+0.023474081188108866j),(-0.924004835546617-0.1807229114793638j),(-0.0479746792938473+0.09482909410296939j),(-0.027139103677449976+0.056647761338355716j),(-0.01116899817876589+0.007725379429742764j),(-0.011168998178766284+0.00772537942974263j),(-0.03105734599629723+0.06165541395272248j)
2396396396.3963966,(0.0020813951305401757+0.0005918715713326486j),(-0.0016588034386282946+0.0015276798656113262j),(-0.954564461596338-0.10903409793948801j),(-0.007802479180829673+0.015597832838505184j),(-0.9370722706212805-0.1172143130516149j),(-0.03707721161588082+0.061968887212604476j),(-0.02078104195972711+0.03725568015994354j),(-0.008746095487528947+0.00409010755606359j),(-0.008746095487528806+0.004090107556063228j),(-0.02409864883698364+0.040311039891166044j)
2405405405.4054055,(0.002038895685566866+0.0008305966018086683j),(-0.0015008180764823067+0.0005121914028493636j),(-0.959378064143138-0.05238054770374007j),(-0.006331106589833741+0.007489050866325859j),(-0.9445552561272561-0.052372830585223816j),(-0.03076679720833708+0.0277600739286469j),(-0.017048133822603253+0.017112370994637152j),(-0.0074114040079408215-3.858559257719961e-06j),(-0.007411404007940261-3.858559258478641e-06j),(-0.020049769975567684+0.018136753800335585j)
2414414414.4144144,(0.002083039303836187+0.001079958751229338j),(-0.0014909217393174277-0.0005184896817948504j),(-0.9607607383794274+0.004469620101785813j),(-0.005829008072803076-0.00073729493212213j),(-0.9462729305105517+0.013074272118181221j),(-0.029229308707431116-0.007065848695983692j),(-0.016038236650799825-0.0033830821322580556j),(-0.007243903934437809-0.004302326008197707j),(-0.007243903934438137-0.0043023260081976895j),(-0.01902008012943426-0.004420061495847789j)
2423423423.423424,(0.0022145958086169926+0.0013193490583050457j),(-0.0016299130162631707-0.0015393584099488225j),(-0.9587058709032636+0.06129603035714149j),(-0.006303316489737031-0.008964422253437503j),(-0.9421814232359247+0.07837289463955127j),(-0.03250993768016905-0.04175040172665664j),(-0.01777671406869004-0.023818053580098145j),(-0.00826222383366931-0.008538432141204684j),(-0.008262223833670016-0.008538432141205077j),(-0.021036540101215886-0.026896770399996026j)
2432432432.432432,(0.002429523936421485+0.0015285202244152696j),(-0.001913551756506808-0.00252578077222162j),(-0.9532232375585843+0.11787840740909218j),(-0.007746819585372752-0.01707557031601293j),(-0.9323768220326545+0.1427750240304364j),(-0.04051023619533682-0.07554126128143179j),(-0.022214976133847895-0.04378263502650076j),(-0.01042320776296498-0.01244830831067211j),(-0.010423207762965233-0.012448308310672052j),(-0.02604207964686188-0.04883419657094389j)
2441441441.4414415,(0.002719243394715576+0.001688784555151479j),(-0.002332830317548577-0.003454690395809132j),(-0.9443388885668922+0.17399817068519072j),(-0.010138093010997691-0.024955832533745864j),(-0.917088864865373+0.2055711104595509j),(-0.05299441687496798-0.10772484781353273j),(-0.029233424625434278-0.06288564977783007j),(-0.013625011850759369-0.015786469887179855j),(-0.013625011850758798-0.01578646988718052j),(-0.033899085260531224-0.06979503056944861j)
2450450450.4504504,(0.0030712290381192386+0.0017840699875851795j),(-0.0028745646908384-0.004305643642945136j),(-0.9320948215914624+0.22943999200992124j),(-0.013441884528137483-0.0324939475167057j),(-0.8966661107273504+0.26611898062142986j),(-0.06960415748742807-0.137655458158224j),(-0.03864845631694448-0.0807690591945197j),(-0.017714355432056086-0.018339494305754406j),(-0.017714355432055878-0.018339494305754225j),(-0.04439758569862108-0.08938034648040998j)
2459459459.4594593,(0.0034698578211195263+0.0018017434723232306j),(-0.003522236182085553-0.005061642701335245j),(-0.91654845449151+0.28399327938762164j),(-0.0176097375747339-0.039584010117791515j),(-0.8715543150061505+0.32386689667565594j),(-0.0898801846477281-0.164778552406859j),(-0.05022272492914549-0.09711963856098994j),(-0.022497069742679766-0.019936808644017j),(-0.02249706974267985-0.01993680864401727j),(-0.057267197293316495-0.10724292396366061j)
2468468468.4684687,(0.0038974144861638194+0.0017331444401352814j),(-0.004256989631824016-0.005709669697574762j),(-0.897771916095077+0.3374535557416052j),(-0.02258083579472386-0.04612706788628279j),(-0.8422703919723917+0.37836921083130814j),(-0.11328825457085062-0.18864665017364185j),(-0.06367755555096326-0.1116771893323875j),(-0.027750762061342724-0.02045782754485136j),(-0.027750762061343047-0.020457827544851436j),(-0.0721915348146113-0.12309652872753712j)
2477477477.4774776,(0.00433515321756206+0.0015738096684841107j),(-0.0050586854434744-0.006240913464067459j),(-0.8758511786182678+0.38962370606827845j),(-0.02828304480406894-0.052032573131762995j),(-0.8093745981923365+0.4292940495979721j),(-0.13924689779384902-0.20892727495882613j),(-0.07870628585548464-0.12423901058122709j),(-0.03323829021296549-0.019835171764846917j),(-0.03323829021296553-0.019835171764846834j),(-0.08882365674243323-0.13672083750936212j)
2486486486.4864864,(0.004764319315815446+0.0013234071924762836j),(-0.005906909523706698-0.006650706937593974j),(-0.850885059203561+0.4403150722115302j),(-0.034634123563059234-0.05721966638109475j),(-0.7734434224319912+0.476423398202105j),(-0.16715444329124518-0.2254033220978769j),(-0.09498737390344558-0.1346607873018917j),(-0.038720818385785026-0.018054162995287434j),(-0.03872081838578478-0.018054162995287268j),(-0.10680119295085849-0.14796220117708014j)
2495495495.495496,(0.005167053755121165+0.000985425173648552j),(-0.006781864066024081-0.0069382214596349565j),(-0.8229841204327822+0.489348380546338j),(-0.04154307524595537-0.06161827288918827j),(-0.7350452074303573+0.5196466941187454j),(-0.19641329794894-0.23796696462259354j),(-0.11219632253142355-0.14285439729625588j),(-0.04396945650121216-0.015149156786203535j),(-0.043969456501212444-0.015149156786204057j),(-0.12576005066347187-0.15673084021552594j)
2504504504.504504,(0.005527128982191598+0.0005666787252320282j),(-0.007665087627580419-0.007105981360988653j),(-0.7922695007056713+0.5365544939220719j),(-0.04891160632105866-0.06516999968653657j),(-0.6947198901084375+0.5589494958889389j),(-0.22645009662094853-0.24660866904365195j),(-0.13001576384342312-0.14878335300410567j),(-0.04877480529861669-0.01119750098343345j),(-0.048774805298617156-0.011197500983433598j),(-0.14534593909858404-0.16299531572608286j)
2513513513.5135136,(0.0058304910626177375+7.670329016223887e-05j),(-0.008539979728284602-0.007159267842392035j),(-0.7588717052407807+0.5817749849992055j),(-0.05663566248987584-0.06782882616179214j),(-0.6529635679399544+0.594398958133397j),(-0.2567310174056604-0.2514030583437895j),(-0.14814336021948352-0.15245667441039876j),(-0.05295406865041335-0.0063119865670957j),(-0.052954068650413424-0.006311986567095591j),(-0.16522331967605275-0.16677521009518287j)
2522522522.5225224,(0.006065606945133473-0.00047290083443085607j),(-0.009392128904993573-0.007105477195087667j),(-0.7229293873437412+0.6248625334533215j),(-0.06460701098235586-0.06956158622841285j),(-0.6102179922724655+0.6261277612838606j),(-0.28677216444301884-0.25249327769550234j),(-0.16629745880769378-0.15392195476686998j),(-0.05635569753563789-0.0006326139152694262j),(-0.05635569753563794-0.0006326139152694754j),(-0.18508171661768102-0.16813290915704512j)
2531531531.5315313,(0.006223633570264286-0.0010691187631082788j),(-0.010209461160100665-0.006953487912849846j),(-0.6845881476735223+0.6656811543200198j),(-0.07271484028130346-0.07034824462079897j),(-0.5668646232753503+0.6543178917381944j),(-0.31614538756627164-0.25007526628231497j),(-0.1842206527636869-0.15325826753870717j),(-0.05886176219908604+0.005681631290912837j),(-0.05886176219908631+0.005681631290912911j),(-0.20463957508388814-0.16716524336440683j)
2540540540.5405407,(0.006298436905008198-0.0016981257941001693j),(-0.010982237161931169-0.006713077508045784j),(-0.643999376672301+0.7041062689525797j),(-0.08084735049293154-0.07018197375796481j),(-0.5232225808061867+0.6791853279278073j),(-0.3444802096851168-0.24438299912256264j),(-0.201681542927093-0.15056940893221793j),(-0.06038839793305705+0.012460470512386145j),(-0.06038839793305689+0.012460470512385774j),(-0.2236460172509555-0.16399556394830936j)
2549549549.5495496,(0.006286494189231107-0.0023458206488158884j),(-0.011702931836645267-0.00639441563958789j),(-0.6013191622382066+0.7400246336217502j),(-0.0888933101531431-0.06906904087361707j),(-0.479549681135115+0.70096633134479j),(-0.37146267857776955-0.23567540712772686j),(-0.21847506252881108-0.14597780836108426j),(-0.06088474055154586+0.01952915113848029j),(-0.06088474055154582+0.019529151138480014j),(-0.2418809262021017-0.15876663964025933j)
2558558558.5585585,(0.006186712983098308-0.002998273912403815j),(-0.012366030390886698-0.006007647428273581j),(-0.5567072812327292+0.7733341436723191j),(-0.09674355813317535-0.06702851772486185j),(-0.43604573054955387+0.7199057190955283j),(-0.3968319804889117-0.22422536192992937j),(-0.23442173892015675-0.13961929239912207j),(-0.0603307753415875+0.02671421228839555j),(-0.06033077534158821+0.02671421228839599j),(-0.25915379970193053-0.15163458725566886j)
2567567567.567568,(0.006000197547987529-0.0036420886505610928j),(-0.012967771864537611-0.005562570629900981j),(-0.5103262896423606+0.8039435333429115j),(-0.1042924323606846-0.06409182715382662j),(-0.3928573148395712+0.7362472338896684j),(-0.42037558718070234-0.21031085210388403j),(-0.24936623790615586-0.13163876899895433j),(-0.05873448740139464+0.03384814972662156j),(-0.05873448740139461+0.03384814972662119j),(-0.27530178163523095-0.14276391025875657j)
2576576576.576576,(0.0057299881386004-0.004264677561698793j),(-0.013505866499379363-0.005068402982108401j),(-0.4623407222734016+0.831771992845624j),(-0.11143911018173057-0.06030214209917819j),(-0.3500834415670473+0.7502259377327452j),(-0.44192359291840333-0.1942082884194969j),(-0.26317548505068755-0.1221868122772291j),(-0.056128640353177064+0.04077302755643947j),(-0.05612864035317733+0.04077302755643952j),(-0.29018721804944625-0.1323236182414461j)
2585585585.5855856,(0.005380793108927945-0.004854465723992452j),(-0.013979207703572999-0.004533631358893661j),(-0.4129164088669677+0.8567487250983092j),(-0.11808884823700966-0.05571365336954959j),(-0.3077815298246238+0.7620624332449848j),(-0.4613427634095851-0.176187753881724j),(-0.2757365981197244-0.11141707226674312j),(-0.052567439521171995+0.04734314592666225j),(-0.05256743952117196+0.047343145926662514j),(-0.30369501352687034-0.12048433498453047j)
2594594594.5945945,(0.004958728165170845-0.005401030461825218j),(-0.014387594023185485-0.00396593190274035j),(-0.36221990958840294+0.8788124646325424j),(-0.12415411260214335-0.05039072265188914j),(-0.2659733786899916+0.7719586505595952j),(-0.4785306862617025-0.15650994850284017j),(-0.2869548054087374-0.09948440367462422j),(-0.048123265449205706+0.053426907036473424j),(-0.04812326544920545+0.05342690703647321j),(-0.3157299934551084-0.10741626748010515j)
2603603603.6036034,(0.004471072128785336-0.005895190631409697j),(-0.01473147179866506-0.0033721495051172792j),(-0.31041806907335817+0.897910980710033j),(-0.12955559255125865-0.04440693690934802j),(-0.22465086794461947+0.7800949145925316j),(-0.49341029501763556-0.13542455527293085j),(-0.29675147198578206-0.08654359658602212j),(-0.042883600564369385+0.05890803305875067j),(-0.04288360056436939+0.058908033058750656j),(-0.32621441558311215-0.0932878955962567j)
2612612612.6126127,(0.003926044434076459-0.0063290572358251085j),(-0.015011705320862379-0.0027583253363444374j),(-0.2576776846881352+0.9140005856302658j),(-0.1342230935699018-0.037844079617626016j),(-0.1837812467434008+0.7866280139275655j),(-0.5059249424892096-0.11316975922763906j),(-0.3050623127086933-0.07274859408628809j),(-0.036948218972367164+0.06368628585135001j),(-0.03694821897236715+0.06368628585135011j),(-0.3350857233504181-0.07826524475897699j)
2621621621.6216216,(0.003332606322886872-0.006696056167857289j),(-0.015229378356850412-0.0021297621304007756j),(-0.20416528145286514+0.9270456676740719j),(-0.1380963071159622-0.030791033299557097j),(-0.1433119464146581+0.7916900174491026j),(-0.5160341254066348-0.08997267438360051j),(-0.31183583790444813-0.058252091711178094j),(-0.030426667519103365+0.06767782511248481j),(-0.030426667519103757+0.067677825112485j),(-0.34229459461814893-0.06251161597197928j)
2630630630.6306305,(0.0027002852492159224-0.006990932380956549j),(-0.015385628826157974-0.0014911182560499812j),(-0.15004698323437718+0.9370182661773272j),(-0.1411254560798934-0.02334262665471097j),(-0.10317491396861225+0.7953876196403558j),(-0.523709909872291-0.06605046469521626j),(-0.31703205414993413-0.04320542741891352j),(-0.02343603463288252+0.07081532326848552j),(-0.023436034632882373+0.07081532326848591j),(-0.3478033118022504-0.04618766393101338j)
2639639639.63964,(0.002039020246475412-0.007209743137472968j),(-0.01548151704978308-0.00084652299945408j),(-0.095488467373133+0.9438977039426191j),(-0.14327181592810134-0.015598438352449853j),(-0.06329050619458175+0.7978018342156121j),(-0.528934072760603-0.04161197865543856j),(-0.32062142729456905-0.027758685504490083j),(-0.016098980589275773+0.07304793486350357j),(-0.016098980589275565+0.07304793486350387j),(-0.35158446139413524-0.02945173150339849j)
2648648648.6486487,(0.001359024802046034-0.007349846323053577j),(-0.01551792722371953-0.00019970677550834332j),(-0.04065498788542411+0.9476702896462971j),(-0.14450811214982112-0.007661568365406927j),(-0.02357101389598452+0.7989878947877678j),(-0.5316959544946696-0.016859748413935845j),(-0.32258410609852595-0.012060951614163103j),(-0.008541986994719794+0.07434119742926415j),(-0.008541986994719732+0.07434119742926415j),(-0.3536199605459649-0.01246036516517923j)
2657657657.6576576,(0.0006706629968304071-0.007409888221906913j),(-0.015495501443312368+0.0004458589298667304j),(0.014288549215650205+0.9483291001493819j),(-0.14481879491320804+0.0003626133435870537j),(0.01607609486242181+0.7989752586644892j),(-0.5319910100320664+0.008007769362900343j),(-0.3229094010293247+0.0037393324233770077j),(-0.000893772823385768+0.0746769207424466j),(-0.0008937728233857365+0.07467692074244676j),(-0.3539004039159496+0.004631050283110711j)
2666666666.666667,(-1.5665806976192242e-05-0.0073897936442755j),(-0.015414605594621544+0.0010868162667525315j),(0.06917747610792506+0.9458738497309608j),(-0.1442001918332407+0.008367731828653236j),(0.05574511187491855+0.7977676449814851j),(-0.5298200441912437+0.032793813753554515j),(-0.32159551241762047+0.01949395652435124j),(0.006716182116503362+0.07405310237473761j),(0.006716182116503199+0.07405310237473739j),(-0.35242472360686394+0.021667589057857317j)
2675675675.6756754,(-0.0006896386896349527-0.007290759876122321j),(-0.015275326619398788+0.0017197742388939726j),(0.12384723723338699+0.9403108502818738j),(-0.14266053953854113+0.016247677508921025j),(0.09552909943547346+0.7953430714521921j),(-0.5251891218148549+0.057300891155858666j),(-0.31864950405729897+0.03505451009349584j),(0.014159068898956755+0.07248388941484077j),(0.014159068898956833+0.07248388941484059j),(-0.3492001572960972+0.03849405857128382j)
2684684684.6846848,(-0.0013411223305637432-0.00711525455243428j),(-0.015077500949514738+0.002341164085929111j),(0.17813326596503432+0.9316530634685007j),(-0.14021989438178958+0.02389787380371226j),(0.13551686564790874+0.7916538858046644j),(-0.5181101501946676+0.08132838328739544j),(-0.31408752133871365+0.0502719644596247j),(0.02130820015856263+0.0699995888319181j),(0.021308200158563124+0.06999958883191847j),(-0.3442425232377434+0.05495429263148359j)
2693693693.6936936,(-0.001960292519232118-0.006867016200787113j),(-0.014820774200782635+0.002947100590323444j),(0.23187088249275067+0.9199202428409698j),(-0.13690992225993726+0.031216533982676813j),(0.1757897972661579+0.7866268195120886j),(-0.5086021383710011+0.10467027933026835j),(-0.30793525611468636+0.064996306066149j),(0.02804054261329665+0.06664671166444103j),(0.02804054261329639+0.0666467116644412j),(-0.3375768045162516+0.07089050724679642j)
2702702702.7027025,(-0.0025377646679983212-0.006551054821857805j),(-0.014504692422822693+0.0035332534824621155j),(0.2848952310585722+0.9051391608553581j),(-0.13277356718793815+0.038105898825485096j),(0.2164184486250747+0.7801631237500825j),(-0.496693143098572+0.12711313012114264j),(-0.3002286627204323+0.0790762609908518j),(0.034238391216748446+0.062488018552637845j),(0.034238391216749216+0.06248801855263826j),(-0.3292380475660778+0.08614276795577597j)
2711711711.711712,(-0.0030647394862527155-0.006173648437970802j),(-0.014128825223706148+0.004094733821179836j),(0.3370412737620747+0.8873439128452913j),(-0.12786459809251002+0.044473446061203376j),(0.25745879595994836+0.7721388814730425j),(-0.48242291203805143+0.14843433970570272j),(-0.2910149298415744+0.09235915906227313j),(0.03979123890106329+0.057602515686124366j),(0.03979123890106309+0.057602515686124664j),(-0.3192725802889871+0.10054862670463288j)
2720720720.720721,(-0.003533167201020898-0.005742330038193466j),(-0.01369292081856864+0.004626001188851255j),(0.38814385683236274+0.866576287158381j),(-0.1222470333430349+0.05023306168559409j),(0.29894808399679784+0.762405625473049j),(-0.46584622841381534+0.16840093350861193j),(-0.2803537100598564+0.10469099640825191j),(0.044597886417782076+0.052085330842666255j),(0.04459788641778282+0.052085330842665506j),(-0.3077395516969939+0.11394299878595394j)
2729729729.7297297,(-0.0039359325521001465-0.005265857798303408j),(-0.013197092370583224+0.005120798701426531j),(0.43803786352212293+0.8428861880169922j),(-0.11599444288689245+0.055306162197285215j),(0.3409002186301673+0.7507914298765421j),(-0.44703694495170077+0.18676897145391122j),(-0.2683186015487134+0.11591676812417173j),(0.048568822445978016+0.0460473790702254j),(0.04856882244597815+0.046047379070225825j),(-0.2947127862898799+0.1261583655270242j)
2738738738.738739,(-0.0042670611317017215-0.004754159921592005j),(-0.0126420337706791+0.005572124096197624j),(0.4865584656261475+0.8163320952275027j),(-0.1091891285635094+0.059622755629811945j),(0.38330069884956003+0.7371026802030034j),(-0.42609266504717325+0.20328380624529063j),(-0.2549988630346621+0.1258811568413536j),(0.05162888338829353+0.03961470751224934j),(0.05162888338829394+0.039614707512249575j),(-0.2802829305760204+0.1370254050337495j)
2747747747.7477474,(-0.004521945354460544-0.004218244059632337j),(-0.012029261107903172+0.005972246367883141j),(0.5335414830725929+0.7869815427112471j),(-0.10192118427431474+0.06312242807781913j),(0.4261011361373147+0.7211267617175977j),(-0.403139982400381+0.2176814178715365j),(-0.24050132222944443+0.13442967660679464j),(0.05372017346763853+0.032927390496825096j),(0.05372017346763977+0.032927390496824346j),(-0.26455984444525105+0.1463741693425614j)
2756756756.756757,(-0.00469758532118647-0.0036700602393145987j),(-0.011361373402517083+0.006312778346497419j),(0.5788238581026448+0.7549115960326704j),(-0.094287439202459+0.06575524132370171j),(0.4692134833510122+0.7026359321588904j),(-0.37834012377817317+0.22969107950700207j),(-0.22495240808779893+0.14141038206885445j),(0.05480518737581617+0.02613783193689014j),(0.05480518737581632+0.026137831936889608j),(-0.2476751548928332+0.1540359387618493j)
2765765765.7657657,(-0.004792836016274504-0.0031223058458389463j),(-0.01064232264726614+0.00658481592826296j),(0.6222442472791472+0.7202093077280391j),(-0.08639028920128697+0.06748252627169704j),(0.5125041894558178+0.6813926553801123j),(-0.3518947513532572+0.23903961927697745j),(-0.208500197630006+0.1466762568460741j),(0.054870028911665245+0.019408326173963267j),(0.05487002891166445+0.019408326173963764j),(-0.22978484292453813+0.15984588870260025j)
2774774774.7747746,(-0.004808647690064505-0.0025881618900457926j),(-0.009877678867905249+0.00677915397027605j),(0.6636437310000015+0.6829721283618859j),(-0.07833642377430935+0.06827755629526137j),(0.5557886107624174+0.6571566568287208j),(-0.32405157194794953+0.2454575263516874j),(-0.1913163189932241+0.1500883873531983j),(0.053927560118791774+0.01290773576658266j),(0.053927560118792094+0.012907735766581968j),(-0.21107167672903443+0.16364669529375098j)
2783783783.783784,(-0.0047482811228065636-0.002080952000268199j),(-0.0090748709751906+0.006886586652446701j),(0.7028666364053564+0.6433082509241506j),(-0.07023545869874345+0.06812608439934953j),(0.5988261388043886+0.6296939078143493j),(-0.2951092753354332+0.24868709598591213j),(-0.1735974960418976+0.15152000354018405j),(0.05202024880048355+0.006807171554900844j),(0.05202024880048343+0.006807171554899308j),(-0.19174723799227897+0.1652931768450777j)
2792792792.792793,(-0.004617474181353776-0.0016137198259998375j),(-0.008243379076477646+0.006898295885791252j),(0.739761465642728+0.6013368664846448j),(-0.06219848722502431+0.06702672837944318j),(0.641316638895882+0.5987876401058079j),(-0.2654211933978574+0.24849270317815145j),(-0.1555664612349633+0.15086141989300633j),(0.04922241337342298+0.0012746131894181055j),(0.04922241337342272+0.0012746131894181834j),(-0.17205321938791884+0.16465801166458802j)
2801801801.8018017,(-0.004424531397678788-0.0011987272477706479j),(-0.007394849384240711+0.006806324673159107j),(0.7741819174868803+0.5571883099859309j),(-0.054336565824091694+0.06499118899594272j),(0.6828989132899734+0.564251324264389j),(-0.23539695497292357+0.244673127161643j),(-0.13747191101426692+0.1480258334056339j),(0.04564150209845426-0.0035315071392287636j),(0.04564150209845412-0.0035315071392280767j),(-0.1522616097827487+0.1616384827519513j)
2810810810.810811,(-0.004180305278056962-0.0008468851460971538j),(-0.006543099963939841+0.006604123011515452j),(0.805987986406006+0.5110040767110384j),(-0.04675915354784009+0.062044287630993254j),(0.7231519817953111+0.5259433087681564j),(-0.2055013346530933+0.2370756133673577j),(-0.11958714413652691+0.14295582748766006j),(0.04141800230534766-0.007469616028559266j),(0.04141800230534717-0.007469616028558966j),(-0.13267334406440662+0.1561640735106908j)
2819819819.81982,(-0.0038980380265853376-0.0005671402442740947j),(-0.00570398564118766+0.006287142207456041j),(0.8350471194342735+0.462936692323091j),(-0.03957252710102976+0.05822381199342764j),(0.7615999765252228+0.4837825179521308j),(-0.1762494919013931+0.22561106129156022j),(-0.10220702386002369+0.13563029443503802j),(0.03672357145452547-0.010422912814519696j),(0.03672357145452611-0.010422912814519486j),(-0.11361499514239935+0.14820457884994975j)
2828828828.828829,(-0.003593036769656832-0.0003658548071814316j),(-0.004895094874958875+0.00585344025612039j),(0.8612354077700455+0.4131494224448452j),(-0.03287819657229761+0.05358016121028264j),(0.7977213389778129+0.4377642672603049j),(-0.1481979068639671+0.21026938798787098j),(-0.08564295684317355+0.12607133434295667j),(0.03175703439611662-0.012307422407730481j),(0.031757034396116275-0.012307422407728967j),(-0.09543314659309117+0.13777821485519687j)
2837837837.837838,(-0.0032821654150236856-0.0002462290447724502j),(-0.00413526151803199+0.005304247911655957j),(0.8844387869957719+0.3618158115207018j),(-0.026771349303423817+0.048175785101060756j),(0.8309627548420143+0.38797491724118094j),(-0.12193057329418537+0.19113378061920783j),(-0.07021569978077276+0.11435053494847826j),(0.026738016076878975-0.013079552860239601j),(0.02673801607687866-0.013079552860239471j),(-0.07848622281683625+0.1249590307717904j)
2846846846.8468466,(-0.0029831525091248423-0.0002078264300536814j),(-0.003443890669967309+0.004644434758658604j),(0.9045542173530376+0.30911904516330696j),(-0.021339351438284408+0.042084416569103604j),(0.8607578495936111+0.3346038169755965j),(-0.09804042231264114+0.16839228148486943j),(-0.05624599620549536+0.10059391426832826j),(0.02189818387971363-0.012742385906145294j),(0.021898183879713404-0.01274238590614401j),(-0.06313377754543026+0.10988278378564473j)
2855855855.855856,(-0.002713736226320096-0.00024626676632080735j),(-0.0028401196405992337+0.003882810008367942j),(0.9214908137707336+0.2552511352898531j),(-0.016660338109979286+0.03539010083365561j),(0.8865501109184163+0.2779508612219893j),(-0.07710650852755457+0.142345023188015j),(-0.044043303678167625+0.0849847520024675j),(0.017470351426158715-0.011349862966068257j),(0.017470351426159034-0.011349862966067808j),(-0.04972354295936566+0.09275037201920333j)
2864864864.864865,(-0.0024906927129837997-0.00035314777338579795j),(-0.0023418601644931997+0.003032196843555813j),(0.9351708945297079+0.20041193301749385j),(-0.0128019237933441+0.02818603059343375j),(0.9078188576070505+0.21842808044268447j),(-0.05966813704134062+0.11340552706498647j),(-0.033893170252849006+0.06776358198565437j),(0.013676018461328576-0.009008073712595292j),(0.013676018461328408-0.009008073712595417j),(-0.03857689058183588+0.0738279756727658j)
2873873873.8738737,(-0.0023288185611989864-0.0005162412155141349j),(-0.00196479258452612+0.002109233914458662j),(0.9455309177651414+0.14480798036159365j),(-0.009820063849402092+0.020573202015301127j),(0.9241064366416394+0.1565540522955407j),(-0.04619774827028946+0.08209484791784369j),(-0.026044113475319746+0.04922479105211378j),(0.010712240561750599-0.005873035966973803j),(0.010712240561751202-0.005873035966973368j),(-0.029973698644371837+0.05344325888103107j)
2882882882.882883,(-0.00223995718737241-0.0007199840844384145j),(-0.001721401742612933+0.0011338831239180117j),(0.9525222766591452+0.08865121802358272j),(-0.007758096507457817+0.012658912443493374j),(0.9350443294228419+0.09294057194874097j),(-0.037074878649797735+0.049027997284148264j),(-0.02069508583601527+0.029709571739902553j),(0.008738973618151253-0.0021446769625786794j),(0.008738973618151619-0.002144676962579677j),(-0.024137889321239753+0.03197733798773919j)
2891891891.891892,(-0.002232167230577675-0.0009462515914582335j),(-0.0016201526699302924+0.00012865662136712095j),(0.9561119273056959+0.03215757261868049j),(-0.006645991315672474+0.004555126583734576j),(0.9403756170657742+0.02827188508021828j),(-0.03256374661141605+0.014892944322527399j),(-0.017984716293613756+0.009595378831764015j),(0.007868155119961254+0.001942843769230751j),(0.00786815511995998+0.0019428437692314655j),(-0.02122502163347481+0.009852692074497902j)
2900900900.900901,(-0.002309125023022829-0.0011753618291802555j),(-0.0016648981175028154-0.0008823871638185222j),(0.9562828278674426-0.024454547854994246j),(-0.0064998254034259175-0.0036232567979188135j),(0.9399713924463132-0.03672225764666785j),(-0.032796875699479505-0.019576551414436885j),(-0.01798345243394999-0.010717516942359232j),(0.008155717710564786+0.006133854895836547j),(0.008155717710564933+0.006133854895837073j),(-0.021313248668955266-0.012482291269996497j)
2909909909.90991,(-0.002469831751835072-0.0013872287836797711j),(-0.0018545885430127544-0.0018747954268715315j),(0.9530341736537686-0.08096581713725634j),(-0.007321502864985956-0.0117602013778906j),(0.9338392420440456-0.10129759788760115j),(-0.03776663152246651-0.05363215290940351j),(-0.020689478650712616-0.0308213817167752j),(0.009597465804861385+0.010165890375171047j),(0.009597465804861031+0.010165890375173856j),(-0.02439865573673954-0.03457097257051901j)
2918918918.9189186,(-0.002708661709224014-0.001562557835288067j),(-0.0021833209544792082-0.002824915256653071j),(0.9463814198112329-0.13715757639226106j),(-0.009098725506414296-0.019740353919901865j),(0.922122791291944-0.16472769040406005j),(-0.047325678736328036-0.08654348023437344j),(-0.026028881166892122-0.05031700182048459j),(0.012129314259644785+0.01378505700589965j),(0.012129314259645798+0.013785057005899142j),(-0.030395523075849848-0.055966832333790774j)
2927927927.927928,(-0.003015746867331359-0.0016839710207391528j),(-0.0026407218560820216-0.003711017827326378j),(0.9363560909493036-0.1928134053888776j),(-0.011805215569317734-0.027450848989954202j),(0.9050923657607912-0.22633461693037654j),(-0.061196305792333705-0.11762904050984654j),(-0.03386003882474395-0.06882892692257365j),(0.015631862594256328+0.016760605770748886j),(0.0156318625942564+0.016760605770749837j),(-0.03914148253690763-0.076250962577227j)
2936936936.936937,(-0.0033776526381515404-0.0017369597570926348j),(-0.0032126191718105344-0.004514250499668707j),(0.9230053846548631-0.24772064296467494j),(-0.015401183419165836-0.03478305852073618j),(0.8831278695002638-0.2855154062261107j),(-0.07898751634293727-0.14628287059075562j),(-0.04398173070924083-0.08601871405607711j),(0.019938757577299997+0.018897381630717375j),(0.019938757577299595+0.018897381630718288j),(-0.05040696905286266-0.09504721505541452j)
2945945945.9459457,(-0.0037782676208037436-0.0017105881146292634j),(-0.003881925970938803-0.005219340212408545j),(0.9063915829153848-0.30167182321326225j),(-0.019834026117430202-0.04163424959987345j),(0.8566958262123385-0.34176210722628064j),(-0.10021794201518-0.17199484371614318j),(-0.056144058095366295-0.10159520644559962j),(0.024847878351522752+0.020045142006508986j),(0.024847878351522294+0.020045142006509788j),(-0.06390791003724389-0.11203388687041707j)
2954954954.954955,(-0.0041998117326155215-0.0015979045212977105j),(-0.004629640422297809-0.005815006349749678j),(0.8865912915118388-0.3544659979663843j),(-0.02503923673804757-0.04790911788970322j),(0.8263230280694369-0.39467434692065345j),(-0.12434213232341951-0.19436347625977973j),(-0.0700610441084356-0.11532129072499205j),(0.03013413172120071+0.020104174477134893j),(0.030134131721200736+0.02010417447713455j),(-0.0793203249530311-0.12695130342449124j)
2963963963.963964,(-0.004623864281830037-0.0013960568814794239j),(-0.00543586357710811-0.0062940783869948405j),(0.8636945321633263-0.4059099213341505j),(-0.03094149952703268-0.053521169137548084j),(0.7925693372287884-0.44396415895863894j),(-0.15077767749817383-0.2131010253399754j),(-0.08542372493549558-0.1270170188517669j),(0.035562597467269676+0.01902711881224469j),(0.03556259746726857+0.01902711881224345j),(-0.09629545208971135-0.13960517562575628j)
2972972972.972973,(-0.005032324676848887-0.0011061388121098858j),(-0.006280747732231029-0.006653346356255328j),(0.837803715489381-0.4558190778690907j),(-0.0374559426469685-0.058393926857713115j),(0.7560019230493608-0.48945372021285505j),(-0.17893088235933508-0.22803151961446377j),(-0.1019126647709205-0.13655937687983302j),(0.040900896220009635+0.01681732117188185j),(0.0409008962200095+0.016817321171883143j),(-0.11447416023538316-0.14986606959234391j)
2981981981.981982,(-0.00540823941420665-0.000732818327900786j),(-0.007145309093288477-0.006893195826977602j),(0.8090325247391628-0.5040185419284726j),(-0.04448951825123787-0.06246195005917714j),(0.7171726976011434-0.5310672569657442j),(-0.2082192301677025-0.2390829904244111j),(-0.11920906511618176-0.14387927441481663j),(0.04592991356901004+0.013524357518635689j),(0.04592991356901061+0.013524357518635115j),(-0.13349968330275858-0.1576656660687716j)
2990990990.9909906,(-0.005736454478668884-0.00028381283060979756j),(-0.008012063974527701-0.00701709164776005j),(0.7775047408531609-0.5503436617089976j),(-0.051942478852857514-0.06567165054487276j),(0.6766000671519812-0.5688187248909484j),(-0.23808952078868145-0.246275513441099j),(-0.1370039358462417-0.14895649034522548j),(0.050452336850589856+0.00923753159097499j),(0.05045233685059128+0.009237531590974825j),(-0.15302806379529746-0.16299067364074607j)
3000000000.0,(-0.0060040773917033885+0.00023072379651162267j),(-0.008865472909181632-0.007030976673873625j),(0.7433530389516385-0.5946405669983794j),(-0.05970991920204172-0.06798190460558448j),(0.6347554748251637-0.6027969378792108j),(-0.26803121062388574-0.24970674240279445j),(-0.1550050920037821-0.1518133468303161j),(0.05429878206323747+0.0040781854404157245j),(0.05429878206323774+0.004078185440415424j),(-0.1727360378221449-0.16587530017806343j)
3009009009.0090094,(-0.0062007542419271755+0.0007988425184592973j),(-0.009692198184883379-0.006942645409969986j),(0.706717784965722-0.6367665047903597j),(-0.06768335397478667-0.06936445874184223j),(0.5920546638024444-0.6331496766578921j),(-0.29758502838247325-0.24953647305365004j),(-0.17294199299374627-0.15250782048777642j),(0.05733156058163849-0.0018084140662343927j),(0.05733156058163992-0.0018084140662336379j),(-0.19232638936351323-0.16639311130771628j)
3018018018.018018,(-0.006318782199536743+0.0014074209425157802j),(-0.010481195541552107-0.006761141024544136j),(0.6677458590047074-0.6765900114584815j),(-0.07575230332972993-0.06980413329477256j),(0.548853192657479-0.660068027137888j),(-0.3263473395587721-0.24597149506672925j),(-0.19056862590269882-0.15112667315620706j),(0.05944633317361411-0.008260992160296923j),(0.05944633317361418-0.008260992160296368j),(-0.21153101698580323-0.1646489552052946j)
3027027027.027027,(-0.0063530868841163435+0.002042731278514842j),(-0.011223669704753969-0.006496210570272373j),(0.6265895293284318-0.7139909341246101j),(-0.08380586066216472-0.0692988315083996j),(0.5054454961353116-0.6837718578508867j),(-0.35397097201186967-0.23925164989464767j),(-0.2076647466322631-0.14777903013125152j),(0.060572016596559725-0.015109538136861738j),(0.060572016596559634-0.015109538136860542j),(-0.2301120860417714-0.1607714512717957j)
3036036036.036036,(-0.006301097263629818+0.0026909335692454905j),(-0.011912926819738254-0.006157839881755507j),(0.5834053975913797-0.7488603171528161j),(-0.09173421953895418-0.06785936455614569j),(0.4620666885392386-0.7044970078985113j),(-0.38016331276708937-0.22963767530572565j),(-0.22403583933328333-0.1425906800491806j),(0.060669354526069905-0.022181654627152575j),(0.060669354526071015-0.02218165462715202j),(-0.2478616929727602-0.15490635981269077j)
3045045045.045045,(-0.006162549843243048+0.003338484867515701j),(-0.01254415603489227-0.005755878087046293j),(0.5383534324635755-0.7811001723187803j),(-0.09943013971070717-0.06550910543042646j),(0.41889631978046327-0.7224844625224447j),(-0.40468247521025213-0.2174011237965011j),(-0.23951215142558754-0.13569923652641788j),(0.059728556341556-0.029307854898167347j),(0.05972855634155585-0.029307854898167354j),(-0.2646004634953716-0.1472109927005103j)
3054054054.0540543,(-0.005939250233805066+0.003972464016627819j),(-0.013114168938917162-0.005299752721726968j),(0.4915961049296871-0.8106231531320138j),(-0.10679033514548066-0.06228348631752154j),(0.37606337881123886-0.737971563143851j),(-0.4273322535759968-0.20281641249535215j),(-0.25394712542182174-0.12725019668471002j),(0.05776636305922422-0.03632579499408101j),(0.05776636305922396-0.03632579499408166j),(-0.28017546329965554-0.13784970212816428j)
3063063063.063063,(-0.005634815094705814+0.004580817944216664j),(-0.013621120610442738-0.004798270205089314j),(0.44329763463756805-0.8373521550205092j),(-0.11371677009120246-0.05822935517890658j),(0.33365196188548607-0.7511851367571634j),(-0.44795646183895094-0.18615490076088903j),(-0.267215495354634-0.11739385776480796j),(0.05482283637604171-0.04308350913167257j),(0.05482283637604016-0.043083509131672845j),(-0.29445773657551944-0.12699039817498753j)
3072072072.072072,(-0.0052544119444660475+0.00515253917598657j),(-0.014064230715896325-0.004259492652166033j),(0.3936233527264189-0.8612198636400457j),(-0.12011785213669421-0.05340420777462714j),(0.29170715767817135-0.7623363296081712j),(-0.4664331230906281-0.167680792042606j),(-0.27921125689776527-0.10628300725645061j),(0.050958097524124224-0.04944176701593729j),(0.05095809752412319-0.04944176701593678j),(-0.3073397183295571-0.11480199256078229j)
3081081081.0810814,(-0.004804509110064109+0.005677786087565306j),(-0.014443518079890375-0.0036906801740755092j),(0.34273918271868353-0.8821682734774551j),(-0.12590951399939393-0.04787531135509843j),(0.25024083002837016-0.7716168804832825j),(-0.4826688510439964-0.14764860691632226j),(-0.2898456644418049-0.09407127896163524j),(0.046249176345156184-0.055275696497085886j),(0.04624917634515681-0.055275696497085136j),(-0.31873270060158554-0.1014526393097861j)
3090090090.09009,(-0.004292643529010709+0.006147957763901313j),(-0.014759557842316195-0.0030982874300868254j),(0.290811237405383-0.9001481982300924j),(-0.13101617823371448-0.04171873579579044j),(0.20923709182185868-0.7791965565496313j),(-0.4965936576856188-0.12630196120977508j),(-0.2990453601173505-0.08091206107269598j),(0.0407870727917621-0.060475820840230614j),(0.040787072791762406-0.060475820840231176j),(-0.3285644758019827-0.08710863593286965j)
3099099099.099099,(-0.0037272103857285133+0.006555734706987282j),(-0.015013266869921812-0.0024880037456212305j),(0.23800552626977137-0.9151187932267986j),(-0.13537160116130503-0.035018307150338185j),(0.16865735601323376-0.7852214873412138j),(-0.5081563346734064-0.10387339437304799j),(-0.3067507010474341-0.06695784701607202j),(0.034674085128268875-0.06494865294279219j),(0.03467408512826878-0.06494865294279233j),(-0.33677723478727717-0.07193385450731507j)
3108108108.108108,(-0.003117275661816868+0.006895095417400521j),(-0.015205720515234972-0.0018648271946179722j),(0.18448776494223623-0.9270471084817457j),(-0.13891959403144008-0.027864497557257673j),(0.12844492168612842-0.7898131602066214j),(-0.5173204912553844-0.08058501842050245j),(-0.31291432212817727-0.05235993079426205j),(0.028021421628054006-0.06861697413756178j),(0.028021421628053565-0.0686169741375615j),(-0.3433257631586474-0.05608958518349815j)
3117117117.117117,(-0.0024724105250156225+0.00716131736308101j),(-0.015338002029095271-0.0012331643540688664j),(0.13042327550246002-0.935907688916994j),(-0.14161462071025152-0.02035326426170108j),(0.08852910636426198-0.793067875902008j),(-0.5240612862993348-0.05664978903868943j),(-0.31749995147569776-0.03726836229612638j),(0.020947084569098967-0.07141990650749296j),(0.020947084569098995-0.07141990650749322j),(-0.3481759555338887-0.03973469100426335j)
3126126126.1261263,(-0.001802544950453476+0.007350969235576266j),(-0.015411084808114706-0.0005969487559641003j),(0.07597696417221786-0.9416822359268024j),(-0.1434222720803395-0.012584849312278327j),(0.048828973595700764-0.7950565010273318j),(-0.5283628633665775-0.032273232285273706j),(-0.3204814829153439-0.02183209204281214j),(0.013573995288258152-0.07331286744973557j),(0.013573995288259049-0.07331286744973506j),(-0.351303652531573-0.02302598955474061j)
3135135135.135135,(-0.0011178369292696513+0.007461899795812632j),(-0.0154257470560272+4.022775551193415e-05j),(0.021313361086530393-0.9443593418554546j),(-0.14431961783888597-0.004662550360659195j),(0.009256730444940143-0.7958243916803294j),(-0.5302164821861217-0.007655489054401587j),(-0.32184230295647637-0.006199247463042167j),(0.0060283153207957236-0.07426747508756221j),(0.0060283153207943765-0.07426747508756171j),(-0.35269379706853143-0.006118791952018069j)
3144144144.144144,(-0.0004285529544544413+0.007493227083998577j),(-0.015382518223991531+0.0006749755930161323j),(-0.033403294601399305-0.9439343061827543j),(-0.14429543656374763+0.0033085279867449743j),(-0.030279114039541886-0.7953913986078011j),(-0.5296193340575341+0.017006437074724223j),(-0.3215748670866492+0.009482506937718313j),(-0.0015620902809294088-0.07427145378747692j),(-0.0015620902809279995-0.07427145378747715j),(-0.3523399035346325+0.010832458123750537j)
3153153153.153153,(0.00025504491306574395+0.007445330324124977j),(-0.01528165664846036+0.0013039640632161289j),(-0.08800894203767312-0.9404090393117259j),(-0.14335032484015303+0.011222733571827914j),(-0.06987072861801151-0.7937518979409377j),(-0.5265740296239414+0.041516326114222624j),(-0.31968052058358637+0.025065565779809253j),(-0.009069106709830495-0.0733285706853941j),(-0.009069106709831295-0.0733285706853945j),(-0.3502438338805078+0.027673493906242227j)
3162162162.1621623,(0.0009228102724546106+0.007319845477929909j),(-0.015123158018715777+0.001923777819485042j),(-0.14233957675828202-0.9337920568785065j),(-0.14149668598437984+0.018975128632710232j),(-0.10960797245022533-0.7908748237141372j),(-0.5210887524531225+0.06567636990425373j),(-0.31616956120003503+0.04040197144899691j),(-0.016365802154028105-0.07145861658218457j),(-0.016365802154028615-0.07145861658218466j),(-0.34641587723746725+0.044249527087967165j)
3171171171.171171,(0.0015648267833037466+0.0071196640638506725j),(-0.014906794583133334+0.0025307767877596164j),(-0.1962311380846023-0.9240985644970572j),(-0.13875859855167344+0.026462746266435782j),(-0.14957533433953465-0.7867037096129409j),(-0.513178078558846+0.08928486793582946j),(-0.3110615439721262+0.05534303031337285j),(-0.023327901872534005-0.068697427442058j),(-0.023327901872533564-0.06869742744205795j),(-0.34087513313839307+0.06040458388889306j)
3180180180.18018,(0.002171530457003773+0.006848933516946765j),(-0.014632185252042892+0.0031209634366667315j),(-0.24951942412691377-0.9113506298497034j),(-0.1351715644644066+0.033585833242449126j),(-0.18984869560208123-0.7811567787733831j),(-0.5028644681343302+0.11213408166150506j),(-0.3043858310473256+0.06973899401531053j),(-0.029835364262415842-0.06509692553815993j),(-0.02983536426241666-0.06509692553816j),(-0.3336502015514114+0.07598092088864344j)
3189189189.189189,(0.0027338442111647654+0.00651305599068952j),(-0.014298896883808615+0.003689861770359768j),(-0.3020400520596871-0.8955774360774517j),(-0.1307821363330233+0.040249070565493456j),(-0.23049182099265417-0.774127152901917j),(-0.4901804390755397+0.1340083507692596j),(-0.29618239082047315+0.08343884889701686j),(-0.03577411553351661-0.06072514158776728j),(-0.035774115533516004-0.0607251415877669j),(-0.32478018458809005+0.09081857243773571j)
3198198198.1981983,(0.0032433284753323466+0.006118681069037291j),(-0.013906576950691099+0.004232413201496029j),(-0.35362848028194727-0.8768156075519924j),(-0.12564742345296775+0.046362762476641756j),(-0.2715524952200733-0.7654832861485219j),(-0.4751714298854126+0.15468259429259967j),(-0.2865028497184992+0.09629026518312452j),(-0.04103799253093775-0.05566616070173505j),(-0.04103799253093624-0.05566616070173562j),(-0.3143160036198813+0.10475509158611641j)
3207207207.207207,(0.003692350736980765+0.005673686367418163j),(-0.013455117363073046+0.004742895471139253j),(-0.4041201076124984-0.8551095963704588j),(-0.11983447612338145+0.05184398364840159j),(-0.31305824334394244-0.7550697651308593j),(-0.457899349520574+0.1739213447090091j),(-0.27541179545890476+0.10813976870756638j),(-0.045530932134277384-0.05001991561979975j),(-0.045530932134278196-0.05001991561979899j),(-0.3023220301850506+0.11762555964984475j)
3216216216.216216,(0.004074275599633498+0.00518713848979635j),(-0.012944848364216666+0.005214871950659852j),(-0.4533504627942604-0.8305121153554844j),(-0.11341954841395155+0.05661767324204797j),(-0.3550116044084398-0.7427086534679436j),(-0.4384467905960432+0.19147849264039218j),(-0.2629883211407811+0.11883321099056005j),(-0.049169429192911576-0.04390173094377001j),(-0.04916942919290959-0.04390173094377206j),(-0.28887801786921424+0.1292629548918789j)
3225225225.2252254,(0.00438367507273979+0.004669225362520013j),(-0.012376759965549086+0.0056411798712450376j),(-0.5011554953006352-0.8030846010267634j),(-0.10648724035509578+0.0606176633350727j),(-0.39738497211662793-0.7282015950474311j),(-0.41692184680799615+0.20709795057352678j),(-0.24932778361599692+0.12821662708305467j),(-0.051885261592004135-0.03744150298966621j),(-0.051885261592003504-0.03744150298966645j),(-0.2740813035470947+0.13949898682554507j)
3234234234.2342343,(0.004616556308787989+0.0041311497372381045j),(-0.011752746253027094+0.006013967100491041j),(-0.5473719757646865-0.7728976880003942j),(-0.099129521774963+0.06378762808882917j),(-0.4401150773090992-0.7113329212031068j),(-0.39346342226881015+0.22051547173903263j),(-0.23454372576885937+0.13613758281343968j),(-0.05362844922779394-0.030782383398643684j),(-0.05362844922779395-0.030782383398644364j),(-0.25804921827491356+0.14816551701442218j)
3243243243.243243,(0.004770600754287646+0.003584972882248294j),(-0.011075864966453172+0.006324787766181193j),(-0.591838011316945-0.7400316746394955j),(-0.09144464166391338+0.06608193901333576j),(-0.4830972670103061-0.6918740270516002j),(-0.36824684716332334+0.23146187847153288j),(-0.21876987944716483+0.14244712097625312j),(-0.054370372153318594-0.024078823793948385j),(-0.05437037215332078-0.02407882379394735j),(-0.2409216093800718+0.15509669650861554j)
3252252252.252252,(0.004845404662771224+0.0030433974932594365j),(-0.010350601011272567+0.0065647669685753585j),(-0.6343936777597374-0.7045769585948629j),(-0.08353592899914976+0.06746641090299435j),(-0.5261798347634954-0.6695892830348058j),(-0.3414895198802987+0.23966795424812448j),(-0.20216212342845144+0.14700241560698357j),(-0.05410692149812065-0.017493837780028977j),(-0.0541069214981207-0.017493837780027152j),(-0.22286332545099635+0.16013194954413593j)
3261261261.2612615,(0.004842706221190818+0.0025194800690117036j),(-0.00958311810222072+0.006724843594254827j),(-0.6748817668854981-0.6666344202062396j),(-0.0755104933710044+0.06791892256623192j),(-0.5691587748169871-0.6442437184963039j),(-0.31345618272078024+0.24487122413682344j),(-0.18490021994367165+0.14967022975727298j),(-0.052861496034255696-0.011195350854967945j),(-0.0528614960342559-0.011195350854968443j),(-0.20406645614811333+0.16311991694578193j)
3270270270.2702703,(0.004766579444588748+0.0020262658900623842j),(-0.008781477841845263+0.0067960973608149j),(-0.7131486434341381-0.6263157316461554j),(-0.06747783645740896+0.06742989644787689j),(-0.6117734616630952-0.6156126425348608j),(-0.28446331332931585+0.24682477700940836j),(-0.16718909705151713+0.15033123936782813j),(-0.05068759088552105-0.005351544555647452j),(-0.05068759088552238-0.005351544555647562j),(-0.18475205273520767+0.16392343408945717j)
3279279279.279279,(0.004623570027528223+0.0015763447755610671j),(-0.007955800738618464+0.006770161210296978j),(-0.7490452022702659-0.5837435702293676j),(-0.05954838831367821+0.0660026217272493j),(-0.6537038831878652-0.5834932411928913j),(-0.2548819905227939+0.24530815718972387j),(-0.14925938867961758+0.14888522824818934j),(-0.04767065954120002-0.00012516451823830504j),(-0.04767065954120056-0.00012516451823783165j),(-0.16517099015685432+0.16242555066878422j)
3288288288.288288,(0.004422744336532947+0.0011813333082448807j),(-0.0071183398054118704+0.006639712689014948j),(-0.782427912442355-0.5390517155209154j),(-0.05183198548443834+0.06365340653279068j),(-0.6945701591418985-0.5477180001624734j),(-0.22513849242953118+0.2401401640086523j),(-0.13136689915157282+0.14525707258170661j),(-0.04392887665022844+0.0043331423207789285j),(-0.04392887665022862+0.004333142320778936j),(-0.14560357876239732+0.15853649795973587j)
3297297297.2972975,(0.004175620820056902+0.0008512992476844283j),(-0.006283435586956029+0.006399027962386755j),(-0.8131599309706563-0.49238501177782623j),(-0.04443631099480613+0.060411546594339116j),(-0.7339351277436796-0.5081695470502873j),(-0.19571183593822633+0.23119314336007496j),(-0.11379063787956016+0.13940331701482048j),(-0.03961240161348884+0.007892267636230316j),(-0.03961240161348934+0.007892267636229557j),(-0.12635750905347254+0.1522013729395932j)
3306306306.3063064,(0.0038959546439850112+0.0005941559291185172j),(-0.005467323091326165+0.006044570079868729j),(-0.841112265611828-0.44389917986490735j),(-0.03746531922127072+0.05631909998920447j),(-0.7713107472281537-0.46479619807470707j),(-0.16712750422373818+0.21840804697654026j),(-0.09682908863117805+0.13131900340300387j),(-0.03490075919183689+0.010448509104899494j),(-0.03490075919183732+0.010448509104900344j),(-0.107763734813831+0.14340814356274076j)
3315315315.3153152,(0.0035993526656420416+0.0004150674083637784j),(-0.0046877674828089445+0.005575570185912704j),(-0.866164962586925-0.39376046609276977j),(-0.031017671352354243+0.05143046064612035j),(-0.8061689011394176-0.41762715996795624j),(-0.13994676855212856+0.2018092018226766j),(-0.08079445246943234+0.12104426104848533j),(-0.029998030723752914+0.011933346937591988j),(-0.02999803072375335+0.011933346937595027j),(-0.09016998743504989+0.13219540142031194j)
3324324324.324324,(0.0033027079013142058+0.00031591700918756627j),(-0.003963517497500454+0.00499454851958752j),(-0.8882082924663799-0.342145119424795j),(-0.025185209485592403+0.04581172695581114j),(-0.8379568903113772-0.36678602851160247j),(-0.11475131755812831+0.18151742339871885j),(-0.06600474602436014+0.10867002665767746j),(-0.025125701077501724+0.012320454543404169j),(-0.025125701077501072+0.012320454543403254j),(-0.07393178101936027+0.11865912369685266j)
3333333333.3333335,(0.003023460544466061+0.0002949001109156524j),(-0.003313583494965581+0.004307713904491629j),(-0.907143905232022-0.2892386931602333j),(-0.02005149921206838+0.03953986618343372j),(-0.8661174361573034-0.31250100860368923j),(-0.09212336641418264+0.15775989089744885j),(-0.05277384931815989+0.09434216463595008j),(-0.020513234537359974+0.011631157721728926j),(-0.02051323453736023+0.011631157721726477j),(-0.05940101630809139+0.10295759244493233j)
3342342342.3423424,(0.0027787151770347074+0.00034630352029445255j),(-0.0027563696834288845+0.003525178961226061j),(-0.9228859241549232-0.23523517246668563j),(-0.015690471629543398+0.032701680340424075j),(-0.8901124378303444-0.2551102338922095j),(-0.07262200108315553+0.1308751559063561j),(-0.041399866672920546+0.07826323916216371j),(-0.016386743162288647+0.009937530712761133j),(-0.016386743162289205+0.009937530712763105j),(-0.04691260603977831+0.08531359708461651j)
3351351351.3513513,(0.002584268327905259+0.0004605260223180113j),(-0.0023087145982758107+0.002660936057059665j),(-0.9353619477364514-0.18033593489891198j),(-0.012165195893922915+0.02539258465326856j),(-0.9094490896195061-0.19506075479591412j),(-0.05675714960686669+0.10131184767099544j),(-0.032152458152118875+0.060691280105072264j),(-0.012956429058472758+0.007362409948500661j),(-0.012956429058471386+0.0073624099485016855j),(-0.03676988734867074+0.06601315221919173j)
3360360360.36036,(0.002453622763242902+0.0006243763971214497j),(-0.0019849161677945714+0.001732557344206102j),(-0.9445139297618284-0.12474855712177352j),(-0.00952681245284038+0.01771521558969353j),(-0.9237063823673282-0.1329002280593811j),(-0.044963155402872254+0.06962010272192112j),(-0.025260067760061823+0.0419351018116018j),(-0.010403773697250396+0.004075835468805626j),(-0.01040377369725047+0.004075835468801861j),(-0.02922990009565091+0.045400216500012795j)
3369369369.3693695,(0.002397079857688389+0.0008216571475194792j),(-0.0017958326819639018+0.0007606103048062307j),(-0.9502989096894159-0.06868548717386441j),(-0.007813654817357688+0.009777891297200008j),(-0.9325596127694369-0.06926106033471469j),(-0.0375743278159933+0.03643546639687575j),(-0.020898158634711315+0.022346068542231572j),(-0.008869648459989301+0.000287786580424808j),(-0.008869648459988916+0.00028778658042549407j),(-0.024489823998639665+0.023867289151844176j)
3378378378.3783784,(0.0024210045227308075+0.001034007799973171j),(-0.0017481541211652341-0.00023218537734605326j),(-0.9526895692446566-0.01236260739412745j),(-0.007050584008080904+0.0016929529056779488j),(-0.9358004269289455-0.004837647634720114j),(-0.03480494293381241+0.0024559034487172983j),(-0.019179609349781385+0.0023066135545436466j),(-0.008444571157855536-0.003762479879703756j),(-0.008444571157856082-0.003762479879703564j),(-0.022675917592111926+0.0018422427998516248j)
3387387387.3873873,(0.0025273457377043007+0.0012419465883375252j),(-0.0018439268807689136-0.0012219987293823004j),(-0.9516745961767744+0.0440022818579387j),(-0.007248554681329759-0.0064249799938500005j),(-0.9333502029587519+0.05964173288920149j),(-0.036735889478230296-0.031586530230663414j),(-0.020148295199010836-0.017783756382874213j),(-0.009162196609011276-0.007819725515630796j),(-0.009162196609010367-0.00781972551563203j),(-0.02383614896054936-0.020227753841639193j)
3396396396.396396,(0.0027134700396098665+0.0014260204032931975j),(-0.0020803892462800365-0.002185036360516701j),(-0.9472588424672794+0.10019102377507416j),(-0.008404425591048027-0.014460802705874097j),(-0.9252652278995318+0.12344605821556948j),(-0.04330950429676332-0.06495703840746754j),(-0.023776575697625712-0.03752388419615472j),(-0.010996807283873599-0.011627517220249236j),(-0.010996807283871883-0.01162751722024633j),(-0.027937354190185573-0.04189395691718695j)
3405405405.4054055,(0.002972329100792037+0.0015679562697600985j),(-0.002450138752955567-0.0030986928390426965j),(-0.939463271478259+0.1559866758740593j),(-0.01050101983925749-0.02230072851606199j),(-0.9117330543135141+0.18587294904833607j),(-0.054333212049917784-0.0969496892870495j),(-0.029966977191632164-0.05652651606251293j),(-0.013865108582372176-0.014943136587138233j),(-0.013865108582371473-0.014943136587138826j),(-0.0348672546975429-0.06272390174059858j)
3414414414.4144144,(0.003292942218916739+0.001651707055285473j),(-0.0029416122653125425-0.003942595561778586j),(-0.9283246960866183+0.21117505351750449j),(-0.013507432812118289-0.02983406206243321j),(-0.8930604670393554+0.24627750186172442j),(-0.06949153872349847-0.12691646657152728j),(-0.038557873502495-0.07443266875520113j),(-0.01763211452363168-0.017551224172107815j),(-0.017632114523632794-0.01755122417211174j),(-0.044441098033121976-0.08231785987875925j)
3423423423.4234233,(0.0036611377345606155+0.0016642997856031738j),(-0.003539822809137113-0.0046994527790886545j),(-0.9138953172060706+0.2655462112258241j),(-0.017379578343762307-0.03695490501173489j),(-0.8696544553207575+0.30409613426922066j),(-0.08836510403115506-0.15429134189995514j),(-0.04933251837832107-0.09092367067675598j),(-0.022120430942656432-0.01927496152169691j),(-0.02212043094265758-0.01927496152169946j),(-0.05641216399659608-0.10032257623493407j)
3432432432.4324327,(0.004060470729861432+0.0015964233719305276j),(-0.004227270534271067-0.005355641874492438j),(-0.8962420787320273+0.31889582996914223j),(-0.022060957007599132-0.0435637591396262j),(-0.8419982959791508+0.3588637335345165j),(-0.11045448749871525-0.17860766285224117j),(-0.06203045171888586-0.10573006912144062j),(-0.027121891376437914-0.01998395178268577j),(-0.02712189137643941-0.01998395178268805j),(-0.07048499278742926-0.11644135287042633j)
3441441441.4414415,(0.0044732218716371785+0.0014427276786024013j),(-0.0049849327063525815-0.005901510134312782j),(-0.8754458604600748+0.37102648309234565j),(-0.02748362489214282-0.049568996264441306j),(-0.8106252018105704+0.41022329928651236j),(-0.13520651473067274-0.19950805214818973j),(-0.07636013710505474-0.11863701407200189j),(-0.032410329324751526-0.019598408097081542j),(-0.03241032932475214-0.019598408097085396j),(-0.08633000251776156-0.1304400343406286j)
3450450450.4504504,(0.004881384548442891+0.0012018408132587755j),(-0.005793239924375991-0.0063313952129897405j),(-0.8516005346986056+0.4217487588807549j),(-0.033569336994968245-0.05488816968411074j),(-0.7760919560393654+0.45792817818522635j),(-0.16204054397640505-0.21674692063587808j),(-0.09201170056131033-0.12948614994700433j),(-0.03775428932961995-0.018089709652234682j),(-0.03775428932962002-0.018089709652236843j),(-0.10359818041006325-0.14214894037298417j)
3459459459.4594593,(0.005267561989043157+0.0008761404268402551j),(-0.0066329603161375955-0.006643401426062762j),(-0.8248119150601132+0.47088222358828324j),(-0.040230836515948915-0.05944914738959767j),(-0.7389545998015219+0.5018377471608397j),(-0.19037268731232487-0.23018645589230427j),(-0.10866880159799973-0.13817440021488858j),(-0.04292865762929602-0.015477761786279291j),(-0.042928657629294306-0.01547776178627757j),(-0.12193472223027446-0.1514612030670131j)
3468468468.4684687,(0.005615718320191698+0.0004713340169241742j),(-0.007485935756312234-0.006838987234010267j),(-0.795196627343006+0.5182562146618814j),(-0.04737325977144938-0.06319105301393022j),(-0.6997476795046064+0.5419079158021838j),(-0.21963646131169917-0.2397874626396509j),(-0.12601892478526217-0.14465027059278016j),(-0.0477244739192-0.011825850570151283j),(-0.047724473919199664-0.011825850570150988j),(-0.14099079629788655-0.15832824506080073j)
3477477477.4774776,(0.005911752451199348-4.088309062344475e-06j),(-0.008335639110586164-0.006922427772412462j),(-0.7628809326539698+0.5637104596249094j),(-0.054895626028422566-0.06606500595074194j),(-0.6589679246153445+0.5781780573171564j),(-0.2492989989150975-0.24559667052677553j),(-0.14376167336117318-0.1489084104663464j),(-0.05195650401931191-0.007233798846122607j),(-0.0519565040193147-0.007233798846123456j),(-0.16043295158234644-0.16275326601117146j)
3486486486.4864864,(0.006143886888913486-0.0005394662534394801j),(-0.009167544762654307-0.006900215217392702j),(-0.7279995321441053+0.6070955214421051j),(-0.06269238208746869-0.06803465715826018j),(-0.6170626274215358+0.6107559687763414j),(-0.2788725539092299-0.24773211668390444j),(-0.16161492323569365-0.1509831717036894j),(-0.05546845236128282-0.0018302236671167405j),(-0.0554684523612861-0.001830223667120115j),(-0.17995001276100495-0.16478360213847518j)
3495495495.4954953,(0.006302882157174949-0.0011225926722420176j),(-0.009969323298409875-0.006780451711867225j),(-0.6906943811132236+0.6482730760574582j),(-0.07065497274623567-0.0690765217417117j),(-0.5744225118097737+0.6398022691555068j),(-0.30792151479866403-0.24636801889670618j),(-0.1793189204740399-0.1509418186073416j),(-0.0581359346517249+0.0042354034509758266j),(-0.058135934651725354+0.004235403450975825j),(-0.19925756707085931-0.1645027220310768j)
3504504504.5045047,(0.006382100102942212-0.0017403056626712488j),(-0.010730883888929385-0.006572277538217215j),(-0.6511135379255284+0.6871160321016404j),(-0.07867341018856287-0.06918011341445882j),(-0.531378543944927+0.6655153449216876j),(-0.33606548010381326-0.24172025716156492j),(-0.19663856125725865-0.14887790774979495j),(-0.0598674969903006+0.010800343589976464j),(-0.05986749699030064+0.010800343589975822j),(-0.21810032903511722-0.16202246282622912j)
3513513513.5135136,(0.006377446065914616-0.0023790205202210424j),(-0.011444294681472733-0.006285363954301952j),(-0.6094100703127409+0.7235085064546376j),(-0.08663781772745394-0.06834788933691582j),(-0.4882019544912183+0.6881176182923949j),(-0.3629791317304929-0.23403324749108628j),(-0.21336418004750027-0.14490520445969896j),(-0.060604057910760664+0.01769544408112156j),(-0.0606040579107617+0.017695444081121073j),(-0.23625276941044693-0.15747593236830293j)
3522522522.5225224,(0.006287221614529492-0.0030251851728261836j),(-0.012103613323808493-0.005929487666562219j),(-0.5657410383373613+0.75734567238818j),(-0.09443992605214502-0.06659501660069579j),(-0.44510668667511555+0.7078435963011858j),(-0.3883897000913491-0.22356867557317417j),(-0.2293111997479387-0.13915235842037277j),(-0.060317175831123074+0.024751038043497056j),(-0.060317175831122984+0.024751038043497833j),(-0.2535184263955559-0.1510113337534963j)
3531531531.5315313,(0.006111917671185241-0.0036656531103282375j),(-0.012704657976311998-0.005514193537123208j),(-0.5202665696684339+0.7885334993733444j),(-0.10197450306660667-0.06394897375417308j),(-0.4022535229094853+0.7249298922028007j),(-0.41207277833332195-0.21059629198647326j),(-0.24431898272365266-0.1317584393332j),(-0.059006523379474936+0.031801803585271696j),(-0.05900652337947372+0.03180180358527197j),(-0.2697282986762756-0.14278682640744678j)
3540540540.5405407,(0.005853973752671104-0.0042879756529145j),(-0.013244745201443933-0.005048544325180364j),(-0.4731490390000815+0.8169884053111001j),(-0.1091407014374735-0.06044900226183945j),(-0.35975523949104043+0.7396072086889478j),(-0.4338471488002581-0.1953867692221825j),(-0.25824917991742286-0.12286934141683067j),(-0.05669689975452195+0.038690598311075255j),(-0.05669689975451921+0.03869059831107678j),(-0.28473867032030836-0.13296643006719255j)
3549549549.5495496,(0.005517523924542772-0.004880620655758616j),(-0.013722416151022418-0.004540951027229161j),(-0.42455235953629245+0.8426368429292495j),(-0.11584331097493143-0.056145423679116305j),(-0.31768226365140984+0.7520941351758894j),(-0.4535691632206619-0.17820648399090688j),(-0.2709838209467745-0.11263500280778257j),(-0.05343504794244177+0.0452713538766795j),(-0.053435047942440875+0.0452713538766802j),(-0.2984286532488185-0.12171690486224186j)
3558558558.5585585,(0.005108144786902358-0.005433127766865997j),(-0.014137167377953286-0.003999074363162616j),(-0.3746413905844297+0.8654148424117387j),(-0.12199390583972719-0.051098838653896944j),(-0.2760684373349393+0.7625925309379696j),(-0.47112709180307816-0.15931400795947756j),(-0.2824233314434484-0.10120734894352473j),(-0.049286476624743863+0.05141115573688475j),(-0.04928647662474657+0.05141115573688476j),(-0.31069766619935696-0.10920549766984981j)
3567567567.5675673,(0.0046326159354299346-0.0059362116206554405j),(-0.014489197946209842-0.0034297866690064134j),(-0.32358146154839296+0.8852675320249028j),(-0.12751187920485507-0.04537922370390299j),(-0.23491661284561183+0.7712842301240463j),(-0.48643574019396196-0.1389580540404135j),(-0.29248461175319873-0.08873885220315188j),(-0.04433242435139063+0.056991650950428525j),(-0.04433242435139104+0.05699165095042891j),(-0.3214630076456178-0.09559842554116588j)
3576576576.5765767,(0.0040986991728126365-0.006381824356889332j),(-0.014779180601172795-0.0028391833967479664j),(-0.2715380090783798+0.9021486576364641j),(-0.1323253603221367-0.03906494115079023j),(-0.19420390910878654+0.7783288011739617j),(-0.49943153504582805-0.11737662090553505j),(-0.30109926708281004-0.07538159763141437j),(-0.03866704998479765+0.061909928231251146j),(-0.03866704998479564+0.061909928231251035j),(-0.33065762828515477-0.08105996442491081j)
3585585585.5855856,(0.0035149393827663272-0.006763188041639112j),(-0.015008061695448535-0.0022326341375190767j),(-0.21867632089080558+0.9160201206539755j),(-0.1363720108951263-0.03224167671674792j),(-0.1538865409389878+0.7838621107054141j),(-0.5100682016371839-0.09479709409846448j),(-0.308212044570708-0.061286751270086245j),(-0.032394889975911646+0.06607900497428061j),(-0.032394889975905554+0.06607900497427897j),(-0.3382281679616026-0.06575201954512425j)
3594594594.5945945,(0.002890487396489644-0.007074806280082835j),(-0.015176892318921442-0.0016148642145034139j),(-0.1651613768742437+0.9268515521129758j),(-0.1395996992073827-0.025001318212591418j),(-0.11390419789258382+0.7879954717036419j),(-0.5183131001415199-0.07143708875931401j),(-0.31377950735552934-0.04660433927144953j),(-0.025628589490829218+0.06942804020466672j),(-0.025628589490830737+0.06942804020466777j),(-0.3441332919933734-0.04983406770045602j)
3603603603.603604,(0.002234943285461005-0.007312462800719954j),(-0.01528669156056503-0.0009900591675017223j),(-0.11115777558193088+0.9346199384965473j),(-0.14196705159346218-0.017440787574923435j),(-0.07418399634114235+0.7908151914054572j),(-0.524144248444919-0.04750584968357593j),(-0.31776895845862746-0.031483259461747404j),(-0.01848688962039676+0.07190237354554503j),(-0.018486889620392057+0.07190237354554396j),(-0.3483423415797537-0.03346337779675397j)
3612612612.6126127,(0.00155821718081494-0.007473213219356678j),(-0.015338341904920144-0.00036198568652193j),(-0.05682973210187658+0.9393093124384401j),(-0.14344388158454344-0.009660837345090054j),(-0.034644061411309185+0.7923823714335182j),(-0.527548035704092-0.023206054456551842j),(-0.32015761673939713-0.01607146021429936j),(-0.011092835345282801+0.07346347050246084j),(-0.011092835345284529+0.07346347050246183j),(-0.35083430054923825-0.01679543158734449j)
3621621621.6216216,(0.00087040382853755-0.007555374651815661j),(-0.01533251630668199+0.00026587637419136763j),(-0.0023411316028601583+0.9409105188177004j),(-0.14401149745036523-0.001764821616623986j),(0.0048031824736385915+0.7927328491217167j),(-0.5285176187889001+0.0012641083447192886j),(-0.32093204181294993-0.0005162330101443067j),(-0.0035721570382481536+0.07408883484799143j),(-0.0035721570382507553+0.07408883484799268j),(-0.3515970744263155+1.5519738238783416e-05j)
3630630630.6306305,(0.0001816665282843681-0.00755851637632976j),(-0.015269636362940625+0.0008901954281254889j),(0.05214437842008776+0.9394210639525574j),(-0.14366288895038576+0.006142549411662629j),(0.044247919804809854+0.7918772035534326j),(-0.5270519902201662+0.025708693262116653j),(-0.3200878032223344+0.015035425908763127j),(0.003948229307641148+0.07377193019956184j),(0.003948229307636846+0.07377193019956338j),(-0.3506270759482176+0.016815816765017155j)
3639639639.63964,(-0.0004978742052592078-0.007483453353324454j),(-0.015149861104810397+0.001507646992175829j),(0.10646327503494075+0.9348450526964995j),(-0.14240279397051406+0.01395646279082266j),(0.08377995043292366+0.789800782536769j),(-0.5231557083685806+0.04993167777690645j),(-0.31762939006473784+0.030436423291689375j),(0.01134166230100687+0.07252213507986591j),(0.011341662301010635+0.07252213507986535j),(-0.34792911227435697+0.03345171727604043j)
3648648648.6486487,(-0.001158252035771773-0.007332243071186018j),(-0.01497310615420773+0.00211477360572602j),(0.1604520441756534+0.927193215274712j),(-0.14024764543734441+0.021573255968966885j),(0.12348569046310012+0.786463738098494j),(-0.5168392860106642+0.07373465440015411j),(-0.3135703595697974+0.045539181578835526j),(0.018483176856275072+0.07036473858810988j),(0.018483176856278937+0.07036473858810789j),(-0.34351657187821083+0.049768728790287535j)
3657657657.6576576,(-0.0017897709784169546-0.00710818487016085j),(-0.014739093246386989+0.002707849532267659j),(0.21394708067450732+0.916483022715182j),(-0.13722539855881277+0.028891661679726593j),(0.16344506446421234+0.7818010889506022j),(-0.5081202395456501+0.09691462207981416j),(-0.3079337258058459+0.060195292347503794j),(0.025251008105145478+0.0673409668822907j),(0.025251008105149735+0.06734096688228877j),(-0.33741191229861667+0.06561099141203908j)
3666666666.6666665,(-0.0023831308559224273-0.006815819566406811j),(-0.014447430313051582+0.003282754254472754j),(0.26678462196808805+0.9027388867639321j),(-0.13337523812608038+0.035814036279317486j),(0.203728190478857+0.7757228597171308j),(-0.49702480603586824+0.11926197173148173j),(-0.3007525917679212+0.07425524975092558j),(0.031528215744617547+0.06350801352339931j),(0.03152821574461332+0.06350801352340256j),(-0.32964745239402815+0.08082075825987127j)
3675675675.675676,(-0.002929566114463905-0.006460925827154129j),(-0.01409772236458283+0.0038348593659640745j),(0.3188007326419021+0.8859924372671795j),(-0.12874716541571501+0.042247562707815184j),(0.24439176871211332+0.7681143793114411j),(-0.483590336437577+0.14055877544821085j),(-0.2920710285620645+0.08756830971205083j),(0.03720448196489182+0.058939028977870817j),(0.03720448196489735+0.05893902897786743j),(-0.3202664732912265+0.09523802844397769j)
3684684684.6846848,(-0.003421001391719858-0.006050508320058434j),(-0.013689713198833331+0.004358934304554748j),(0.369831355791051+0.8662828671966871j),(-0.12340146423604881+0.048105418466245206j),(0.285475100464972+0.7588368551517299j),(-0.46786836841814117+0.16057751004872978j),(-0.2819452031282605+0.09998252995293123j),(0.04217812766304103+0.05372300602247753j),(0.04217812766303828+0.053723006022480785j),(-0.30932462952592904+0.10870039856204455j)
3693693693.6936936,(-0.003850226195264539-0.005592771191039181j),(-0.013223457391900784+0.004849077414930715j),(0.4197124455747474+0.8436573328369167j),(-0.11740804593902895+0.053307898019546655j),(0.3269956880568591+0.74772837565635j),(-0.4499283681921253+0.17908037188483017j),(-0.2704447496736779+0.111345057537259j),(0.04635837875894269+0.04796447859028434j),(0.04635837875894535+0.04796447859028208j),(-0.29689166445747733+0.12104321236711613j)
3702702702.7027025,(-0.004211089567624449-0.005097068964935003j),(-0.012699520968155423+0.005298679984044159j),(0.4682801933386543+0.818171394195388j),(-0.11084567383164658+0.057783477930962675j),(0.36894440189854866+0.734605529417224j),(-0.42986210475914155+0.19581936917583276j),(-0.2576543683272374+0.1215027435693524j),(0.04966789572005421+0.04178293238908097j),(0.0496678957200517+0.041782932389084676j),(-0.2830534102635523+0.13210010353743978j)
3711711711.711712,(-0.004498713564138279-0.004573825623296224j),(-0.012119207484487096+0.005700432027136645j),(0.5153713572730461+0.7898894785054021j),(-0.10380106840797589+0.06146981188918793j),(0.4112802505616796+0.7192658629472549j),(-0.40778857858822226+0.21053740721630015j),(-0.2436756160136118+0.13030317752560727j),(0.05204555335568329+0.03531180777907355j),(0.05204555335568393+0.03531180777907349j),(-0.2679140309825842+0.14170404157988425j)
3720720720.720721,(-0.004709721650182186-0.00403441157069373j),(-0.011484803885289954+0.0060463795118979105j),(0.5608237027941128+0.7588853478254485j),(-0.09636789621254395+0.06431464170615972j),(0.45392485650429226+0.7014914254255317j),(-0.3838593672702379+0.22297060555595094j),(-0.22862882785610017+0.13759624411915558j),(0.05344942314491171+0.028696961199956694j),(0.0534494231449091+0.028696961199961193j),(-0.2515984356266831+0.14968900314295294j)
3729729729.7297297,(-0.004842474665474383-0.003490967720402194j),(-0.010799837325545625+0.0063280431114442134j),(0.6044765577044292+0.7252425502762447j),(-0.0886456469341578+0.06627660943976324j),(0.49675682596307236+0.6810536617126375j),(-0.3582641710649799+0.2328520975196886j),(-0.21265507167402373+0.1432363103682829j),(0.05385986587067758+0.02209444428180515j),(0.0538598658706793+0.02209444428180242j),(-0.23425474632511334+0.15589239659116985j)
3738738738.7387385,(-0.004897302822574667-0.0029561663651199166j),(-0.010069330236121318+0.006536608105425973j),(0.6461714827604808+0.6890548334612934j),(-0.08073840549818613+0.06732595513882461j),(0.5396063062747956+0.6577199050032505j),(-0.3312362418227344+0.23991755181261426j),(-0.19591799342433844+0.14708514537029202j),(0.05328258824284338+0.015667464229020267j),(0.05328258824284318+0.015667464229023542j),(-0.21605665389658+0.1601583615811488j)
3747747747.747748,(-0.004876717457114599-0.0024429002780688713j),(-0.00930003637641956+0.0066631932613503975j),(0.6857530546081401+0.6504264981591752j),(-0.07275352842583953+0.0674450844139487j),(0.5822501438601119+0.6312616767010393j),(-0.30305726323455573+0.24391261204799516j),(-0.17860535945377895+0.14901565496962263j),(0.05175145537401313+0.009582410729068746j),(0.05175145537401514+0.00958241072906646j),(-0.1972054322066157+0.1623420414923221j)
3756756756.756757,(-0.004785581288835217-0.0019638950777141617j),(-0.008500635847012383+0.006699202953558636j),(0.7230697542235566+0.6094726705105717j),(-0.06480023649587281+0.06662899019917937j),(0.6244081823706146+0.601464911316195j),(-0.27406112779164604+0.24460236052991746j),(-0.16093004629674768+0.1489164724109926j),(0.04933078592646963+0.004003879597191479j),(0.04933078592647268+0.004003879597186143j),(-0.1779313179907731+0.1623148783181026j)
3765765765.7657657,(-0.004631211408358149-0.0015312456976911415j),(-0.007681862646841654+0.006636760995694602j),(0.75797495010374+0.5663194717015785j),(-0.05698813868859793+0.06488551375729967j),(0.665741357275232+0.5681420774268223j),(-0.2446359421002678+0.24178276638902765j),(-0.14313017774759138+0.14669737907746974j),(0.04611679641425336-0.0009113028626209078j),(0.04611679641425358-0.0009113028626237252j),(-0.15849390304127686+0.15997090106885584j)
3774774774.7747746,(-0.004423385994587303-0.001155886060871636j),(-0.006856535279911126+0.006469216441867494j),(0.7903279615965775+0.5211040655928496j),(-0.04942570541765504+0.06223543126156531j),(0.7058523268967187+0.5311459556104421j),(-0.2152235109557066+0.23529386871602526j),(-0.12546807290676942+0.14229543354692728j),(0.04223781734992954-0.005020945008796677j),(0.042237817349929145-0.005020945008795144j),(-0.1391811434665932+0.15523386643066217j)
3783783783.783784,(-0.0041742250794075675-0.000847011625431715j),(-0.006039460334599352+0.006191701081210768j),(0.819995184045661+0.4739745668890272j),(-0.04221871204481594+0.0587123541927788j),(0.7442893999658896+0.49038456357186816j),(-0.1863155325434523+0.2250341753998974j),(-0.10822766195953347+0.13568156371512474j),(0.03785289203988732-0.008204998341423502j),(0.03785289203988574-0.008204998341416081j),(-0.12030658262873982+0.14806496587754822j)
3792792792.792793,(-0.0038979188273581267-0.0006114866603693647j),(-0.005247182198388788+0.005801706205973638j),(0.8468512539741331+0.4250897952826199j),(-0.03546867651157039+0.05436243435723306j),(0.7805544417443778+0.4458364046571323j),(-0.15844581678968395+0.21097544510986826j),(-0.09171006445223996+0.12686723352758483j),(0.03314840611487527-0.010373304687247722j),(0.03314840611487985-0.010373304687264374j),(-0.10220442884901701+0.13847064593951502j)
3801801801.8018017,(-0.0036102849799291015-0.0004532805009047902j),(-0.004497560323074801+0.005299633879349265j),(0.8707802294622685+0.3746188645420975j),(-0.029271317474108813+0.04924386756339635j),(0.8141152332261321+0.3975648943594938j),(-0.13217804773601508+0.1931766990170414j),(-0.07622712228198901+0.11591064941087365j),(0.0283324981180659-0.011473014908693882j),(0.02833249811807094-0.011473014908702638j),(-0.08522224292813477+0.12650991716956425j)
3810810810.810811,(-0.00332815099045225-0.0003729874769368702j),(-0.003809169390619635+0.004689267532763337j),(0.891676758326789+0.32274059971995867j),(-0.023715061453120655+0.04342619389596359j),(0.8444224025220045+0.3457305457461773j),(-0.10808896727033807+0.17179603587984818j),(-0.062092844971110034+0.10292184735514284j),(0.023627177902392292-0.011494973013109483j),(0.023627177902392806-0.011494973013108926j),(-0.0697111837523487+0.11230038242066892j)
3819819819.81982,(-0.0030685756314505763-0.0003674909699505069j),(-0.003200537029459008+0.003978100990886552j),(0.9094472048388195+0.269642780502668j),(-0.018879629038556694+0.03698939705884815j),(0.8709305510564854+0.290599339423118j),(-0.086747354854359+0.14709866944220884j),(-0.04961295491699875+0.08806593225964209j),(0.01925832689116702-0.010478279460225033j),(0.019258326891166896-0.010478279460225094j),(-0.056014028975914384+0.09602213424141569j)
3828828828.828829,(-0.0028479477883385784-0.00042983035392582525j),(-0.0026892567006937297+0.0031774667643596106j),(0.9240107047057193+0.215521214122732j),(-0.014834730936961516+0.030022810371618466j),(0.8931226021426775+0.23254573989077268j),(-0.06868977361308784+0.1194596439085498j),(-0.039072995574331075+0.07156376037572447j),(0.015444051281521128-0.008512262884020228j),(0.015444051281521525-0.008512262884020084j),(-0.04445150897572169+0.07791869390444296j)
3837837837.8378377,(-0.0026810235466481203-0.0005493182843557681j),(-0.0022910367939491787+0.0023024157684307725j),(0.9353001180815839+0.1605786470849508j),(-0.011638904406004508+0.022623842558855405j),(0.9105357880294419+0.172049104405316j),(-0.05439466514396042+0.08935996801686004j),(-0.03072574798103295+0.053689489519427015j),(0.012382165026071127-0.005735228660182543j),(0.012382165026070185-0.005735228660182683j),(-0.03530782156893172+0.05829432105628846j)
3846846846.846847,(-0.002579982103005307-0.0007119343636856484j),(-0.002018766417528425+0.0013713220897785j),(0.9432628516572856+0.10502353099978325j),(-0.009338519188751783+0.014896542272323331j),(0.922787178008434+0.1096827796344618j),(-0.04425688932074153+0.05737545783335591j),(-0.024778937837217935+0.03476467796306089j),(0.010237836824425693-0.002329624317339178j),(0.01023783682442621-0.0023296243173393126j),(-0.02881647067227853+0.03750732214261801j)
3855855855.855856,(-0.002553591692253998-0.0009009913267686472j),(-0.0018816890459248357+0.00040521633080468824j),(0.9478615235600788+0.04906866376453174j),(-0.007966979280556688+0.006950026023491527j),(0.929596359677602+0.04609595404907316j),(-0.03856509618328755+0.024158351393287508j),(-0.021384348685997513+0.01514897237758457j),(0.009132581941238666+0.0014863548577294043j),(0.009132581941239108+0.0014863548577292573j),(-0.025147726777853305+0.015959405039194127j)
3864864864.864865,(-0.002606574736462308-0.0010980357049771897j),(-0.0018847732135527616-0.0005731147364384441j),(0.9490744489192401-0.007070267207299386j),(-0.007544142671364032-0.0011032005085504517j),(0.9308029209738322-0.018010775239307556j),(-0.037484281748024983-0.009587350643696858j),(-0.020629438996141846-0.004772160839685293j),(0.00913576397270382+0.00547025401600412j),(0.00913576397270437+0.005470254016004045j),(-0.024398985423247175-0.005918390312562028j)
3873873873.8738737,(-0.002739245140784441-0.0012839124519908006j),(-0.0020283531722369453-0.001540191985423876j),(0.9468959294387287-0.06317620847669911j),(-0.00807597568717955-0.009148993429094756j),(0.9263767880984648-0.08191430846392332j),(-0.04104547227623814-0.043135009932938784j),(-0.02253237080947192-0.02460180969559294j),(0.010259570670131737+0.00936904999361215j),(0.010259570670131224+0.009369049993612145j),(-0.02658907715394541-0.027682193666440626j)
3882882882.882883,(-0.00294746158176018-0.001439898768729464j),(-0.0023080833581571713-0.0024729767437407374j),(0.9413363369001552-0.119032296373552j),(-0.009554451956940142-0.01707335638025491j),(0.9164202188652719-0.14489996191058166j),(-0.04914373731337517-0.07576648509018673j),(-0.02704101127700067-0.04394694399147962j),(0.012458059017441554+0.012933832768514671j),(0.012458059017441441+0.01293383276851501j),(-0.031657177993316084-0.048892897478961805j)
3891891891.891892,(-0.003222903409469513-0.0015488016191287368j),(-0.002715213296211943-0.003349967369339773j),(0.9324219877820832-0.17442340915999383j),(-0.011957698765339095-0.024764222161786014j),(0.9011612146406605-0.20629163784154078j),(-0.061544768338342104-0.10680251869163909j),(-0.034036020255628734-0.06243340305737278j),(0.01563038657071117+0.015934114340773537j),(0.01563038657071122+0.015934114340773683j),(-0.03946644684804903-0.06913333779605306j)
3900900900.900901,(-0.0035536372158553875-0.0015959186335310765j),(-0.00323715100698186-0.004152159573890805j),(0.9201948136019982-0.22913767992341605j),(-0.015250386132136251-0.03211319158608707j),(0.8809391220257874-0.2654785962073083j),(-0.07789925204502914-0.1356297313696093j),(-0.04333766808160068-0.07971930190395722j),(0.019627845788105048+0.018170458141946202j),(0.01962784578810483+0.018170458141946438j),(-0.049811970095563075-0.08802362105173958j)
3909909909.9099097,(-0.003924909384461883-0.0015697821166222592j),(-0.0038582502513793-0.004863790497749567j),(0.9047118386242896-0.28296793661745745j),(-0.01938434691736604-0.039017192948835405j),(0.8561840609632165-0.3219366790973025j),(-0.09776340191971895-0.16172207820904932j),(-0.05471562416716351-0.09550584508119299j),(0.02426388883053665+0.01948437123992263j),(0.024263888830536488+0.019484371239922586j),(-0.062432124669920264-0.10523342607669219j)
3918918918.918919,(-0.004320078678951456-0.0014626363373489437j),(-0.004560735698610721-0.005472817010553188j),(0.8860444827609306-0.33571303924839035j),(-0.024299410051788747-0.04538002899107013j),(0.8273923899804353-0.375242617513937j),(-0.12062343794781998-0.18465540144027748j),(-0.06790068830119374-0.10954489820512077j),(0.02932604639024795+0.019764789132773113j),(0.029326046390247554+0.019764789132773006j),(-0.07702215969841947-0.1204905322262249j)
3927927927.927928,(-0.00472159589791854-0.0012706328832390312j),(-0.005325673084274375-0.005971113330279859j),(0.8642777124889949-0.3871790889360027j),(-0.02992442395667371-0.05111378283377803j),(0.79510062668622-0.4250809454354188j),(-0.14592159711947525-0.20411460903223436j),(-0.08259733745379964-0.1216430826027241j),(0.03458854290138797+0.018950928249710678j),(0.03458854290138724+0.018950928249705398j),(-0.09324868362234863-0.13358530926328868j)
3936936936.936937,(-0.0051119442817644245-0.0009937611717297234j),(-0.006133898098055368-0.006354405381992938j),(0.8395090662555276-0.43718048904101037j),(-0.036178443503866065-0.05614005966304115j),(0.7598600924158964-0.4712438910094213j),(-0.17308140692057283-0.21989385396789712j),(-0.09849602711416593-0.1316625514334818j),(0.03982448691981322+0.017031700984199413j),(0.03982448691981789+0.017031700984211362j),(-0.1107638233102714-0.14437136219745722j)
3945945945.9459457,(-0.005474471476487719-0.0006355562236860235j),(-0.006966834878218808-0.006621984350725009j),(0.811847583120478-0.48554084434485223j),(-0.0429720514822933-0.06039104653633084j),(0.7222141245513328-0.5136252774342134j),(-0.20153037973939164-0.2318907520713204j),(-0.11528438073262269-0.13951891495309726j),(0.044816729284573587+0.014042216544683631j),(0.04481672928457383+0.014042216544676425j),(-0.1292180504890639-0.1527628836545535j)
3954954954.954955,(-0.005794066764787942-0.00020264086113769286j),(-0.007807157921358242-0.006776256970081829j),(0.7814126643982875-0.5320936900629376j),(-0.05020878437616907-0.0638103782417703j),(0.6826791178808629-0.552209874906961j),(-0.23071886875227396-0.2400960855245919j),(-0.13265666864286277-0.14517697491309842j),(0.049366773258712186+0.010058092422012208j),(0.049366773258712214+0.010058092422011541j),(-0.14827098448558002-0.1587294888532637j)
3963963963.963964,(-0.006057661213305088+0.0002958356129834083j),(-0.008639275184416574-0.006822195007092698j),(0.7483328979509749-0.576683048026784j),(-0.05778663216056267-0.06635380243449462j),(0.6417300403929663-0.5870597913923505j),(-0.260134442420541-0.24458058610014252j),(-0.1503212621061358-0.14864499926022587j),(0.05330142877900387+0.005188371682782807j),(0.053301428779004595+0.005188371682784118j),(-0.16759981247496442-0.1622893892744143j)
3972972972.972973,(-0.00625454956514454+0.0008488037982192775j),(-0.009449631378579189-0.006766742841082876j),(0.7127448737327511-0.6191638125175636j),(-0.06559958260380488-0.06798964214507823j),(0.5997905181979437-0.6182994147721562j),(-0.289311686185792-0.24548031752598748j),(-0.1680060030162205-0.14996823699445236j),(0.05647717776740228-0.0004321988727059377j),(0.05647717776740377-0.00043219887270092017j),(-0.18690526577337582-0.16350172267661386j)
3981981981.9819818,(-0.006376548834315099+0.0014438765804339337j),(-0.01022684663248978-0.006618232673249846j),(0.6747920173456121-0.6594019728762581j),(-0.07353918206052244-0.06869905810247515j),(0.5572271599930174-0.6461001904494938j),(-0.31783776517708906-0.24298194855068295j),(-0.18546162698631735-0.14922227065333216j),(0.05878242867629515-0.006650891213385429j),(0.0587824286762991-0.006650891213378057j),(-0.2059153202512952-0.16245873599982522j)
3990990990.990991,(-0.006418018837274997+0.002067910765356673j),(-0.010961716043636563-0.006385844629426103j),(0.6346234658846498-0.6972746840797079j),(-0.08149608679490673-0.06847611708790216j),(0.5143475160267872-0.6706662105466099j),(-0.3453543583898703-0.23730890102536845j),(-0.20246350654874967-0.14650666442720645j),(0.06013797492893416-0.013304236766545807j),(0.0601379749289286-0.01330423676655279j),(-0.224386938636029-0.15927835368606183j)
4000000000.0,(-0.0063757747015923405+0.0027075039893603714j),(-0.011647100521983117-0.006079136280092115j),(0.5923930073560931-0.7326701999151369j),(-0.08936158135242481-0.06732767569872873j),(0.47140093170059355-0.6922212670187401j),(-0.3715567110904513-0.22870903421067973j),(-0.21881204569945617-0.14193921867461318j),(0.06049603782774756-0.0202244664481999j),(0.060496037827751564-0.02022446644819524j),(-0.24210624674341696-0.15409749123479974j)
4009009009.009009,(-0.006248921809740127+0.0033494144502289602j),(-0.012277739840705973-0.005707654617516336j),(0.5482581015622607-0.7654876861727796j),(-0.09702904327348695-0.06527309143492743j),(0.42858153492350404-0.7109977264930231j),(-0.39619057504703586-0.21744423270155988j),(-0.23433206931955677-0.13565100745073003j),(0.059838283319376497-0.027244979839880886j),(0.05983828331938086-0.027244979839876338j),(-0.2588875490009646-0.1470663166857594j)
4018018018.0180182,(-0.006038641008317747+0.003980900304946966j),(-0.012850016301416314-0.005280634262793384j),(0.5023789966807767-0.7956369333865612j),(-0.10439533639059252-0.06234377492033127j),(0.38603265495139727-0.7272273449301869j),(-0.4190477498196612-0.2037820262947342j),(-0.24887152680370928-0.12778226634473813j),(0.05817317086469116-0.034204794228185946j),(0.05817317086468838-0.03420479422818838j),(-0.2745715594065461-0.13834353487032497j)
4027027027.027027,(-0.005747947538810277+0.004589982349230193j),(-0.013361693182522394-0.004806778925703387j),(0.4549179519397819-0.8230379900768305j),(-0.11136211795234499-0.058582598351579j),(0.343852075624718-0.7411339641800976j),(-0.4399608359030032-0.1879891946209804j),(-0.2622997837451523-0.11847911756057745j),(0.055532938157531395-0.04095201294836756j),(0.05553293815753291-0.04095201294836666j),(-0.2890231701101953-0.12809267541198344j)
4036036036.036036,(-0.005381442068048553+0.005165637966062786j),(-0.013811647230765264-0.00429411878293336j),(0.40603857291650947-0.8476207382005301j),(-0.11783704775511601-0.05404317595907268j),(0.30209765054616056-0.7529279174021106j),(-0.45879768921910496-0.17032719457055373j),(-0.2745057212563437-0.10789106648187739j),(0.05197046118517698-0.04734641039920738j),(0.05197046118517136-0.04734641039921125j),(-0.3021290157178767-0.11647930404775016j)
4045045045.045045,(-0.0049450671662725765+0.00569793668205737j),(-0.01419960962200005-0.0037499340808548956j),(0.35590526217756324-0.8693244326170666j),(-0.1237348902334602-0.04878903242496395j),(0.26079293241510987-0.7628019067559297j),(-0.4754559457964031-0.15104918494618058j),(-0.285395808392932-0.09616917460471815j),(0.047556164881225126-0.053261262930569285j),(0.04755616488122832-0.05326126293056668j),(-0.31379502763693146-0.1036690427664264j)
4054054054.0540543,(-0.0044458780532529996+0.0061781284780277335j),(-0.014525925518781527-0.003180734426932872j),(0.30468278432588947-0.8880972258828901j),(-0.12897850296813673-0.042892674902655636j),(0.21993258149213857-0.7709280927745388j),(-0.4898578775028667-0.13039839823642047j),(-0.29489226471671964-0.0834648021426046j),(0.04237510141687618-0.058584566554174995j),(0.04237510141687453-0.058584566554175155j),(-0.3239441157542836-0.08982627099647258j)
4063063063.063063,(-0.0038918326263893133+0.006598695730468673j),(-0.01479133881509355-0.0025922834366759184j),(0.2525359411107651-0.9038956986503879j),(-0.133499707248443-0.03643458361459645j),(0.17948741310314975-0.7774561385884957j),(-0.5019457504266058-0.10860761187793178j),(-0.3029313900224301-0.06992881430958742j),(0.03652426400380869-0.06321978003094551j),(0.036524264003806615-0.06321978003094676j),(-0.3325140676526183-0.07511338118294214j)
4072072072.072072,(-0.0032916027595150527+0.006953378705158775j),(-0.014996805936064617-0.00198965923775651j),(0.19962934915639208-0.9166844144379586j),(-0.1372400381240354-0.029502135068723973j),(0.13940901962247837-0.7825119735534845j),(-0.5116777885732297-0.08589949043506294j),(-0.3094621074125674-0.05571115351413674j),(0.03011016476695754-0.06708622044223675j),(0.030110164766956136-0.06708622044223694j),(-0.33945571928469787-0.05969047198964877j)
4081081081.081081,(-0.0026544065629415525+0.0072371831923189744j),(-0.01514334060860191-0.0013773424831889577j),(0.1461273101175723-0.9264355156324358j),(-0.14015137277531614-0.022188470833841765j),(0.09963395962290784-0.7861970720069384j),(-0.5190247958900709-0.06248759755211306j),(-0.3144447437240925-0.0409606917097889j),(0.023246675247330952-0.0701192218127489j),(0.02324667524733373-0.07011922181274854j),(-0.34473142494129455-0.043715376676166665j)
4090090090.0900903,(-0.001989859627732418+0.007446377374722146j),(-0.01523189022928502-0.0007593247533562875j),(0.09219376071581092-0.9331283753524395j),(-0.1421964370272885-0.014591323657127873j),(0.06008754838893017-0.7885880783298052j),(-0.5239674566755929-0.03857790633054027j),(-0.3178500566221543-0.025825290240476993j),(0.016053106163442552-0.07227014851131672j),(0.01605310616343834-0.0722701485113179j),(-0.34831383708072694-0.02734393974719181j)
4099099099.099099,(-0.0013078421162968888+0.0075784834936722945j),(-0.015263243705905274-0.00013923137624000364j),(0.03799228815790938-0.9367493173146012j),(-0.14334919044850236-0.006811811587104459j),(0.020687312783856607-0.7897366457349082j),(-0.526494315036147-0.014370664860729698j),(-0.31965850903641935-0.01045200684767691j),(0.008652487687026875-0.07350633578984632j),(0.008652487687026263-0.0735063357898467j),(-0.35018499644822987-0.010730469600160162j)
4108108108.108108,(-0.0006183777970998876+0.007632268392967212j),(-0.015237970307517917+0.00047954633741624595j),(-0.016313805097396994-0.9372914131641004j),(-0.14359509076186563+0.001046790228626194j),(-0.018653807535682285-0.7896693913711781j),(-0.5266004250139444+0.009937502604442218j),(-0.3198597875803864+0.005012600079118309j),(0.0011700012191440386-0.07381101089646125j),(0.0011700012191410234-0.07381101089646215j),(-0.3503357281954237+0.005971692753951958j)
4117117117.117117,(6.847934726830762e-05+0.0076077356063497525j),(-0.015156389009588003+0.0010937137192881478j),(-0.07056140437939211-0.9347543639137336j),(-0.14293123830814314+0.00888029119890589j),(-0.05802441887625408-0.7883879037407138j),(-0.5242866613577553+0.03415136044424576j),(-0.3184525608233601+0.020422112102288156j),(-0.006268492751567506-0.07318323008650972j),(-0.0062684927515704635-0.07318323008650993j),(-0.348765338842538+0.02260953954086272j)
4126126126.1261263,(0.0007427555491224813+0.007506120303263308j),(-0.015018567955824347+0.0016999340497545375j),(-0.1245874715166756-0.9291444692298958j),(-0.1413664011182847+0.016584832072115623j),(-0.09751169233878304-0.7858687702037723j),(-0.5195596839740818+0.05807478282836745j),(-0.31544447459035785+0.035629873400487j),(-0.013537889588945218-0.07163784951306193j),(-0.013537889588947388-0.0716378495130624j),(-0.34548161050200865+0.039029741499995246j)
4135135135.135135,(0.0013946693906825985+0.007329887098573018j),(-0.014824353882838606+0.002294692197666412j),(-0.17822893738390355-0.9204746853525931j),(-0.13892092085187868+0.02405812878011765j),(-0.1371983409376632-0.782063623121549j),(-0.5124325544883979+0.0815085174893013j),(-0.31085238378730096+0.050488630937042624j),(-0.02051529822312221-0.06920553111552197j),(-0.02051529822311819-0.06920553111552182j),(-0.34050109155297537+0.05507801533237725j)
4144144144.144144,(0.00201475020446909+0.007082729431771684j),(-0.01457343157648594+0.00287416436687463j),(-0.2313226163439603-0.9087647694792462j),(-0.13562649953133074+0.03120070523262496j),(-0.17715945524399226-0.7768992338235722j),(-0.5029260088247642+0.10424808138616301j),(-0.3047028226015597+0.06485022894252038j),(-0.027081580549980683-0.06593276782783725j),(-0.027081580549987806-0.0659327678278372j),(-0.3338496857545351+0.0705985576762683j)
4153153153.153153,(0.0025939670098757694+0.006769567898212148j),(-0.01426541356153653+0.00343409812564199j),(-0.28370516013449276-0.8940415055170157j),(-0.13152586673509647+0.0379171066090737j),(-0.21745910403565785-0.7702777149561919j),(-0.49107039306060585+0.1260818876037436j),(-0.2970327163363144+0.07856539898076675j),(-0.03312302804941701-0.06188189528041178j),(-0.03312302804941797-0.061881895280412394j),(-0.325563543459388+0.08543359523205002j)
4162162162.1621623,(0.0031238717465636723+0.006396543546390743j),(-0.01389996017419469+0.003969707561562372j),(-0.3352130678326586-0.8763390032556014j),(-0.1266723267923872+0.04411708407841296j),(-0.2581466179473555-0.7620769245231092j),(-0.47690826868484815+0.14678971953638148j),(-0.2878903375644231+0.09148369424583476j),(-0.03853322494265162-0.0571310393662462j),(-0.038533224942651004-0.057131039366245195j),(-0.31569025791281285+0.09942310936895785j)
4171171171.171171,(0.0035967597705197085+0.0059710007375816665j),(-0.013476929830616435+0.004475589298398076j),(-0.38568276720891964-0.8556990602755126j),(-0.12112918562565056+0.04971674102943112j),(-0.29925249261357095-0.7521511992458667j),(-0.46049768519994133+0.16614169092847877j),(-0.27733650558217837+0.10345362668055712j),(-0.043215137297672526-0.05177393051482344j),(-0.04321513729767684-0.051773930514823846j),(-0.30429036524341324+0.1124048052773535j)
4180180180.18018,(0.004005849404369377+0.005501452724052225j),(-0.012996558568330652+0.004945666171271679j),(-0.43495078105122725-0.8321715733358114j),(-0.11496905728376233+0.054639629876884074j),(-0.3407838756336976-0.7403325801578038j),(-0.44191609989439434+0.1838978571983381j),(-0.2654460200207465+0.1143230773663395j),(-0.04708345270876323-0.045919496589004176j),(-0.04708345270876637-0.04591949658900288j),(-0.29143913715740993+0.12421440970888321j)
4189189189.189189,(0.004345480679037672+0.004997521710398689j),(-0.012459666686371954+0.005373166480295191j),(-0.48285398990935985-0.8058149836359157j),(-0.10827305095165977+0.05881778739820791j),(-0.38271964165292804-0.7264327278724266j),(-0.4212648934936205+0.19980867217306691j),(-0.25230930553626896+0.12394006330534191j),(-0.050067174128217116-0.03969112788174439j),(-0.05006717412821442-0.03969112788174446j),(-0.27722863890901167+0.13468639626593198j)
4198198198.1981983,(0.004611331156430254+0.004469843950134111j),(-0.011867888426103673+0.0057506477748248686j),(-0.5292300001891457-0.7766967382808343j),(-0.10112984034715011+0.06219269544181462j),(-0.42500511486293374-0.7102457554740853j),(-0.39867438323046434+0.21361651102057883j),(-0.23803422336270397+0.1321539554563717j),(-0.052112442663106606-0.03322549140337443j),(-0.05211244266310503-0.033225491403374524j),(-0.2617700002149109+0.14365525100602078j)
4207207207.207207,(0.004800643793976156+0.0039299296013023954j),(-0.011223918027130048+0.006070074834878897j),(-0.5739176236390467-0.7448937485664515j),(-0.09363461893881905+0.06471615282877408j),(-0.46754657075844397-0.6915522282686497j),(-0.37430916916467843+0.22505849907589198j),(-0.22274797602461774+0.13881725111745424j),(-0.05318552644029993-0.026670760148901393j),(-0.05318552644030313-0.026670760148900796j),(-0.2451958120788797+0.15095740078721206j)
4216216216.216216,(0.004912458164011146+0.003389966909851716j),(-0.010531762124683763+0.006322961606855845j),(-0.6167574710575507-0.7104928244094914j),(-0.08588794633212421+0.06635104344783968j),(-0.5102057402177793-0.670124584284027j),(-0.348373564188875+0.233870889606161j),(-0.20659899313581612+0.14378800492014454j),(-0.05327586541988614-0.020184120062732142j),(-0.053275865419886076-0.020184120062733096j),(-0.22766251738518284+0.1564339281338563j)
4225225225.2252254,(0.0049478320356113326+0.002862561181130263j),(-0.009796984390554202+0.0065005859314746575j),(-0.6575926595571058-0.6735910634466528j),(-0.07799449344495007+0.06707198502069758j),(-0.5527946475479595-0.6457342077880983j),(-0.3211167545236833+0.23979521139258447j),(-0.1897586395937617+0.14693301227516614j),(-0.052399006004572105-0.013928427829277902j),(-0.052399006004574575-0.013928427829277015j),(-0.20935260837487185+0.1599341841381157j)
4234234234.2342343,(0.004910035586068173+0.002360401370481491j),(-0.009026923784294254+0.006594283529174544j),(-0.696269629021937-0.6342961730793721j),(-0.07006169667401466+0.06686584288510732j),(-0.5950712346381892-0.6181603288860331j),(-0.2928372211348096+0.24258634778604182j),(-0.1724225351201168+0.1481318118063999j),(-0.050599197191872364-0.008067922096670545j),(-0.05059919719187548-0.008067922096668213j),(-0.19047638268870656+0.16132037886475054j)
4243243243.243243,(0.004804695772815726+0.0018958514135680171j),(-0.008230863218736069+0.006595823435501254j),(-0.7326390595711486-0.5927267041016577j),(-0.062198334067435794+0.06573209349254494j),(-0.6367363446581122-0.5872008139012235j),(-0.26388583464005316+0.2420226008679231j),(-0.15481122113500762+0.14728152374473275j),(-0.047951357456517074-0.002762945100218074j),(-0.04795135745651911-0.0027629451002158106j),(-0.17127294757248082+0.16047317061573593j)
4252252252.252252,(0.004639864380866554+0.0014804699677797295j),(-0.00742012157299389+0.006497860556328727j),(-0.7665568779831713-0.5490121755578846j),(-0.05451303947435847+0.06368302321318742j),(-0.6774327426065256-0.5526847444440595j),(-0.23466693522710824+0.2379176280990919j),(-0.13716986577773982+0.1443024650998115j),(-0.044562067688323326+0.0018362844430883972j),(-0.04456206768832181+0.0018362844430868039j),(-0.1520101089237269+0.15729818621246783j)
4261261261.2612615,(0.004425980957539211+0.001124471153065909j),(-0.006608039803711149+0.006294452132016265j),(-0.7978853372561756-0.503293072163682j),(-0.0471127736356555+0.06074374953717998j),(-0.7167469107942257-0.5144864546199859j),(-0.20563665063208716+0.23013391106148656j),(-0.11976667233015953+0.13914437816731717j),(-0.040569213230973906+0.005596691228151511j),(-0.04056921323097502+0.0055966912281529765j),(-0.13298275193758324+0.15173328243134948j)
4270270270.2702703,(0.004175702471737597+0.0008361498426904534j),(-0.005809832630128561+0.005981613977179223j),(-0.8264941498819186-0.45572069800093573j),(-0.040101274096613945+0.05695205389351199j),(-0.7542143434574297-0.4725404133548058j),(-0.1772977209900388+0.2185971341522756j),(-0.1028896649131975+0.13179298004571485j),(-0.036139903212244216+0.008409857676934876j),(-0.03613990321224434+0.008409857676935424j),(-0.11450933017345538+0.14375620800007266j)
4279279279.279279,(0.0039035763466563345+0.0006213071381917235j),(-0.005042282161517812+0.005557880320333004j),(-0.8522616521184139-0.4064568732662065j),(-0.033577508538108744+0.052358018096161925j),(-0.7893289430796542-0.42685602560441327j),(-0.15019022250118202+0.20331053861665144j),(-0.08684158335812714+0.12227639803607356j),(-0.03146635451937971+0.01019957616910241j),(-0.031466354519382414+0.010199576169102949j),(-0.09692614768116335+0.1333921586767399j)
4288288288.288288,(0.0036255435134453506+0.0004827232241023105j),(-0.004323259900037155+0.005024819547138508j),(-0.8750759736846658-0.3556734646024052j),(-0.027634158503807137+0.0470234598775866j),(-0.8215568648881193-0.3775311243627188j),(-0.12487783918410829+0.18436801616305026j),(-0.07193273894392083+0.11067091847317993j),(-0.0267595543982734+0.010928829880157259j),(-0.026759554398271115+0.010928829880157288j),(-0.0805792587439949+0.12072055756745667j)
4297297297.2972975,(0.0033582736488411147+0.00041973351542110016j),(-0.003671079120509034+0.0043874494726970255j),(-0.8948361850136624-0.30355174394651574j),(-0.022356162395528838+0.04102116706838434j),(-0.85035475565542-0.3247626949435779j),(-0.10192973329422086+0.16196447663158742j),(-0.05847186872436536+0.09710537237728861j),(-0.022240714679121067+0.01060547549853012j),(-0.022240714679123107+0.010605475498531393j),(-0.06581402696538444+0.10588027132268306j)
4306306306.306307,(0.003118355016593355+0.0004279671683203867j),(-0.0031036999274725308+0.0036544926468483167j),(-0.9114533926485888-0.25028157583105415j),(-0.017819347846361765+0.034433934688568604j),(-0.875191807162468-0.2688532848548437j),(-0.08189859153287597+0.1364019366341094j),(-0.046755269762146154+0.08176344301449023j),(-0.01813079274306019+0.009285854511893576j),(-0.01813079274306018+0.00928585451189608j),(-0.05296266961709177+0.08907242830818768j)
4315315315.315315,(0.002921384138859895+0.0004993020841478901j),(-0.0026378321292377296+0.0028384171700926997j),(-0.9248517527354153-0.19606043858823916j),(-0.014089183969480635+0.02735341444483673j),(-0.8955744491017636-0.21021167376910846j),(-0.06529602036191928+0.10808989780714423j),(-0.03705477003646209+0.06488323895589775j),(-0.014638651816825542+0.007075617590434485j),(-0.0146386518168259+0.007075617590434906j),(-0.04233043429493774+0.07056007329608335j)
4324324324.324324,(0.0027810222848840827+0.0006220759229418477j),(-0.0022880028555820903+0.0019552231400675017j),(-0.934969373044906-0.14109229076258567j),(-0.01121968331823977+0.019878791727163156j),(-0.9110719334698044-0.14934675132456138j),(-0.05256703695221272+0.07753895701410471j),(-0.029605357279643862+0.046753651230566275j),(-0.011948719787551128+0.004127230280987137j),(-0.011948719787550365+0.004127230280988616j),(-0.03418136299080853+0.05066409751070162j)
4333333333.333334,(0.0027081019670769924+0.0007815685658714572j),(-0.002065672068196498+0.001023958950611149j),(-0.9417590757216883-0.08558629999902836j),(-0.009252481497182493+0.012115310929762877j),(-0.9213406300521585-0.08685417266663373j),(-0.04406583512275576+0.045347213400865796j),(-0.02459348624177257+0.027707303214702904j),(-0.010209222834765197+0.0006339363338018831j),(-0.010209222834764735+0.0006339363338035233j),(-0.028724830378165794+0.029755221115925677j)
4342342342.342342,(0.0027098728348682877+0.0009607404417368865j),(-0.0019784853283245207+6.598270999460696e-05j),(-0.9451889961231608-0.029755457401427196j),(-0.008216119110525328+0.0041726754556718326j),(-0.9261446773705533-0.023396169561435164j),(-0.04003518116590297+0.012179845447921299j),(-0.022147164809890058+0.008110277741802011j),(-0.009522159376303697-0.003179643919995816j),(-0.00952215937630423-0.003179643919996247j),(-0.02610413546653829+0.008242243161791134j)
4351351351.351351,(0.0027894694644356455+0.0011411779146068557j),(-0.00202974630528565-0.0008959827208753325j),(-0.9452429976783367+0.026184894551775542j),(-0.008125546112652076-0.0038366463005365453j),(-0.9253707983298869+0.040324233461849275j),(-0.040591629831872617-0.021256896967193774j),(-0.022328841666977288-0.011650788912989925j),(-0.00993609967422545-0.007069669455037236j),(-0.009936099674226104-0.007069669455036462j),(-0.026388334277547186-0.013442754354740431j)
4360360360.36036,(0.002945663006760524+0.0013041676580550846j),(-0.0022181709828081216-0.001838923286291273j),(-0.9419208885199037+0.08201858842217774j),(-0.008981862772936288-0.01179917378749601j),(-0.919035612400634+0.10359257270023678j),(-0.04571822835343495-0.05424526452850425j),(-0.025131874580377304-0.031183295871708955j),(-0.011442638059634767-0.01078699213902974j),(-0.011442638059635397-0.010786992139029186j),(-0.029568216545993738-0.034861142444291275j)
4369369369.3693695,(0.0031729270580428404+0.0014318026563395897j),(-0.0025379539290035294-0.0027406388131562057j),(-0.9352384324091169+0.13753017786479915j),(-0.010772304688878312-0.019602188239130985j),(-0.9072845925944487+0.16571332205401934j),(-0.055265560148958476-0.08608660208639239j),(-0.030480978489914417-0.05010375634960596j),(-0.013976919907334776-0.014091572094610951j),(-0.01397691990733368-0.014091572094609182j),(-0.03555688634792275-0.05558503397591726j)
4378378378.378378,(0.003461810826399403+0.0015080174199247343j),(-0.0029791397122206943-0.003580777476176033j),(-0.9252271537316475+0.1925064677523959j),(-0.013470472019615463-0.0271354891679176j),(-0.8903827882474116+0.2260385931722707j),(-0.0689610072533221-0.11613026822713052j),(-0.03823659992424842-0.06805210122134844j),(-0.017422182742118583-0.016766062709939106j),(-0.01742218274211842-0.01676606270993552j),(-0.044194879348689105-0.07521365617369963j)
4387387387.387387,(0.003799576570900076+0.0015194603542043605j),(-0.003528256453859936-0.004341707872136606j),(-0.9119339435694493+0.24673799370668673j),(-0.017036795882471874-0.034293095743769285j),(-0.8686983851291976+0.28399270826958845j),(-0.08642516019269536-0.14379843428688305j),(-0.048202721583723594-0.08470405714318924j),(-0.021617779220125324-0.01862735728144979j),(-0.021617779220126462-0.018627357281451876j),(-0.05525923449144384-0.09338747288746299j)
4396396396.396397,(0.00417102996626173+0.001456134699342887j),(-0.00416914019411925-0.005009160409763264j),(-0.8954204805371057+0.3000204189389337j),(-0.0214192281618961-0.04097485790284014j),(-0.8426809299492269+0.3390907909598563j),(-0.10719354865263948-0.1686049124417895j),(-0.06013724821314853-0.09978072476255119j),(-0.026369775293938736-0.01953518601046045j),(-0.026369775293939586-0.019535186010462436j),(-0.06847552860138711-0.10979904558207844j)
4405405405.405405,(0.004559456069045287+0.0013117710374708769j),(-0.004883862778569021-0.005572601311074635j),(-0.8757624857939024+0.35215582024827885j),(-0.02655413523215763-0.0470879458777578j),(-0.8128364850124519+0.39095033519655975j),(-0.13074142782398382-0.19016697742892327j),(-0.0737639187495015-0.11305486034226606j),(-0.031463000390725464-0.019397257474140235j),(-0.03146300039072453-0.019397257474140846j),(-0.08353164430664031-0.12420006296441469j)
4414414414.414414,(0.004947571475633128+0.0010839277457660168j),(-0.005653673900227495-0.006025335916706752j),(-0.8530488361342152+0.4029538399680206j),(-0.03236737155474403-0.05254819164344376j),(-0.7797020565984465+0.4392955828584967j),(-0.15650927775244144-0.20821001715224685j),(-0.08878465075336538-0.12435376848113838j),(-0.03667338976788437-0.018170871445237977j),(-0.036673389767884285-0.01817087144523804j),(-0.10009199855381991-0.13640444031455234j)
4423423423.423424,(0.0053184135626972995+0.0007738450892918469j),(-0.006459878248191879-0.006364367322929963j),(-0.8273805622081807+0.4522326861782923j),(-0.03877550588137622-0.05728126112421606j),(-0.7438213932431441+0.4839553130844328j),(-0.18392692073868827-0.22256562031407817j),(-0.10489133506184015-0.13355907339621723j),(-0.04177958448251783-0.015861313453069476j),(-0.04177958448251837-0.015861313453071395j),(-0.11781109155822483-0.14628780804207664j)
4432432432.432432,(0.005656106664781557+0.0003860997923115783j),(-0.007284587698930284-0.006590057545614932j),(-0.7988697607547273+0.499819969248445j),(-0.045687170841799324-0.06122364154109466j),(-0.7057237718249609+0.5248552120422219j),(-0.21243464052333672-0.23316427518676966j),(-0.12177631798363749-0.14060390081831717j),(-0.04657299446488248-0.012517621396887817j),(-0.04657299446488338-0.012517621396889334j),(-0.13634549338149812-0.1537840159095476j)
4441441441.441442,(0.005946468012705319-7.188184249412588e-05j),(-0.008111311482384191-0.006705649664643654j),(-0.767638450354289+0.5455533684369691j),(-0.053004505899601075-0.06432343370190259j),(-0.6659068002482231+0.5620063022808321j),(-0.24150027661777113-0.24002416456473646j),(-0.13914107977630197-0.1454681494686763j),(-0.050865825053033074-0.008226466921931961j),(-0.05086582505303279-0.00822646692193104j),(-0.1553637027410707-0.1588794487979623j)
4450450450.450451,(0.00617743887749278-0.0005903924014444839j),(-0.00892536991096786-0.006716711228327697j),(-0.7338173997854296+0.589281127649284j),(-0.06062466385386636-0.06654094414450029j),(-0.6248236790037576+0.5954909758663163j),(-0.2706318543084382-0.24323760751915852j),(-0.15670288917018432-0.14817256460350178j),(-0.05449686039083579-0.0031049241085157886j),(-0.054496860390836656-0.0031049241085160453j),(-0.17455362899212024-0.1616059870601569j)
4459459459.459459,(0.006339345436771393-0.0011580391599801398j),(-0.009714136375667953-0.006630553619643376j),(-0.697544956760938+0.6308623843934604j),(-0.06844135207684295-0.06784907670142715j),(-0.5828748643687545+0.6254480458510416j),(-0.29938581120135055-0.24295656951619998j),(-0.17419944526342876-0.1487722694891701j),(-0.05733504619609125+0.002707169271209418j),(-0.05733504619609134+0.0027071692712085094j),(-0.19362771801476442-0.16203337672845755j)
4468468468.468469,(0.006425007683038275-0.0017623232492260388j),(-0.010467126171139679-0.0064556718336622534j),(-0.6589659027787549+0.6701673403880817j),(-0.0763463813466786-0.06823352717992995j),(-0.5404037098586518+0.6520579760621636j),(-0.3273712483526042-0.23937840853814712j),(-0.19139168867850173-0.14735029602537633j),(-0.059281096460051086+0.009054682162959052j),(-0.05928109646005189+0.009054682162958974j),(-0.21232594102078134-0.16026163969270063j)
4477477477.477478,(0.006429722869160659-0.00239017050297774j),(-0.011175958955767229-0.006201236871767581j),(-0.6182303571862177+0.707077286105466j),(-0.08423119731504841-0.06769278839518292j),(-0.4976954406860342+0.6755291391338344j),(-0.35425085717144245-0.23273271546165436j),(-0.2080650682874784-0.1440115150566512j),(-0.060267458250092+0.01577407348581577j),(-0.06026745825009182+0.01577407348581643j),(-0.23041698619901307-0.1564139888001853j)
4486486486.486486,(0.006351153163875911-0.003028394419319458j),(-0.01183422491403735-0.005876660874051767j),(-0.5754927504475046+0.7414844947335058j),(-0.09198837220982753-0.066237975726302j),(-0.45497872344789275+0.6960856433279453j),(-0.3797392674069535-0.2232697982536833j),(-0.22402959489435315-0.13887722611594075j),(-0.060257013499805986+0.02269942570278012j),(-0.06025701349980592+0.02269942570278055j),(-0.24769804472242787-0.1506305478640447j)
4495495495.495495,(0.0061891465317767125-0.003664082211081332j),(-0.012437284132214205-0.005491244604309609j),(-0.5309108831424549+0.7732920035798954j),(-0.09951303718764612-0.06389248566999778j),(-0.41242910080983175+0.7139569974672453j),(-0.40359955594358354-0.21125108898358105j),(-0.23911901243340047-0.13208054272248j),(-0.05924089116631127+0.02966750305632556j),(-0.059240891166312995+0.029667503056326067j),(-0.2639935806978291-0.14306303193109884j)
4504504504.504505,(0.0059455166630830725-0.00428490317037844j),(-0.012982025632354816-0.0050539086787915535j),(-0.4846450835267182+0.8024133028066096j),(-0.10670423869810605-0.06069150154637331j),(-0.37017363522333063+0.7293696693694942j),(-0.4256385842668804-0.1969415392926529j),(-0.25318938585013856-0.12376261174072187j),(-0.05723572415169405+0.036521816718557996j),(-0.057235724151693396+0.036521816718557504j),(-0.279153437114848-0.13387042909830368j)
4513513513.513514,(0.005623803241039532-0.004879344385114115j),(-0.013466608119713647-0.004573004135673429j),(-0.4368574726637523+0.8287719525684998j),(-0.1134662051819714-0.05668136158518302j),(-0.3282962162146813+0.7425404410578855j),(-0.44570172488480697-0.1806039182713461j),(-0.2661173569136754-0.11406963579259087j),(-0.05428062822453557+0.04311575575530696j),(-0.054280628224535464+0.04311575575530735j),(-0.29305057315310307-0.12321564406393827j)
4522522522.522522,(0.005229028872153291-0.005436882437215074j),(-0.013890199710847914-0.0040561943541087865j),(-0.3877113423112456+0.8523011501544077j),(-0.11970951328747854-0.05191880512895877j),(-0.2868431085626991+0.7536713686132687j),(-0.4636674177492792-0.16249483144656227j),(-0.27779826580753075-0.10315062393365149j),(-0.05043411687427336+0.04931489077056934j),(-0.050434116874272863+0.04931489077056893j),(-0.30557866522922694-0.11126301264186986j)
4531531531.531531,(0.004767464244621045-0.005948101491028757j),(-0.014252729356120833-0.0035103985363452404j),(-0.3373706470117205+0.8729432686264076j),(-0.1253521454512873-0.04647011269289825j),(-0.24582843729334364+0.7629461056517319j),(-0.47944188335356847-0.14286223046061103j),(-0.28814428504630696-0.09115577304040952j),(-0.04577110485918801+0.05499858148733783j),(-0.0457711048591889+0.05499858148733769j),(-0.31664974375854904-0.09817657011309944j)
4540540540.540541,(0.0042464088889222484-0.006404768606872946j),(-0.014554658718547747-0.0029417864933312457j),(-0.2859996082914351+0.8906493877739678j),(-0.13032043306990232-0.040410155199575894j),(-0.20523941024462566+0.7705273353314983j),(-0.49295421939458595-0.12194416811340644j),(-0.2970826675136962-0.07823537516315975j),(-0.040380099023405336+0.060061026221234964j),(-0.04038009902340449+0.06006102622123585j),(-0.326191984950792-0.08411894814982211j)
4549549549.549549,(0.0036739914488002068-0.006799876620128098j),(-0.014796780081851368-0.0023558148822641553j),(-0.23376242558945948+0.9053788370071867j),(-0.13454988152057318-0.03382136695272409j),(-0.1650411657130579+0.7765550654933442j),(-0.5041520270498321-0.0999685614687546j),(-0.30455417420335135-0.06453914932847511j),(-0.03436062993820069+0.06441188575692086j),(-0.03436062993820077+0.0644118857569212j),(-0.3341477343670542-0.06925077909300319j)
4558558558.558558,(0.0030589906504185638-0.007127663865878819j),(-0.014980043453839867-0.001757295963925624j),(-0.1808230855799345+0.9170987681774541j),(-0.1379858749390927-0.026792655930515205j),(-0.12518120077535802+0.7811455658710085j),(-0.5129976516951574-0.077153747221417j),(-0.3105117198632857-0.05021590561204062j),(-0.027820942402288294+0.06797660115322282j),(-0.027820942402288017+0.06797660115322254j),(-0.3404718067709646-0.05373049753989062j)
4567567567.567568,(0.002410676115378152-0.007383618670015635j),(-0.0151054143403314-0.001150491094921496j),(-0.12734525895639648+0.925783774307781j),(-0.14058425991101325-0.019418263869136344j),(-0.08559338687869912+0.784390758388382j),(-0.5194650797043754-0.05370964118533774j),(-0.31491925546736294-0.03541346143231562j),(-0.020875936038848755+0.07069650795969981j),(-0.020875936038848804+0.07069650795969995j),(-0.34513008414802554-0.0377144436221581j)
4576576576.576576,(0.0017386666962668842-0.007564475051593522j),(-0.01517376258073283-0.0005392223413341734j),(-0.07349227154491197+0.931415567910056j),(-0.1423118080921495-0.011796587473098809j),(-0.04620161586553967+0.7863579066792181j),(-0.5235375051106156-0.029839342365932872j),(-0.31775089402064954-0.020278742578181807j),(-0.013645327839685804+0.07252883061541888j),(-0.013645327839686654+0.07252883061541936j),(-0.3480984191821155-0.0213571872608507j)
4585585585.585586,(0.0010528030046040027-0.007668204598949624j),(-0.015185782035069095+7.300333948235095e-05j),(-0.019427134817668616+0.9339827300289443j),(-0.14314655827493292-0.004028971022717754j),(-0.006923144674094108+0.7870894862572173j),(-0.5252055642665918-0.005741048118241766j),(-0.31899027923569323-0.004958012909961996j),(-0.006251995071787186+0.07344662188586307j),(-0.006251995071787356+0.07344662188586343j),(-0.3493618433058316-0.004812006230997213j)
4594594594.594595,(0.0003630301474785401-0.007694008049001333j),(-0.015141940672316792+0.0006828620389146864j),(0.0346873805051289+0.933480538442436j),(-0.1430780386090546+0.0037815202680901243j),(0.03232827676015672+0.7866031507980883j),(-0.5244662301565512+0.018389831823951854j),(-0.31863019371048645+0.010402814007106452j),(0.001179551872485886+0.0734386938221738j),(0.0011795518724864568+0.07343869382217441j),(-0.34891407505511923+0.011768538084936239j)
4603603603.603603,(-0.0003207136965266977-0.0076423087306800586j),(-0.015042460619172762+0.001287077031099146j),(0.08868864504980203+0.9299108806194883j),(-0.14210736963280468+0.01153133749371622j),(0.07163940017711949+0.7848917423736353j),(-0.5213223578734782+0.04235845940699964j),(-0.31667240313396855+0.025657821419258944j),(0.008524622436340666+0.0725095691229269j),(0.008524622436341976+0.07250956912292726j),(-0.34675732437231427+0.028231975481456763j)
4612612612.612613,(-0.0009886074081820045-0.007514748719268383j),(-0.014887327886168755+0.0018822828267827402j),(0.14241406342876667+0.9232822541327281j),(-0.1402472485518348+0.019117687690022152j),(0.11109449733222966+0.7819233244927234j),(-0.5157828764547425+0.0659683388017157j),(-0.31312773461712046+0.04066073041908615j),(0.015659783048268962+0.07067946482000266j),(0.015659783048268226+0.07067946482000242j),(-0.3429023903894568+0.04442529607265229j)
4621621621.621622,(-0.0016310603128855267-0.007314187262637828j),(-0.014676331702083364+0.00246489280790127j),(0.1957009769332797+0.9136098542896234j),(-0.13752181489831394+0.026439767801606277j),(0.15077230256524693+0.7776412471444474j),(-0.507863627465668+0.08901916024835692j),(-0.30801638947990784+0.05526457121708023j),(0.022464337184016723+0.06798430357258749j),(0.022464337184015814+0.06798430357258761j),(-0.3373690528840745+0.0601943568328828j)
4630630630.6306305,(-0.002238833200045573-0.007044699752432548j),(-0.014409133570056035+0.003030974319357657j),(0.24838659404428293+0.9009157458181578j),(-0.1339663974027262+0.0333999847783632j),(0.19074278362023392+0.7719642835489866j),(-0.4975888552371926+0.11130480943498244j),(-0.3013684927499034+0.06932142278731523j),(0.028821905212024327+0.06447573113458575j),(0.028821905212024768+0.06447573113458582j),(-0.3301867598900154+0.07538337142603035j)
4639639639.63964,(-0.0028031709960956996-0.006711574194727787j),(-0.014085366220552079+0.003576135580201499j),(0.30030796587985475+0.8852291125611168j),(-0.12962714169963346+0.039905153160928415j),(0.2310636527528779+0.7647869097734874j),(-0.4849933552715709+0.13261164683844134j),(-0.2932248822650497+0.08268226441948326j),(0.03462215656348814+0.060221101393814556j),(0.034622156563488445+0.06022110139381426j),(-0.3213956147061548+0.08983453557988631j)
4648648648.648649,(-0.0033159505108042164-0.006321300771014282j),(-0.013704762482849908+0.004095429507820363j),(0.35130202264815513+0.8665865763379552j),(-0.12456051844992608+0.04586766082190652j),(0.271776543983409+0.7559798312337782j),(-0.47012528363731676+0.15271717989142156j),(-0.2836381385607717+0.09519699084884371j),(0.039762739332373245+0.05530337255208845j),(0.039762739332373176+0.055303372552088836j),(-0.31104766352647084+0.10338784986448522j)
4657657657.657658,(-0.003769845762940538-0.005881548677536541j),(-0.013267313624294813+0.004583280482180704j),(0.4012056857205365+0.8450325734700768j),(-0.11883271166996989+0.05120659262918259j),(0.312902803893731+0.7453908942800117j),(-0.45304961854054154+0.17138927447260383j),(-0.2726738514809606+0.10671465306871242j),(0.04415144091340247+0.049820839595032584j),(0.044151440913402784+0.04982083959503224j),(-0.29920847872955114+0.11588121403307312j)
4666666666.666666,(-0.00415851207125828-0.005401123031560873j),(-0.01277345580325115+0.005033441138020921j),(0.44985606808220924+0.8206197749860515j),(-0.1125188875751108+0.0558488007551824j),(0.35443887508272043+0.7328465555759693j),(-0.43385224279030243+0.18838607924216488j),(-0.26041210937945525+0.11708399886065284j),(0.04770859649974377+0.043886609705041255j),(0.04770859649974514+0.04388660970504117j),(-0.2859590209859579+0.12715088113669468j)
4675675675.675676,(-0.0044767882646434-0.004889893326239403j),(-0.012224281831853548+0.0054389873432500735j),(0.497090773665381+0.7934095342861074j),(-0.10570234511866634+0.05972990925249658j),(0.39635129607099123+0.7181541145980785j),(-0.412644579553177+0.2034568638319897j),(-0.24694918050406817+0.12615439919899282j),(0.05036973879719508+0.037627709844014j),(0.050369738797194356+0.0376277098440143j),(-0.2713977441677754+0.13703237388549327j)
4684684684.684685,(-0.004720913921518022-0.004358683855444356j),(-0.011621773343286665+0.00579236042474892j),(0.542748303438314+0.7634723441133776j),(-0.09847355066623704+0.06279523944356885j),(0.43857140180290927+0.7011049414248754j),(-0.3895686608078056+0.21634399539783666j),(-0.23239933239373453+0.13377725699595386j),(0.05208845081770219+0.03118370134425126j),(0.05208845081770265+0.031183701344250844j),(-0.25564287908030825+0.1453619778454515j)
4693693693.693693,(-0.004888755421670166-0.0038191159453394574j),(-0.010969045633236196+0.00608546618966762j),(0.5866685731408983+0.7308882831220744j),(-0.09092906089682976+0.0650006417295392j),(0.4809898869231315+0.6814789471835196j),(-0.3648024362676919+0.22678629121041283j),(-0.2168967029490243+0.13980800028030835j),(0.05283934310888302+0.024704667969277925j),(0.052839343108883864+0.024704667969277075j),(-0.23883479421549747+0.15197893265964335j)
4702702702.7027025,(-0.004980030780469491-0.0032833920338229405j),(-0.010270593894243132+0.0063098400334445776j),(0.6286935442652919+0.6957474312183176j),(-0.08317034005145905+0.06631321871219033j),(0.523451490004471+0.659050540000115j),(-0.3385650399947091+0.23452397937458636j),(-0.20059709612884127+0.14410875900994372j),(0.052621027130410856+0.018348445609100577j),(0.05262102713040932+0.018348445609101524j),(-0.22113828391732707+0.15672843907683298j)
4711711711.711712,(-0.004996518850511222-0.0027640130182072786j),(-0.00953252540198938+0.006456886026142181j),(0.6686679663370534+0.6581502322449432j),(-0.07530248001849044+0.06671192414236342j),(0.5657501681654549+0.6335962749938562j),(-0.31112162526656856+0.23930546506928746j),(-0.18367952724053982+0.14655180857968347j),(0.05145889908579887+0.012276978625544114j),(0.051458899085800786+0.012276978625543854j),(-0.20274457804451895+0.15946558063196767j)
4720720720.72072,(-0.004942233809358709-0.0022734232745937333j),(-0.008762757737806853+0.00651819488875649j),(0.7064402248303456+0.6182077825466756j),(-0.0674328343926762+0.06618802224891517j),(0.6076252507680424+0.6049043315090163j),(-0.2827872628546897+0.24089602442959845j),(-0.16634729088587616+0.14702382845049994j),(0.04940748703115192+0.006651725518829879j),(0.049407487031151276+0.0066517255188297125j),(-0.1838728063614898+0.1600602182280135j)
4729729729.72973,(-0.004823541428941591-0.0018235827402632854j),(-0.007971158870345767+0.006485940802848193j),(0.7418632852372625+0.5760420245364866j),(-0.059669580492064646+0.06474539254289963j),(0.6487591747531501+0.5727858237243441j),(-0.25392928718758423+0.23908842151808773j),(-0.14882827496947873+0.1454309662276456j),(0.04655205524205639+0.0016281004060713102j),(0.046552055242056516+0.0016281004060716905j),(-0.16477059271017+0.15840284783334174j)
4738738738.738739,(-0.0046491902397733376-0.0014254727015725055j),(-0.007169601671918671+0.006353349774731891j),(0.7747957200042617+0.5317858256243044j),(-0.05212022626828487+0.062400666295291875j),(0.6887774921490748+0.5370877648588142j),(-0.22496738951729894+0.23371525847896063j),(-0.13137420622087295+0.14170461261239437j),(0.0430091139275931-0.0026509696172543518j),(0.0430091139275943-0.0026509696172551736j),(-0.14571340956471066+0.15441131216185833j)
4747747747.747747,(-0.004430229413663278-0.0010885514092152382j),(-0.006371904267827556+0.006115222832717211j),(0.8051028013546349+0.4855829247872878j),(-0.04489008199327959+0.05918318259939017j),(0.7272518750007624+0.4977072608378481j),(-0.1963707246337702+0.2246626252834542j),(-0.1142584990456968+0.13580768110870461j),(0.03892546317693543-0.0060621680252789375j),(0.038925463176937694-0.0060621680252809715j),(-0.12700230758135272+0.14803812677413986j)
4756756756.756757,(-0.004179787207231278-0.0008201868337069373j),(-0.005593629727926326+0.005768486183711612j),(0.83265763954871+0.4375877316664782j),(-0.0380807194322112+0.05513475428101896j),(0.7637067926346441+0.454606219264378j),(-0.16865134974281834+0.21188432616545444j),(-0.09777240485958852+0.12774105403952504j),(0.03447542345703294-0.00850924379895012j),(0.034475423457033735-0.008509243798949406j),(-0.1089596643154403+0.13927802640694883j)
4765765765.765766,(-0.00391269029377983-0.0006251056279462097j),(-0.004851725170239143+0.005312728741686659j),(0.8573423430136702+0.38796496636336564j),(-0.03178844379100542+0.05030923692500047j),(0.7976303700984697+0.4078255531993085j),(-0.14235348160160025+0.1954156542157744j),(-0.08221923752606351+0.1175497168287009j),(0.029855986457599924-0.009930293417971452j),(0.02985598645759969-0.009930293417971858j),(-0.09192268786654219+0.128175174312074j)
4774774774.774775,(-0.003644916032297385-0.0005049078309903587j),(-0.004163992128695577+0.0047506770124361095j),(0.8790491741351159+0.33688913206377447j),(-0.026102805918528756+0.044771897942985216j),(0.8284896339035148+0.35749758435350687j),(-0.11803836184393726+0.17538541138069502j),(-0.06790659175253747+0.10532797764940431j),(0.025279770115800425-0.010304226144866932j),(0.02527977011579979-0.010304226144865921j),(-0.07623457600992847+0.11482933167427603j)
4783783783.783784,(-0.003392886641985615-0.00045770359988142606j),(-0.003548397005587442+0.004088550603790722j),(0.8976816724900061+0.2845438172002406j),(-0.021105183891726227+0.03859858689232784j),(0.8557499116824199+0.303855170094685j),(-0.09626496084223138+0.15202469154191534j),(-0.055136675361390976+0.09122308861333064j),(0.02096588040379283-0.009655676447221198j),(0.020965880403793866-0.009655676447223139j),(-0.06223346937256657+0.09940018982091264j)
4792792792.792793,(-0.0031726351326711866-0.0004779286611748257j),(-0.0030222513500632858+0.0033362412596451146j),(0.913155716083034+0.23112082900916484j),(-0.016867464040881318+0.03187471311166822j),(0.8788976070520192+0.24723606236110482j),(-0.07756729649273962+0.1256709286138567j),(-0.044195128916747144+0.07543657960311723j),(0.017129054515507156-0.008057616675969699j),(0.017129054515507364-0.008057616675970372j),(-0.0502396316168736+0.08210906212240773j)
4801801801.801802,(-0.0029988950466741104-0.0005563870350344391j),(-0.0026013139396751615+0.002507266486242915j),(0.9254004909096734+0.17681916592966657j),(-0.01345085148885184+0.02469404205850148j),(0.8974649876083831+0.18808121270706485j),(-0.06242972824125089+0.09676591822993637j),(-0.03533897592537661+0.05822271365797614j),(0.013967751650644797-0.0056310233886999106j),(0.013967751650644497-0.005631023388698541j),(-0.040541603804726135+0.06323724663046172j)
4810810810.810811,(-0.002884185724103039-0.0006805519329816656j),(-0.002298886322010583+0.0016184665176791398j),(0.9343593400920744+0.12184384213988979j),(-0.010904839190094726+0.017157327337312643j),(0.9110551031836744+0.12692619336878325j),(-0.051262107913834856+0.0658469776851015j),(-0.02878458722995437+0.03988368599352775j),(0.011652118454200482-0.0025411756144462856j),(0.011652118454201353-0.0025411756144468854j),(-0.03338235987397593+0.04312061902888626j)
4819819819.81982,(-0.0028379774534279534-0.0008351295475758497j),(-0.0021249861415237516+0.000689439573464466j),(0.9399904660707237+0.06640458336157054j),(-0.009266362101690908+0.009370801027080284j),(0.9193646100972253+0.0643855859861374j),(-0.04437701067204623+0.03353109090834909j),(-0.02469670024534496+0.02076150639425021j),(0.010312927986749282+0.0010094986877165581j),(0.010312927986748401+0.0010094986877165254j),(-0.028946672528392375+0.022140385541179072j)
4828828828.828829,(-0.002866022555196468-0.0010028589919920377j),(-0.002085684276537913-0.00025825816000968967j),(0.9422674629605312+0.010714418528422387j),(-0.008559159415471489+0.0014445502027981819j),(0.9222022200982303+0.0011310143843209445j),(-0.041971326733792995+0.0004927102955955495j),(-0.023179558798094278+0.0012268884092066735j),(0.010032621431150449+0.004791702072050391j),(0.01003262143115059+0.004791702072051061j),(-0.027350927351170364+0.0007103720891870566j)
4837837837.837837,(-0.0029699269604887-0.0011654901031626468j),(-0.002182680335939678-0.0012020898337453262j),(0.9411796611463289-0.045011803399880576j),(-0.008793362767307272-0.006509187909400834j),(0.9195007803009975-0.06213566897836707j),(-0.04411420713221192-0.03256327934884473j),(-0.02427110461382009-0.01833414379537728j),(0.010839440422665889+0.008561932789242789j),(0.010839440422665611+0.008561932789243686j),(-0.02863646528569898-0.020738323462868337j)
4846846846.846848,(-0.003147012710653818-0.0013048552632226734j),(-0.0024131669384218866-0.0021196089669439835j),(0.9367322722969698-0.10055893869926037j),(-0.009965322210893239-0.014377776306608364j),(0.9113216120610568-0.12471185052465782j),(-0.050742735336615045-0.06493124660238295j),(-0.027940861835332446-0.03753490248755163j),(0.0127053301179563+0.012076455912698842j),(0.012705330117956241+0.012076455912698703j),(-0.0327671957121756-0.04177412042143975j)
4855855855.855856,(-0.0033904885478198143-0.0014039372068296724j),(-0.002769999947323406-0.0029895264523938335j),(0.9289463298622918-0.15571308146517265j),(-0.012057674848184548-0.02204993635968618j),(0.8978506030322599-0.1859236949430063j),(-0.06166583044629476-0.09593457099115223j),(-0.034091752699916454-0.05600272722302499j),(0.015547863415015763+0.015105306738915964j),(0.01554786341501656+0.015105306738917582j),(-0.03963175259456309-0.06198178012781339j)
4864864864.864864,(-0.003689909251965995-0.0014478351205235163j),(-0.0032421553271108627-0.003792676122102715j),(0.9178584273099198-0.2102630685076186j),(-0.015039653811359438-0.029417475743374385j),(0.8793865059334377-0.24515316323037176j),(-0.0765759285511737-0.12495288325164651j),(-0.04256563585415601-0.07339250337540733j),(0.019235960688240666+0.017445047361376025j),(0.01923596068824025+0.017445047361377614j),(-0.0490499465083772-0.0809778556196136j)
4873873873.873874,(-0.004031871348378291-0.0014245461634452283j),(-0.0038154202626997646-0.004512796285376944j),(0.9035202633444228-0.264001923012844j),(-0.018867628299538766-0.03637694958819634j),(0.8563227736739647-0.30186028619860966j),(-0.0950671129114058-0.15144456928563904j),(-0.053151950342772494-0.08939796315154067j),(0.023598744835228974+0.018929181592882555j),(0.023598744835229175+0.01892918159288312j),(-0.06078279086817223-0.09842355572229462j)
4882882882.882883,(-0.004400869093424686-0.0013255056152124967j),(-0.004473242475338358-0.00513707073543368j),(0.8859980096539306-0.31672820644610133j),(-0.023485859054217375-0.042831221244109347j),(0.8291248991725804-0.3555991401426086j),(-0.11665772512239303-0.17496298883132982j),(-0.06559854961296671-0.10376003430228577j),(0.02843655524067488+0.019435466848253022j),(0.028436555240675516+0.019435466848254028j),(-0.07454503456364377-0.11403417577315333j)
4891891891.8918915,(-0.004780223715859511-0.0011458607388706021j),(-0.005197650748506456-0.005656404615127578j),(0.8653715219873679-0.3682472524235849j),(-0.02882744836506298-0.0486908931881008j),(0.7983055357480532-0.40602680073973285j),(-0.14081518212301247-0.1951656894466985j),(-0.07962366449553143-0.11627188670227209j),(0.03353299311965771+0.018889774158074225j),(0.03353299311965724+0.018889774158073656j),(-0.09001896599254398-0.12758469593252722j)
4900900900.900901,(-0.005153001192462259-0.0008844850346204913j),(-0.005970161992647965-0.006065442136150276j),(0.841733419365086-0.41837226138332617j),(-0.03481545963694842-0.053875583558165435j),(0.7643996352119982-0.45290538092977206j),(-0.16698076294003547-0.21181672635177792j),(-0.09492794929584392-0.1267807128188214j),(0.03866689207654375+0.01726655977322284j),(0.03866689207654417+0.01726655977322311j),(-0.10686827328114018-0.13891159709112186j)
4909909909.90991,(-0.005502847081300999-0.000543765658804457j),(-0.0067726034396662915-0.00636235926507793j),(0.8151880589043662-0.4669252404411858j),(-0.04136417877491645-0.05831502916544351j),(0.7279415125703997-0.49609795153471425j),(-0.19459245764315788-0.22478289202807628j),(-0.11120571476937109-0.13518660133168167j),(0.04362327316698302+0.01458635554676472j),(0.04362327316698239+0.01458635554676447j),(-0.1247509216487033-0.14791131986183825j)
4918918918.918919,(-0.00581468709220978-0.00012921416973005195j),(-0.007587798737655201-0.006548481901354319j),(0.7858504351524702-0.5137377784899708j),(-0.04838048809368072-0.06195000128809966j),(0.6894452318922798-0.5355596132321929j),(-0.22310448578240338-0.2340251297382258j),(-0.12815468820038678-0.14143908361180857j),(0.048202601630095265+0.010910917371110905j),(0.048202601630094856+0.010910917371111342j),(-0.1433302856756971-0.1545360474145171j)
4927927927.927928,(-0.0060752646353329776+0.00035104148520775924j),(-0.008400089307232697-0.006627787852450495j),(0.7538450330901867-0.5586516521222271j),(-0.055765322997060385-0.06473302582599824j),(0.649389124535046-0.5713252084160774j),(-0.25200267551426925-0.23958662552674748j),(-0.14548390994843222-0.14553203782392238j),(0.052227954277569974+0.006336778146925491j),(0.05222795427756976+0.006336778146925459j),(-0.16228408856289767-0.1587876135288234j)
4936936936.936937,(-0.00627350765915885+0.000886826675596919j),(-0.009195683429226963-0.006606350094068951j),(0.7193046632545421-0.6015192631452119j),(-0.06341518213542907-0.06662890431493934j),(0.6082047007313294-0.603495156146824j),(-0.28081544551952575-0.24157906847304614j),(-0.1629196303982504-0.14749763629992352j),(0.055549981261606006+0.0009879465008058462j),(0.055549981261606686+0.0009879465008062818j),(-0.18131099725670416-0.16071033648806227j)
4945945945.945946,(-0.006400734038892242+0.0014665016079364879j),(-0.009962842530557639-0.006491771650168135j),(0.6823693058872782-0.6422039131864068j),(-0.07122366296990135-0.0676150367475549j),(0.566269768480945-0.6322207202198354j),(-0.3091205797692242-0.2401683963905218j),(-0.18020927883900498-0.14739994491887037j),(0.05804976870316626-0.004991596483285945j),(0.05804976870316716-0.004991596483285454j),(-0.20013496390012062-0.16038348821920617j)
4954954954.954955,(-0.006450716397026046+0.0020775156225598113j),(-0.010691925815336387-0.006292651620481343j),(0.6431849887909269-0.6805799250779638j),(-0.07908299649740526-0.0676815510533485j),(0.5239052627931342-0.6576897485374895j),(-0.3365482972083191-0.23556107296336462j),(-0.1971237210375258-0.14532866038787517j),(0.0596398629988964-0.011445088270237403j),(0.059639862998896884-0.011445088270237477j),(-0.2185075726681988-0.15791396362883756j)
4963963963.963964,(-0.006419633534822056+0.0027069072696030427j),(-0.01137532075819185-0.006018109879807512j),(0.6019027207969998-0.7165326243033525j),(-0.0868855571820238-0.0668312474088391j),(0.4813751149302375-0.6801136154762331j),(-0.36278129320461255-0.2279916364826759j),(-0.21345810443512625-0.14139333206594995j),(0.06026380293338082-0.01820950441355982j),(0.06026380293338168-0.018209504413559785j),(-0.2362087459515102-0.153429551825565j)
4972972972.972973,(-0.006305937439025688+0.003341734542421315j),(-0.012007288851930517-0.005677386631124562j),(0.5586774995428421-0.7499581967494398j),(-0.09452532676614474-0.06507936825461785j),(0.43888843535050837-0.6997158066352929j),(-0.38755248727480907-0.21771196869721998j),(-0.22903161816854617-0.13571828184479445j),(0.059894532096166284-0.025121195057074056j),(0.059894532096167574-0.025121195057073137j),(-0.2530461958724076-0.14707305510704316j)
4981981981.981981,(-0.006110163300205307+0.003969429216903131j),(-0.012583754581892204-0.005279523454955366j),(0.5136674087329861-0.7807634413051019j),(-0.10189929347603832-0.06245320697925406j),(0.396603315074742-0.716722337650763j),(-0.41064118267446237-0.2049824852020915j),(-0.24368648349335792-0.1284383226357173j),(0.05853204682912189-0.0320205518271697j),(0.05853204682912271-0.03202055182716973j),(-0.2688539926571426-0.13899736954562852j)
4990990990.990992,(-0.005834706378020471+0.004578076511453422j),(-0.013102062128723752-0.0048331252547968995j),(0.46703281634278715-0.8088654374720277j),(-0.10890877106990107-0.05899156969735175j),(0.3546316362502193-0.7313540092760791j),(-0.4318682599561636-0.190065259806944j),(-0.2572864533843084-0.1196952894973509j),(0.05620059004628347-0.038755714097974216j),(0.056200590046284304-0.03875571409797429j),(-0.2834905776417561-0.1293615400069454j)
5000000000.0,(-0.005483584946007702+0.0051566262285958064j),(-0.01356071985376614-0.0043461975645640374j),(0.4189356814223425-0.8341911491079508j),(-0.11546062508558472-0.05474410542712046j),(0.31304439599111994-0.7438203706569005j),(-0.45109091640797505-0.1732189653602707j),(-0.2697150508930136-0.10963533782913143j),(0.05294564271561119-0.04518538922552508j),(0.05294564271561124-0.04518538922552488j),(-0.2968364906005462-0.1183277329582597j)
5009009009.009008,(-0.005062203745931998+0.005695044446857811j),(-0.013959148002479521-0.0038260507724507398j),(0.3695389733847987-0.8566769857312613j),(-0.12146839642231466-0.04977052030873579j),(0.2718771671827124-0.7543151847946608j),(-0.4681973474234145-0.15469543556934334j),(-0.28087372392038495-0.09840692716658887j),(0.04883090310104269-0.051180900468300074j),(0.04883090310104311-0.051180900468299234j),(-0.30879201992534416-0.1060590287114907j)
5018018018.018019,(-0.004577127904472789+0.006184416118911018j),(-0.014297440799036554-0.003279261500369838j),(0.31900620401640783-0.8762683425172313j),(-0.12685331494085228-0.0441396913657708j),(0.23113543206818038-0.7630131540075908j),(-0.4831016581957907-0.1347376157005464j),(-0.2906800457692849-0.08615939203278872j),(0.04393538597411395-0.05662759425482031j),(0.043935385974113804-0.05662759425482061j),(-0.3192749273673579-0.09271791503352855j)
5027027027.027027,(-0.004035873398007206+0.0066170090411953875j),(-0.014576150487576836-0.002711681208250407j),(0.26750106901071286-0.8929191392664442j),(-0.13154519801390174-0.03792869478185987j),(0.19079962150388588-0.7700676574574974j),(-0.4957392023476077-0.11357866315849725j),(-0.29906604969317807-0.07304199776192838j),(0.03835072375341315-0.06142574090447337j),(0.03835072375341381-0.061425740904473405j),(-0.3282183506683316-0.07846536017842819j)
5036036036.036036,(-0.0034467170020652527+0.006986308987056156j),(-0.014796098011669659-0.0021284826601773756j),(0.21518719267699757-0.9065913772892493j),(-0.135483230848642-0.03122176283949896j),(0.15082977184723725-0.7756092673223363j),(-0.5060624711967009-0.09144197136028487j),(-0.3059767530110018-0.059203384439714186j),(0.03217871041488101-0.06549105498345636j),(0.03217871041487925-0.0654910549834568j),(-0.3355689490343412-0.06346034976006898j)
5045045045.045045,(-0.002818526219072623+0.00728703465769015j),(-0.014958212902824758-0.0015342358625472542j),(0.1622279666570512-0.9172547313979218j),(-0.13861662690597906-0.024109182649655097j),(0.11116977269931065-0.779744836750923j),(-0.5140376031989656-0.06854191348364055j),(-0.31136890214964774-0.04479131220410056j),(0.025529096978870427-0.06875494732349934j),(0.025529096978869962-0.06875494732349859j),(-0.34128532795529704-0.04785978392919486j)
5054054054.054054,(-0.0021606078652676095+0.007515139734635856j),(-0.0150634034921939-0.0009330062122306602j),(0.10878647103947175-0.9248861921025284j),(-0.14090516785058663-0.01668614869217316j),(0.07175122409131121-0.7825569853227503j),(-0.5196415457500578-0.045085130115250054j),(-0.31520995330812834-0.029952633191481063j),(0.018517623474079974-0.07116460338988909j),(0.018517623474080664-0.07116460338988966j),(-0.3453367602925162-0.03181864561594184j)
5063063063.063063,(-0.0014825727076723423+0.007667807868685261j),(-0.01511245765506164-0.00032846869974630967j),(0.055025464211076874-0.9294697707365067j),(-0.1423196231987452-0.009051580085535067j),(0.03249695388044309-0.7841038423594933j),(-0.522859878174172-0.021272212012588405j),(-0.317477293031397-0.014833427349315597j),(0.011264255165316402-0.07268296418850648j),(0.011264255165317295-0.07268296418850576j),(-0.3477022083415205-0.015490364748808085j)
5072072072.072072,(-0.000794212667782665+0.007743445001821558j),(-0.015105973825258384+0.0002759670180383435j),(0.0011074261413265953-0.9309962776574164j),(-0.14284205022492721-0.0013069124984581362j),(-0.0066757320976661184-0.784418942769819j),(-0.5236852923431964+0.0027003468752958434j),(-0.31815769745880335+0.0004207501703804869j),(0.003891579119496397-0.07328866744379894j),(0.003891579119496345-0.07328866744379951j),(-0.3483696451093203+0.000972684206457151j)
5081081081.081081,(-0.00010538655268196861+0.007741672032759883j),(-0.015044321860436707+0.0008770250999225963j),(-0.05280536143958263-0.9294631809347196j),(-0.14246597479767492+0.006445126220331979j),(-0.045851980704018434-0.7835112030992754j),(-0.5221167230327832+0.026638032148843444j),(-0.31724702705479235+0.015664554084665123j),(-0.003476690367782135-0.07297598891772179j),(-0.0034766903677820645-0.07297598891772226j),(-0.34733567077566596+0.017418604284510666j)
5090090090.09009,(0.0005740900369755331+0.007663319509001565j),(-0.014927633393507556+0.0014714294693118635j),(-0.10655071533574037-0.9248745500995407j),(-0.14119645370894315+0.01410174822515503j),(-0.08511640868232226-0.7813649369425221j),(-0.5181591211660945+0.05034612079366746j),(-0.31475015404401124+0.03075250504009949j),(-0.01071715332670879-0.07175480657850927j),(-0.010717153326709325-0.07175480657850947j),(-0.34460542083102647+0.033695363978723j)
5099099099.099099,(0.0012345550898085755+0.007510424744171407j),(-0.014755821474457365+0.0020557708990953036j),(-0.15996644944323424-0.917241086635837j),(-0.1390500188169497+0.021561337538169627j),(-0.12455010881030798-0.7779398992718035j),(-0.5118238671124309+0.07362750943071797j),(-0.31068112149023275+0.04553865258534819j),(-0.01770817031646373-0.06965059368201663j),(-0.017708170316462588-0.06965059368201755j),(-0.3401927644391479+0.049650194383539445j)
5108108108.1081085,(0.0018666152706416778+0.007286230492155377j),(-0.014528629501320917+0.0026263789338251235j),(-0.21289028938146792-0.9065802399783773j),(-0.13605450302492614+0.028724673511683698j),(-0.1642275483049625-0.7731713792674535j),(-0.5031298259661128+0.09628064715572299j),(-0.3050635349941985+0.059876281399878356j),(-0.024331370538252406-0.06670443035546159j),(-0.02433137053825276-0.0667044303554612j),(-0.3341207939968405+0.06512903926752807j)
5117117117.117117,(0.0024612698950068346+0.006995183030002017j),(-0.014245709572570611+0.003179202654408537j),(-0.26515982063035404-0.8929164048885911j),(-0.13224874785332408+0.03549613755775832j),(-0.20421326776133197-0.7669703917009106j),(-0.49210505005559524+0.11809766880505582j),(-0.29793118938188884+0.07361770052699852j),(-0.03047327643451079-0.06297300659384032j),(-0.03047327643451135-0.06297300659384032j),(-0.3264226085270304+0.07997610583581591j)
5126126126.126126,(0.003010047538674371+0.006642926187359954j),(-0.01390673037614465+0.0037097048510331375j),(-0.31661248682556464-0.8762811932445747j),(-0.12768219221567406+0.04178489429364106j),(-0.24455829883910532-0.7592240484681588j),(-0.4787891335717616+0.13886283862775123j),(-0.289328932517573+0.08661416160966297j),(-0.036027093993229516-0.058528572388207925j),(-0.03602709399322952-0.05852857238820708j),(-0.3171423932698628+0.09403357131172882j)
5135135135.135136,(0.0035051583324394453+0.006236286503445487j),(-0.013511514466941682+0.0042127749566442385j),(-0.3670856536831911-0.8567137705476702j),(-0.12241434205750373+0.04750603749207591j),(-0.2852962352485484-0.7497962247629213j),(-0.46323621771599793+0.15835143426334516j),(-0.2793137654198091+0.09871596092106646j),(-0.040894709217321-0.053458772892374586j),(-0.040894709217321475-0.053458772892373704j),(-0.3063367943536925+0.10714151083435475j)
5144144144.144144,(0.0039396639540014156+0.005783243312615538j),(-0.013060204169940054+0.0046826670530113745j),(-0.4164167524418811-0.834261244863586j),(-0.11651412083347154+0.05258169028238943j),(-0.32643891639014394-0.7385286682127497j),(-0.44551862946555565+0.17632922533569778j),(-0.26795617097957375+0.1097727907560323j),(-0.0449889180258688-0.04786628832541791j),(-0.04498891802586842-0.04786628832541846j),(-0.2940765793194534+0.11913812486205495j)
5153153153.153152,(0.0043076658552164415+0.00529287621312885j),(-0.012553454269183792+0.005112970306062427j),(-0.4644435147295206-0.8089790935333878j),(-0.11005910143706661+0.056942047992125856j),(-0.36797171880030044-0.725242732682283j),(-0.4257311100427908+0.19255272771117493j),(-0.2553416514707448+0.11963441754558786j),(-0.04823589796460991-0.0418681804255521j),(-0.04823589796461045-0.04186818042555285j),(-0.2804485600091126+0.12986035815771318j)
5162162162.162163,(0.004604510251515648+0.004775281170891377j),(-0.01199264799333849+0.005496620181479228j),(-0.5110043083927148-0.7809316108697886j),(-0.10313462120052305+0.06052635093400979j),(-0.40984850006644546-0.7097419486192156j),(-0.4039955475541834+0.20677044013160475j),(-0.24157243638401488+0.12815177535132805j),(-0.05057790416313492-0.035594831125286365j),(-0.0505779041631339-0.03559483112528583j),(-0.26555773237069175+0.1391450157142861j)
5171171171.171171,(0.004827005763068215+0.004241445626853635j),(-0.011380130494107618+0.005825959537454253j),(-0.5559385810904665-0.7501923582613814j),(-0.09583278297137483+0.06328377342289719j),(-0.45198630552969266-0.6918156642806899j),(-0.38046606954043816+0.21872528949261116j),(-0.22676929576179908+0.13517857192029994j),(-0.051976137780387406-0.029188346990345827j),(-0.05197613778038691-0.02918834699034653j),(-0.24952955675001404+0.14683049099520806j)
5180180180.18018,(0.004973646286587807+0.00370307266699349j),(-0.010719450986755363+0.006092858918370712j),(-0.5990874153820588-0.7168445967103427j),(-0.08825134704596957+0.06517421445175675j),(-0.49426003128633267-0.6712440003965867j),(-0.3553342739700631+0.22815851754103084j),(-0.211073359521261+0.14057350707802313j),(-0.05241369204786304-0.02280029815687774j),(-0.052413692047862816-0.022800298156877896j),(-0.2325122614947718+0.15275922491476435j)
5189189189.189189,(0.005044827728101886+0.0031723449094844813j),(-0.010015601019338127+0.006288904734724612j),(-0.6402941956790861-0.6809816808960197j),(-0.08049252087643367+0.06616897486460584j),(-0.5364973370144435-0.6478043461677951j),(-0.3288342822901461+0.23481522624700835j),(-0.1946478005639518+0.1442031958210824j),(-0.05189842933232159-0.016588667364112485j),(-0.051898429332321666-0.016588667364112825j),(-0.21467900260262773+0.1567810052905318j)
5198198198.198198,(0.005043042811309795+0.0026616206596476455j),(-0.009275232132353102+0.00640566210518273j),(-0.6794053838470979-0.6427073934513534j),(-0.07266165592015517+0.06625130563355049j),(-0.5784742147924247-0.6212795766186623j),(-0.3012471897999081+0.2384517509707154j),(-0.1776791907276784+0.14594586619695019j),(-0.050465584527336516-0.010713908416345903j),(-0.05046558452733688-0.010713908416345556j),(-0.19622965499238482+0.15875719040731565j)
5207207207.207207,(0.004973033656469117+0.002183058492873202j),(-0.008506831829877028+0.006435015534374276j),(-0.7162713965095902-0.6021361983177371j),(-0.06486586370327518+0.065416812062731j),(-0.6199117361246087-0.5914680792924574j),(-0.27290437614506063+0.23884493866604842j),(-0.1603782880942908+0.14569585983001518j),(-0.048179830192490766-0.005334059512640227j),(-0.04817983019249119-0.0053340595126401685j),(-0.17739195175404518+0.158565890898764j)
5216216216.216216,(0.004841877807756023+0.0017481720983257287j),(-0.0077208329170565665+0.006369584948777991j),(-0.7507475733172851-0.5593933928517691j),(-0.05721256603698356+0.06367369947700574j),(-0.6604746032494612-0.5581955327013937j),(-0.24418903783361878+0.23580326320470485j),(-0.14297996901824475+0.14336889639207712j),(-0.04513648503391225-0.0005989300751876455j),(-0.04513648503391183-0.0005989300751879992j),(-0.15842163485235763+0.15610806628963345j)
5225225225.225225,(0.004658980742812013+0.0013673251120683294j),(-0.006929628740546423+0.006203206747888934j),(-0.7826952216997036-0.5146151398251175j),(-0.049807997258041914+0.06104284726430764j),(-0.6997721999028067-0.5213281752342311j),(-0.21553523801137736+0.22917950677437746j),(-0.12574198889416294+0.13890797027145393j),(-0.04146151089844821+0.0033565177045565544j),(-0.041461510898448545+0.0033565177045571867j),(-0.1396012463752562+0.15131438376723125j)
5234234234.234234,(0.004435947720844158+0.0010491855950287843j),(-0.0061474667954509385+0.005931459636882068j),(-0.811982720022469-0.4679483626044867j),(-0.04275567925224175+0.0575577000678952j),(-0.7373628424514449-0.4807870458798731j),(-0.18742376497931135+0.21888447962200547j),(-0.1089422553203255+0.13228963020806836j),(-0.03730993878551161+0.0064193416376933715j),(-0.037309938785511816+0.006419341637693372j),(-0.12123718891122758+0.14415254948183243j)
5243243243.243243,(0.004186311297703971+0.0008001710539255746j),(-0.005390196720148739+0.005552203802785864j),(-0.8384866577489029-0.41955048962566877j),(-0.03615489274113975+0.05326396749181928j),(-0.7727618435279716-0.43656238527119917j),(-0.16037418133229608+0.20490095825006494j),(-0.09287434031656912+0.1235302590681563j),(-0.03286240711046561+0.00850594782276507j),(-0.032862407110466514+0.008505947822764929j),(-0.10365473375686649+0.134634666673728j)
5252252252.252253,(0.003925098978889985+0.0006239260958083581j),(-0.004674856912941321+0.005066090842404752j),(-0.862092988271592-0.3695890377753584j),(-0.030099170738208118+0.04821912689770355j),(-0.8054537897299194-0.38872709239644787j),(-0.1349326574673797+0.1872967296991734j),(-0.07784105718985265+0.11269183745603378j),(-0.028319599270836177+0.009569027310545106j),(-0.02831959927083593+0.009569027310544667j),(-0.08719077101573512+0.12282401914084323j)
5261261261.261261,(0.0036682387942823524+0.0005208839286933165j),(-0.004019097373652011+0.0044769927661456495j),(-0.8826981676759369-0.3182410284406014j),(-0.024674842066523657+0.042491727723100295j),(-0.8349090886664647-0.33744789144516113j),(-0.11165553053450608+0.16623538931864712j),(-0.06414608892686294+0.09988656575472804j),(-0.02389453950473616+0.009603431502279889j),(-0.023894539504735794+0.009603431502279939j),(-0.0721842836741669+0.10884055128701929j)
5270270270.27027,(0.0034318186324390765+0.0004879674975190873j),(-0.003440454472713357+0.00379229386070689j),(-0.9002102509751087-0.26569223473301073j),(-0.019959654215382865+0.036160500206168775j),(-0.8606043687781022-0.2829927395412255j),(-0.09108900259542335+0.14198341630957806j),(-0.05208387393269001+0.0852796643971664j),(-0.019802941098503307+0.008650252404107477j),(-0.019802941098503824+0.008650252404107012j),(-0.0589647828781163+0.09286425211858036j)
5279279279.27928,(0.0032312362822178864+0.000518483606430295j),(-0.002955514495885169+0.003022991664230427j),(-0.9145499164856341-0.2121362636576214j),(-0.01602150541795101+0.02931327638427299j),(-0.882045760969773-0.22573306491486222j),(-0.07374594680609828+0.11491211066112841j),(-0.04192821161613906+0.0690897018584704j),(-0.016252077757930767+0.006798400628620079j),(-0.016252077757931107+0.006798400628620507j),(-0.04783924060791018+0.07513568518693099j)
5288288288.288288,(0.003080298268602011+0.0006022521485962024j),(-0.002579023980097961+0.0021835645665510828j),(-0.9256513891763762-0.15777348263564922j),(-0.012917315465982137+0.022045736613965472j),(-0.8987935326381564-0.1661397142338802j),(-0.06008134942584659+0.08549326473927202j),(-0.03392030846581623+0.0515859361100678j),(-0.013428928269110263+0.0041831157991156585j),(-0.013428928269109889+0.004183115799115263j),(-0.039078356426012595+0.05595306524316963j)
5297297297.2972975,(0.002990342697739512+0.0007259922252234249j),(-0.0023230220056058397+0.0012915839116681826j),(-0.9334632351914287-0.10280980559245767j),(-0.010692063261012005+0.014460000429137478j),(-0.9104860878663652-0.10477201743827075j),(-0.05046837268335298+0.05428797281114684j),(-0.028257195966576134+0.03308240270847435j),(-0.011488573662532229+0.0009811059229072779j),(-0.011488573662532413+0.0009811059229056615j),(-0.03290323997778883+0.03566557053180991j)
5306306306.306306,(0.002969470177495881+0.000873959218758557j),(-0.0021960784779913468+0.0003670762175679706j),(-0.937949002443963-0.047455359488445814j),(-0.00937801630089317+0.006663086019998956j),(-0.916861104952895-0.042260105035235376j),(-0.04517726647117328+0.021928708730738274j),(-0.025081562908042133+0.013928821157800505j),(-0.010543948745533771-0.0025976272266055437j),(-0.010543948745533068-0.002597627226604845j),(-0.02947371986402401+0.014662973592936765j)
5315315315.315315,(0.0030219641055208024+0.0010287956761641345j),(-0.002202719671837595-0.0005683276456807714j),(-0.9390876862363927+0.008076942669594519j),(-0.008994173174571012-0.0012347323889982482j),(-0.9177716436447574+0.02071856395285058j),(-0.04435929590843306-0.01090437449404236j),(-0.0244740148696641-0.00550122579583986j),(-0.01065802129581752-0.006320810641628948j),(-0.010658021295817159-0.00632081064162712j),(-0.028879454213340032-0.006637881087200759j)
5324324324.324325,(0.003147965940170583+0.001172529620404681j),(-0.002343106641661645-0.0014923902281729629j),(-0.9368740041817587+0.06357289205174373j),(-0.009545934778131593-0.009121635862624107j),(-0.9131954554431809+0.08346672801056582j),(-0.04803745103766138-0.04351119215979836j),(-0.02644858626623531-0.024824023783038378j),(-0.011839274369288465-0.009946917979411602j),(-0.011839274369289955-0.009946917979410424j),(-0.03113479954955755-0.027808804239384102j)
5333333333.333333,(0.003343444034025478+0.0012876324486092924j),(-0.0026130050778094393-0.0023833246635021135j),(-0.9313184710291424+0.11881850422478621j),(-0.011025013616794069-0.016886004511272708j),(-0.903236433452282+0.1452965896957153j),(-0.05610500201464902-0.07520121308982997j),(-0.03095200273791171-0.04366028413704939j),(-0.0140410187884305-0.013239042735464647j),(-0.014041018788429942-0.013239042735464439j),(-0.036178012893531473-0.04842693346405325j)
5342342342.342342,(0.003600460525098048+0.0013580394904552096j),(-0.003004051108059305-0.003220814575209542j),(-0.9224472709370741+0.1736015347544283j),(-0.013409583606598635-0.02441815607867049j),(-0.8881180325545308+0.20555825309354883j),(-0.0683320690153773-0.1053221170776346j),(-0.03786677520292838-0.061649322002943215j),(-0.017164619191271872-0.015978359169560457j),(-0.01716461919127211-0.01597835916955995j),(-0.04387487741904777-0.06809095115336182j)
5351351351.351352,(0.003907705788276927+0.0013700416267449361j),(-0.003504282559539912-0.003986905405077356j),(-0.9103019318104263+0.2277129559069906j),(-0.016664665711982135-0.031612042090136475j),(-0.8681694161481052+0.26366488456185155j),(-0.08437945080984056-0.13328518108579054j),(-0.04701777570137123-0.07846170618288607j),(-0.0210662578311608-0.017975964327429955j),(-0.021066257831158793-0.017975964327431367j),(-0.05402634082045174-0.08643551699304083j)
5360360360.36036,(0.00425124043891556+0.001312974953645657j),(-0.004098875693122315-0.004666694432479898j),(-0.8949388130192475+0.2809483621512884j),(-0.020742738041278744-0.03836686623182333j),(-0.8438058739829082+0.31911262254886597j),(-0.10381816783949234-0.15858542419907715j),(-0.05818157724726333-0.09380945078297047j),(-0.025566469518169533-0.01908213019878934j),(-0.025566469518169377-0.01908213019878826j),(-0.06637932863350796-0.10314283964792993j)
5369369369.3693695,(0.004615365829766016+0.0011796633323154782j),(-0.004771008380588415-0.005248774617164387j),(-0.8764284237205524+0.33310927557681136j),(-0.025584553096064486-0.044588592962474416j),(-0.8155055741678343+0.3714939848199862j),(-0.1261526573137169-0.18081526403883624j),(-0.07109759682430254-0.10745315388349119j),(-0.03046142477635952-0.019192354621588272j),(-0.030461424776357576-0.019192354621587j),(-0.08063961358547907-0.11795070311781937j)
5378378378.378378,(0.004983537774954361+0.0009666001371399779j),(-0.005502764499257847-0.0057254188847545295j),(-0.8548545937973075+0.38400432685314945j),(-0.03112014003224731-0.05019131874364788j),(-0.7837848956663807+0.4205043462555408j),(-0.15084537485180227-0.19967126239447075j),(-0.0854799929427674-0.1192058716843047j),(-0.035534849065464696-0.01825000970119602j),(-0.03553484906546332-0.018250009701194683j),(-0.09648552194128247-0.13065670945381352j)
5387387387.387387,(0.005339244344585492+0.0006738848653729534j),(-0.0062760004436300115-0.006092520841113523j),(-0.8303135229540253+0.43345029257170326j),(-0.03726996619219648-0.05509848332811098j),(-0.7491744462831074+0.4659418365673033j),(-0.17734069882505824-0.21495431430486042j),(-0.1010293320649973-0.12893387797537212j),(-0.04056953833545907-0.016245771997799818j),(-0.04056953833546094-0.016245771997799245j),(-0.1135813329522573-0.1411189196575994j)
5396396396.396397,(0.005666784104074896+0.00030495303839722654j),(-0.007073110203847072-0.00634933069068104j),(-0.8029127357421482+0.4812729753637793j),(-0.04394622982230656-0.059243903902203104j),(-0.7121974787632745+0.5077016164016739j),(-0.20508642632489196-0.22656424430256789j),(-0.11744321786975273-0.13655474341170476j),(-0.045357628489438265-0.013214320518948136j),(-0.04535762848943491-0.013214320518946505j),(-0.13158943827744612-0.14925340479306576j)
5405405405.405405,(0.0059519019510637095-0.00013384836535490496j),(-0.007877646264761763-0.006498038968654897j),(-0.7727699713090794+0.527307918768167j),(-0.05105425471272634-0.06257262022990243j),(-0.6733518822230433+0.545765867778102j),(-0.23355168557813888-0.23449015144203567j),(-0.1344253238806715-0.1420333468673142j),(-0.04970904454301896-0.009228974504968906j),(-0.04970904454301785-0.009228974504965681j),(-0.15018061641019348-0.1550294248046242j)
5414414414.414414,(0.0061822614767895745-0.0006337830676274026j),(-0.008674775385872094-0.006543265363743965j),(-0.7400120366065678+0.5714009541932222j),(-0.05849395734249577-0.06504154406531856j),(-0.6330963589545245+0.5801909727077731j),(-0.26224065742062463-0.23879798312071887j),(-0.15169253199568777-0.14537649822927462j),(-0.05345783882602099-0.004395009257274828j),(-0.05345783882602263-0.004395009257275526j),(-0.1690420827674329-0.15846302895676248j)
5423423423.423424,(0.006347752142583041-0.0011842914240227653j),(-0.009451567727102775-0.006491506874782456j),(-0.7047736508113238+0.6134085823175712j),(-0.0661613578210314-0.06661991082984522j),(-0.5918408876931418+0.6110932886643033j),(-0.2907020081702234-0.23961675308027142j),(-0.16898011526852488-0.14662682508027583j),(-0.05646638155909161+0.0011576468266335184j),(-0.05646638155908955+0.0011576468266333156j),(-0.18788325072273-0.15960983882984067j)
5432432432.432432,(0.006440644422183117-0.0017735546969216975j),(-0.010197132696817851-0.006350591202078641j),(-0.6671963069534252+0.6531981957944504j),(-0.07395010732707442-0.06728953579028862j),(-0.549941179783118+0.638634722746592j),(-0.31853433185916613-0.23712461274333965j),(-0.1860450868963024-0.14585648306473561j),(-0.058627563585153745+0.007281736523929348j),(-0.05862756358515434+0.007281736523929577j),(-0.20643935228993812-0.15855766546889255j)
5441441441.441442,(0.006455615660287517-0.002389023342606711j),(-0.010902624561609231-0.006129170196165067j),(-0.627427174354421+0.6906481540909839j),(-0.08175300671213315-0.06704488066188388j),(-0.5076965755846247+0.6630090247485217j),(-0.34538816008096984-0.23153570405157772j),(-0.20266795883494204-0.14316112216056542j),(-0.05986529938489815+0.013819564671232003j),(-0.05986529938489897+0.013819564671231188j),(-0.22447320795816086-0.1554194625528959j)
5450450450.450451,(0.006389674030594095-0.0030178866233292467j),(-0.011561145568540737-0.005836276585877091j),(-0.5856180625735882+0.7256477246564608j),(-0.08946349332298359-0.06589293965683504j),(-0.4653506984480794+0.6844294209576769j),(-0.3709652292156062-0.22308842422457287j),(-0.21865321570075397-0.13865440535482626j),(-0.0601336820627546+0.020609151849392205j),(-0.06013368206275478+0.02060915184939266j),(-0.24177550683783594-0.15032695852658123j)
5459459459.459459,(0.006242008585402803-0.0036474714324833957j),(-0.012167575034261122-0.005480956661884383j),(-0.5419244642667365+0.7580969073362842j),(-0.09697707578035743-0.06385295648347161j),(-0.4230941589450685+0.7031179370794192j),(-0.39501572126779405-0.21203546005789187j),(-0.2338288234898148-0.13246325160879754j),(-0.059415152660833796+0.027489485128431766j),(-0.05941515266083366+0.02748948512843287j),(-0.2581639735583367-0.14342516493256643j)
5468468468.468469,(0.0060137911685209655-0.004265566845161273j),(-0.012718350750085705-0.005071982995385603j),(-0.49650469079490733+0.7879061610076519j),(-0.1041926993058396-0.060955985668378045j),(-0.3810686520600389+0.7192965342620457j),(-0.4173341467859744-0.19863572551086667j),(-0.2480450722958213-0.12472387259423638j),(-0.05771801936743448+0.03430481337280268j),(-0.057718019367432746+0.03430481337280164j),(-0.2734817737959928-0.13486783858500845j)
5477477477.477477,(0.005707952078001399-0.004860677256682322j),(-0.013211225304181812-0.004617644940033798j),(-0.4495191106957879+0.814996052803572j),(-0.11101402709720873-0.05724431283720364j),(-0.3393718845893469+0.7331800156962618j),(-0.4377544465218093-0.18314817024509672j),(-0.2611730115053273-0.11557859660111616j),(-0.055073613053220935+0.04090801855365505j),(-0.05507361305322009+0.04090801855365536j),(-0.28759546211369086-0.12481388648118405j)
5486486486.486486,(0.005328946772237525-0.005422211138738309j),(-0.013645015492624299-0.004125610504377587j),(-0.4011294973596655+0.8392968510238421j),(-0.11735062610065856-0.052770749282447j),(-0.29806288405244463+0.7449705508270592j),(-0.4561447777353381-0.1658273165164732j),(-0.2731026864253742-0.10517342239508279j),(-0.051533306653610195+0.04716315009839134j),(-0.05153330665361095+0.04716315009839207j),(-0.3003927174106226-0.1134246434038373j)
5495495495.495496,(0.004882526305605622-0.005940614750706674j),(-0.014019358575770205-0.0036028508613228476j),(-0.3514984885432053+0.8607480829327046j),(-0.12311904821292695-0.04759781632242785j),(-0.2571673558604851+0.7548536017272627j),(-0.4724023395716107-0.14692031914774523j),(-0.2837413353164987-0.09365621687376414j),(-0.047165566341359384+0.05294724060272094j),(-0.04716556634136039+0.052947240602720005j),(-0.31178005246803914-0.10086191859640886j)
5504504504.504504,(0.004375519988686044-0.006407461011983806j),(-0.01433448516938006-0.0030556178531042366j),(-0.3007891567983112+0.8792980781603621j),(-0.12824380038000815-0.041796834687261586j),(-0.21668286090363056+0.7629950109323638j),(-0.48644849122223793-0.12666531733282993j),(-0.2930116606317432-0.08117545815694215j),(-0.042053147947339324+0.05815153361399956j),(-0.04205314794734194+0.058151533614000286j),(-0.3216806309705026-0.08728669386314997j)
5513513513.513514,(0.0038156352118286913-0.006815503587905503j),(-0.01459101526211655-0.0024894649275363674j),(-0.24916468657478114+0.8949035174152151j),(-0.1326581991728143-0.03544693354295572j),(-0.176583675276772+0.7695390112688658j),(-0.49822433255479764-0.10529084676509226j),(-0.3008502506016895-0.06787942522648763j),(-0.03629050564900489+0.0626822530731757j),(-0.0362905056490046+0.0626822530731748j),(-0.3300322811259219-0.07285835508156029j)
5522522522.522523,(0.0032112765146229683-0.0071587054278617335j),(-0.014789781288640488-0.0019093026297556746j),(-0.19678815073512226+0.9075290047439366j),(-0.13630510716870725-0.02863399288117789j),(-0.1368252657608628+0.7746069365756683j),(-0.5076868514056228-0.08301609639421324j),(-0.3072061979985243-0.053915742007940054j),(-0.029981442487129153+0.06646103408413412j),(-0.029981442487130132+0.06646103408413291j),(-0.3367857605758057-0.05773434726745135j)
5531531531.531531,(0.0025713837938484696-0.007432249801885671j),(-0.014931680326588481-0.0013194807756353975j),(-0.14382237654547375+0.9171466797187207j),(-0.13913754982938772-0.02144953196158819j),(-0.09734836969026708+0.7782964404009451j),(-0.514805694031508-0.06005181830156961j),(-0.31203994160385934-0.03943119435594322j),(-0.023237003427604024+0.0694251196588879j),(-0.023237003427602383+0.06942511965888654j),(-0.34190330225703613-0.04207015590721422j)
5540540540.540541,(0.0019052879338496143-0.0076325405121624446j),(-0.01501755623783775-0.000723890528442594j),(-0.09042988891070687+0.9237358837542646j),(-0.1411192125420268-0.01398955539634263j),(-0.05808270812825592+0.7806810625339404j),(-0.5195605830957755-0.03660172604653325j),(-0.3153223415810633-0.024571750192995352j),(-0.016173590391225484+0.07152741061016227j),(-0.01617359039122561+0.07152741061016374j),(-0.34535745405673873-0.026019531249880865j)
5549549549.549549,(0.0012225810119266788-0.00775719653756296j),(-0.015048111827570626-0.00012608063666434384j),(-0.03677291672174671+0.9272828923301522j),(-0.1422248181057333-0.006353367406148346j),(-0.018950389526445566+0.7818100172461835j),(-0.5219393881908081-0.012864242434684401j),(-0.3170339913207001-0.009482724283751522j),(-0.008911263597652033+0.07273643754198408j),(-0.008911263597649+0.07273643754198372j),(-0.3471302149758414-0.009734885557081048j)
5558558558.558558,(0.0005329974747819571-0.007805044973953956j),(-0.015023850732469646+0.00047061703037676707j),(0.01698655331331405+0.9277807222772633j),(-0.14244038524258684+0.0013576361631458356j),(0.020130920103512726+0.7817081105138007j),(-0.5219368443283345+0.010965520561224056j),(-0.3171647640529907+0.005690961331807942j),(-0.0015721833950987222+0.07303630588173135j),(-0.0015721833950999857+0.07303630588173113j),(-0.34721246551793056+0.0066321953925620215j)
5567567567.567568,(-0.00015369778562077802-0.007776114789572686j),(-0.014945048662169905+0.0010629568513535765j),(0.07068669207171432+0.9252290205346361j),(-0.14176336875033674+0.009041189225852788j),(0.0592449727708798+0.7803757255350199j),(-0.5195539112740928+0.03469365057899603j),(-0.3157135913500451+0.02080446305107092j),(0.005720859650417234+0.07242664749980834j),(0.005720859650417185+0.07242664749980726j),(-0.34560368867438424+0.022930376753777553j)
5576576576.576576,(-0.0008278187727419756-0.007671632622473501j),(-0.014811753705337036+0.0016476475176923928j),(0.1241657300558471+0.9196340379431704j),(-0.14020268176404288+0.01659538191678294j),(0.09847396585831195+0.7777888465783103j),(-0.5147977685294729+0.058125282998712946j),(-0.3126884714414203+0.035712684940055604j),(0.012845882098766697+0.07092259568242934j),(0.012845882098768286+0.07092259568242944j),(-0.34231197885209586+0.039007979975439824j)
5585585585.585586,(-0.0014798695179627508-0.007494020587709538j),(-0.014623815581854313+0.002221222441028268j),(0.17726186375860542+0.9110086887581847j),(-0.137778600335917+0.023919884035503557j),(0.13789552543939435+0.7738991211054393j),(-0.5076824448579276+0.08106249551758407j),(-0.30810670701506815+0.05026996733551552j),(0.01968316915960575+0.06855478382637233j),(0.019683169159605187+0.06855478382637292j),(-0.33735433817877675+0.05471241221757129j)
5594594594.594595,(-0.0021006612692116566-0.007246894808490778j),(-0.01438094388874206+0.0027799162740220693j),(0.22981318392831296+0.8993726936723365j),(-0.13452255026093607+0.030917157329637686j),(0.17757955199263206+0.768633989940612j),(-0.4982300853397996+0.10330233942698691j),(-0.30199537391162634+0.06432983210429069j),(0.026116815967839865+0.06536935186586193j),(0.0261168159678403+0.06536935186585989j),(-0.3307572616891097+0.06988966465233368j)
5603603603.603603,(-0.002681439705192745-0.0069350621127556855j),(-0.014082795463812844+0.0033195517006577233j),(0.28165764279550876+0.8847528012832053j),(-0.13047677585552597+0.037493648133839576j),(0.21758484157332247+0.7618969457311222j),(-0.48647286084539154+0.12463510760827448j),(-0.29439202288664584+0.07774482617039935j),(0.03203640061109306+0.06142792777604206j),(0.032036400611093724+0.06142792777604257j),(-0.32255761381427156+0.08438392957171448j)
5612612612.612613,(-0.003214025627005457-0.00656451102642408j),(-0.013729090887243486+0.0038354412793921364j),(0.33263307641243883+0.8671830801555979j),(-0.1256938903200398+0.043560951281856705j),(0.25795540752811913+0.7535680115682347j),(-0.47245552225848275+0.14484295515865134j),(-0.2853456154020175+0.09036651194086186j),(0.03733883444215982+0.05680753429368235j),(0.03733883444215999+0.05680753429368096j),(-0.3128037971765045+0.09803739449964655j)
5621621621.621622,(-0.003690971777464025-0.006142391849680795j),(-0.013319759760220859+0.00432230995384068j),(0.3825772969462611+0.8467052709607091j),(-0.1202363074583478+0.049036935392049355j),(0.29871644689530286+0.7435045644367679j),(-0.4562385922708584+0.16369900970031723j),(-0.274917690104382+0.10204566259234285j),(0.04193042502547809+0.051600353261970905j),(0.04193042502548016+0.051600353261970405j),(-0.30155720962482435+0.1106902825000237j)
5630630630.6306305,(-0.004105737268687265-0.005676979254006231j),(-0.01285511363624664+0.0047742448176162355j),(0.4313282680577246+0.8233691856730957j),(-0.11417555495465778+0.05384681865129175j),(0.3398699239137126+0.731542661402566j),(-0.4379021683844134+0.18096713324969949j),(-0.26318374803328876+0.11263273113287944j),(0.045729172072005345+0.045913262135264706j),(0.045729172072006094+0.04591326213526378j),(-0.2888939753057827+0.12218122076811154j)
5639639639.63964,(-0.004452879465783766-0.005177609559071206j),(-0.012336044225548418+0.005184679730024018j),(0.47872437439619364+0.7972331385257437j),(-0.10759147016983088+0.05792418316351721j),(0.38138978312015137+0.7174990582910191j),(-0.41755027904568875+0.19640252347879467j),(-0.2502348303822116+0.12197867359113239j),(0.048667295638020885+0.0398670401173625j),(0.04866729563802133+0.039867040117361904j),(-0.2749069188333081+0.1323480330511794j)
5648648648.648648,(-0.004728260982830523-0.004654583770340726j),(-0.011764242643781217+0.005546423273696491j),(0.5246047937612017+0.7683643914264542j),(-0.10057128055078458+0.06121191487377575j),(0.423216858929532+0.7011741377512626j),(-0.3953156878731138+0.2097533653852939j),(-0.23617924156816866+0.129936216855839j),(0.05069396741583571+0.0335951268375953j),(0.050693967415833846+0.03359512683759605j),(-0.2597077268557301+0.14102906340322993j)
5657657657.657658,(-0.00492926662303228-0.004119026779250801j),(-0.011142432956447457+0.005851739105264632j),(0.5688099776452668+0.7368395948902061j),(-0.09320857226101142+0.06366305512211146j),(0.46525361941488497+0.6823559809184606j),(-0.3713649766304421+0.22076375919861452j),(-0.2211443414892793+0.13636166805509795j),(0.051778179115191336+0.027241806985872682j),(0.05177817911519044+0.027241806985872752j),(-0.2434292074021745+0.14806514626562767j)
5666666666.666667,(-0.0050550216187048025-0.003582693123555858j),(-0.010474610060872941+0.006092487684280765j),(0.6111822427201066+0.7027452043101887j),(-0.08560215252968267+0.06524154912295203j),(0.5073589699087673+0.6608258172282953j),(-0.34590365530387346+0.2291781492488813j),(-0.20527829385590493+0.14111736150163637j),(0.051911636405668975+0.020959693540947337j),(0.05191163640567098+0.02095969354094726j),(-0.22622751397765112+0.153302336870197j)
5675675675.675675,(-0.005106598477313318-0.003057710724054419j),(-0.009766268129000673+0.0062603373131270845j),(0.6515664724100345+0.666177850641996j),(-0.07785481345077064+0.06592287620314817j),(0.5493434451717957+0.6363650612051084j),(-0.3191809492811239+0.2347474521161522j),(-0.1887516132369461+0.14407482684652323j),(0.0511115136191186+0.014906394718445022j),(0.05111151361912109+0.014906394718443274j),(-0.2082841494949483+0.15659550147277698j)
5684684684.684685,(-0.005087195348989548-0.002556256450855443j),(-0.009024601640536485+0.006347049976105558j),(0.6898109240804557+0.6272446443715961j),(-0.07007200748928002+0.06569454655742987j),(0.5909652314106264+0.608764082813294j),(-0.291493805099611+0.2372370200035433j),(-0.17175830465390882+0.1451187333043813j),(0.04942284633491438+0.009240280779151577j),(0.04942284633491527+0.009240280779150761j),(-0.18980750793498252+0.15781283325659148j)
5693693693.693694,(-0.00500226453450664-0.002090161615072361j),(-0.008258656907350864+0.0063448432338423025j),(0.7257681336375721+0.5860633920306275j),(-0.06236044769629211+0.0645564496750996j),(0.6319275701560576+0.5778327489140686j),(-0.26318954883917106+0.23643646644936656j),(-0.15451634136038073+0.14415161482839078j),(0.046920281740757706+0.00411532155827966j),(0.046920281740758275+0.004115321558280809j),(-0.17103365517508232+0.15684130129607532j)
5702702702.7027025,(-0.004859566237122914-0.001670451814952123j),(-0.007479408614917138+0.006246823119458997j),(0.7592959055813981+0.542762705552507j),(-0.05482664850840466+0.06252104052311912j),(0.6718781871925497+0.5434126097745724j),(-0.23466654281190805+0.23217121834770788j),(-0.13726718704523935+0.14109930631595424j),(0.043708859194424084-0.0003249521110330007j),(0.04370885919442351-0.00032495211103323457j),(-0.15222600427507343+0.15359295255487274j)
5711711711.711712,(-0.0046691208580874055-0.0013068340334417283j),(-0.006699734220542+0.0060474745459995j),(0.7902583728820445+0.4974819864552119j),(-0.047575425907031565+0.05961335108899291j),(0.7104114370100751+0.5053903848553716j),(-0.20637214118587974+0.2243154391117867j),(-0.12027404932591394+0.13591692055438942j),(0.03992346793598411-0.003954199200079931j),(0.03992346793598426-0.003954199200080631j),(-0.133673517766997+0.14801186964639051j)
5720720720.72072,(-0.004443034156197956-0.001007154129231358j),(-0.005934260165857394+0.005743185525419012j),(0.8185271075686371+0.4503712692051197j),(-0.04070837852545306+0.055870817025748046j),(0.747073827406794+0.46371213517006704j),(-0.17879727286786648+0.212805701534294j),(-0.1038185655308026+0.1285950737546014j),(0.03572664008092119-0.006670432982473451j),(0.03572664008092373-0.006670432982472822j),(-0.11568708586251719+0.1400814448054406j)
5729729729.72973,(-0.004195174556127446-0.0007768589667438153j),(-0.005199058905097927+0.005332770433351022j),(0.8439822597511657+0.40159091115808265j),(-0.03432237389317658+0.05134291191836818j),(0.7813734602204594+0.4183972189500228j),(-0.15246711011882763+0.197654499009267j),(-0.08819568310090402+0.11916593503046663j),(0.031304399765352306-0.008403153895970183j),(0.031304399765352584-0.008403153895970742j),(-0.09859380091110062+0.1298314758971685j)
5738738738.738739,(-0.003940691642379868-0.0006185078280408207j),(-0.004511185567730433+0.004817947194064413j),(0.8665137000636424+0.35131112017439503j),(-0.028508066264264074+0.0460905851071207j),(0.8127936699633724+0.36955085383937913j),(-0.12792753678656366+0.17896241092827953j),(-0.07370661595768316+0.10770855082363595j),(0.02686001505013494-0.009119866832492062j),(0.0268600150501345-0.009119866832492305j),(-0.08272898709314472+0.11734444521176418j)
5747747747.747747,(-0.003695379611785121-0.0005313852893782667j),(-0.003888057862477999+0.004203715756384979j),(0.8860221383633341+0.29971131533128037j),(-0.02334847424067519+0.04018550303902555j),(0.8408107563985623+0.31737390874195015j),(-0.1057275167469422+0.1569275385780631j),(-0.06064993763133062+0.0943528050521595j),(0.022605690982385265-0.008831296705335426j),(0.02260569098238468-0.008831296705335074j),(-0.0684260533562861+0.1027602365649295j)
5756756756.756757,(-0.003474908344808625-0.0005112699722053943j),(-0.003346701758954008+0.003498583038159017j),(0.9024201901033106+0.24697932104784293j),(-0.01891764750753167+0.0337090987256988j),(0.8649152107263653+0.2621684865114606j),(-0.08639796028910665+0.13185076650302807j),(-0.04931110213936445+0.07928134957620508j),(0.018752489688473907-0.007594582731808969j),(0.018752489688473074-0.007594582731808137j),(-0.05600450565727447+0.08627851565252145j)
5765765765.765766,(-0.003293965683660971-0.0005504082639301439j),(-0.002902906443995037+0.002714584862025287j),(0.9156333612847214+0.19331040029423036j),(-0.015279452263859255+0.026751438971333297j),(0.8846352826225956+0.20433799428531324j),(-0.07042823922551118+0.10413554040917297j),(-0.039950939300690186+0.06272890482822802j),(0.015499039331062933-0.0055137969955419445j),(0.015499039331063034-0.005513796995540827j),(-0.045756752188680014+0.06815807455227835j)
5774774774.774775,(-0.003165374133393628-0.0006377279581375045j),(-0.0025703517036526746+0.0018670695781877935j),(0.9256009234688447+0.13890613821205144j),(-0.01248650417460659+0.01940992444263915j),(0.8995612141627272+0.14438076662484034j),(-0.058242023206192185+0.07428122148786216j),(-0.03279391198674652+0.044978503387063114j),(0.013019854653057413-0.0027373142063952445j),(0.013019854653057128-0.002737314206394153j),(-0.03793461539405136+0.04871264254343845j)
5783783783.783784,(-0.0030992594365206183-0.0007593041449136806j),(-0.0023597851367303246+0.0009742307122368819j),(0.9322766521392176+0.08397319318959191j),(-0.01057927572545955+0.011787843149100412j),(0.9093680844658263+0.08287689997372498j),(-0.05017449230944875+0.042869670756398866j),(-0.02801709888072419+0.026354526240512665j),(0.011454283836695672+0.0005481466079335527j),(0.01145428383669575+0.0005481466079333898j),(-0.032736669154183336+0.028302987664986658j)
5792792792.792792,(-0.003102353371777611-0.000899061025454919j),(-0.00227833152080764+5.640465197886751e-05j),(0.9356294048441354+0.028721937891640032j),(-0.009585401629385341+0.003992803171631457j),(0.9138350703950517+0.02046871280212285j),(-0.046453119792697846+0.010545473168749469j),(-0.02574092919023322+0.007212733518212079j),(0.010897167224541333+0.00412661254475726j),(0.010897167224541267+0.004126612544759924j),(-0.030297592231849385+0.007325542822168764j)
5801801801.801802,(-0.003177506047348455-0.0010396630258929073j),(-0.0023290095839018886-0.0008648202984175603j),(0.9356435200085111-0.02663498244036975j),(-0.00951920141628301-0.003864924855943294j),(0.9128591052808622-0.042163950386457386j),(-0.047184042515817044-0.022008984709253304j),(-0.02602261238214838-0.01207213448418079j),(0.011392207363824807+0.007764483973044019j),(0.011392207363823327+0.007764483973043707j),(-0.030680631549951255-0.013801775081015835j)
5810810810.810811,(-0.0033234635754788022-0.0011635221994248934j),(-0.002510512060654292-0.0017676107720069941j),(0.9323190229292238-0.08188414332060782j),(-0.01038143267709613-0.01167412133747143j),(0.9064614202930927-0.10433164737701046j),(-0.05234553410586269-0.054101663872254256j),(-0.028852971330824595-0.03112028183285562j),(0.012928801318065302+0.011223752028200406j),(0.01292880131806616+0.011223752028202253j),(-0.033873995452134-0.0346555033768701j)
5819819819.819819,(-0.0035349378008284194-0.001253831810100886j),(-0.002817275705690639-0.002630921272748079j),(0.9256716319616289-0.13681285248600564j),(-0.012159281922305223-0.01932435087125096j),(0.8947862190065972-0.16536411025259387j),(-0.061789330205348776-0.08505986438024218j),(-0.0341570303581356-0.04956118635299829j),(0.015442706477515639+0.014275628883292934j),(0.015442706477515939+0.014275628883295286j),(-0.03979158176951888-0.054823028898494795j)
5828828828.828829,(-0.0038029606294636142-0.0012955318901813895j),(-0.0032398338181443397-0.00343545925819997j),(0.915732564844261-0.19121064521091802j),(-0.014826593065803162-0.02670767770507946j),(0.87809163700961-0.22463734820473216j),(-0.07524965402266508-0.1142575504086295j),(-0.04179828972609007-0.06704715479865461j),(0.018820463917325524+0.01671335149690768j),(0.018820463917325024+0.016713351496906344j),(-0.04827795736237832-0.07391807331505425j)
5837837837.837838,(-0.004115482670902559-0.0012761223902536811j),(-0.0037654110045106555-0.004164498269282717j),(0.902548152008324-0.24487073006922735j),(-0.018344326636450605-0.03372032709414751j),(0.8567340121717447-0.28159681200425324j),(-0.09235891681868336-0.14113874384314296j),(-0.05158621072305577-0.0832650371993624j),(0.02290706991828943+0.018363040967511943j),(0.02290706991828924+0.018363040967513913j),(-0.0591170327320789-0.09159403373792785j)
5846846846.846847,(-0.004458150239704584-0.0011862611661340727j),(-0.004378694249250869-0.004804476635840497j),(0.8861792701062114-0.2975913541965457j),(-0.02266123641565312-0.04026425856309006j),(0.8311471816796425-0.3357749093785898j),(-0.1126683776727456-0.1652352799138224j),(-0.0632861127949476-0.09794529260261621j),(0.02751604421328425+0.019091777591021403j),(0.027516044213285757+0.019091777591022277j),(-0.07204350129345165-0.10755424587429611j)
5855855855.855856,(-0.004815180316242451-0.0010201129140838539j),(-0.0050626999257933035-0.005345348165325087j),(0.8667006144812643-0.3491770608658782j),(-0.027714744679213244-0.04624862073618831j),(0.8018189203128319-0.3868019156357281j),(-0.13567164873731996-0.18617797363159394j),(-0.07663049678247309-0.11086794901856614j),(0.03244084708421661+0.018812427384924602j),(0.03244084708421767+0.01881242738492428j),(-0.08675589663406039-0.12155864534921586j)
5864864864.864865,(-0.005170251190027175-0.0007754456230920914j),(-0.005799654517312604-0.005780681692934546j),(0.8441998336353116-0.39943981690335506j),(-0.0334319928322671-0.05159106197762462j),(0.7692667023365942-0.434410127440482j),(-0.1608288645642392-0.2037010496001282j),(-0.09133077418094065-0.12186537409594143j),(0.03746656564935899+0.01748515526856284j),(0.037466565649359365+0.017485155268563302j),(-0.10293008321556608-0.13342673748181094j)
5873873873.873874,(-0.00550733584158003-0.00045349789562257325j),(-0.006571816165991173-0.006107533173253854j),(0.8187765518187337-0.4481999927633442j),(-0.039731041070751816-0.056218876202521306j),(0.7340147400287456-0.47843182057788725j),(-0.1875895637872022-0.21764040101482604j),(-0.10708848626298549-0.13082210543542003j),(0.04238090589499489+0.015115913907270392j),(0.04238090589499524+0.015115913907271156j),(-0.12023211859496859-0.14303717178192693j)
5882882882.882883,(-0.005811422327714477-5.865990611308991e-05j),(-0.007362181399780891-0.006326133433406468j),(0.790541307682255-0.49528718360321916j),(-0.0465221887612216-0.06006996853572825j),(0.6965738110474948-0.5187920959821722j),(-0.21541277268136888-0.22792676748272378j),(-0.12360529932151429-0.1376722345758199j),(0.04698374831738012+0.011752456189476774j),(0.04698374831738061+0.011752456189476193j),(-0.1383296621210764-0.15032450144263212j)
5891891891.8918915,(-0.006069086344761387+0.0004019787722475132j),(-0.008155042323039513-0.0064394451950976275j),(0.7596144375860205-0.540540865169896j),(-0.05370938639877512-0.06309363073248661j),(0.6574248435473742-0.5554979883202931j),(-0.24378332395576655-0.23457521174993531j),(-0.1405913128542312-0.1423949760461132j),(0.05109479701932335+0.007478561575197864j),(0.051094797019323686+0.007478561575198675j),(-0.1569013975003103-0.15527386643630872j)
5900900900.900901,(-0.006268901835502383+0.0009191593464873415j),(-0.008936380283945805-0.006452644897197823j),(0.7261249317988203-0.583810883521752j),(-0.06119171013236788-0.06525112123066135j),(0.6170066853693004-0.5886252762021541j),(-0.27222398738523196-0.23767234071050536j),(-0.15777146847485465-0.14500908607338525j),(0.054559123214760856+0.002407196340201882j),(0.054559123214760516+0.0024071963401988417j),(-0.17564422904274518-0.1579143758677815j)
5909909909.90991,(-0.006401693070217818+0.0014820117465942917j),(-0.009694099640353206-0.0063725799984563j),(0.6902092905893265-0.6249577824189856j),(-0.06886487077898029-0.06651604924216364j),(0.5757080190908921-0.6183043180784125j),(-0.30030345426718663-0.2373626016173043j),(-0.17489006288273007-0.14556674543127782j),(0.05725063574921686-0.0033267321702870364j),(0.05725063574921849-0.003326732170286756j),(-0.19427826216343624-0.1583119054281908j)
5918918918.918919,(-0.006460644474708566+0.002078599316093943j),(-0.01041811814338603-0.006207243246872565j),(0.6520104052552746-0.6638529765253174j),(-0.07662273083032345-0.06687456632383575j),(0.5338630413737737-0.644706006194143j),(-0.3276405620828633-0.23383475332376563j),(-0.191713528313207-0.14414741657692792j),(0.059073681940749516-0.009573485165587035j),(0.05907368194075139-0.00957348516558719j),(-0.21254976459997973-0.15656190307067375j)
5927927927.927928,(-0.0064412922250545734+0.0026964203843329315j),(-0.011100338273106566-0.0059652942869376155j),(0.6116764865889355-0.7003787823082314j),(-0.08435880504727518-0.066325372340264j),(0.49175031392374374-0.6680286458736704j),(-0.35390535815999746-0.22730932791800537j),(-0.20803174333052926-0.14085205584219684j),(0.05996308633259509-0.016175068217281492j),(0.05996308633259657-0.01617506821727975j),(-0.23023241987674342-0.15278264441607223j)
5936936936.936937,(-0.006341424804404527+0.003322847962274611j),(-0.011734527119283411-0.00565564790033244j),(0.5693600602610804-0.7344283216567817j),(-0.09196772270728551-0.06487954560919731j),(0.44959410178606235-0.6884862806469036j),(-0.37881769432838736-0.21802761196938517j),(-0.22365818139855342-0.13579793088895872j),(0.05988297923750928-0.022971020504937555j),(0.05988297923750881-0.022971020504939987j),(-0.24712723563711972-0.1471092266896241j)
5945945945.945946,(-0.0061609193409632446+0.0039454985551837796j),(-0.012316132125185814-0.005287138454513583j),(0.525217045238799-0.7659053157237278j),(-0.09934663229394455-0.06256020928794503j),(0.4075675165578965-0.7062987302947323j),(-0.4021440446647333-0.2062424237571207j),(-0.23842920635415277-0.1291141780680189j),(0.05882476434045053-0.02980329271449718j),(0.05882476434045046-0.029803292714496693j),(-0.26306147060452567-0.13968845497704632j)
5954954954.954955,(-0.0059015377890388465+0.0045525287983358975j),(-0.012842057376353383-0.004868262444046284j),(0.47940592775177293-0.7947237883241163j),(-0.1063965322744175-0.05940204771698718j),(0.36579684715824917-0.7216834071558065j),(-0.4236931757627902-0.19221076160090603j),(-0.25220279664225087-0.12093814221489971j),(0.05680454029676326-0.03652019058415383j),(0.05680454029675938-0.036520190584154524j),(-0.2778869113949573-0.13067466710299286j)
5963963963.9639635,(-0.005566702949336699+0.005132864127978032j),(-0.013310421195704553-0.004406995517802031j),(0.43208703960178585-0.8208076993855435j),(-0.11302351448258491-0.05545068750482285j),(0.32436656105112344-0.7348488309512524j),(-0.4433112016167944-0.17618825363857937j),(-0.26485693685398537-0.11141247505389848j),(0.05386023927533275-0.042979434217145396j),(0.053860239275329395-0.042979434217144896j),(-0.29147777924539375-0.1202264660895036j)
5972972972.972973,(-0.005161269803098889+0.005676367168380769j),(-0.01372031145586912-0.003910676915162618j),(0.38342194587985623-0.8440905294615639j),(-0.11913990940364354-0.05076195865575327j),(0.28332457197982447-0.7459896698668365j),(-0.4608764455424361-0.15842524690940668j),(-0.2762878660171709-0.1006829258674174j),(0.05004868695001604-0.049050429797363244j),(0.05004868695001527-0.04905042979736263j),(-0.3037284889289088-0.10850427969774282j)
5981981981.981982,(-0.004691303245079437+0.006173955300749212j),(-0.014071550831028179-0.0033859524270782905j),(0.33357294351802386-0.8645148362245667j),(-0.12466532524186463-0.04540105107008176j),(0.24268748080661606-0.7552830867328917j),(-0.4762944251992181-0.13916432430861084j),(-0.2864083243895132-0.088896735262268j),(0.04544273135570398-0.05461587474583761j),(0.04544273135570394-0.054615874745837525j),(-0.31455142605156927-0.09566864011642523j)
5990990990.990991,(-0.00416386939451413+0.006617677392223742j),(-0.014364480537672558-0.0028387664331040383j),(0.2827026686463217-0.8820318031966143j),(-0.12952757496617295-0.03944158136152491j),(0.20244559466705453-0.762886153265289j),(-0.4894931830976259-0.11863902109357309j),(-0.2951458984942268-0.07620153479444475j),(0.04012853698963398-0.05957282496566182j),(0.04012853698963251-0.05957282496566149j),(-0.3238748595695723-0.08187906766065337j)
6000000000.0,(-0.003586844402384548+0.007000759293992687j),(-0.01459976811989687-0.0022743938417646506j),(0.23097380752532398-0.896600799817477j),(-0.13366348750786933-0.03296458423029602j),(0.16256761200023218-0.7689341023547414j),(-0.5004191083873335-0.09707351777484238j),(-0.30244152982770445-0.0627446571608045j),(0.034203097762545924-0.0638333487313681j),(0.034203097762545986-0.06383334873136774j),(-0.3316410660674983-0.06729344484433392j)
6009009009.009009,(-0.0029687420875381954+0.007317626794350329j),(-0.014778242550927564-0.0016975035379290428j),(0.1785489029376651-0.9081889703569832j),(-0.1370196008940328-0.026057441700912842j),(0.12300492622566456-0.7735392098066233j),(-0.5090333371509119-0.07468310458329872j),(-0.3082482264715449-0.04867276960417658j),(0.02777198835600086-0.06732488027518034j),(0.027771988355999873-0.06732488027518073j),(-0.3378047115733997-0.052067776680035295j)
6018018018.018018,(-0.002318559773579587+0.007563913484416818j),(-0.014900758297045055-0.0011122459515593743j),(0.12559024539040078-0.9167708672236572j),(-0.13955273632518528-0.018812762482056638j),(0.08369555014852631-0.776790126252513j),(-0.5153087766240064-0.051675237376067884j),(-0.31252999817755067-0.034131753977502864j),(0.020947347620937123-0.06999037048557244j),(0.020947347620937317-0.06999037048557204j),(-0.34233151477164087-0.0363562458806212j)
6027027027.027027,(-0.0016456402733539266+0.007736459633636172j),(-0.014968088928255407-0.0005223584141400128j),(0.07225983633013378-0.9223281419736005j),(-0.1412304530563325-0.01132722262934937j),(0.044567698892178036-0.7787515126777331j),(-0.5192277713399478-0.028251030820783368j),(-0.31526102326988525-0.01926676831092654j),(0.013846068718977575-0.071788314647933j),(0.013846068718977833-0.07178831464792966j),(-0.34519720112639546-0.02031148513920558j)
6036036036.0360365,(-0.0009595469768497056+0.007833306786719563j),(-0.014980850250883887+6.871706901954403e-05j),(0.018719408819730714-0.9248493048460615j),(-0.14203138444654353-0.003700377680190368j),(0.005543093904211534-0.7794638663427134j),(-0.520780413327483-0.0046070585743243145j),(-0.31642504863612914-0.0042224351962765975j),(0.006588157457760376-0.07269271925167399j),(0.006588157457758694-0.07269271925167382j),(-0.3463867491378976-0.004085001058237822j)
6045045045.045045,(-0.0002699483471603967+0.007853691439125177j),(-0.014939452669116365+0.0006577082146863563j),(-0.034869510225451754-0.9243295610050419j),(-0.14194545575224854+0.003966544439592465j),(-0.03345993318007553-0.7789434563734463j),(-0.5199634913320402+0.01906265022480773j),(-0.31601502087302824+0.010856889117513533j),(-0.0007047885226887235-0.07269305231579698j),(-0.0007047885226874207-0.0726930523157971j),(-0.34589392621126086+0.012172305546886678j)
6054054054.054054,(0.0004134922596316995+0.007798039842831839j),(-0.014844082450788332+0.001241383046092926j),(-0.08834551309114133-0.920770728900044j),(-0.1409739842160685+0.011571861101787522j),(-0.07252344828242654-0.7771823194894367j),(-0.5167800729263715+0.042564514791284966j),(-0.3140329461204317+0.02582680490044342j),(-0.007911032404356835-0.07179420470530286j),(-0.007911032404357627-0.07179420470530169j),(-0.34372111102200864+0.02830957099262906j)
6063063063.063063,(0.0010812257164040662+0.007667964732394061j),(-0.014694711681994405+0.001816420372851171j),(-0.1415472170041813-0.9141812433206453j),(-0.13912966182007355+0.019014655032675985j),(-0.11172694100008876-0.7741482964164395j),(-0.5112397159049846+0.06570329571453146j),(-0.31048997718053395+0.040542555000752434j),(-0.014910138002046195-0.07001647345210359j),(-0.01491013800204663-0.07001647345210393j),(-0.33987940054452376+0.04417539574645595j)
6072072072.072072,(0.0017239294576149589+0.007466263521624605j),(-0.014491136856873324+0.002379283822291004j),(-0.19431318010507959-0.9045762428494017j),(-0.13643642081059415+0.02619598865467033j),(-0.15114427542423559-0.7697851190665247j),(-0.5033593092862496+0.08828006480729722j),(-0.3054067281915491+0.05485874290869303j),(-0.021584452340421837-0.06739556189143849j),(-0.021584452340421882-0.06739556189143808j),(-0.33438900190529475+0.05961731055327343j)
6081081081.081081,(0.002332627122452996+0.007196916278788212j),(-0.01423304617838432+0.002926103287972503j),(-0.24648184495112674-0.8919777385547862j),(-0.13292918184520935+0.0330201044762949j),(-0.19084047568585605-0.7640125882731386j),(-0.4931645474318747+0.11009034478268406j),(-0.2988138184601574+0.06862912134151669j),(-0.027820684632635727-0.06398257514082387j),(-0.027820684632635106-0.06398257514082396j),(-0.3272799108169264+0.074481327917463j)
6090090090.09009,(0.002898819243668471+0.006865080520292832j),(-0.013920115656977983+0.0034525681216937935j),(-0.29789152620570813-0.8764148579490387j),(-0.12865348444495042+0.039395602869408325j),(-0.23086826465224664-0.7567269123796703j),(-0.48069204105711544+0.13092252345728145j),(-0.2907526470940557+0.08170649504165113j),(-0.0335116307767318-0.059843972784683834j),(-0.03351163077672918-0.059843972784683466j),(-0.31859287840801037+0.08861163128503799j)
6099099099.099099,(0.0034146281128140665+0.00647707855875429j),(-0.013552133895706614+0.003953837080530799j),(-0.3483804581290506-0.8579241555063222j),(-0.12366499943552575+0.045236587903269274j),(-0.27126428848708267-0.7478013086268716j),(-0.46599206392479053+0.15055666461610814j),(-0.28127639778445174+0.0939427891791581j),(-0.038558084820983704-0.055061423439725095j),(-0.03855808482098411-0.05506142343972523j),(-0.3083806655758647+0.10185046334021933j)
6108108108.1081085,(0.0038729590396522073+0.00604037181401651j),(-0.013129154944333754+0.004424470905513494j),(-0.3977869160484524-0.8365499784393672j),(-0.11802892330195575+0.050463771039598246j),(-0.3120449817716482-0.7370870018326112j),(-0.4491319212593945+0.168763859750942j),(-0.2704512673363417+0.10518934448975674j),(-0.04287096713840259-0.049731488303377785j),(-0.04287096713840098-0.04973148830337694j),(-0.29670957722500874+0.11403828630078303j)
6117117117.117117,(0.0042676789157743145+0.005563515188549417j),(-0.012651677686206217+0.004858394377637222j),(-0.4459494241546713-0.8123448740192909j),(-0.11181925492140886+0.05500552149555258j),(-0.35320205984265063-0.724414787209579j),(-0.4301999026570344+0.18530628972347382j),(-0.2583579011030152+0.11529751123187554j),(-0.04637368215601009-0.043965043404855374j),(-0.04637368215601012-0.04396504340485549j),(-0.28366125647542806+0.12501429998715122j)
6126126126.126126,(0.004593811197294351+0.005056083414440693j),(-0.012120848785200714+0.005248895652646399j),(-0.4927070597535718-0.7853700225507081j),(-0.10511795602429926+0.05879885103098395j),(-0.3946976694600286-0.7095973540166933j),(-0.4093097457285653+0.19993819004103883j),(-0.24509300209123178+0.1241196248833652j),(-0.0490046951467713-0.037886334267006834j),(-0.049004695146771235-0.0378863342670067j),(-0.2693346996616331+0.13461741618865752j)
6135135135.135135,(0.004847744049746416+0.004528560347556998j),(-0.011538684172883118+0.005588671445741052j),(-0.5378998615151144-0.7556956782450736j),(-0.09801399799066349+0.06179031990165942j),(-0.43645928824626745-0.6924325902196347j),(-0.3866054844178067+0.21240793344827463j),(-0.23077105703135192+0.13151045522922514j),(-0.0507202866344244-0.031631544012719386j),(-0.0507202866344241-0.03163154401272156j),(-0.253848425377118+0.14268779812070903j)
6144144144.144144,(0.005027445397110419+0.0039921817374442j),(-0.010908301341706755+0.005869926981703952j),(-0.5813693463346049-0.7234015987359796j),(-0.09060229922402943+0.06393684983755869j),(-0.4783745391057779-0.6727080997128936j),(-0.36226648629664315+0.22246145275852275j),(-0.21552609141862963+0.13732922431633637j),(-0.051497403614414905-0.025346749511543268j),(-0.051497403614412414-0.025346749511543268j),(-0.23734269410204248+0.1490690782797453j)
6153153153.153153,(0.0051326749975910135+0.0034587223332920303j),(-0.01023415134175383+0.0060845392349219915j),(-0.6229591361947218-0.688577442918429j),(-0.08298255934274505+0.06520642925312273j),(-0.52028617786738-0.6502071552184421j),(-0.3365123963617422+0.22984721721058468j),(-0.1995133265104899+0.14144228399693123j),(-0.05133647916367177-0.01918514384999341j),(-0.05133647916367032-0.01918514384999421j),(-0.21998162919399716+0.1536113624667762j)
6162162162.162162,(0.005165179558831223+0.0029402196573379835j),(-0.009522235485069266+0.006224290487250615j),(-0.6625156929501668-0.6513231162338646j),(-0.0752579987510106+0.06557869557029722j),(-0.5619876175601921-0.6247162722863473j),(-0.30960760414735944+0.2343229374301487j),(-0.18291056596411526+0.14372652601297156j),(-0.0502640376949858-0.01330342197375924j),(-0.05026403769498818-0.013303421973757223j),(-0.2019550369342547+0.15617510698747483j)
6171171171.171171,(0.005128852599225686+0.0024486297738755547j),(-0.008780287640540209+0.006281176231693067j),(-0.6998891553200779-0.6117490425227141j),(-0.06753401473935178+0.06504537962316802j),(-0.6032194635122984-0.5960345125942403j),(-0.2818647439291537+0.23566409680407002j),(-0.1659190916937128+0.14407356198192547j),(-0.048334845903890214-0.00785726496423649j),(-0.04833484590389083-0.007857264964238928j),(-0.18347966697479265+0.15663591444531252j)
6180180180.180181,(0.005029836770907403+0.00199541525646868j),(-0.008017899167947498+0.006247786589640168j),(-0.7349342686540893-0.5699763421736166j),(-0.05991676803853141+0.06361059769106597j),(-0.6436676366109094-0.5639844985918081j),(-0.2536466377553817+0.23367428119959122j),(-0.14876380372900921+0.1423946528556885j),(-0.04563331602158905-0.00299592179090306j),(-0.04563331602158703-0.002995921790902148j),(-0.1647996020649039+0.15489022603496916j)
6189189189.189189,(0.004876543441621473+0.0015910725115351743j),(-0.00724656075265151+0.0061177534783216775j),(-0.767511394331844-0.5261368975488887j),(-0.05251171661790334+0.0612909778360234j),(-0.6829637378381797-0.5284249407931467j),(-0.22536601783476218+0.2281970986915942j),(-0.13169230647368113+0.13862628478548608j),(-0.04227382824683041+0.0011440216221284833j),(-0.04227382824683226+0.0011440216221309321j),(-0.14618542797898412+0.15086179174213213j)
6198198198.198198,(0.004679563466111314+0.0012446145701720812j),(-0.0064795946456260994+0.005886246843235264j),(-0.7974875820694368-0.48037328857997696j),(-0.04542211637241966+0.0581156089447876j),(-0.7206883298425856-0.489264245519881j),(-0.19748234427050854+0.21912924804957756j),(-0.11497263567583782+0.13273618165394718j),(-0.03839962611342563+0.004445478469951225j),(-0.0383996261134259+0.004445478469952635j),(-0.12793182496709038+0.1445086753404179j)
6207207207.207208,(0.004451445368508444+0.000963035877426216j),(-0.005731953194851119+0.005550492888085852j),(-0.8247376850524248-0.43283858401171293j),(-0.038747511065507084+0.0541258032227497j),(-0.7563777516383765-0.44647449825216223j),(-0.17049509551443803+0.20643402273144867j),(-0.09888935009512125+0.1247294200890133j),(-0.03417996670702423+0.006817957120223911j),(-0.034179966707024514+0.00681795712022501j),(-0.11035325648482382+0.1358304058651851j)
6216216216.216216,(0.004206323627787167+0.0007507963726446909j),(-0.005019866098561254+0.005110276507045992j),(-0.8491454948142014-0.3836959770238052j),(-0.0325822363618388+0.049374665868269864j),(-0.7895349132718875-0.40010483494960764j),(-0.1449330795601082+0.19015425498646815j),(-0.0837377918624119+0.11465418392032278j),(-0.029805290771155207+0.008204428962900497j),(-0.029805290771156845+0.008204428962902868j),(-0.09377752405953489+0.12487473693441552j)
6225225225.225225,(0.003959391038388049+0.0006093715252003529j),(-0.004360330151628549+0.004568380789752302j),(-0.870604870261764-0.3331182578497609j),(-0.027013964856918527+0.04392646926429762j),(-0.8196442212612791-0.3502929663367291j),(-0.1213396110487072+0.1704234579318377j),(-0.0698164578011841+0.10260658280831517j),(-0.025480324500242263+0.00858735424348317j),(-0.025480324500242145+0.00858735424348514j),(-0.07853711810444167+0.1117433443878201j)
6234234234.234234,(0.0037262250744156122+0.0005369207319614044j),(-0.0037704512609021794+0.003930910762033495j),(-0.8890208333620526-0.2812871205055849j),(-0.022122320537009497+0.03785583323038417j),(-0.8461903655943943-0.29727346707958835j),(-0.10025382038396466+0.14747377098852033j),(-0.05741761919958425+0.08873389134741907j),(-0.021415233883827742+0.007993173287001776j),(-0.02141523388382665+0.007993173287003j),(-0.06495852172138956+0.09659571287148568j)
6243243243.243243,(0.0035219975778864043+0.0005281262290163374j),(-0.0032666679362385875+0.003207448811409091j),(-0.9043106029028282-0.2283923057582783j),(-0.01797759191426141+0.031246717618803047j),(-0.8686801868927548-0.24138144581538695j),(-0.08218887384988445+0.12163931863246863j),(-0.046816564945834575+0.07323556931422609j),(-0.01781520800503601+0.006494570028553166j),(-0.017815208005035485+0.006494570028556187j),(-0.053349900818311126+0.07965046693704564j)
6252252252.252253,(0.003360617423030565+0.000574246506801282j),(-0.00286390582606825+0.002410997438807218j),(-0.9164045376022274-0.17463058788687125j),(-0.014639572997773532+0.02419123870059399j),(-0.8866663031883175-0.18305042443826197j),(-0.06760842346110585+0.09335380533317593j),(-0.03826009240337063+0.05636152457807816j),(-0.014869117206954937+0.004209918275695578j),(-0.014869117206954892+0.004209918275695099j),(-0.04398790405550875+0.06118351945569172j)
6261261261.261261,(0.00325387350999784+0.000663411396642305j),(-0.0025747305918131826+0.0015576818245108329j),(-0.9252469608289294-0.1202046184278226j),(-0.012156560106058641+0.01678832619031803j),(-0.8997707035083161-0.1228036968768481j),(-0.056903077985491546+0.06314161179230583j),(-0.03195508845396163+0.038407287166801106j),(-0.01273812866030517+0.0012995392245127417j),(-0.012738128660306146+0.0012995392245130134j),(-0.037104549637588156+0.04152265081582289j)
6270270270.27027,(0.003210656486206942+0.0007811615541368916j),(-0.002408577478520059+0.0006662091607525225j),(-0.9307968414421324-0.0653216456874352j),(-0.01056453015908198+0.009142243142989292j),(-0.9077062167700254-0.06123908290952111j),(-0.05036898563961923+0.031602303246963746j),(-0.028058180420830442+0.01970606403422406j),(-0.011545312336052336-0.002041281388956748j),(-0.011545312336052993-0.0020412813889571866j),(-0.03287533537787037+0.021038482355729065j)
6279279279.27928,(0.0032363384807477247+0.0009112060722125436j),(-0.002371136841273113-0.00024288928660174324j),(-0.933028308823338-0.010192134010549105j),(-0.009886522442681782+0.0013609959900556241j),(-0.9102937328768863+0.0009922384833975662j),(-0.04819065086480081-0.0006107701722739371j),(-0.026667449812467745+0.000618002195493202j),(-0.011367287973226267-0.005592186246971565j),(-0.011367287973226349-0.005592186246975168j),(-0.03140972349501503+0.00013222362228844264j)
6288288288.288288,(0.003332379002766006+0.001036343180153606j),(-0.0024639637631913725-0.0011481786346950766j),(-0.9319309849949768+0.044971688768124615j),(-0.01013224096402598-0.006445333716233281j),(-0.9074733394371153+0.06321136431017833j),(-0.05042982130793758-0.03281633341204008j),(-0.02781706737278935-0.018482654929441227j),(-0.012228822778930927-0.009119837771025402j),(-0.012228822778930915-0.009119837771028292j),(-0.03274499489917423-0.020779012198832134j)
6297297297.2972975,(0.0034962026092980047+0.0011394659032080978j),(-0.0026843573647526986-0.002028325515009229j),(-0.9275101226021016+0.09995732396932859j),(-0.011297888605043632-0.01416630108276915j),(-0.8993081281146171+0.12473969846740252j),(-0.057021690752929906-0.06433343812923972j),(-0.031475432314234345-0.03722154409099535j),(-0.014100997243743096-0.012391187249037513j),(-0.014100997243743113-0.012391187249036158j),(-0.036844147043739436-0.0412781951210134j)
6306306306.306306,(0.003721363283310075+0.001204561967071846j),(-0.0030255247471711218-0.0028630974405320538j),(-0.9197865441364016+0.1545535012463506j),(-0.013366237661877608-0.021692816622965867j),(-0.8859802342119576+0.18492695916377144j),(-0.0677788543491778-0.09450969089818215j),(-0.03754702125835602-0.0552381563200422j),(-0.01690315496222188-0.015186728958710517j),(-0.01690315496222175-0.015186728958710495j),(-0.04359807075269905-0.060964351201105896j)
6315315315.315315,(0.003997977019562171+0.001217617886404565j),(-0.0034770110769090784-0.003634266623642527j),(-0.9087963846639586+0.20855165050734192j),(-0.01630693446537458-0.02891883520613808j),(-0.8677795616405217+0.24317674679401852j),(-0.08240256411206356-0.12274704601123299j),(-0.045877738211809814-0.07219867398504273j),(-0.020508411511719074-0.017312548143337176j),(-0.02050841151171844-0.01731254814333911j),(-0.05283176036562857-0.07946720723232815j)
6324324324.324325,(0.004313373967776368+0.0011673509551772543j),(-0.004025347177745834-0.004326342241992152j),(-0.8945906470024152+0.2617473142026965j),(-0.02007702908090422-0.03574297982174712j),(-0.8450864524241972+0.29896760812619827j),(-0.10050002587073534-0.14852310289307752j),(-0.056263180298073305-0.08780669911541984j),(-0.02475209728910865-0.018610146961749157j),(-0.024752097289111735-0.018610146961751804j),(-0.0643138746535664-0.09645938359940473j)
6333333333.333333,(0.004652899856600279+0.0010457168007974305j),(-0.004654844380219923-0.004927079100900074j),(-0.8772345843381086+0.31394147047374354j),(-0.024621715018216563-0.04207006757713103j),(-0.8183501459058324+0.35186815743777655j),(-0.12160589302845046-0.1714064730497976j),(-0.06845895964311371-0.10181119121256445j),(-0.029442219216138307-0.018963343482017034j),(-0.02944221921613888-0.018963343482015525j),(-0.07776864840355316-0.11166534941436425j)
6342342342.342342,(0.005000786417073522+0.0008481693499642895j),(-0.0053484563843228874-0.005427739838876573j),(-0.8568069303395538+0.36494174171267957j),(-0.029875258775191434-0.047812509291929824j),(-0.7880651538728984+0.401545584182324j),(-0.1452058317023497-0.19106555061688119j),(-0.0821920888544475-0.11401129011552945j),(-0.03437088823332776-0.018301921234822657j),(-0.034370888233326805-0.018301921234822147j),(-0.09288900162309366-0.1248667697932816j)
6351351351.351352,(0.00534101253648217+0.0005736789886138238j),(-0.00608862991791613-0.005823116772602867j),(-0.8333990007070633+0.41456346795911386j),(-0.03576209508945437-0.052891558780139424j),(-0.7547476409602665+0.44776764490569027j),(-0.170760068969743-0.2072707889701533j),(-0.09717245211168268-0.12425805710254298j),(-0.03932567987339812-0.01660208847328789j),(-0.03932567987339865-0.016602088473288302j),(-0.10934971194751483-0.1359042906477496j)
6360360360.36036,(0.005658089853324555+0.0002245386932878679j),(-0.006858077971371286-0.0061113434927495755j),(-0.8071136927289646+0.4626306298912749j),(-0.042198061039548006-0.057238393060505356j),(-0.7189135969005505+0.4903988798022315j),(-0.19772513910753597-0.2198912288640893j),(-0.1131035221021705-0.13245346746954825j),(-0.04410004791420712-0.013884124955478486j),(-0.04410004791420615-0.01388412495547866j),(-0.1268196780449134-0.14467615445504642j)
6369369369.3693695,(0.005937724837364766-0.00019399596123542695j),(-0.007640427745990885-0.006293542472259314j),(-0.7780644108345148+0.5089766116371994j),(-0.04909174057415065-0.06079500999013866j),(-0.6810601125115782+0.5293922324786042j),(-0.22557251785695148-0.2288864621334497j),(-0.12969170146955958-0.13854719358953554j),(-0.04850214916146757-0.010207810420701876j),(-0.04850214916146856-0.0102078104207034j),(-0.1449725569615423-0.15113427853405317j)
6378378378.378378,(0.006167330025613094-0.0006741796333679662j),(-0.008420716110390705-0.006373362355647498j),(-0.7463739464496961+0.5534447989810198j),(-0.05634589053624425-0.06351493492600313j),(-0.6416505314343056+0.5647774601095228j),(-0.2538033752028199-0.23429542406754025j),(-0.14665391675914177-0.14253181714112415j),(-0.05236170750769617-0.0056663305642517545j),(-0.05236170750769352-0.005666330564251747j),(-0.16349534897992243-0.1552785418524191j)
6387387387.387387,(0.006336376471102856-0.0012063100815772332j),(-0.009185724783531794-0.006356458146124969j),(-0.712173339816935+0.5958890135855015j),(-0.06385891963945153-0.06536373280578028j),(-0.6011037381576289+0.5966477218791466j),(-0.28195918936081366-0.23622340878949402j),(-0.16372332971660086-0.14443711265151182j),(-0.05553480082965282-0.0003793541468228414j),(-0.05553480082965313-0.0003793541468226219j),(-0.18209477928366438-0.1571500289437625j)
6396396396.396397,(0.006436595189500238-0.0017792746002422977j),(-0.009924163238638109-0.006249961201836178j),(-0.6756007499786156+0.6361737884677983j),(-0.07152639299140773-0.06631932638456844j),(-0.5597874244720522+0.6251455780979279j),(-0.30962838396726083-0.2348285470320477j),(-0.18065322524069594-0.14432397550647197j),(-0.057906662753281685+0.005514105184936042j),(-0.05790666275328187+0.005514105184934628j),(-0.20050155171797257-0.156823897910144j)
6405405405.405405,(0.006462046311647762-0.0023810733417831687j),(-0.010626718304636518-0.006061976202122919j),(-0.6368003569858229+0.6741744940646608j),(-0.07924253649722507-0.06637212519001065j),(-0.5180148825035715+0.6504493835853604j),(-0.3364494455840158-0.23030873749922165j),(-0.1972192727359834-0.1422784551424934j),(-0.059392737241124885+0.011862555239651445j),(-0.05939273724112787+0.011862555239650185j),(-0.2184727093452572-0.15440240754673895j)
6414414414.414414,(0.006409080719781912-0.002999293836877248j),(-0.011285995583915187-0.005801131282911022j),(-0.5959213177061928+0.7097773277457438j),(-0.08690171767885499-0.06552497301731564j),(-0.476044705260788+0.6727607755876487j),(-0.3621111472433272-0.2228897402931277j),(-0.2132204368771759-0.1384062253723105j),(-0.059938306222702506+0.018508276079047946j),(-0.05993830622270248+0.018508276079047356j),(-0.23579242804500627-0.1500084879381329j)
6423423423.423424,(0.006276220854951053-0.003621521518237303j),(-0.011896379803685825-0.005476197078054974j),(-0.5531167934891832+0.7428791825356087j),(-0.09439988198531715-0.06379292444856358j),(-0.43408271771015466+0.6922936840172087j),(-0.3863505633915657-0.21281486899751373j),(-0.2284788428847557-0.13282769964498323j),(-0.05951703788951468+0.025292749259199564j),(-0.05951703788951393+0.025292749259200276j),(-0.2522716024921272-0.14378009380109394j)
6432432432.432432,(0.006063986196378324-0.00423567996950891j),(-0.012453840138331382-0.005095781514461828j),(-0.5085430645200837+0.7733874130615577j),(-0.10163592642155762-0.06120286293650906j),(-0.3922854853672373+0.7092650589073455j),(-0.40894953971715103-0.20033648564742026j),(-0.24283889293102326-0.12567389277750227j),(-0.058128789576424415+0.03206117707710558j),(-0.0581287895764223+0.03206117707710697j),(-0.2677465732076856-0.13586545580642675j)
6441441441.441442,(0.0057746857504967775-0.004830301468421172j),(-0.012955703505311347-0.004668100380962735j),(-0.4623587420725743+0.8012195183395356j),(-0.10851299516995923-0.05779297444826704j),(-0.35076482405068893+0.7238873300547526j),(-0.42973020724268474-0.1857093233013662j),(-0.25616589770101134-0.11708304849385427j),(-0.05579695901094346+0.038666094142391194j),(-0.05579695901094214+0.038666094142391624j),(-0.28207730471163234-0.12641924925577971j)
6450450450.450451,(0.005412195729685015-0.005394733124603868j),(-0.013400414831867352-0.004200818967793268j),(-0.4147240861647504+0.8263027619526668j),(-0.11493968470438468-0.053612091545286414j),(-0.30959283808195726+0.7363624885429099j),(-0.44855002950915446-0.16918553584763152j),(-0.2683444422749021-0.10719799472866552j),(-0.05256562404139668+0.044970136704878524j),(-0.05256562404139663+0.04497013670487873j),(-0.2951452719386369-0.11559963266425269j)
6459459459.459459,(0.0049817361953933825-0.005919286759598241j),(-0.013787299063852607-0.0037009572177216857j),(-0.3658004324439702+0.8485737504860908j),(-0.12083114859599779-0.048718923129410806j),(-0.26880712516851907+0.746877603418705j),(-0.46529676442230755-0.15101129812110498j),(-0.2792766574453005-0.09616415340753631j),(-0.04849665363772594+0.05084807353369237j),(-0.04849665363772508+0.05084807353369332j),(-0.3068512555730049-0.10356606784297974j)
6468468468.468469,(0.004489656284821564-0.006395342006785987j),(-0.014116335741960806-0.0031748494664652176j),(-0.3157497285673556+0.867977990799029j),(-0.12611009469161338-0.043181184976459314j),(-0.22841589132664358+0.7556015497934188j),(-0.47988362160493087-0.1314247417831093j),(-0.28888052240631124-0.08412811391331894j),(-0.04366691862035621+0.05618822050280525j),(-0.04366691862035593+0.056188220502805156j),(-0.317113193890233-0.0904778128462496j)
6477477477.477477,(0.003943234014584268-0.006815412320884229j),(-0.014387953586461194-0.002628149572291523j),(-0.26473417699283963+0.8844694458926248j),(-0.13070766953487262-0.037074645690403064j),(-0.1884028110416301+0.7626827167512131j),(-0.4922448094203563-0.11065500320977548j),(-0.2970882858911537-0.07123667487779792j),(-0.038165682975604985+0.06089336457070567j),(-0.03816568297560528+0.0608933645707079j),(-0.32586419306407505-0.07649297402238177j)
6486486486.486486,(0.003350493672365895-0.007173183041508824j),(-0.014602849824601069-0.002065872668691267j),(-0.21291597801687231+0.8980101078341789j),(-0.13456422674626684-0.030482101935805937j),(-0.14873154335089975+0.7682474752420505j),(-0.5023315963384998-0.08892216914176171j),(-0.30384506171778247-0.057636262870092464j),(-0.032092217332986624+0.06488131629606424j),(-0.03209221733298586+0.06488131629606349j),(-0.3330507613669841-0.06176800820747525j)
6495495495.495496,(0.002720041471028764-0.007463529649263667j),(-0.014761836967431732-0.0014924656106379622j),(-0.1604571641433848+0.9085696044929853j),(-0.13762997755055517-0.023492295842832144j),(-0.10934987354011012+0.7723992099169584j),(-0.510108959160981-0.06643792602941159j),(-0.30910763138833636-0.04347264532548364j),(-0.025553645301637975+0.06808519728801316j),(-0.025553645301636584+0.06808519728801357j),(-0.33863130532319996-0.04645757654675951j)
6504504504.504504,(0.0020609183872888417-0.0076825231033055275j),(-0.014865718330091843-0.0009118991875619823j),(-0.10751951447791389+0.916124854800785j),(-0.1398655227342142-0.016198786426729457j),(-0.07019349425253377+0.7752177489206529j),(-0.5155528541845342-0.04340674371559773j),(-0.31284347012928254-0.02889086588360263j),(-0.018663010112687478+0.07045355294006644j),(-0.01866301011269267+0.0704535529400652j),(-0.3425749067894657-0.030714664258724687j)
6513513513.513514,(0.00138246784602759-0.007827427804954157j),(-0.014915192693016208-0.0003277761764892157j),(-0.05426453583628893+0.9206597849368098j),(-0.14124226604715767-0.008698785816780961j),(-0.031189471408267652+0.7767590581388693j),(-0.5186481241579466-0.02002744894827794j),(-0.3150300024095358-0.01403534120604065j),(-0.011537532214009502+0.07195036339897028j),(-0.011537532214011745+0.07195036339896807j),(-0.34486038779556843-0.014690893559018614j)
6522522522.522523,(0.0006942150457076122-0.007896696380146007j),(-0.014910788012320708+0.0002565498067672407j),(-0.000853495648216323+0.92216511531729j),(-0.14174270946873083-0.0010919701331235905j),(0.0077405380636263715+0.7770550990114262j),(-0.5193870410887309+0.003504933731089809j),(-0.3156540872664107+0.000949931992215874j),(-0.00429701685592135+0.07255500815293184j),(-0.004297016855921462+0.07255500815293177j),(-0.34547566329105095+0.001463031605749465j)
6531531531.531531,(5.754163647016253e-06-0.007889964156715668j),(-0.014852823898746564+0.0008378490031028096j),(0.05255250947216502+0.9206382255967211j),(-0.14136063089050116+0.006520725944322141j),(0.04667723578792872+0.7761137806713068j),(-0.517768479844769+0.02699717876050519j),(-0.3147117314688886+0.015921103349310833j),(0.002937636842118254+0.07226222246270715j),(0.002937636842118144+0.07226222246270823j),(-0.3444173792663816+0.017596801355515976j)
6540540540.540541,(-0.0006733606374311821-0.007808044941770342j),(-0.014741402596173944+0.001412887627789041j),(0.105792466425087+0.916083102113378j),(-0.14010114469388124+0.014038322445671016j),(0.0857007099474244+0.7739189676137528j),(-0.513797717536537+0.05025578732157797j),(-0.31220802851903545+0.030734167255834936j),(0.010045878238833052+0.07108206724981275j),(0.010045878238829405+0.07108206724981375j),(-0.3416908337113827+0.033559942511413074j)
6549549549.549549,(-0.0013337246019221732-0.007652928467596354j),(-0.014576428311866438+0.0019783010663525433j),(0.15870535694046178+0.9085103693779948j),(-0.1379806454946646+0.021361007067454287j),(0.12488744964608546+0.7704305336483775j),(-0.5074868565358179+0.07308493398120974j),(-0.3081573227033746+0.045244669457979385j),(0.016908953647188012+0.06903991786480829j),(0.016908953647188658+0.06903991786481012j),(-0.337310179327108+0.04920127159068481j)
6558558558.558558,(-0.0019661963213709055-0.007427778651358741j),(-0.014357654895332334+0.0025304718421393403j),(0.21113008487304308+0.8979374043528703j),(-0.1350266350706687+0.028391339701636074j),(0.16430725450380645+0.7655844821480393j),(-0.49885587251642327+0.09528452112293237j),(-0.30258359889821407+0.0593074585701453j),(0.02341141518461735+0.06617646110241523j),(0.02341141518461945+0.06617646110241682j),(-0.33129890868887846+0.0643684022544219j)
6567567567.567568,(-0.0025620201394423447-0.007136930579157041j),(-0.01408476194716643+0.0030654163397354182j),(0.26290543646217973+0.8843885294366784j),(-0.13127743226611466+0.03503544018133632j),(0.20401995360172503+0.7592931822522746j),(-0.4879342909650861+0.1166484375055146j),(-0.29552109966843443+0.07277652250369042j),(0.02944274143022714+0.06254767359220204j),(0.029442741430227883+0.06254767359220295j),(-0.3236906235627665+0.07890735518315974j)
6576576576.576576,(-0.0031129605015928485-0.0067858828620859235j),(-0.013757459377292516+0.0035786847966424624j),(0.3138700897688035+0.867895277298057j),(-0.12678176555894716+0.041204150382721905j),(0.244071858198731+0.7514458012305929j),(-0.47476349400960227+0.13696313075384522j),(-0.28701517040698193+0.08550495577164122j),(0.03489911578503549+0.05822473803373199j),(0.03489911578503651+0.05822473803373103j),(-0.31453008916156755+0.0926623253649259j)
6585585585.585586,(-0.003611451031040075-0.006381280717047189j),(-0.013375620131460889+0.004065279810163056j),(0.3638626883349013+0.848496718030415j),(-0.12159824806129597+0.04681416109133958j),(0.2844918893799522+0.7419090447939793j),(-0.4593996517854244+0.1560066223410802j),(-0.27712332979189885+0.097345111906048j),(0.03968539947747067+0.0532938366182186j),(0.03968539947747831+0.05329383661821667j),(-0.30387457005482166+0.10547567152637237j)
6594594594.594595,(-0.004050760081478977-0.005930883821802013j),(-0.01293944016679889+0.004519599493048511j),(0.41272199254942704+0.826239836578528j),(-0.11579473506583769+0.051789093136747545j),(0.3252873469112097+0.7305283492390375j),(-0.4419172563472217+0.1735481163158715j),(-0.2659165555397307+0.1081490052332611j),(0.043717322819108374+0.04785574366974536j),(0.043717322819109276+0.047855743669746j),(-0.29179543587332873+0.11718820421935769j)
6603603603.603603,(-0.004425173066288979-0.005443511741172635j),(-0.012449623678027308+0.0049354123617468965j),(0.4602871202537656+0.8011799460671426j),(-0.10944756490667336+0.05606052129049578j),(0.3664393213896808+0.7171297004305414j),(-0.42241320862071713+0.18934837745182587j),(-0.25348076308566775+0.1177690370094138j),(0.046923899432042566+0.042025122818301j),(0.046923899432042684+0.04202512281830108j),(-0.27838001044172267+0.12763986173290776j)
6612612612.612613,(-0.004730189902962978-0.004928958628384661j),(-0.011907589956121553+0.005305871921518518j),(0.506397885789486+0.7733811206026309j),(-0.10264068491109778+0.05956892839073423j),(0.4078978007410776+0.7015222819793239j),(-0.40101136744053545+0.20316107723812366j),(-0.23991843621969453+0.1260591308929109j),(0.049250042524202335+0.03592941931165479j),(0.04925004252420661+0.035929419311652874j),(-0.2637336161319386+0.13667087473594688j)
6621621621.621622,(-0.004962733363667926-0.004397868144901063j),(-0.011315696020594831+0.005623579531836141j),(0.5508952440042691+0.7429166293828329j),(-0.0954646655982792+0.06226457619350408j),(0.4495765862965293+0.6835021741145978j),(-0.37786741217446695+0.21473532224888778j),(-0.22535034286577857+0.13287636968936006j),(0.05065932885387054+0.02970722763411714j),(0.05065932885386908+0.02970722763411765j),(-0.24798173490696768+0.14412352875303142j)
6630630630.6306305,(-0.005121360957481724-0.0038615593548156357j),(-0.01067746627188558+0.005880704233913792j),(0.5936218427186594+0.7098693526059321j),(-0.08801560803132598+0.06410827865205818j),(0.4913482140651215+0.6628573293661457j),(-0.35317379581232344+0.22381958219913883j),(-0.209917235649939+0.138083226191685j),(0.05113681432676901+0.023506011619894088j),(0.051136814326769975+0.0235060116198941j),(-0.23127216819371038+0.14984463465951156j)
6639639639.63964,(-0.0052064692352998265-0.0033317950483293113j),(-0.009997816911575898+0.00606916747481534j),(0.6344226838657205+0.6743321587815194j),(-0.08039395132746799+0.06507206278870971j),(0.5330391722650929+0.6393740330660123j),(-0.3271644748802345+0.23016721590212283j),(-0.19378139619227494+0.1415504718706005j),(0.0506917558003133+0.017479062857754264j),(0.050691755800314646+0.01747906285775276j),(-0.2137770300154276+0.15368880682023178j)
6648648648.648648,(-0.005220475282543213-0.0028204858979493097j),(-0.009283258956110173+0.006180898694725476j),(0.6731458900096368+0.6364082226782457j),(-0.07270318973188353+0.06513970214134997j),(0.5744258121572687+0.6128450062282687j),(-0.30011900073076747+0.23354374251481003j),(-0.17712783627521503+0.14316082363335403j),(0.04936003892618292+0.01178160822498882j),(0.04936003892618428+0.011781608224986917j),(-0.19569435418743567+0.15552262102280665j)
6657657657.657658,(-0.005167956010368624-0.002339327421320758j),(-0.008542059688059676+0.006208164174737428j),(0.7096435693026542+0.5962112633479444j),(-0.06504851129860356+0.06430710802226075j),(0.6152314564289247+0.5830792156653517j),(-0.2723654530469013+0.23373591280107842j),(-0.1601649224846929+0.14281334623693281j),(0.04720605643686628+0.006566023841296255j),(0.04720605643686518+0.006566023841298445j),(-0.17724904186081253+0.15522967458640524j)
6666666666.666667,(-0.005055722254154182-0.001899372218745532j),(-0.007784338934185481+0.006143966065469873j),(0.743772768245214+0.5538656824875638j),(-0.057535373013176364+0.06258256459097483j),(0.6551253025716094+0.549913313139913j),(-0.24428160610483032+0.23056249240402332j),(-0.143124150624818+0.14042856243202856j),(0.044323732836802736+0.0019761846738258677j),(0.04432373283680309+0.0019761846738259314j),(-0.15869282849318878+0.15271649456296937j)
6675675675.675675,(-0.004892802462756196-0.001510547480467972j),(-0.007022074456459644+0.0059825010149647945j),(0.775396497967445+0.5095065848694559j),(-0.05026803003852736+0.059986795070207835j),(0.693723776336769+0.5132244287218858j),(-0.2162936630926648+0.22388647298260472j),(-0.12625877210913652+0.13595413301144166j),(0.04083636081533833-0.0018589219262154586j),(0.04083636081533927-0.0018589219262132653j),(-0.14030292102205552+0.147919135041371j)
6684684684.684685,(-0.0046903109205004845-0.0011811370958250689j),(-0.006268991003841935+0.005719658509713739j),(0.8043848162627965+0.46327966470228055j),(-0.04334803955799823+0.056552848362619944j),(0.7305949857430631+0.47294379893718075j),(-0.1888719003529625+0.21362818307288828j),(-0.10984097895163855+0.12937085720804029j),(0.036894915259866996-0.004832067117450272j),(0.036894915259866316-0.004832067117450038j),(-0.12237896095932188+0.14081017422746805j)
6693693693.693694,(-0.004461179060995912-0.0009172581266921886j),(-0.005540311273030826+0.005353528646713762j),(0.8306159443897203+0.41534094458107895j),(-0.03687276230884305+0.05232579787755795j),(0.7652668308368071+0.4290704362476053j),(-0.1625226602866871+0.19977849711570766j),(-0.09415740002473419+0.12069861884991946j),(0.032674556776456844-0.006864745833263673j),(0.032674556776455685-0.006864745833262971j),(-0.1052380225707958+0.13140567614334625j)
6702702702.7027025,(-0.004219736393871132-0.0007223716263003721j),(-0.0048523550583408626+0.0048848788715592575j),(0.853977394838525+0.3658563571343729j),(-0.030933887216407163+0.04736224755545978j),(0.797239114572069+0.3816837770995597j),(-0.1377763427849133+0.18241107241945156j),(-0.07950275994232012+0.11000178111589705j),(0.02836914013323041-0.007913709982595971j),(0.028369140133227604-0.007913709982589681j),(-0.08920747005900032+0.11977153885901416j)
6711711711.711712,(-0.003981140260003235-0.0005968759039364502j),(-0.004221985620807091+0.0043175511333013936j),(0.8743670839726139+0.31500116354764496j),(-0.025616006412429608+0.04172964386832244j),(0.8259996651044825+0.3309540309194743j),(-0.1151713811707212+0.161692329571106j),(-0.06617170817076773+0.09739343558641252j),(0.024183709434064952-0.007976433685912648j),(0.02418370943406855-0.007976433685915846j),(-0.07461567941238378+0.10602853785301554j)
6720720720.72072,(-0.0037606705693940534-0.0005378340913359259j),(-0.0036659192905350683+0.0036587271842736073j),(0.8916944018434487+0.26295920778519266j),(-0.020995269194200392+0.035505396936601125j),(0.8510440316679169+0.2771488519904055j),(-0.09523463759608539+0.13788779192524317j),(-0.05444903410460841+0.0830378672466475j),(0.020325185087765093-0.007094822102604848j),(0.020325185087767317-0.007094822102607945j),(-0.061780872685676794+0.09035532161519716j)
6729729729.72973,(-0.0035729252238219655-0.000538885048610771j),(-0.0031999339000359523+0.0029190126021610314j),(0.9058812107102849+0.20992201045448236j),(-0.017138143983657525+0.028775818756520074j),(0.8718977976302842+0.2206350290423488j),(-0.0784591720819181+0.11136347320522444j),(-0.04459872413275206+0.06715063337871208j),(0.016991706540000793-0.005356509293935968j),(0.01699170653999995-0.005356509293930443j),(-0.050998591932823446+0.07298865858303245j)
6738738738.738739,(-0.0034309712524939195-0.0005903757235261875j),(-0.002838031000893748+0.0021123010623447427j),(0.9168627440362895+0.15608771171869662j),(-0.014100316900248443+0.021634891742788098j),(0.8881400397616439+0.1618741749545047j),(-0.06528085448817378+0.08258129026071681j),(-0.03685255469331765+0.049995789939407204j),(0.014361352137323962-0.002893231617902639j),(0.014361352137324175-0.0028932316179050496j),(-0.04252861669510532+0.05422039206409744j)
6747747747.747747,(-0.0033455220890269977-0.0006797338823478979j),(-0.002591622238003759+0.0012553996084486915j),(0.9245883791365457+0.10165987824984526j),(-0.011925754005558406+0.014182886155006992j),(0.8994260502042675+0.10141190675602971j),(-0.056055701672933084+0.05208798619453946j),(-0.031399105601242254+0.03188003656632417j),(0.012581164466139005+0.0001239857469086191j),(0.012581164466138012+0.00012398574690675223j),(-0.03658235007724936+0.03439083578322235j)
6756756756.756757,(-0.003324219049241628-0.0007920743575756707j),(-0.0024688179045576422+0.0003674214618096562j),(0.9290222593265579+0.04684619464325471j),(-0.010645951496334502+0.006524850210363114j),(0.9055072293931035+0.03986069038772812j),(-0.051040030685251675+0.020497733660141335j),(-0.028374173186235484+0.013143870473443182j),(0.011757514966727+0.003492752127761418j),(0.011757514966728427+0.003492752127765252j),(-0.03331180899535074+0.013878713397061255j)
6765765765.765766,(-0.003371091979069818-0.0009110032265892908j),(-0.002473892623686037-0.0005310183424609718j),(0.9301437453827257-0.008142935368839655j),(-0.01027939408765313-0.0012309985559565075j),(0.906246133644785-0.022122709515569057j),(-0.05037544364881963-0.011530645824852987j),(-0.02785352624455001-0.005849803847943464j),(0.011948805868971487+0.006989887073363816j),(0.011948805868971762+0.0069898870733655335j),(-0.0328013114919226-0.006911840532866066j)
6774774774.774775,(-0.0034862591870456483-0.0010195576370233168j),(-0.002606988258796553-0.0014187424946485692j),(0.9279476812727092-0.06309584853723851j),(-0.010831236635551843-0.008974948212835406j),(0.9016250495373683-0.08386351914494194j),(-0.054080271824773096-0.04332019510770857j),(-0.02984876597136681-0.024728829165623058j),(0.013161315867669976+0.010383835303851197j),(0.013161315867670848+0.010383835303852184j),(-0.035062742488958576-0.027566314154920776j)
6783783783.783784,(-0.0036659016617903717-0.001101199566609555j),(-0.002864089049138782-0.002275004691063091j),(0.9224444652015795-0.11780111039153177j),(-0.012293217934630023-0.01659749845893741j),(0.8917471304330902-0.144696803026064j),(-0.06204844331818481-0.07420388998144821j),(-0.034306741577268665-0.04312568952912978j),(0.015348667384243701+0.013447846317266409j),(0.015348667384243075+0.013447846317266188j),(-0.04003491967554604-0.047675698911255976j)
6792792792.792792,(-0.003902515173525134-0.0011407737481621272j),(-0.003237272573819063-0.0030804471616030053j),(0.9136599236761905-0.17204899876239618j),(-0.014643808953751754-0.023991061321864387j),(0.8768299646314018-0.20399446241573788j),(-0.07405590494800948-0.10355186009271922j),(-0.041112584377061306-0.060691013545688684j),(0.01841497952239299+0.01597273182667055j),(0.01841497952239572+0.01597273182667121j),(-0.04758712952469928-0.06685190786889526j)
6801801801.801802,(-0.004185411749069556-0.0011253450767365336j),(-0.0037152080450067633-0.0038179380367354063j),(0.9016349930657617-0.22563294940396508j),(-0.017848590985399083-0.031051620422868687j),(0.8571923024150154-0.26118910055925937j),(-0.08977387121372274-0.1307954822451745j),(-0.050096023054553705-0.07710561329728706j),(0.02222134532537387+0.017778075577648326j),(0.022221345325375653+0.017778075577644978j),(-0.05752643914456867-0.08474148937075598j)
6810810810.810811,(-0.00450141496073847-0.0010448479558054224j),(-0.004283846390890817-0.004473221290972433j),(0.8864252195668301-0.27835093247903997j),(-0.02186085273671515-0.0376803145456574j),(0.8332353972617998-0.3157929159453916j),(-0.10878744548263541-0.1554465114149639j),(-0.06104030271878431-0.09209019168933767j),(0.026594911152514895+0.01872099173317435j),(0.026594911152515423+0.01872099173317716j),(-0.06960799550056672-0.10103663427128332j)
6819819819.819819,(-0.004835675964483588-0.0008925056046663604j),(-0.004927229093169887-0.005035337574042516j),(0.8681000941623869-0.3300067319204532j),(-0.026622389679047564-0.043784914415877514j),(0.8054208945463934-0.367410457460507j),(-0.13061768069810686-0.17711008771035974j),(-0.07369280609540732-0.10541216348907666j),(0.03133959980799668+0.018701862770027874j),(0.03133959980799526+0.018701862770026535j),(-0.08354726428174704-0.11548283863716076j)
6828828828.828829,(-0.005172531412037162-0.0006650062332091422j),(-0.00562833694595977-0.005496803137731036j),(0.8467422438057073-0.38041110398351125j),(-0.03206448428158795-0.04928116577827888j),(0.7742473700949228-0.41574484119627564j),(-0.15474497813792729-0.19549122357672166j),(-0.08777639426379785-0.1168893915397694j),(0.036247436855392175+0.017666868606382495j),(0.03624743685539224+0.01766686860638174j),(-0.09903306815571725-0.12788299781523121j)
6837837837.837838,(-0.005496329788656995-0.0003624499979442142j),(-0.006369905345069107-0.005853561091225659j),(0.8224465035023112-0.4293827963014066j),(-0.03810904223262099-0.054093976696311774j),(0.7402274910539121-0.4605977497602515j),(-0.18063185298170886-0.2103950969238835j),(-0.10300054226209532-0.1263909757188713j),(0.04110950622419868+0.015607476729420844j),(0.04110950622420103+0.015607476729423878j),(-0.11574035295223428-0.13809809790132413j)
6846846846.846847,(-0.005792166800256127+1.1898265777771089e-05j),(-0.007135146809209035-0.006104740319126847j),(0.7953188961776259-0.4767494140969869j),(-0.04466985742192845-0.05815843214994608j),(0.7038674096631261-0.5018641028858402j),(-0.20774345772226588-0.22172204414749802j),(-0.11907151076288795-0.13383549782959483j),(0.04572574325724921+0.012557344394426219j),(0.04572574325725033+0.012557344394426961j),(-0.13334180438130652-0.14604497846784922j)
6855855855.855856,(-0.0060464893972827505+0.0004520025804271577j),(-0.007908340423788192-0.00625227038053091j),(0.7654755482646438-0.522348125599172j),(-0.05165397724936004-0.061420624180805676j),(0.6656495051953562-0.5395226432974751j),(-0.235564750287158-0.2294585025841247j),(-0.1357010233444716-0.1391872930019342j),(0.04991302153464485+0.008587258849152755j),(0.049913021534642096+0.008587258849150826j),(-0.1515177041920472-0.15169183376299555j)
6864864864.864865,(-0.006247548024632177+0.0009495430867095256j),(-0.008675267932631701-0.00630040532510346j),(0.7330415689458325-0.5660262039276815j),(-0.0589631396100666-0.06383829080562214j),(0.626019062396733-0.5736238159265465j),(-0.263613721296961-0.2336652865488266j),(-0.152613162520882-0.1424513833521217j),(0.053511253274549316+0.003798805999433115j),(0.05351125327454784+0.0037988059994342738j),(-0.16996369838614506-0.15505219400232778j)
6873873873.873874,(-0.006385694611555359+0.0014944469847401054j),(-0.009423494168715262-0.006255206889572096j),(0.6981499200741667-0.6076414075858797j),(-0.06649525353778993-0.06538126153289761j),(0.5853749991991481-0.6042762641471993j),(-0.2914505712351704-0.23446452719892777j),(-0.16954941821776573-0.14366768747634084j),(0.056387460437509807-0.001682571719337699j),(0.05638746043750648-0.0016825717193402617j),(-0.18839640655519443-0.1561781012554853j)
6882882882.882883,(-0.006453537712953095+0.0020754205734677678j),(-0.010142503463737476-0.006124030109804897j),(0.6609403021254342-0.6470622061201087j),(-0.0741458968128621-0.06603171146838485j),(0.5440643847269735-0.6316330793117091j),(-0.31868310103353964-0.23202641964329374j),(-0.18627199545946335-0.14290503544603522j),(0.05843795869922985-0.007714563404199248j),(0.05843795869923035-0.00771456340419964j),(-0.20655700238693805-0.1551530956656441j)
6891891891.8918915,(-0.006445975337980525+0.0026804498937303967j),(-0.010823712864062598-0.005915044327331788j),(0.6215580792266437-0.6841678613933968j),(-0.0818098057208806-0.06578422961565711j),(0.5023802414083599-0.6558786807044189j),(-0.3449688280015454-0.22655666214513231j),(-0.20256560399715048-0.14025540155306274j),(0.05958891890914223-0.014144590344489038j),(0.05958891890914265-0.014144590344489907j),(-0.22421302972527532-0.15208549020772696j)
6900900900.900901,(-0.006360130566261668+0.003297248170312961j),(-0.011460387622553539-0.005636811912360477j),(0.5801532634923707-0.7188483782205343j),(-0.08938233444778997-0.06464571002539218j),(0.4605619975116742-0.6772169257509217j),(-0.3700144680147453-0.21828519557659132j),(-0.21823801360871492-0.13582864088863084j),(0.05979563299034984-0.020815726234804446j),(0.05979563299034718-0.02081572623480854j),(-0.24115878885382014-0.14710226471335341j)
6909909909.90991,(-0.006195215877694449+0.003913638064965641j),(-0.012047485355308626-0.0052979372366203994j),(0.5368795756982047-0.7510043407871316j),(-0.09676086419273368-0.06263507689827463j),(0.41879792769027474-0.6958607940296639j),(-0.3935734554498116-0.2074565955513365j),(-0.2331196744659642-0.12974789898818476j),(0.059040824003965514-0.0275717733787329j),(0.05904082400396453-0.027571773378734385j),(-0.25721464517658116-0.14034377346142662j)
6918918918.918919,(-0.005952350276780177+0.004517864843433528j),(-0.01258145352057051-0.004906790363313186j),(0.49189359584649384-0.7805466533019288j),(-0.10384614484910652-0.059782856595357266j),(0.377228961254087-0.7120237763614813j),(-0.4154421324577038-0.19432225786183877j),(-0.24706268513283375-0.12214576686528428j),(0.05733231729620272-0.03426143847022502j),(0.05733231729620558-0.034261438470225114j),(-0.27222559217397674-0.13195934759191047j)
6927927927.927928,(-0.005634349837611685+0.005098842591733155j),(-0.013060001557284234-0.004471303904056111j),(0.4453540135484265-0.8073962047026064j),(-0.11054355492920379-0.05613061076938552j),(0.33595332316035525-0.7259129410752232j),(-0.4354551566062492-0.17913435898828045j),(-0.25993935421044206-0.11316118097477734j),(0.05470034519403474-0.0407416318136923j),(0.054700345194036805-0.0407416318136911j),(-0.2860593573250104-0.12210378878288948j)
6936936936.936937,(-0.005245508116563352+0.005646339643073595j),(-0.013481865001605059-0.003998837468467773j),(0.3974209844681209-0.831483477962966j),(-0.11676426817771096-0.05173024553397086j),(0.2950315777956599-0.7377235424547073j),(-0.4534805741091269-0.1621414664166117j),(-0.271640556141814-0.10293701850682237j),(0.05119470333623236-0.04687996775412875j),(0.05119470333622805-0.046879967754129476j),(-0.29860428614502443-0.11093469344375849j)
6945945945.945946,(-0.0047913786261252755+0.006151111672658749j),(-0.01384657483360574-0.0034961018190527333j),(0.34825559545348417-0.8527481246598294j),(-0.12242631793274852-0.04664321178731198j),(0.25449175334538765-0.7476349743315396j),(-0.46941490203187125-0.14358561114392981j),(-0.28207403514870477-0.09161830964656845j),(0.0468819210540487-0.052556575164143464j),(0.046881921054047246-0.05255657516414401j),(-0.30976718481591514-0.09861051328467477j)
6954954954.954955,(-0.0042785676504334125+0.006604991854884168j),(-0.014154241611455634-0.0029691338620507143j),(0.298019437506845-0.8711385249971044j),(-0.1274555526653438-0.04093961157467043j),(0.21433432391433638-0.7558078451506159j),(-0.48317846810659215-0.12370060723515314j),(-0.2911627687745118-0.07935097554286198j),(0.04184255679625191-0.05766533992324463j),(0.041842556796256966-0.05766533992324438j),(-0.31947125199742415-0.08528924326696184j)
6963963963.9639635,(-0.0037145423290167734+0.007000947436883009j),(-0.01440536084637041-0.0024233135649286697j),(0.24687428250452456-0.8866113525073802j),(-0.13178647819248335-0.034697224793973996j),(0.17453691174857291-0.7623819497137356j),(-0.4947111769883821-0.10271140051354807j),(-0.2988434667440636-0.06628099908883174j),(0.03616868537797853-0.062114701396822326j),(0.03616868537797419-0.062114701396825386j),(-0.32765418843680133-0.07112762621869215j)
6972972972.972973,(-0.0031074562138390244+0.007333111395545044j),(-0.014600643633799773-0.001863414447655429j),(0.19498185662109363-0.8991311612247626j),(-0.13536298377128697-0.028000469716728246j),(0.13505864090107855-0.767474928489773j),(-0.5039688090067003-0.08083424141212077j),(-0.30506525275519325-0.05255394111676924j),(0.029961607860006383-0.0658281163674955j),(0.029961607860008566-0.06582811636749392j),(-0.3342665400227939-0.05628077001207901j)
6981981981.981982,(-0.002465992398876668+0.0075967967773029055j),(-0.014740874764871376-0.0012936801680973609j),(0.14250370079699803-0.9086700113132256j),(-0.13813895062143328-0.020939309810043105j),(0.09584412694881972-0.7711814309550771j),(-0.510919911241616-0.058277498401051j),(-0.30978855616665285-0.03831472393744996j),(0.023329786924088266-0.06874429017907456j),(0.023329786924090164-0.06874429017907385j),(-0.3392703056963961-0.040902084273644564j)
6990990990.990991,(-0.0017992227545948133+0.007788500061869874j),(-0.014826799320238324-0.0007179207038448925j),(0.08960110633941498-0.9152071470136314j),(-0.14007874239137724-0.01360811830247988j),(0.05682712674511133-0.773572629902014j),(-0.51554330918432-0.03524295277960261j),(-0.3129842264676104-0.023707614837196495j),(0.016386989797151818-0.0708172585558082j),(0.016386989797151915-0.07081725855580917j),(-0.34263782510808694-0.025143456244886248j)
7000000000.0,(-0.0011164806891416981+0.007905898566640202j),(-0.014859037999327265-0.0001396225739207597j),(0.03643511188382976-0.9187287384024625j),(-0.1411575777044306-0.006104510926791978j),(0.017933900072105192-0.7746959657584493j),(-0.5178262477583846-0.011927439148858018j),(-0.31463287473208074-0.00887635246390419j),(0.009250605905863254-0.07201638632200491j),(0.009250605905861237-0.07201638632200408j),(-0.34435095073073513-0.009155597611746127j)
7009009009.009009,(-0.00042724410272905466+0.007947845590514868j),(-0.01483803105192831+0.0004379316503875892j),(-0.01683345352246809-0.9192276958980206j),(-0.14136178523472082+0.001471843622925152j),(-0.02091364615459956-0.7745750318424025j),(-0.51776316035183+0.011475283958805494j),(-0.31472444174134667+0.006035632140477306j),(0.002040096316064583-0.07232633202780862j),(0.002040096316066596-0.07232633202780961j),(-0.3444005038452043+0.006911495441254414j)
7018018018.018018,(0.0002589752697918779+0.007914365714424054j),(-0.014764010556303192+0.0010115386883028394j),(-0.070043897523177-0.9167035637577252j),(-0.14068894182785877+0.009020426697621485j),(-0.05979494871328972-0.7732095423401317j),(-0.5153550611121631+0.034772533584278655j),(-0.31325799091370804+0.020884941452647732j),(-0.00512447440494272-0.07174701070879749j),(-0.005124474404944757-0.07174701070879709j),(-0.3427860120263137+0.02290801882925252j)
7027027027.027027,(0.0009327401838154156+0.0078066514345754845j),(-0.014637000832018784+0.0015779485113459751j),(-0.12303557872078483-0.9111624960305025j),(-0.13914789406512623+0.01644107782566852j),(-0.09878782521400764-0.7705753545882824j),(-0.5106095566587777+0.057770662845307394j),(-0.31024172452993376+0.035527921824142585j),(-0.012123876753387056-0.07029357072110999j),(-0.01212387675338981-0.07029357072110876j),(-0.3395157261939704+0.038683818846832176j)
7036036036.0360365,(0.00158479799781093+0.007627061089406639j),(-0.014456846899224635+0.0021337405599477603j),(-0.17564782536688234-0.9026173156040429j),(-0.13675866345111387+0.023635199855150658j),(-0.13796546702524543-0.7666245463631505j),(-0.5035414763330772+0.08027307011997264j),(-0.30569322299287055+0.04982039442761371j),(-0.018841179170819285-0.06799638462044666j),(-0.018841179170818144-0.06799638462044724j),(-0.33460691679132004+0.054087875547511266j)
7045045045.045045,(0.0022061965863162114+0.007379116830192822j),(-0.014223271015282896+0.00267520597208171j),(-0.2277198756154689-0.8910876541566366j),(-0.13355223516352524+0.03050695293361538j),(-0.1773932998473478-0.761285577948501j),(-0.494174123009731+0.10207834775668877j),(-0.29963990807134533+0.06361744437307021j),(-0.025163287884060876-0.06490103810406755j),(-0.02516328788406021-0.0649010381040688j),(-0.32808645010191084+0.06896785631723396j)
7054054054.054054,(0.0027884097703753663+0.007067500157200979j),(-0.0139359573513399+0.0031982399466204785j),(-0.2790908559739263-0.8766001680264464j),(-0.12957023012372473+0.0369644288243596j),(-0.21712563068304314-0.7544635983751633j),(-0.48254114721247104+0.1229786705131593j),(-0.2921197313167575+0.07677330972213872j),(-0.03098261264544117-0.06106828482564132j),(-0.030982612645441845-0.061068284825640654j),(-0.3199916460194382+0.08316978961538081j)
7063063063.063063,(0.003323475465432185+0.006698041285994716j),(-0.013594664728710945+0.0036982489532064074j),(-0.32959981368554414-0.8591888222870425j),(-0.12486446010613787+0.042920796480621776j),(-0.25720201231468753-0.746040985780213j),(-0.4686890435918435+0.14275853898417293j),(-0.28318208712027976+0.08914141877919075j),(-0.03619890068542791-0.056573918253413936j),(-0.03619890068542794-0.056573918253413166j),(-0.3103714165777017+0.09653791668560455j)
7072072072.072072,(0.0038041489493387537+0.006277697326900533j),(-0.013199366924692896+0.004170078274336048j),(-0.379085817485865-0.8388952327107914j),(-0.1194963657770374+0.048295409014306304j),(-0.2976432757762514-0.7358782432306635j),(-0.45268025833271375+0.16119401309916467j),(-0.2728889451301833+0.10057463278239981j),(-0.04072127085480677-0.051508494740063096j),(-0.040721270854806375-0.051508494740064165j),(-0.29928767897956793+0.10891478933107178j)
7081081081.081081,(0.004224072497894832+0.005814512990431009j),(-0.012750419280926434+0.004607966260568044j),(-0.427388139491387-0.8157690528602562j),(-0.11353633800121696+0.053014861261890686j),(-0.33844720974244114-0.7238154027578982j),(-0.4345968761871697+0.17805259373856439j),(-0.26131618781326693+0.11092576123965882j),(-0.0444704648744745-0.04597682505117816j),(-0.0444704648744715-0.04597682505117992j),(-0.28681702637511913+0.1201416937607975j)
7090090090.09009,(0.004577961036231509+0.005317556346387087j),(-0.012248749103365486+0.0050055325940654705j),(-0.47434652891277207-0.789868391325864j),(-0.10706292352735569+0.0570139861400524j),(-0.37958390558666677-0.7096741198511965j),(-0.41454482392001607+0.19309393405504582j),(-0.24855512462032087+0.12004842750348434j),(-0.047381311663052476-0.04009713573733374j),(-0.047381311663052615-0.04009713573733409j),(-0.2730526228270516+0.13005949269161235j)
7099099099.099099,(0.004861801326504045+0.004796821192969147j),(-0.011696065539557002+0.005355808638885656j),(-0.5198015858464727-0.7612602421873738j),(-0.10016191729194678+0.060236776981182336j),(-0.4209908403745315-0.6932606649585085j),(-0.39265848055752506+0.2060715823190084j),(-0.2347141333851795+0.1277983710112093j),(-0.049405372735973264-0.033999788614431044j),(-0.049405372735968706-0.03399978861443613j),(-0.2581062644642929+0.13850998828898023j)
7108108108.1081085,(0.005073059495197263+0.004263087026861345j),(-0.01109508219196488+0.00565131839790247j),(-0.5635952406166831-0.7300209101802386j),(-0.09292534508029386+0.06263722213732181j),(-0.4625678389569266-0.6743700326353534j),(-0.3691055221949502+0.21673596956890834j),(-0.2199203514456574+0.13403527745521251j),(-0.05051370082988074-0.0278254387724422j),(-0.050513700829877765-0.02782543877244592j),(-0.242110515829587+0.14533791425101616j)
7117117117.117117,(0.005210888390840218+0.0037277277061977254j),(-0.010449742669042653+0.005884218418590555j),(-0.6055713410485069-0.6962364108629902j),(-0.08545034214277562+0.06418003743589817j),(-0.504172140885818-0.6527913860042824j),(-0.3440917499757113+0.22483885079906854j),(-0.20432130339020044+0.13862522569889293j),(-0.05069960008134302-0.02172251242935483j),(-0.05069960008134693-0.02172251242935408j),(-0.22522078872828635+0.1503936625360739j)
7126126126.126126,(0.005276322444317083+0.003202460992763889j),(-0.009765435679431028+0.006046503856451134j),(-0.6455763467069852-0.6600028253720582j),(-0.07783793555497405+0.0648412816574736j),(-0.5456138958721372-0.6283150255567607j),(-0.31786555648176906+0.23013937898802167j),(-0.18808631033894063+0.14144382646629702j),(-0.04998122541742352-0.015843899907649055j),(-0.049981225417422635-0.015843899907646522j),(-0.20761718169780174+0.15353683417919928j)
7135135135.135135,(0.005272443614059319+0.002699033608789425j),(-0.009049182375793892+0.00613028544221178j),(-0.6834601256004746-0.62142658917666j),(-0.0701917405795516+0.06460884017346065j),(-0.5866525169063758-0.6007410074164784j),(-0.2907215842758603+0.23241192710196815j),(-0.17140748005191142+0.1423800981955027j),(-0.04840380434704686-0.010342790880092233j),(-0.048403804347049474-0.010342790880086439j),(-0.18950584480349994+0.15464066907992696j)
7144144144.144144,(0.005204498065357277+0.0022288405939034917j),(-0.008309774883751495+0.006128137953935041j),(-0.7190768452029428-0.5806246946574403j),(-0.06261658396432283+0.06348276230947511j),(-0.6269944218279794-0.569889427737147j),(-0.26300303193400815+0.23145566487877076j),(-0.15450003306541396+0.1413410756401887j),(-0.046041211687480765-0.005367633460146716j),(-0.04604121168748135-0.005367633460145613j),(-0.17111958283291773+0.15359735154805676j)
7153153153.153153,(0.005079940107441894+0.0018024838385635733j),(-0.007557841963892059+0.006033514723511463j),(-0.7522859459894606-0.5377247883683629j),(-0.05521706990657953+0.061475438952256295j),(-0.6662927749086209-0.535612230446789j),(-0.23510198483551698+0.22710573809675333j),(-0.13760168540715637+0.13825707380099286j),(-0.04299658554041962-0.0010562789607861474j),(-0.042996585540419734-0.001056278960787048j),(-0.1527173693349401+0.15032410324801693j)
7162162162.162162,(0.0049083784717799395+0.0014292827043311251j),(-0.006805816428586436+0.005841214699115825j),(-0.7829531821058957-0.4928651455264504j),(-0.0480961072268013+0.05861160844366654j),(-0.7041498768452725-0.4978061847102324j),(-0.20745711337723483+0.21924568769882685j),(-0.1209707938734321+0.1330874333721321j),(-0.03940165263031404+0.0024705195918945026j),(-0.039401652630310674+0.0024705195918861833j),(-0.1345824267306043+0.14476986277036105j)
7171171171.171171,(0.004701401277841966+0.001116759243612847j),(-0.006067780294543301+0.00554787901532338j),(-0.8109517104165875-0.44619450661903404j),(-0.04135341901292865+0.05492818093607255j),(-0.7401228173390582-0.4564264259668236j),(-0.1805481173248293+0.2078204942133158j),(-0.10488298787433611+0.12582645855937j),(-0.035414446538763425+0.005115959673895459j),(-0.0354144465387628+0.005115959673896366j),(-0.11701854846342151+0.13692221659001888j)
7180180180.180181,(0.004472261009798362+0.0008701308037251665j),(-0.005359168706695672+0.00515248378384283j),(-0.8361632061118418-0.39787176401892377j),(-0.03508405849755053+0.050473874134349554j),(-0.77373287232718-0.41149968365078143j),(-0.15488642860978763+0.19284936277751163j),(-0.08962607484697363+0.11650913467208796j),(-0.031215166892331486+0.00681395981593019j),(-0.03121516689233067+0.006813959815926911j),(-0.10034441226036436+0.12681410223977346j)
7189189189.189189,(0.004235410239179727+0.0006918522644549507j),(-0.004696323146540397+0.004656786389487529j),(-0.8584789804322255-0.3480654901393355j),(-0.02937695708265196+0.04530865671805003j),(-0.804478878360929-0.36313606876850896j),(-0.13100193565797524+0.17443711474322096j),(-0.0754931232237723+0.10521609934114778j),(-0.027000051035647038+0.007535289314583779j),(-0.027000051035650646+0.007535289314588894j),(-0.08488576951685436+0.11452967212012351j)
7198198198.198198,(0.004005892789629373+0.0005812568119497041j),(-0.004095898449136298+0.004065675953803204j),(-0.8778010740233964-0.29695330289732125j),(-0.024313532084725233+0.039502999699267696j),(-0.8318544462941242-0.31153811824199434j),(-0.10942586363648091+0.1527828761587251j),(-0.06277379941146721+0.09207726197519273j),(-0.022973313864635952+0.007292407672336154j),(-0.02297331386463527+0.007292407672337398j),(-0.070965596309739+0.10020861388280007j)
7207207207.207208,(0.003798612691978287+0.0005343457674602259j),(-0.0035741458488266972+0.003387377047242311j),(-0.894043298115849-0.24472106903303512j),(-0.01996638277802626+0.03313694047315329j),(-0.8553684073221441-0.2570057498508207j),(-0.0906704149076687+0.12818471087521666j),(-0.05174425299402164+0.07727344862694402j),(-0.019337445396854374+0.006142340408898448j),(-0.019337445396853045+0.006142340408886457j),(-0.05889254469167357+0.08404820272142588j)
7216216216.216216,(0.0036275226206127775+0.0005437725717485908j),(-0.0031461136486205226+0.0026334611756998125j),(-0.907132195299744-0.191561951035064j),(-0.01639810349411104+0.026298969262453772j),(-0.874567369368074-0.19993592485312345j),(-0.0752062896482054+0.10103898975229883j),(-0.042656082922538016+0.06103551833167789j),(-0.016282412965835998+0.004186986909034359j),(-0.016282412965833257+0.004186986909025277j),(-0.0489483102197782+0.06630244068307471j)
7225225225.225225,(0.0035047914278417136+0.0005990524931263341j),(-0.0028248250603321954+0.0018186341262029764j),(-0.9170078922924967-0.13767530889102914j),(-0.013660241721049673+0.01908475288792915j),(-0.8890587829224104-0.14081617459203508j),(-0.06343968598074588+0.0718336470801622j),(-0.03572513879056562+0.04364056585784444j),(-0.013974554685044204+0.0015704328505083763j),(-0.01397455468504321+0.0015704328504973619j),(-0.041374788911230004+0.04727783411024678j)
7234234234.234234,(0.0034400231654220237+0.000687008411104223j),(-0.0026205055559530323+0.0009602884954700072j),(-0.9236248189141725-0.08326547338585644j),(-0.011792427190076844+0.011595716085176202j),(-0.8985325721134179-0.08021171200828113j),(-0.05569072269596848+0.0411350403004091j),(-0.03112106938706948+0.025405089697323115j),(-0.012546123400378511-0.0015268806887864823j),(-0.012546123400374776-0.0015268806887887114j),(-0.03636208049897586+0.027325666688262317j)
7243243243.243243,(0.0034396040581962106+0.0007924364413642165j),(-0.002539936162066655+7.783732842915787e-05j),(-0.9269522705726128-0.028540412893014854j),(-0.010821694754579014+0.003937505634003902j),(-0.9027792738119365-0.018746558308193648j),(-0.052175340941524415+0.009568838724665449j),(-0.028958581685984742+0.006675334850906066j),(-0.012086498380339122-0.004896927292409097j),(-0.012086498380340033-0.004896927292412244j),(-0.034038454010118964+0.006831009507763273j)
7252252252.252253,(0.0035062469495181214+0.0008989472774998623j),(-0.0025860021967253396-0.0008081273003616735j),(-0.9269747958923829+0.02628967979917044j),(-0.0107620194694497-0.0037816329840258903j),(-0.9017028077563629+0.04292013824304419j),(-0.05299256133981364-0.02220388611104414j),(-0.029291288207906274-0.012184632247172847j),(-0.012635994068010779-0.008315229221935493j),(-0.01263599406801174-0.008315229221938192j),(-0.03446329260135787-0.013800886847897124j)
7261261261.261261,(0.003638784573471443+0.0009899149873187282j),(-0.0027574887934482574-0.0016767827828317872j),(-0.9236923965518451+0.08101385049096574j),(-0.011614076808971818-0.011452533196160613j),(-0.8953264807297794+0.10412076493265687j),(-0.058118493178396985-0.05351354616150475j),(-0.03210879620023542-0.030806256896000292j),(-0.014182957911033196-0.011553457220843536j),(-0.014182957911034405-0.01155345722084747j),(-0.0376237737871332-0.03415982246166533j)
7270270270.27027,(0.0038322359467258815+0.0010494494765939805j),(-0.0030491475035393425-0.0025080480384894743j),(-0.9171205326346822+0.1354218639914056j),(-0.013365234695557572-0.0189668038033603j),(-0.8837915473204555+0.1642066395715327j),(-0.06740777301996978-0.08370965370025037j),(-0.037337356354224055-0.048830180713315206j),(-0.016664492657112496-0.014392387790061772j),(-0.01666449265711228-0.01439238779006553j),(-0.04343565136130331-0.0538462767902953j)
7279279279.27928,(0.004078138719381286+0.0010633052236305035j),(-0.0034520268219919333-0.003283492018324615j),(-0.9072899334609104+0.18930566879363053j),(-0.015989777337499744-0.026218508163874225j),(-0.8673484898766077+0.2225737826067225j),(-0.08060227019139435-0.11218681810509039j),(-0.04484399694245634-0.06591917111616084j),(-0.019970721792152774-0.016634056906554062j),(-0.019970721792147414-0.016634056906538283j),(-0.051748050586437465-0.07248615515280397j)
7288288288.288288,(0.004365110113037418+0.001019648006922988j),(-0.003954029279387237-0.003987100648748285j),(-0.8942462204847738+0.2424608136863129j),(-0.019449354236701747-0.03310579078676725j),(-0.8463419912763547+0.27868494444634906j),(-0.09734608579617333-0.13840700477667003j),(-0.054443690737050854-0.08176929713297151j),(-0.023952114604210373-0.01811206538002111j),(-0.023952114604207077-0.0181120653800155j),(-0.06235174929582415-0.08974349843046575j)
7297297297.2972975,(0.004679575427997185+0.000909621233355945j),(-0.004540634104329786-0.004605844104593311j),(-0.8780493549914747+0.294687786311695j),(-0.0236936415603943-0.03953241830121254j),(-0.8211912138992348+0.3320862885446104j),(-0.11720523234124951-0.1619164609478786j),(-0.06590880284649217-0.09611859551995218j),(-0.028429070546120372-0.01869925111645731j),(-0.028429070546119393-0.018699251116457836j),(-0.07499007105515279-0.10533028372913808j)
7306306306.306306,(0.005006589690744301+0.0007276800004480666j),(-0.005195711061285878-0.005130012836540042j),(-0.8587729286273952+0.34579324726145777j),(-0.028661197730434428-0.04540920525281201j),(-0.7923673676631392+0.38241783384801953j),(-0.1396900118344278-0.1823564163662431j),(-0.07897989372114612-0.10875279797298777j),(-0.03320278048212801-0.018312293293282936j),(-0.033202780482126666-0.018312293293279852j),(-0.08937131584371577-0.11901282364606769j)
7315315315.315315,(0.005330676083236341+0.0004716890682573416j),(-0.005902349152239424-0.005553318834300686j),(-0.8365033190154005+0.3955911378071027j),(-0.03428049080641651-0.05065529955108686j),(-0.7603706143555805+0.42941750797346073j),(-0.16427804613412983-0.19946741483600483j),(-0.09337691931803463-0.11950803835924527j),(-0.03806635232991043-0.016913185083180966j),(-0.03806635232990819-0.016913185083178097j),(-0.10518161762251142-0.13061467602784677j)
7324324324.324325,(0.005636613146580649+0.00014280569229860318j),(-0.006643632238825178-0.005872783400219295j),(-0.8113387357225434+0.44390364444236263j),(-0.040471072130569205-0.05519930730428135j),(-0.725708144956988+0.47291932742931364j),(-0.190436124218844-0.21308779784694126j),(-0.10880996593588069-0.12827076917539298j),(-0.04281529538277676-0.01450784149347582j),(-0.04281529538277694-0.014507841493476885j),(-0.12209723041353059-0.1400163359758316j)
7333333333.333333,(0.00591011839337352-0.0002548136103083243j),(-0.007403309305300761-0.006088450851022879j),(-0.7833881836646367+0.49056200874130745j),(-0.047144868754047685-0.058980241904445334j),(-0.6888748594535573+0.5128467122239864j),(-0.21763943868350588-0.22314735291294724j),(-0.12498884441348013-0.1349753465576758j),(-0.04725666210554504-0.011142351741347428j),(-0.04725666210553434-0.011142351741332074j),(-0.13979546302407195-0.14715224825971834j)
7342342342.342342,(0.006138395122857798-0.0007144333209351816j),(-0.008166326270509817-0.0062029775584372115j),(-0.7527703717291581+0.5354071763392021j),(-0.054207566287411545-0.06194828730190921j),(-0.6503375744535718+0.5492022180905745j),(-0.24538728850100483-0.22965741555103944j),(-0.14163110112370042-0.13959987386803838j),(-0.051216398637796014-0.006897520875689815j),(-0.05121639863779083-0.0068975208756818715j),(-0.15796375366471568-0.1520058289849106j)
7351351351.351352,(0.006310528337806265-0.0012272350592643644j),(-0.00891920539702782-0.0062211478720918395j),(-0.7196125941013534+0.5782902839159817j),(-0.06156005387916167-0.06406537023381381j),(-0.6105231777376814+0.5820550366750398j),(-0.2732148319533548-0.23269878143011333j),(-0.15846823751923372-0.14216092795987267j),(-0.054544708181840686-0.00188237637953342j),(-0.05454470818182867-0.0018823763795268109j),(-0.17630664831328327-0.154603223704054j)
7360360360.36036,(0.0064177320224640955-0.0017828426451818036j),(-0.009650274750658043-0.006149364311600049j),(-0.6840496106246029+0.6190729877627859j),(-0.06909990387875584-0.06530554060874164j),(-0.5698107125292055+0.611527513126757j),(-0.3007009108313373-0.2324086848361934j),(-0.1752501326043867-0.1427077484108679j),(-0.057119449047695704+0.003772737318015548j),(-0.057119449047700145+0.0037727373180112683j),(-0.19455068210570592-0.15500647703406806j)
7369369369.3693695,(0.006453462153790279-0.0023698374077160134j),(-0.010349762330770992-0.005995151160862355j),(-0.6462225506567664+0.657627641731933j),(-0.07672286023692167-0.06565516320495951j),(-0.5285270486476731+0.6377817190692042j),(-0.32747229367947517-0.22896788870447443j),(-0.19174781462743112-0.14131637479385445j),(-0.058847751004552085+0.00992296133136087j),(-0.05884775100453954+0.009922961331366317j),(-0.21244733928896653-0.15330667711557844j)
7378378378.378378,(0.006413417272664923-0.0029762352520216195j),(-0.011009777014736002-0.0057667004461385216j),(-0.6062778624226983+0.6938373360486513j),(-0.08432431170205339-0.06511292725591378j),(-0.4869455942361442+0.6610068551908174j),(-0.3532048906389583-0.22258866830778595j),(-0.20775482415576854-0.13808409733571128j),(-0.05966613409327511+0.016415240428918874j),(-0.059666134093280324+0.016415240428916428j),(-0.22977437818524268-0.14961749822798898j)
7387387387.387387,(0.006295451676537889-0.003589907256149938j),(-0.011624201775949375-0.005472479046498162j),(-0.5643663269376524+0.7275958115407157j),(-0.09180072825491188-0.06368968333461777j),(-0.44528740981659354+0.6814079898536104j),(-0.37762258598058523-0.21350420341631726j),(-0.22308745534179616-0.13312446432896943j),(-0.0595394585605249+0.02309391084355501j),(-0.05953945856053351+0.023093910843548615j),(-0.24633585889370072-0.14406942242196624j)
7396396396.396397,(0.006099426196173763-0.004198934678616484j),(-0.012188524636779677-0.0051209066055154726j),(-0.5206421522994138+0.758807266291821j),(-0.0990510418632274-0.061408119191886136j),(-0.403724082669273+0.6991964012925354j),(-0.4004943401382338-0.2019596554320972j),(-0.23758416636395144-0.12656298070647687j),(-0.05845903481507067+0.029805432499642504j),(-0.05845903481507066+0.02980543249964346j),(-0.26196121563750924-0.1368047939175075j)
7405405405.405405,(0.005827019156574437-0.004791896540305485j),(-0.01269963057364186-0.004720106648729912j),(-0.47526216063924764+0.7873860735247626j),(-0.10597795541069151-0.05830228785073419j),(-0.3623817762976831+0.7145815990423989j),(-0.42163015867128195-0.1882050144695152j),(-0.25110442646734166-0.11853354451139492j),(-0.0564401921707773+0.036402237241183785j),(-0.05644019217078785+0.03640223724118122j),(-0.27650368761463173-0.12797375780885437j)
7414414414.414414,(0.005481516468388681-0.005358093218649107j),(-0.013155574080518914-0.0042777280489957915j),(-0.428385076389761+0.813256430674404j),(-0.11248916644927466-0.05441700233147488j),(-0.3213459610585826+0.7277649605849156j),(-0.4408764371443613-0.17248966192118192j),(-0.2635272277163003-0.10917560407733219j),(-0.05351955766559121+0.042745735044744174j),(-0.05351955766558769+0.042745735044745395j),(-0.2898383758773353-0.11773106017532506j)
7423423423.423424,(0.0050675956539993905-0.005887712878848483j),(-0.013555348122265595-0.0038008305890963427j),(-0.38017092088924576+0.8363519601276362j),(-0.11849849512685463-0.04980711191650215j),(-0.28066643697214827+0.7389348287013002j),(-0.4581110894282635-0.1550585034602065j),(-0.27474944415529445-0.0986319770992581j),(-0.0497522419585499+0.04870856571316776j),(-0.04975224195854788+0.048708565713168187j),(-0.30186014039982395-0.10623363827745003j)
7432432432.432432,(0.004591114537425611-0.006371949376253405j),(-0.013898661329442133-0.0032958265349527227j),(-0.33078051478546894+0.8566152820302128j),(-0.12392690816474032-0.04453667492151103j),(-0.24036236343847178+0.7482628657536133j),(-0.4732387673144344-0.1361494776412701j),(-0.28468417641014837-0.08704724974643606j),(-0.04520907567350468+0.05417620813829845j),(-0.04520907567349172+0.0541762081382991j),(-0.3124814990690271-0.09363890281634385j)
7441441441.441442,(0.004058911657008085-0.006803080864503652j),(-0.014185731843469246-0.0027684694765815684j),(-0.2803750863242964+0.8739975789290091j),(-0.12870343301756573-0.038678042594688135j),(-0.20042710402124303+0.7559014434555427j),(-0.4861863907252517-0.11599222644617593j),(-0.2932591800279427-0.07456666504384941j),(-0.03997399115153185+0.05904806773673285j),(-0.03997399115152115+0.05904806773673131j),(-0.32163064371487493-0.08010360399701473j)
7450450450.450451,(0.003478622371663645-0.00717451809106473j),(-0.014417103389422328-0.0022238818480406885j),(-0.22911598047687387+0.8884581708972115j),(-0.13276595828619658-0.03231086810637299j),(-0.16083277317715766+0.761981851263602j),(-0.49689913469071545-0.09480771665509054j),(-0.3004154430990302-0.06133541053269291j),(-0.034141603649851214+0.06323815981680556j),(-0.034141603649864835+0.06323815981680372j),(-0.32924964987788224-0.06578317422876893j)
7459459459.459459,(0.002858512150629433-0.007480830564025487j),(-0.01459348696481888-0.001666613186438166j),(-0.17716446103168265+0.8999641182432984j),(-0.13606191803524287-0.025521053714133636j),(-0.12153443468950384+0.7666131253343182j),(-0.5053369628006742-0.0728086165107556j),(-0.3061059534531394-0.0474982219260067j),(-0.027815013171089552+0.06667549645448922j),(-0.027815013171088684+0.06667549645448947j),(-0.3352929273827784-0.050831448298880796j)
7468468468.468469,(0.002207326640268889-0.007717757661482916j),(-0.01471562995678409-0.0011007220814616223j),(-0.12468159529799437+0.908489867000494j),(-0.13854885887648205-0.018399648189565257j),(-0.08247394953885548+0.7698813268871265j),(-0.511471756077741-0.05020025421634708j),(-0.31029467752033185-0.033199229121492785j),(-0.021103822879575487+0.06930427005668399j),(-0.021103822879564006+0.06930427005668205j),(-0.33972593743389107-0.03540067328442112j)
7477477477.477477,(0.0015341567104144582-0.00788221049677934j),(-0.01478421345326679-0.0005298757147408854j),(-0.07182820895716088+0.9140169502008106j),(-0.14019488952913223-0.011041705568105822j),(-0.04358350601360929+0.7718491294476786j),(-0.5152850590457796-0.02718200853719261j),(-0.3129557608341878-0.0185819813379087j),(-0.014122351471773932+0.07108391037656633j),(-0.014122351471778049+0.07108391037656529j),(-0.3425241877407233-0.019641732767392374j)
7486486486.486486,(0.0008483156972943183-0.00797226905247117j),(-0.014799777889925092+4.253823171830552e-05j),(-0.018764896876637186+0.9165337555179576j),(-0.1409790130850275-0.003545115318138843j),(-0.004788889393871369+0.7725556060785352j),(-0.5167664486030908-0.003949003829501228j),(-0.3140729529541304-0.003789597805540234j),(-0.00698800374137602+0.0719890747197112j),(-0.006988003741389729+0.07198907471971515j),(-0.3436725087339872-0.003704521342102846j)
7495495495.495496,(0.00015922541087886113-0.007987177809995971j),(-0.014762676880501438+0.0006132917946586151j),(0.034347925623620656+0.9160353672742263j),(-0.14089134243698964+0.003990586803916466j),(0.03398743521139573+0.7720161388627533j),(-0.5159125234904066+0.01930599996578995j),(-0.31363925608319343+0.01103500159019134j),(0.0001802452061180872+0.07200961420573344j),(0.0001802452061063168+0.07200961420573691j),(-0.34316460984420316+0.012261585179515016j)
7504504504.504504,(-0.0005236929220719597-0.007927341852952519j),(-0.01467305900811107+0.0011791930520661693j),(0.0873499474953818+0.9125234880998333j),(-0.1399331993357394+0.011465418579619479j),(0.0728233434670818+0.7702224030547669j),(-0.5127265101505025+0.042390618760368357j),(-0.31165679573500954+0.025748825617927164j),(0.007263302014151396+0.07115054252253267j),(0.007263302014148051+0.07115054252253376j),(-0.3410029137512327+0.028107211722062448j)
7513513513.513514,(-0.0011911267962524535-0.007794324206279679j),(-0.014530877421362984+0.00173696223655663j),(0.1400808796575187+0.9060064427531309j),(-0.13811709739306188+0.01878015359629947j),(0.11179408770146626+0.7671424075489429j),(-0.5072184822763658+0.06511084638577112j),(-0.30813691241335056+0.04020853775447854j),(0.014143395978026663+0.06943201760209357j),(0.014143395978025785+0.06943201760209482j),(-0.3371986672560779+0.04368246222758937j)
7522522522.522523,(-0.0018339836727743891-0.007590843976585493j),(-0.014335927196551135+0.002283111283849658j),(0.19238038278812536+0.8964992637985616j),(-0.135466609126024+0.025837517844486506j),(0.1509692595363959+0.7627206021043489j),(-0.49940619417117055+0.08726913547982995j),(-0.30310047445204924+0.05427021537831214j),(0.02070556162585877+0.0668893308471096j),(0.020705561625870894+0.06688933084710233j),(-0.3317723288451457+0.058836437946004225j)
7531531531.531531,(-0.002443509191533369-0.007320773656686319j),(-0.014087910511784929+0.0028138306602727356j),(0.2440880220938469+0.8840238560351563j),(-0.13201611691897522+0.032543372385662024j),(0.19040959457351853+0.756878090705464j),(-0.48931653009913245+0.10866265058034111j),(-0.29657841299726684+0.06778918082272697j),(0.026839213760166864+0.06357288266484444j),(0.02683921376016238+0.06357288266484853j),(-0.3247542340208402+0.07341684214327882j)
7540540540.540541,(-0.003011415846063098-0.006989132736562598j),(-0.013786529651702198+0.003324887749338489j),(0.29504326530391756+0.8686092338096534j),(-0.1278104476511442+0.0388078734215337j),(0.23016354310271273+0.7495130200525293j),(-0.4769875709671513+0.12908179795372116j),(-0.28861247965745124+0.08061994793829554j),(0.03243986110059272+0.059548106878568374j),(0.032439861100613525+0.05954810687855741j),(-0.31618553896084434+0.0872697234369596j)
7549549549.549549,(-0.003530025018300964-0.006602073510924067j),(-0.01343160762806607+0.0038115417168584423j),(0.34508553910954165+0.8502918226771685j),(-0.12290439076940675+0.04454660045239792j),(0.27026354537976427+0.7405012426777393j),(-0.46247127368887764+0.14830915313841597j),(-0.2792562246010788+0.09261633507855141j),(0.03741099686488519+0.05489528999971645j),(0.03741099686489128+0.054895289999711355j),(-0.30611943985720796+0.10023941851225879j)
7558558558.558558,(-0.003992424362465552-0.006166853713985565j),(-0.013023235677560863+0.004268480580489172j),(0.3940543578546267+0.8291158143331023j),(-0.11736209985165438+0.04968164238232735j),(0.310721972222093+0.729697385235901j),(-0.44583674501852005+0.16611892779587534j),(-0.2685761867575241+0.10363180450860993j),(0.041666192816271465+0.0497092145485984j),(0.041666192816262375+0.04970921454860354j),(-0.29462265811264937+0.11216876566959579j)
7567567567.567568,(-0.004392641247761425-0.005691789381003065j),(-0.012561945973586688+0.004689787095432989j),(0.44178953648114316+0.8051335613840849j),(-0.11125637826174935+0.05414263047458156j),(0.3515267236067554+0.7169364829393916j),(-0.42717406792966817+0.1822771403254633j),(-0.2566532771221178+0.11352009830458151j),(0.04513140643720153+0.04409853922233783j),(0.045131406437184975+0.04409853922235517j),(-0.2817771690693059+0.12289967249545407j)
7576576576.576576,(-0.004725831212759879-0.005186180238036409j),(-0.01204890648058582+0.005068940932217006j),(0.48813149755539265+0.7784059964063159j),(-0.10466785038818346+0.057867706061109914j),(0.392636521920543+0.7020363685539215j),(-0.4065986021970008+0.19654267684500454j),(-0.24358431981200507+0.12213625052083833j),(0.04774748781742599+0.038184813926196014j),(0.047747487817423225+0.03818481392619827j),(-0.2676821327731788+0.13227413238527677j)
7585585585.585586,(-0.004988478096613125-0.00466019908816262j),(-0.011486132890937181+0.005398865280938657j),(0.5329216796550444+0.7490030579269117j),(-0.09768402120246604+0.06080440994349293j),(0.4339759945725361+0.684801025028718j),(-0.3842556295154632+0.20866944620770075j),(-0.22948369246802983+0.1293380627946641j),(0.04947284254124846+0.0321010164491038j),(0.049472842541258596+0.03210101644908843j),(-0.25245595824989997+0.14013579335653015j)
7594594594.594595,(-0.005178599629445391-0.004124736321609812j),(-0.010876709984145624+0.005672026256825023j),(0.5760030515346597+0.7170041045058443j),(-0.09039822849340502+0.06291047959849677j),(0.4754307140690279+0.6650251191295652j),(-0.3603251460166352+0.2184098387517015j),(-0.2144849772708774+0.13498813291827916j),(0.05028616873281151+0.025989492688144895j),(0.05028616873281971+0.02598949268813283j),(-0.23623839723916237+0.1463321854319196j)
7603603603.603603,(-0.00529594882982104-0.0035911910922646895j),(-0.01022501154801847+0.005880592994829938j),(0.6172207333169029+0.6824982970816235j),(-0.08290849408851478+0.06415453969264631j),(0.5168424518184362+0.6424999220422675j),(-0.3350265219585494+0.2255196857416352j),(-0.19874249647550668+0.13895651972229828j),(0.05018914074924331+0.019999187519664775j),(0.05018914074922351+0.01999918751969286j),(-0.21919251957156113+0.15071770571197876j)
7612612612.612613,(-0.005342197689274741-0.0030712022216946022j),(-0.00953690434784979+0.006016664776195203j),(0.6564227225692121+0.6455849292125608j),(-0.0753162826523027+0.06451667113221457j),(0.558005001469591+0.6170207829527223j),(-0.30862265317007875+0.2297648758731385j),(-0.18243256356334067+0.14112410872648185j),(0.0492088605498106+0.014282073129919205j),(0.04920886054981047+0.01428207312991936j),(-0.2015063722590444+0.1531574382788676j)
7621621621.621622,(-0.005321085627932376-0.0025763148564036387j),(-0.008819917808512205+0.0060725685519117945j),(0.6934607195705975+0.6063736848670253j),(-0.06772517917824378+0.06398884399936249j),(0.5986610308590865+0.5883962436644847j),(-0.2814231292116789+0.2309297071187492j),(-0.1657542363864498+0.14138670700714426j),(0.047399844355755553+0.00898872060126985j),(0.047399844355755394+0.008988720601270095j),(-0.1833940720034707+0.15353184411096962j)
7630630630.6306305,(-0.005238511564211623-0.002117583636141951j),(-0.00808335759168341+0.006041225512464797j),(0.7281910424372269+0.5649848040392476j),(-0.06023949899109329+0.06257520032454444j),(0.6385005156695233+0.5564587580865856j),(-0.25378585223367434+0.22882692813625788j),(-0.14892931802070045+0.13965983871793647j),(0.044845263383851634+0.00426302297633075j),(0.0448452633838515+0.004263022976330577j),(-0.16509603320406493+0.15174228974286777j)
7639639639.63964,(-0.005102545885242671-0.0017051197784125338j),(-0.007338338815548635+0.005916578716121133j),(0.7604756191681672+0.5215491377099617j),(-0.05296284686815248+0.06029217379258087j),(0.6771613737607605+0.5210768054056427j),(-0.2261164771855082+0.22330924884268039j),(-0.13220132321128217+0.1358841326015093j),(0.041657122703703184+0.0002361661521594328j),(0.04165712270370227+0.00023616615215873993j),(-0.14687800084237856+0.147717290033752j)
7648648648.648648,(-0.004923338032884472-0.0013475979507098224j),(-0.006597714205580217+0.005694065357327152j),(0.790183040179912+0.47620807557333195j),(-0.045996644650551026+0.057168435199142484j),(0.714232932595125+0.48216796280719115j),(-0.1988650326470348+0.21428187731769827j),(-0.11583312444321257+0.13003109090109338j),(0.03797505379239347-0.0029799436169295488j),(0.03797505379239374-0.00297994361692918j),(-0.12902855285437653+0.14141922161574527j)
7657657657.657658,(-0.00471289785476342-0.0010517485354599732j),(-0.005875874986123561+0.005371107551041025j),(0.8171896516466015+0.4291133325031427j),(-0.03943864934698764+0.05324465480593266j),(0.749262796344577+0.439712246752513j),(-0.17251914908903077+0.2017153839243883j),(-0.10010302423188554+0.12210891181411934j),(0.03396342765101241-0.0052994571246849425j),(0.033963427651012415-0.005299457124684888j),(-0.11185477420413302+0.13285112691620143j)
7666666666.666667,(-0.004484735218141356-0.0008218708276134801j),(-0.005188408744730585+0.004947585608301351j),(0.8413806670643609+0.38042658293125653j),(-0.03338148610068749+0.04857307568735684j),(0.781767509714496+0.39376476938255395j),(-0.14759349230753932+0.1856579316979134j),(-0.0852990804593829+0.11216791808433378j),(0.029806578674932235-0.0066690932256488625j),(0.029806578674933228-0.006669093225648407j),(-0.09567589794884625+0.1220630893009354j)
7675675675.675675,(-0.0042533531759669785-0.0006594112035787358j),(-0.004551609352701096+0.004426249313210888j),(0.8626512720439584+0.33031893613177454j),(-0.02791122236318192+0.0432168957112176j),(0.8112471279245257+0.3444665319531186j),(-0.12461528849180192+0.1662456879715459j),(-0.07171164607479097+0.10030504252817027j),(0.025702072059716117-0.007073797910672001j),(0.0257020720597147-0.007073797910672901j),(-0.08081486478019205+0.10915754115459357j)
7684684684.684685,(-0.004033605015829889-0.0005626552995186829j),(-0.003981849114980916+0.0038130177444530705j),(0.8809076955465578+0.2789702497986515j),(-0.023106011046607866+0.03724945991652469j),(0.8372034014513017+0.29205204518528827j),(-0.10410622912470492+0.1437101007419545j),(-0.05962427097067559+0.08666676258478688j),(0.021852147047628216-0.006540897693318445j),(0.02185214704762856-0.006540897693318101j),(-0.06758796920063712+0.09429279807369233j)
7693693693.693694,(-0.0038399436009773358-0.0005265825881342889j),(-0.003494841439878816+0.003117118863515171j),(0.8960682197656424+0.22656828419540118j),(-0.01903483114871758+0.03075326967495961j),(0.8591608019321639+0.2368524844297262j),(-0.08656152684643717+0.11838074179566388j),(-0.04930333755769864+0.07144988687179663j),(0.018453708916738584-0.005142100117162863j),(0.018453708916739444-0.005142100117162686j),(-0.05629302043744989+0.07768412459882855j)
7702702702.7027025,(-0.003685610178305543-0.0005429237517903807j),(-0.0031048411156335883+0.002351028110669652j),(0.9080641007859569+0.1733077044166794j),(-0.015756354191418527+0.023818820033401814j),(0.8766891143246258+0.1792933011185231j),(-0.0724273952985704+0.09068263264368956j),(-0.040987033629360896+0.05489969822787555j),(0.01568749323066568-0.0029927983509217266j),(0.015687493230666157-0.00299279835092197j),(-0.047196715860621546+0.05960175444921703j)
7711711711.711712,(-0.0035818259842491096-0.000600445315476407j),(-0.0028238454613284374+0.0015301812080054482j),(0.9168403731687493+0.11938894375019188j),(-0.013317963624188653+0.016543281854621502j),(0.8894258877268124+0.1198856376944144j),(-0.06207865912230687+0.06112739541595438j),(-0.0348744659119191+0.03730515742728214j),(0.013707242720968404-0.00024834697211114596j),(0.01370724272096763-0.000248346972111518j),(-0.040522156834574774+0.040365519843293944j)
7720720720.72072,(-0.003537059857700975-0.0006854631645473105j),(-0.002660869516684901+0.0006724592280805373j),(0.9223565138403236+0.06501694650463014j),(-0.011754951992024717+0.00902905055135839j),(0.8970967711576792+0.05921150408975218j),(-0.05579846676787838+0.030298182075203323j),(-0.03111583986326674+0.018991157085201164j),(0.012629871341322289+0.0029027212074386683j),(0.01262987134132294+0.002902721207439278j),(-0.0364375788966356+0.020336075541360597j)
7729729729.72973,(-0.0035564455263678574-0.0007825597064713133j),(-0.0026213689076946666-0.00020252913081979598j),(0.9245869441412755+0.010399813657378198j),(-0.011089917100299789+0.001382188029718171j),(0.8995317454412022-0.0020966062290615982j),(-0.053762094233624866-0.0011709444862272873j),(-0.02980463675926805+0.0003081509025649565j),(0.012527599350036505+0.006248209943219994j),(0.01252759935003779+0.0062482099432197855j),(-0.03504737457465741-9.690735907408915e-05j)
7738738738.738739,(-0.003641411643336867-0.0008754529255477449j),(-0.0027068734471278368-0.0010743165986836015j),(0.9235213535651057-0.04425262108558092j),(-0.011332373680922096-0.006289211434520086j),(0.8966755424246793-0.06338027019473676j),(-0.05602654802346685-0.03261979126673349j),(-0.03097258740506691-0.018380184751943213j),(0.013422905570213804+0.009563824554577861j),(0.01342290557021222+0.009563824554577882j),(-0.036386334299328506-0.02052881794930998j)
7747747747.747747,(-0.0037895666445368348-0.0009479444129979128j),(-0.002914873532560768-0.0019225250776726543j),(0.9191648343836634-0.09873025408507077j),(-0.012478591359919466-0.013876697615695481j),(0.8885911023450987-0.12398189688511166j),(-0.06252711624881041-0.06338901985430395j),(-0.0345879802718037-0.0367103336573273j),(0.015286866019282218+0.012625821400020509j),(0.015286866019281514+0.012625821400020483j),(-0.04041772733692183-0.040555383812672666j)
7756756756.756757,(-0.003994852120893122-0.0009848619690823457j),(-0.0032389730359676516-0.002727807945828324j),(0.9115378227031435-0.15282418092737202j),(-0.014511663358417647-0.021273147576683298j),(0.8754556789655316-0.18327142036330987j),(-0.07308125819398799-0.09284706234540618j),(-0.04055748774023496-0.054332297015215913j),(0.018041071868806543+0.015223619717968586j),(0.018041071868807008+0.015223619717968729j),(-0.0470354338121738-0.05978791290687295j)
7765765765.765766,(-0.004247947530673035-0.000972913037459458j),(-0.0036692915187285097-0.003472703453459968j),(0.9006758481051916-0.2063281392357243j),(-0.01740180373188148-0.02837442004254809j),(0.8575500305075326-0.24067065656790976j),(-0.08739939445540541-0.12041470549810065j),(-0.0487313075749149-0.07092185931686494j),(0.0215629087988297+0.01717125866609284j),(0.021562908798829855+0.017171258666092648j),(-0.056069890612369645-0.07786726622378436j)
7774774774.774775,(-0.004536881240791324-0.0009013779158718316j),(-0.004193070777352766-0.004142328432311035j),(0.8866291004560042-0.25903989375389835j),(-0.02110686450573717-0.03508094652724687j),(0.8352418849703299-0.2956733890563661j),(-0.1051014094023745-0.14558541204300732j),(-0.058911066176702984-0.08619085085281579j),(0.02569360774283758+0.01831674765123355j),(0.025693607742837923+0.018316747651233728j),(-0.06729720773140788-0.09447550771743858j)
7783783783.783784,(-0.004847782835020409-0.000762593699692754j),(-0.004795420683973279-0.004724863557384974j),(0.8694618282986472-0.31076253505128826j),(-0.025573058204848457-0.041299227493611985j),(0.8089654135856773-0.3478598318471512j),(-0.125737132773761-0.1679400316444813j),(-0.07085967480533154-0.09989476601166243j),(0.03024820735648536+0.018548648397931588j),(0.03024820735648695+0.018548648397930398j),(-0.08045051617327759-0.10934449312643092j)
7792792792.792792,(-0.005165702195059518-0.0005522067913504569j),(-0.005460129865346362-0.00521180828904165j),(0.8492515881580261-0.361305667065726j),(-0.030735866314011307-0.046943205585954995j),(0.7791987090608052-0.3969048343108562j),(-0.14880880458178913-0.1871552708988744j),(-0.08431220558255438-0.1118374299533731j),(0.03502643954861027+0.01779958362256534j),(0.035026439548610164+0.017799583622565278j),(-0.09523246531324303-0.12226104653145774j)
7801801801.801802,(-0.005475422445931188-0.00026919855228577094j),(-0.006170468364348168-0.005598010382040046j),(0.8260883678845501-0.41048646336887984j),(-0.036521110337998396-0.05193549250018579j),(0.7464412338728863-0.4425799098545733j),(-0.17379355919657818-0.2030060088050668j),(-0.09898686640294022-0.12187274027058538j),(0.03982356700583173+0.016046723242846356j),(0.03982356700583112+0.016046723242847147j),(-0.11132780313163597-0.1330687610346674j)
7810810810.810811,(-0.005762204641131752+8.428899949639024e-05j),(-0.006909920230497739-0.005881497193193419j),(0.8000736097670154-0.45813057717103234j),(-0.042846159419588296-0.0562084310104132j),(0.7111929254229377-0.4847497722155787j),(-0.2001642433249856-0.21536214653073388j),(-0.11459528114178893-0.12990379157737936j),(0.04444034217203851+0.013309597522273028j),(0.044440342172038697+0.013309597522273106j),(-0.128415121602793-0.14166678596376278j)
7819819819.819819,(-0.006012418791158658+0.0005032853530409498j),(-0.007662800738252901-0.006063151232159128j),(0.7713191605846691-0.504072895369756j),(-0.04962124688669786-0.05970497875151688j),(0.6739362052467811-0.5233644770988j),(-0.2274073226840409-0.2241810945943402j),(-0.13085148404711622-0.13587988544076923j),(0.048691477668944+0.009645790864521836j),(0.048691477668944654+0.009645790864521823j),(-0.1461770855236202-0.14800618790508946j)
7828828828.828829,(-0.006214034822763781+0.0009804322474094573j),(-0.00841473194589578-0.00614627961382385j),(0.7399461761370407-0.5481581321444802j),(-0.05675086753271325-0.06237940532247369j),(0.635121636732402-0.5584484684201865j),(-0.2550371355103678-0.2294972025464848j),(-0.14747926957564478-0.13979202432065488j),(0.052412269702319+0.005145168137853592j),(0.052412269702319506+0.005145168137853866j),(-0.16430873346742972-0.152084583548309j)
7837837837.837838,(-0.006356965050777874+0.0015064837854433244j),(-0.00915296834031299-0.0061361270257405745j),(0.706084007216052-0.5902412625218161j),(-0.06413522775128638-0.06419779894749339j),(0.5951574965387948-0.590087836247557j),(-0.28260623103945937-0.23140944455138407j),(-0.16421776105505972-0.14166749472369833j),(0.05546325533862865-7.671313712936987e-05j),(0.05546325533862825-7.671313712885597e-05j),(-0.1825236977356816-0.15393974877518302j)
7846846846.846847,(-0.006433264492571866+0.0020708222627627837j),(-0.009866579108973476-0.006039376301240074j),(0.6698690926048915-0.6301878008549744j),(-0.07167172170236352-0.06513838318926117j),(0.5544031297684002-0.6184169543591426j),(-0.30971192714808604-0.23006853562825j),(-0.18082524531625097-0.14156408310751503j),(0.057732981418245156-0.005885423247915402j),(0.05773298141824541-0.0058854232479159385j),(-0.20055840353420198-0.1536428357099931j)
7855855855.855856,(-0.006437205748731745+0.002661954908106723j),(-0.01054650403250594-0.005863671868356304j),(0.6314438826353813-0.6678739331830053j),(-0.07925640833961207-0.06519164796904349j),(0.5131656781051683-0.6436054368068833j),(-0.33599950332788076-0.22566442533676773j),(-0.19708145180124-0.13956436478454842j),(0.05913910226510619-0.012134248188061027j),(0.05913910226510689-0.012134248188061247j),(-0.21817445986625433-0.15129170852126123j)
7864864864.864865,(-0.006365251105583003+0.003267966830979241j),(-0.011185505995583697-0.005617191275756141j),(0.5909558142357096-0.7031865158988466j),(-0.08678546624672624-0.0643603023601089j),(0.47169960705320196-0.6658460894350318j),(-0.3611626096330325-0.21841485281693998j),(-0.21278853194429664-0.1357703863127721j),(0.05962810359125128-0.018670213231911897j),(0.059628103591256566-0.01867021323190357j),(-0.2351595439354653-0.14700476886427286j)
7873873873.873874,(-0.00621594657670238+0.003876915223279709j),(-0.011778045262289788-0.005308280274427125j),(0.5485563553738035-0.7360229560131374j),(-0.09415660568523632-0.06265905925266724j),(0.4302083979343382-0.6853442765345849j),(-0.3849415344357908-0.20855539185915312j),(-0.22777102479822406-0.1302989452814815j),(0.05917397871973343-0.02533933973927488j),(0.05917397871973318-0.02533933973927907j),(-0.25132711532280266-0.14091550583033827j)
7882882882.882883,(-0.0059897617357349+0.004477158239414747j),(-0.012320099903654666-0.004945158581892178j),(0.5044001334639927-0.7662909905272818j),(-0.10127041992579004-0.060114264026776845j),(0.38884778764062433-0.7023089021922839j),(-0.40711995857515626-0.19633119451859973j),(-0.24187508934681567-0.12327757069079208j),(0.05777617291168787-0.031991044167494924j),(0.0577761729116802-0.03199104416750104j),(-0.26651528915412614-0.1331678878545906j)
7891891891.8918915,(-0.005688896424548617+0.00505761848996128j),(-0.012808954121687852-0.0045356969593553925j),(0.45864415877367315-0.7939083840062133j),(-0.10803166070284682-0.05676338082381226j),(0.347730007397787-0.7169450337162404j),(-0.4275207577573838-0.1819904699380766j),(-0.25496725510842355-0.1148412284215833j),(0.05545707568794908-0.03848167514498027j),(0.05545707568793519-0.03848167514499359j),(-0.2805851633518117-0.12391262234029662j)
7900900900.900901,(-0.005317071654146882+0.005607985653355296j),(-0.013242972596952798-0.004087261669134545j),(0.41144715024729805-0.8188025643833646j),(-0.11435042538202196-0.052654350895908184j),(0.30692856697483306-0.729448073107294j),(-0.4460013229329039-0.16577961372155964j),(-0.266932901560516-0.10512972063960496j),(0.05225929163622354-0.04467724563804048j),(0.05225929163624135-0.04467724563802909j),(-0.2934188467544093-0.11330424397786582j)
7909909909.90991,(-0.004879317953655704+0.006118865523516648j),(-0.013621375099987065-0.0036066195534423424j),(0.3629689675727248-0.8409102173455889j),(-0.12014324606300847-0.04784483789264114j),(0.26648323426831827-0.7399993070697761j),(-0.46244876852221223-0.1479398274845395j),(-0.2776746321926255-0.09428571313515167j),(0.04824286665219942-0.05045545513791042j),(0.04824286665220709-0.05045545513790188j),(-0.3049173823925944-0.10149895224203154j)
7918918918.918919,(-0.004381770541611402+0.00658188419390332j),(-0.013944021931415002-0.0030998955568801202j),(0.3133701498324406-0.8601768593882768j),(-0.1253340732623731-0.04240137486698077j),(0.22640495932373653-0.7487626280841277j),(-0.47677530353049913-0.12870502947704177j),(-0.28711066646502054-0.08245330661513049j),(0.04348259525435376-0.055707115652073605j),(0.043482595254351025-0.0557071156520753j),(-0.31499871032785237-0.08865309772889121j)
7927927927.927928,(-0.0038314772736977587+0.006989756388396773j),(-0.014211217565523404-0.002572574132824374j),(0.2628115578028676-0.876556408839049j),(-0.1298551489633803-0.03639842733849927j),(0.1866805792880275-0.7558822091290431j),(-0.4889139581972339-0.10830084578149093j),(-0.2951733360147783-0.06977706242716553j),(0.038065489257428406-0.06033709985499788j),(0.038065489257411676-0.06033709985500807j),(-0.32359577114583726-0.07492221069282186j)
7936936936.936937,(-0.0032362224756791874+0.007336326524070458j),(-0.01442353729667345-0.0020295362864460667j),(0.2114541139490842-0.8900107728924798j),(-0.13364776563110142-0.029917386024456212j),(0.14727721327963317-0.761480923958887j),(-0.498814792150967-0.08694447846263555j),(-0.3018077415943546-0.05640139595709404j),(0.03208845033473603-0.0642649244667914j),(0.03208845033471611-0.06426492446680442j),(-0.33065481618771464-0.06046046852999447j)
7945945945.945946,(-0.0026043675207941402+0.007616590204118923j),(-0.014581679734437428-0.0014751247221167513j),(0.15945863146511507-0.9005094670400351j),(-0.13666290924281843-0.023045501938285307j),(0.10814631331856522-0.7656593261412372j),(-0.5064416594928098-0.06484526458790786j),(-0.3069706046333742-0.04247025854097725j),(0.025656159073278628-0.06742507044939701j),(0.025656159073271196-0.06742507044939984j),(-0.33613396410225455-0.04542050798521439j)
7954954954.954955,(-0.001944707306995086+0.007826702697091847j),(-0.014686346612555759-0.0009132304539121137j),(0.10698572136194856-0.9080292812907068j),(-0.1388617854681602-0.015874775552811058j),(0.06922738056441248-0.768495027879044j),(-0.5117695704747323-0.04220576235073839j),(-0.3106293313588911-0.028127038497862113j),(0.018879170398767443-0.06976712670583045j),(0.018879170398768477-0.06976712670583253j),(-0.34000202458400175-0.029953499405687353j)
7963963963.9639635,(-0.001266340546613287+0.007963979709008528j),(-0.0147381504840573-0.00034739514780450075j),(0.05419576463782576-0.9125540053195318j),(-0.14021622887071797-0.008500810728063645j),(0.03045138727123882-0.7700423502374855j),(-0.5147826662288685-0.019223223364499303j),(-0.3127612970657356-0.013514621898476844j),(0.011872188683294435-0.07125582754102354j),(0.011872188683291807-0.071255827541025j),(-0.34223759803385023-0.014209412194084694j)
7972972972.972973,(-0.0005785509236948829+0.008026894477477453j),(-0.014737550364913352+0.00021907572690571813j),(0.0012489349819895016-0.9140742222183562j),(-0.14070899542362497-0.0010216431890681806j),(-0.008256033626387143-0.7703321474936948j),(-0.5154728097642756+0.003908669346719722j),(-0.3133533522290384+0.0012244373519192183j),(0.004752484304185776-0.07187103736233094j),(0.004752484304191206-0.07187103736233284j),(-0.3428284529588622+0.0016625888057299927j)
7981981981.981982,(0.0001093043914359472+0.008015073964806996j),(-0.014684815170851642+0.0007829932123943704j),(-0.051694743725533954-0.9125871779082506j),(-0.14033393878866612+0.006463447420287101j),(-0.046971555438391766-0.7693717387898433j),(-0.513838790600089+0.02699790189648393j),(-0.3124015495235291+0.015947681445990444j),(-0.002361594143575039-0.0716077195592034j),(-0.0023615941435679317-0.07160771955920325j),(-0.34177117986522626+0.017513667870785964j)
7990990990.990991,(0.000787902702958268+0.007929295704788952j),(-0.014580014763413474+0.0013411624861001496j),(-0.10447532165329429-0.908096730555815j),(-0.13909607076528352+0.013855133431314563j),(-0.08577119725347035-0.767144909778085j),(-0.5098861395272728+0.049852161936726376j),(-0.30991109038285386+0.030512485197926823j),(-0.009352062199893102-0.0704759103888632j),(-0.009352062199931562-0.07047591038886819j),(-0.3390711199097021+0.033194810170117425j)
8000000000.0,(0.0014480641891868595+0.007771485665875322j),(-0.014423038501294408+0.0018902614328415515j),(-0.1569328459347663-0.9006133815592405j),(-0.13701150614742308+0.021055234818571425j),(-0.12472734892135084-0.7636119757154713j),(-0.5036275518415569+0.07227689119263722j),(-0.30589649049319706+0.044775801572762286j),(-0.016102748506710025-0.06850070292188436j),(-0.016102748506705795-0.06850070292188384j),(-0.33474256749578285+0.04855632443844932j)
8009009009.009009,(0.0020808646553441557+0.007544716308960309j),(-0.01421364129332374+0.0024267238441124453j),(-0.20890729921851178-0.8901543868753372j),(-0.13410729200667343+0.027967906503684047j),(-0.16390569534658703-0.7587099260015546j),(-0.4950839198490112+0.09407344749520283j),(-0.30038196463451855+0.058593953155331904j),(-0.022500801935960622-0.06572223043689181j),(-0.022500801935964963-0.06572223043689294j),(-0.3288092472211658+0.06344740084355631j)
8018018018.018018,(0.0026777563317413877+0.007253202825849403j),(-0.013951517197017343+0.002946631196910545j),(-0.26023857043551585-0.8767439446835597j),(-0.13042112123589059+0.03450080892278609j),(-0.20336195937170126-0.7523526990108286j),(-0.4842859764401387+0.11503747278840351j),(-0.2934020316409924+0.07182250965868642j),(-0.028438305531898543-0.06219562283636663j),(-0.02843830553191611-0.06219562283636526j),(-0.32130506603503733+0.07771577205250052j)
8027027027.027027,(0.0032306999696534444+0.006902294326748604j),(-0.013636400505798965+0.0034456174631182085j),(-0.31076647360516996-0.8604134526673491j),(-0.12600093011457308+0.04056625300018188j),(-0.24313839306447205-0.744431665668698j),(-0.471276548914887+0.13495757635543837j),(-0.28500233900893296+0.08431629721469168j),(-0.033814040270351155-0.057990893499325416j),(-0.0338140402703464-0.05799089349932507j),(-0.3122751400205272+0.09120753214092824j)
8036036036.0360365,(0.0037323107985490767+0.006498455506542433j),(-0.013268193943336823+0.003918792085765586j),(-0.3603308293556734-0.8412018255784832j),(-0.12090437976782616+0.04608230996943966j),(-0.28325996419622446-0.7348164305799989j),(-0.45611341373601183+0.15361446013862123j),(-0.27524070280858165+0.09592959296826578j),(-0.03853543257972243-0.053192697499242776j),(-0.038535432579725755-0.053192697499239563j),(-0.3017770906952565+0.1037671771397946j)
8045045045.045045,(0.004176019893966321+0.00604923308246319j),(-0.01284712293377381+0.004360687079785576j),(-0.4087716222954299-0.8191558612839658j),(-0.11519822175486101+0.05097387561639324j),(-0.3237302099038805-0.7233560900288254j),(-0.4388727260514252+0.17078063413124767j),(-0.264188350969372+0.10651656779403407j),(-0.04252070619577902-0.04789988562756884j),(-0.04252070619577053-0.04789988562757176j),(-0.28988259683691364+0.11523794195360795j)
8054054054.054054,(0.004556251080806872+0.005563200123226197j),(-0.012373913843232595+0.004765235084853672j),(-0.45592924545589647-0.7943306412290042j),(-0.10895754868775016+0.0551736775547801j),(-0.3645267651271092-0.7098811152809287j),(-0.419652970112114+0.18622089216844595j),(-0.25193134555670044+0.11593204977675904j),(-0.045701240164395036-0.042224762974037454j),(-0.0457012401643918-0.04222476297403731j),(-0.27667917324316393+0.1254625199464661j)
8063063063.063063,(0.004868611597949102+0.005049870386360955j),(-0.011849992510349641+0.005125785982962296j),(-0.501644840736899-0.7667899492415562j),(-0.10226493178742822+0.05862321316233308j),(-0.4055966215914556-0.6942060545351306j),(-0.3985793357133681+0.19969373864773046j),(-0.23857214124004494+0.12403268992206881j),(-0.04802410957271715-0.03629194735321446j),(-0.048024109572725-0.036291947353209786j),(-0.26227212626075286+0.13428426188799186j)
8072072072.072072,(0.005110092288434898+0.004519574116787439j),(-0.011277697216651103+0.005435170212425927j),(-0.5457607416488959-0.7366066909164324j),(-0.09520944864884513+0.06127360489277635j),(-0.44685123565076695-0.6761332632422776j),(-0.3758083696288258+0.21095396993971852j),(-0.22423121192218445+0.13067861720382212j),(-0.04945475299906437-0.030236713837077694j),(-0.04945475299906372-0.030236713837075144j),(-0.24678660635548594+0.14154895762867375j)
8081081081.081081,(0.005279270058527297+0.003983286660610097j),(-0.010660497484749384+0.005685816912399104j),(-0.5881210216907906-0.7038632945157495j),(-0.08788560621096554+0.06308635893017542j),(-0.48816168084531136-0.6554578742554548j),(-0.3515326790324576+0.2197566140249511j),(-0.20904864513696347+0.13573566956516378j),(-0.04997967042274159-0.02420271013014686j),(-0.04997967042273777-0.02420271013014838j),(-0.23036964010646035+0.14710730338996153j)
8090090090.09009,(0.005376501806650724+0.003452402012920408j),(-0.010003206778516939+0.005869934214420711j),(-0.628572148481948-0.6686520734682889j),(-0.08039216598340801+0.06403401266051853j),(-0.5293541321312916-0.6319741986218534j),(-0.325985377592814+0.2258624101348355j),(-0.19318556500959536+0.13907827718325658j),(-0.04960900817533045-0.01833893742321646j),(-0.04960900817532709-0.01833893742321984j),(-0.21319197856662533+0.1508181456120997j)
8099099099.099099,(0.005404095155648492+0.002938445379133403j),(-0.009312173508250823+0.005979757010617759j),(-0.6669637403325288-0.6310755302104929j),(-0.07283088093167178+0.06410065629233339j),(-0.5702060686377417-0.6054836958145511j),(-0.2994438690891946+0.22904495767217456j),(-0.17682520150218003+0.14059304997163566j),(-0.04837883584739024-0.012795917197973431j),(-0.048378835847396405-0.01279591719796784j),(-0.1954495485186862+0.15255256399287254j)
8108108108.1081085,(0.0053664374747386945+0.002452722327258905j),(-0.008595431065363264+0.006007864027586518j),(-0.7031494183754419-0.5912465813304191j),(-0.06530515599561004+0.06328231424290232j),(-0.6104436812530927-0.5758045598171194j),(-0.27223246737334494+0.22909957124671268j),(-0.16017338061911385+0.14018307871722094j),(-0.04635286856117415-0.007721010756650973j),(-0.0463528685611762-0.007721010756649584j),(-0.17736424274984122+0.1521988067723937j)
8117117117.117117,(0.005270061412926408+0.002005907402833018j),(-0.007862784489766739+0.005947560751873103j),(-0.7369877437737244-0.5492886848034605j),(-0.05791864693524136+0.06158717268952805j),(-0.6497410555300098-0.5427828276793204j),(-0.24472327016473777+0.22585373909707104j),(-0.14345817406022318+0.13777289514142543j),(-0.04362334412185688-0.003252928562069486j),(-0.043623344121858205-0.0032529285620710377j),(-0.15918374303975627+0.14966801664517365j)
8126126126.126126,(0.005123623257412502+0.0016075822458260225j),(-0.007125809584992045+0.005793317606969051j),(-0.7683432259646745-0.5053358515663696j),(-0.050773814963306386+0.05903564101760769j),(-0.6877217488312812-0.5063047278068938j),(-0.21733465809335156+0.2191788932329912j),(-0.12692842694333872+0.1333139495183306j),(-0.04031073856669936+0.0004844381202645913j),(-0.04031073856669448+0.0004844381202595144j),(-0.14118004611331844+0.14490058473226908j)
8135135135.135135,(0.0049377708144604515+0.00126574204499319j),(-0.006397740780753461+0.00554124401331009j),(-0.7970873845084309-0.4595325257859237j),(-0.0439704573302625+0.055660236817035955j),(-0.7239633683480369-0.46630975271419645j),(-0.19052680463544389+0.20900296761776876j),(-0.11085089020209957+0.12679035820409176j),(-0.036562008080195815+0.0033886134641361006j),(-0.03656200808019688+0.0033886134641367693j),(-0.1236463717636087+0.13787284623071136j)
8144144144.144144,(0.004724881162082417+0.0009862988904635328j),(-0.005693227777751136+0.00518956926966959j),(-0.823099843993278-0.41203332093193923j),(-0.037604236553877124+0.05150528660288697j),(-0.7580056576028118-0.4228036837559089j),(-0.16479368319321064+0.1953229640726711j),(-0.09550573209579089+0.11822455606810861j),(-0.03254709319523113+0.00538518141198113j),(-0.032547093195235244+0.005385181411988502j),(-0.1068921876512969+0.12860369460744936j)
8153153153.153153,(0.004498656333577433+0.0007726199935365885j),(-0.005027948787689026+0.004739091818010001j),(-0.8462694387270768-0.36300260215797586j),(-0.03176523320906603+0.04662643756984398j),(-0.7893623921388573-0.3758705464869926j),(-0.14065126576976136+0.1782164972968956j),(-0.08118030070172347+0.10768237561536001j),(-0.028453523294109075+0.006433972164506836j),(-0.02845352329410813+0.006433972164510984j),(-0.0912361982771039+0.11716055925137966j)
8162162162.162162,(0.004273577057500755+0.0006251460750809068j),(-0.004418080303523374+0.0041935511543075114j),(-0.8664953017545204-0.3126139094798381j),(-0.026536548970894764+0.041089979410440944j),(-0.8175370621018573-0.325682281685998j),(-0.11862193173048065+0.1578510973495157j),(-0.06816116004716409+0.0952769872256706j),(-0.024479119826331122+0.006534186103079034j),(-0.024479119826334612+0.006534186103079806j),(-0.07699732065421205+0.10366408953428545j)
8171171171.171171,(0.004064230590847928+0.0005411383967907357j),(-0.003879639291538551+0.0035598735063047844j),(-0.8836879112182038-0.26104922077942216j),(-0.02199298778816221+0.03497197949314354j),(-0.8420418937581068-0.2725048343387644j),(-0.09921553164557588+0.13448996572754374j),(-0.05672462042533111+0.08117109910403955j),(-0.02082300873004891+0.005727806779673142j),(-0.020823008730048456+0.005727806779668689j),(-0.06448389900840652+0.08829084611664806j)
8180180180.180181,(0.0038845468732602306+0.0005145999211707691j),(-0.0034277319237324966+0.0028482454155352548j),(-0.8977700663879014-0.20849805864591298j),(-0.018199843491023354+0.028357239422186434j),(-0.8624192752718786-0.21669944455995882j),(-0.08290803860666437+0.10849296333422215j),(-0.04712620912511057+0.06557685596266723j),(-0.017675395558009677+0.0041006929570185525j),(-0.017675395558011873+0.004100692957027698j),(-0.05398167297257699+0.07127334679374145j)
8189189189.189189,(0.003746995054070057+0.0005364055968435089j),(-0.003075760821685574+0.002071979877051648j),(-0.908677765971729-0.15515645035861703j),(-0.015211821639705525+0.021338086052632668j),(-0.8782641747580371-0.1587182067355291j),(-0.07011919726042107+0.0803118913606848j),(-0.03958974862837846+0.04875300882960781j),(-0.015206795606846459+0.0017808781884583456j),(-0.015206795606843791+0.0017808781884539856j),(-0.04574127027174815+0.05289696858370967j)
8198198198.198198,(0.0036618064939376027+0.0005946586937579518j),(-0.0028346568556773914+0.00124715778438423j),(-0.9163609627338771-0.1012257557115693j),(-0.013072121854392237+0.014013015211581388j),(-0.8892457618383349-0.09909344857500298j),(-0.06119095802730461+0.05047961187129836j),(-0.03429688308517055+0.030999155757056206j),(-0.013557600447771212-0.001066153568281913j),(-0.013557600447771387-0.0010661535682844458j),(-0.03996619679652633+0.033493471325823455j)
8207207207.207208,(0.003636297122996568+0.0006752660871311086j),(-0.0027122083405661454+0.0003920514716276484j),(-0.9207841710718214-0.046911382597741615j),(-0.011811704126198301+0.006485211408409311j),(-0.8951262613221187-0.03842112721307874j),(-0.05636866693546535+0.019593200633540482j),(-0.03137797719026557+0.012647154549347148j),(-0.012828954874851162-0.00424512769233176j),(-0.012828954874850713-0.004245127692331103j),(-0.03680239387139808+0.013431257492602567j)
8216216216.216216,(0.0036743588977993236+0.0007626987730604147j),(-0.0027125573443812084-0.00047363622318806996j),(-0.9219269080588846+0.007578585012941707j),(-0.011448758678602611-0.001139028622001893j),(-0.8957751505415451+0.022660844552252778j),(-0.05578689888200778-0.011707959083942173j),(-0.030905271435923826-0.005949857629784704j),(-0.013075878758669803-0.007541129769657816j),(-0.013075878758669333-0.007541129769653458j),(-0.03633038612468678-0.006897130076159389j)
8225225225.225225,(0.0037761761518409487+0.0008408792632828913j),(-0.0028359188892457463-0.0013296593040391103j),(-0.9197839534329861+0.06203481821319302j),(-0.011988393923370942-0.008751936961466672j),(-0.8911771847795729+0.08349776470410716j),(-0.0594614494715841-0.042767568756492645j),(-0.03288900280823171-0.0244300935549428j),(-0.014303384326707348-0.010731473245464003j),(-0.01430338432670634-0.010731473245450217j),(-0.03856084058672341-0.027089412163016607j)
8234234234.234234,(0.003938199301668888+0.0008941196318911632j),(-0.0030785555007315484-0.0021561664194287827j),(-0.9143654198744402+0.11624820225821024j),(-0.01342255116090709-0.01624594596383209j),(-0.8814333607744207+0.14344473966144217j),(-0.06728837525297933-0.07293923550331526j),(-0.037276907706211254-0.042436424314144884j),(-0.016466029550009934-0.013598268701615563j),(-0.016466029550009673-0.013598268701616355j),(-0.04343401870767548-0.0467487571530024j)
8243243243.243243,(0.004153379306350902+0.0009080265814820632j),(-0.0034330105058410186-0.0029346057604881827j),(-0.9056966313167267+0.17001129122292793j),(-0.01573014825328919-0.023515354746871112j),(-0.8667547093290335+0.20189244726749664j),(-0.07905019133084035-0.10161245980746358j),(-0.043957159286224255-0.059629301516679625j),(-0.019470960993847493-0.015940578022286326j),(-0.019470960993847274-0.01594057802228206j),(-0.05082318029790571-0.06549851303765483j)
8252252252.252253,(0.004411636574058908+0.0008702945620898961j),(-0.0038885737840190157-0.003648518360878667j),(-0.8938178135505603+0.2231197261086851j),(-0.018877447963527673-0.030457955636003082j),(-0.8474496085476573+0.2582899184785963j),(-0.09442853503506501-0.12823564748198263j),(-0.052764417715276145-0.07569828319811366j),(-0.023184102501449838-0.017585096184951615j),(-0.023184102501453273-0.01758509618495946j),(-0.060541565283316764-0.08299531991987183j)
8261261261.261261,(0.0047005129275388136+0.0007713237228332281j),(-0.004431928602362269-0.004284156854621853j),(-0.8787836075802127+0.2753735860748947j),(-0.022818640433572738-0.03697658721798329j),(-0.8239059881360185+0.3121626084249956j),(-0.11302192562818208-0.15233442069735914j),(-0.06348835442851457-0.09037134710304805j),(-0.02743880972209567-0.01839451117504528j),(-0.027438809722100162-0.018394511175055105j),(-0.07235221163324058-0.09893966081229408j)
8270270270.27027,(0.005005938877020388+0.0006046230045883838j),(-0.005047911813168597-0.004830890286307538j),(-0.8606624216901433+0.32657864556075744j),(-0.02749662373946135-0.042980583672288755j),(-0.7965702421745038+0.3631246556110297j),(-0.13436680329616774-0.17352413112685253j),(-0.07588380170464525-0.10342146711326201j),(-0.032046089757816996-0.01827300502513157j),(-0.032046089757820376-0.018273005025141714j),(-0.08597962533098352-0.11308324768587953j)
8279279279.27928,(0.005313042801341761+0.0003669853575325732j),(-0.00572031405721489-0.0052813822552466305j),(-0.8395356426993668+0.37654751417331256j),(-0.03284396188673172-0.04838709403910037j),(-0.7659248283614788+0.4108849431179252j),(-0.15795987036013479-0.19151619357070124j),(-0.0896816020662191-0.11467026154965304j),(-0.036805407168943885-0.017168714472306442j),(-0.03680540716894287-0.017168714472306994j),(-0.10112223018064671-0.12523302606014913j)
8288288288.288288,(0.005606933339193931+5.8447141700557204e-05j),(-0.006432651332835576-0.005631554765993044j),(-0.815496730266078+0.42510064101098627j),(-0.03878399614119145-0.053122249724134554j),(-0.7324664146663481+0.45524725076748307j),(-0.18327987504269033-0.20611853378799044j),(-0.10459928425910481-0.1239888369900698j),(-0.04151515779986542-0.015073304878246657j),(-0.04151515779986964-0.015073304878247144j),(-0.1174645869247778-0.13525194652205436j)
8297297297.2972975,(0.005873399028482218-0.00031793648878913894j),(-0.007168852047956628-0.005880369920219987j),(-0.7886502203124597+0.47206717024877354j),(-0.04523208326163297-0.057122163508670575j),(-0.6966861005876392+0.496105321928908j),(-0.2098073122826959-0.21723097932022958j),(-0.12035084572420815-0.13129620149422963j),(-0.04598205986241038-0.01201907584006797j),(-0.04598205986241183-0.012019075840065653j),(-0.13468854982012146-0.14305694133467j)
8306306306.306306,(0.006099486608392324-0.0007564560707147283j),(-0.007913821074149528-0.006029473954370944j),(-0.7591106647225968+0.5172856400369705j),(-0.05209693295433623-0.06033374834781197j),(-0.6590527800820226+0.5334340069569168j),(-0.23704097673781657-0.22483676079051823j),(-0.1366551337719281-0.13655578061479373j),(-0.05002894232029-0.008074183459977123j),(-0.050028942320285597-0.008074183459968486j),(-0.15248277592022544-0.14861472852353583j)
8315315315.315315,(0.00627393789288172-0.0012492033908009237j),(-0.008653860849426098-0.006082752801593191j),(-0.7270015345251153+0.5606045218476938j),(-0.0592820165918234-0.06271534908300447j),(-0.6200002207019792+0.5672777782123095j),(-0.2645107962829652-0.22899142457006505j),(-0.15324254558796707-0.1397706340249416j),(-0.053500656911564755-0.00333662818230487j),(-0.05350065691157034-0.003336628182311445j),(-0.17055026728682068-0.15193613962812902j)
8324324324.324325,(0.00638748185504967-0.001786571270408932j),(-0.009376946347440754-0.006045846438149684j),(-0.6924541129405909+0.6018826021659727j),(-0.06668701979199493-0.06423718470782519j),(-0.5799179858516301+0.5977378679340539j),(-0.2917868227379262-0.2298104145176476j),(-0.16985997491752008-0.14097795317458622j),(-0.056268063544481814+0.0020723671159588396j),(-0.05626806354447999+0.0020723671159603996j),(-0.1886138676124011-0.15306964605088633j)
8333333333.333333,(0.0064329916842398305-0.002357757357526913j),(-0.0100728639051674-0.005925662675400192j),(-0.6556064030814535+0.6409892127585375j),(-0.07420931269674862-0.06488160290074779j),(-0.5391459739703135+0.6249591104839514j),(-0.3184846106436394-0.22745641127828792j),(-0.18627409776502638-0.14024334441411818j),(-0.058230214555568156+0.00801505113729371j),(-0.05823021455557119+0.008015051137291701j),(-0.2064198255753625-0.15209466976491692j)
8342342342.342342,(0.006405525347163099-0.0029512408958347613j),(-0.010733232732288586-0.0057299218993122625j),(-0.6166020728724457+0.6778043195727698j),(-0.08174541358365493-0.0646431521033333j),(-0.4979721104181699+0.6491173310484171j),(-0.34426745416013327-0.2221272787405974j),(-0.2022732011396053-0.13765529352265357j),(-0.059314981227136736+0.014343494262177738j),(-0.05931498122713845+0.014343494262174114j),(-0.22373966660418332-0.14911513732127626j)
8351351351.351352,(0.0063022727348734375-0.003555211316044249j),(-0.01135143255349716-0.005466754415489675j),(-0.5755894570333742+0.7122184835688319j),(-0.08919242366042046-0.06352847943108464j),(-0.4566326016240489+0.6704078637955682j),(-0.36884607987007956-0.2140452087069506j),(-0.21766781921175296-0.13332008965352782j),(-0.05947842770466236+0.020905309886631977j),(-0.05947842770466241+0.020905309886630793j),(-0.24037068431874678-0.14425359848450775j)
8360360360.36036,(0.0061224335239762895-0.004157936668277851j),(-0.011922461973776374-0.005144362909818359j),(-0.5327206328514205+0.7441327094267183j),(-0.09644941340479947-0.06155606513174382j),(-0.41531412810069024+0.6890355407436353j),(-0.39197642805637084-0.20344741358494933j),(-0.2322904587568085-0.12735737644852763j),(-0.05870325237536634+0.027548584341541754j),(-0.05870325237536471+0.027548584341542337j),(-0.25613538270436087-0.13764610226816645j)
8369369369.3693695,(0.005867048383647794-0.004748067561153202j),(-0.01244275077116172-0.004770754909439075j),(-0.488150583084738+0.7734582000736743j),(-0.10341874350173672-0.05875580614521438j),(-0.37415738781154484+0.7052062904697598j),(-0.4134561223671279-0.19057851518266128j),(-0.24599468216327053-0.11989640575449863j),(-0.056996597636595814+0.03412595480195662j),(-0.05699659763659674+0.03412595480195693j),(-0.2708801837055949-0.12943791557337625j)
8378378378.378378,(0.0055388030909533925-0.005314878049938521j),(-0.012909946385083193-0.004353544364480041j),(-0.442036455794983+0.8001160363394502j),(-0.11000730617844728-0.0551684625828113j),(-0.33326147837313785+0.7191203325778981j),(-0.43312015346740723-0.17568462471122373j),(-0.25865378343784395-0.11107299928253667j),(-0.05438748871092411+0.040497851880775114j),(-0.054387488710921555+0.04049785188077823j),(-0.2844736762080101-0.1197800880114994j)
8387387387.387387,(0.005141821302279748-0.005848448837688591j),(-0.013322691210093496-0.003899817547909537j),(-0.39453692731210943+0.8240368017779678j),(-0.11612767543762464-0.050844981663333025j),(-0.2926887037708236+0.730966849308242j),(-0.45083620830260723-0.15900900452705663j),(-0.2701592506600223-0.10102717554728526j),(-0.05092411177064267+0.04653497623486301j),(-0.050924111770642676+0.04653497623486112j),(-0.29680463308020966-0.10882681064310433j)
8396396396.396397,(0.004681457784140419-0.006339800452745348j),(-0.013680403542789876-0.003416056150165093j),(-0.34581167099485244+0.8451601728200719j),(-0.12169915724034078-0.04584571387151662j),(-0.2524694922879435+0.7409199537406599j),(-0.4664999794053783-0.1407891397842141j),(-0.280419164780069-0.08990137067770028j),(-0.046671089353453286+0.05212010953970636j),(-0.0466710893534553+0.052120109539704446j),(-0.30777997186564915-0.09673348297803289j)
8405405405.405405,(0.00416410023269434-0.006780985075958257j),(-0.013983071568323388-0.002908109388190583j),(-0.2960209310509432+0.8634344939884919j),(-0.1266487330099102-0.04023953590932919j),(-0.21260720650781648+0.7491357459884981j),(-0.4800306990247202-0.12125501910691665j),(-0.2893566444489923-0.07783916811993181j),(-0.04170686227156529+0.05714937399999593j),(-0.04170686227156104+0.05714937399999771j),(-0.3173227875856386-0.08365538689631256j)
8414414414.414414,(0.0035969846303563757-0.00716514575582633j),(-0.014231066833518616-0.0023812067982364044j),(-0.24532519750435275+0.8788163569655487j),(-0.13091189185185415-0.03410289447584501j),(-0.1730827077092246+0.7557502454580318j),(-0.4913670666411371-0.10062841827259933j),(-0.296908412412977-0.064984449575986j),(-0.036121244897563604+0.06153305575375858j),(-0.036121244897564485+0.061533055753759j),(-0.32537054608001437-0.0697468631724575j)
8423423423.423424,(0.002988026480513384-0.00748655118116015j),(-0.014424981319679564-0.0018400038180192702j),(-0.19388497549974076+0.8912702009209864j),(-0.134433348569415-0.027518784128379017j),(-0.13385860351913126+0.7608780004895668j),(-0.5004636779040739-0.07912299125133815j),(-0.303023531917065-0.051480883871839245j),(-0.030013185990304683+0.06519610021570951j),(-0.030013185990304843+0.06519610021570961j),(-0.331873494556424-0.05516089150787715j)
8432432432.432432,(0.0023456682215003827-0.007740613225808823j),(-0.014565490491608407-0.001288653022430827j),(-0.1418606395658486+0.9007679497482526j),(-0.13716764587890007-0.020575671542076j),(-0.09488315950443586+0.764611199931498j),(-0.5072880179886192-0.05694499184979532j),(-0.30766234144215177-0.037471678673504476j),(-0.023488740030707778+0.06807837490837745j),(-0.023488740030704846+0.06807837490837695j),(-0.33679332242536747-0.04004898471836719j)
8441441441.441442,(0.0016787415918518359-0.007923893322010045j),(-0.014653243497352988-0.0007308947573252079j),(-0.08941236124847649+0.9072886997889735j),(-0.13907964019513347-0.013366377491020303j),(-0.056093894025703826+0.767019139618044j),(-0.5118180511838879-0.03429447139402886j),(-0.31079560219215724-0.02309952968519917j),(-0.016659233611386548+0.07013478008546473j),(-0.016659233611386142+0.07013478008546443j),(-0.3401020891868641-0.02456131919985073j)
8450450450.450451,(0.0009963426179272067-0.008034102479674787j),(-0.014688780936615561-0.0001701617753768793j),(-0.03670009669248326+0.9108184693112631j),(-0.14014487098719886-0.005986926909525616j),(-0.01742090328481759+0.7681479271276928j),(-0.5140404188657826-0.011366819617461534j),(-0.31240386398987563-0.008506711488116091j),(-0.009639596703834139+0.07133527109178403j),(-0.009639596703831169+0.07133527109178261j),(-0.3417814258631064-0.008847035038870407j)
8459459459.459459,(0.00030771614072819427-0.008070098519700586j),(-0.01467248020724099+0.0003903067798108665j),(0.016116380692970264+0.9113500185062751j),(-0.14034981403800761+0.0014646234650408751j),(0.021210017734221792+0.7680203387291373j),(-0.5139492473290167+0.011645465306343833j),(-0.3124770504762712+0.006164737605881968j),(-0.002546818520626789+0.07166483988856831j),(-0.002546818520624529+0.07166483988856882j),(-0.3418220108907533+0.006945351165502935j)
8468468468.468469,(-0.00037785367923418023-0.008031882864368511j),(-0.014604528282440563+0.0009473461315670211j),(0.0688774184061924+0.9088827461320004j),(-0.13969201903316097+0.008889371052157534j),(0.05987438088436707+0.7666357722265454j),(-0.5115455627657508+0.034550877399539076j),(-0.31101426261701476+0.020772778094281154j),(0.004501518760912595+0.071123486952728j),(0.004501518760912581+0.07112348695272595j),(-0.34022331918189685+0.022667470357414676j)
8477477477.477477,(-0.001051150700685774-0.007920598032722381j),(-0.01448492177680169+0.001497745109222147j),(0.12142341044434514+0.9034226662099558j),(-0.138180131821989+0.016188758639436196j),(0.0986460531038781+0.7639702683593654j),(-0.5068373106508322+0.05715696518455419j),(-0.3080237994596082+0.03517511680277293j),(0.011388678670233139+0.06972619892529545j),(0.011388678670233991+0.06972619892529619j),(-0.33699364301321283+0.03817060702121674j)
8486486486.486486,(-0.001703135876668413-0.007738525814416308j),(-0.014313494241612296+0.002038127488748022j),(0.17359472717355723+0.8949824654119736j),(-0.13583380151068147+0.023265762706340974j),(0.13759426155283588+0.7599766017998371j),(-0.4998399787549711+0.07926844373093514j),(-0.30352339589121397+0.04922897572988994j),(0.01800023281036067+0.06750293180606899j),(0.0180002328103608+0.06750293180606877j),(-0.33215038437443845+0.05330523070738526j)
8495495495.495496,(-0.002325061857189406-0.007489084923462785j),(-0.014089970709418198+0.0025648391710784667j),(0.22523166622390872+0.8835816389996779j),(-0.1326834723435884+0.03002607066697645j),(0.17678047236122352+0.7545844711369488j),(-0.490577824883076+0.10068544759359241j),(-0.2975406779039149+0.0627909199592057j),(0.024225596931344212+0.06449858393136422j),(0.02422559693134102+0.06449858393136461j),(-0.3257206193227494+0.06792059830136364j)
8504504504.504504,(-0.0029085966193659885-0.007176825746803728j),(-0.013814049502730588+0.0030738452792823147j),(0.2761744406580167+0.8692467004375348j),(-0.12877006018344062+0.0363792385230588j),(0.21625506677204165+0.7477008460413497j),(-0.4790857101531725+0.1212020246975045j),(-0.29011383566557625+0.07571678633099847j),(0.029959686942989488+0.06077292719809199j),(0.029959686942985474+0.060772927198093254j),(-0.31774193467103695+0.08186447688956475j)
8513513513.513514,(-0.0034459591149582913-0.006807418592407188j),(-0.013485511149313845+0.0035606418079057317j),(0.3262632197774177+0.8520114571307003j),(-0.12414451339140548+0.04223981986386663j),(0.256053751028251+0.7392105593480627j),(-0.4654115340314975+0.1406049854481753j),(-0.28129251256213794+0.08786176084811533j),(0.035104734374583474+0.05640044889131796j),(0.0351047343745829+0.05640044889131911j),(-0.30826353486076535+0.09498304446392673j)
8522522522.522523,(-0.0039300691371609575-0.006387630617190609j),(-0.013104353816894745+0.004020187180089153j),(0.37533823665942234+0.8319173421863828j),(-0.11886725810438763+0.04752845639759155j),(0.29619365587973645+0.7289772618880996j),(-0.4496192561138592+0.1586732399145082j),(-0.271138903292228+0.09908066097596085j),(0.039572290389841745+0.0514700401491418j),(0.03957229038984421+0.05147004014914121j),(-0.2973476109260185+0.1071210353361399j)
8531531531.531531,(-0.004354712475305278-0.005925285412551107j),(-0.012670953900130136+0.004446859895166001j),(0.42323997486384224+0.809013789708379j),(-0.11300752836968762+0.052172919304752714j),(0.3366691099767646+0.7168448876321926j),(-0.4317924693428523+0.17517777719782152j),(-0.2597290449561391+0.10922848835612166j),(0.043285432443536984+0.04608445103809443j),(0.043285432443541626+0.04608445103809357j),(-0.28507095275640043+0.11812220814645323j)
8540540540.540541,(-0.004714720867549066-0.005429198118889977j),(-0.012186249168865931+0.0048344492818507626j),(0.4698094447171145+0.783358638964305j),(-0.10664258237407453+0.056109089739432856j),(0.37744711080792215+0.7026398041416059j),(-0.41203845750506835+0.18988246248446916j),(-0.24715427077070523+0.11816132683009994j),(0.04618116695459603+0.04035941741134975j),(0.04618116695459692+0.0403594174113502j),(-0.2715267691084372+0.12783022539380282j)
8549549549.549549,(-0.0050061642008627505-0.004909078056740734j),(-0.011651940134748864+0.005176187064012613j),(0.5148885571886465+0.7550185508725471j),(-0.09985680712603857+0.059281865850457874j),(0.41846256927296555+0.6861738451813815j),(-0.39049262424794534+0.2025458449641313j),(-0.23352277555224427+0.125737668343282j),(0.04821299395784257+0.03442235284558195j),(0.04821299395783908+0.03442235284558484j),(-0.256826655821739+0.13609004247130807j)
8558558558.558558,(-0.005226549796937874-0.004375390383574762j),(-0.011070702959945014+0.00546482779419296j),(0.5583206006453567+0.7240694187028514j),(-0.09274071542841224+0.061645982841734094j),(0.45961347085210297+0.6672484337741256j),(-0.36732312002536527+0.2129241784681208j),(-0.21896121476694438+0.13182025286073484j),(0.04935356489662756+0.028410492464361076j),(0.0493535648966246+0.028410492464361836j),(-0.24110262068683283+0.1427499084491212j)
8567567567.567568,(-0.005375020464186031-0.0038391684618677147j),(-0.010446404318989938+0.005692785952176614j),(0.5999508227400712+0.6905967537377644j),(-0.08538984080589015+0.06316673193228359j),(0.5007561776065412+0.645659998388274j),(-0.34273541735747026+0.22077584940726094j),(-0.2036162247626896+0.1362785047175956j),(0.04959732256676409+0.02246837767474653j),(0.04959732256676701+0.022468377674745535j),(-0.22450903340067055+0.14766407662194903j)
8576576576.576576,(-0.0054525393863774085-0.0033117697586882433j),(-0.009784305229993136+0.00585233632558612j),(0.6396271164137537+0.6546960259615209j),(-0.07790353819702078+0.06382056370447534j),(0.5417011884376577+0.6212068542714158j),(-0.3169764960988458+0.22586737499316784j),(-0.18765571191794037+0.1389916330232357j),(0.04896296398804812+0.016744585845052295j),(0.048962963988049064+0.01674458584505449j),(-0.2072243223779264+0.1506963056744074j)
8585585585.585586,(-0.005462046092096051-0.0028045705251543707j),(-0.009091237230204614+0.0059358818427194746j),(0.6772008055308367+0.6164729396902918j),(-0.07038370063377289+0.0635955613302489j),(0.5822097739925252+0.5936976572440298j),(-0.2903382052624677+0.22798106966970114j),(-0.1712697157179167+0.13985243365725536j),(0.04749551576915764+0.011387641223129815j),(0.047495515769152945+0.011387641223131385j),(-0.18945219017832413+0.15172419734269424j)
8594594594.594595,(-0.005408564119663506-0.0023285985363462602j),(-0.00837573079982093+0.005936288995937039j),(0.7125275221070914+0.5760436244766681j),(-0.06293340474160762+0.062491769616127985j),(0.6219919963803109+0.5629614302262911j),(-0.26315927737250083+0.22692437066319238j),(-0.15467061025723428+0.13877178114372285j),(0.045267762863392076+0.006541097125187432j),(0.045267762863387635+0.006541097125188834j),(-0.1714220718568743+0.15064435913559726j)
8603603603.603603,(-0.005299238180782206-0.0018941090120676018j),(-0.0076480732609179244+0.0058472851681718105j),(0.7454681635154512+0.5335347226550919j),(-0.05565550061464659+0.060521366771648245j),(0.6607066959351529+0.5288590079265738j),(-0.2358254019133683+0.22254065899189038j),(-0.13809237800308977+0.1356837277135977j),(0.042380733790149436+0.0023378573642584216j),(0.042380733790147805+0.002337857364258969j),(-0.15338852452492527+0.14737829804994082j)
8612612612.612614,(-0.005143277453229567-0.0015101164618259721j),(-0.006920272318051597+0.005663904574631701j),(0.7758899145731539+0.4890833565626207j),(-0.04865116435225789+0.05770866732928799j),(0.6979640558163467+0.4912955430227354j),(-0.20876673809148516+0.21472121061378643j),(-0.12178867890382004+0.13055103439690552j),(0.038962929378404114-0.001106093230057326j),(0.038962929378402594-0.0011060932300574547j),(-0.13562922353992343+0.14187884354616842j)
8621621621.621622,(-0.004951783040770874-0.0011839042210321227j),(-0.006205902909226957+0.0053829605368639274j),(0.8036673161301564+0.4428369607825473j),(-0.04201843417511153+0.054089946757237516j),(0.7333313150741443+0.450233477994076j),(-0.18245228909930256+0.2034176737432758j),(-0.10602945872797936+0.12337084971339185j),(0.035168000528005214-0.003698258605761884j),(0.03516800052800677-0.0036982586057668354j),(-0.11844126454643514+0.134136770787121j)
8630630630.63063,(-0.0047374425421317645-0.0009205430022401484j),(-0.00551982001709414+0.005003512279811731j),(0.828683358809509+0.3949529677119657j),(-0.03585075345045582+0.04971308102234116j),(0.7663420675268675+0.40570513354515775j),(-0.1573806948329428+0.18865421571236657j),(-0.0910959041246055+0.11418013608754267j),(0.03117064564132024-0.005376082916597898j),(0.031170645641317992-0.005376082916596064j),(-0.10213554415879282+0.12418716064716559j)
8639639639.63964,(-0.004514083701344984-0.0007224584802654754j),(-0.004877729184923789+0.004527285780445041j),(0.8508305780206565+0.3455983383257155j),(-0.03023554601761117+0.04463699767356041j),(0.7965093403825377+0.35782383463876055j),(-0.13406724462958575+0.17053825339310635j),(-0.07727366613867495+0.1030603397528886j),(0.02716061881905994-0.006112748156523296j),(0.027160618819056976-0.006112748156522414j),(-0.0870291245085226+0.11211491131377777j)
8648648648.648647,(-0.00429609232010375-0.0005890939023776853j),(-0.00429561974169225+0.003959002254238588j),(0.8700121244098806+0.29494893415876033j),(-0.02525285077460373+0.03893093889895845j),(0.8233422916583044+0.30679233813839957j),(-0.11302726744373759+0.1492685247226594j),(-0.06484443936747873+0.09014072955657088j),(0.023334916375788464-0.005921701989821131j),(0.02333491637578741-0.005921701989818125j),(-0.07343567885086229+0.0980587340650471j)
8657657657.657658,(-0.0040977161539256235-0.0005167149204743787j),(-0.0037890823242293682+0.0033065666913699825j),(0.8861427826742014+0.2431887311868699j),(-0.020974043411805438+0.03267354140390226j),(0.8463659214952873+0.252907296866987j),(-0.09475650162190699+0.12513923018228584j),(-0.05407619019262614+0.07559981910172361j),(0.019888430589456475-0.0048592828400566696j),(0.019888430589458408-0.0048592828400602465j),(-0.061654354841085654+0.08221295248446488j)
8666666666.666668,(-0.003932294491909738-0.0004983984835277844j),(-0.0033725502954316065+0.0025810742389319255j),(0.8991499112987389+0.19050888134563668j),(-0.017460673296960924+0.025951742766096013j),(0.8651427102710145+0.19655864153084363j),(-0.07970952926192218+0.098539120176341j),(-0.04521255098400916+0.05966435723228648j),(0.017003600513861614-0.0030248800926026124j),(0.017003600513862946-0.003024880092604307j),(-0.05195765157487386+0.06482650571015065j)
8675675675.675674,(-0.0038114696483334543-0.000524234771727139j),(-0.003058521212866261+0.0017966051077827616j),(0.9089742764348592+0.13710663272324963j),(-0.014763442668855927+0.018859528988372055j),(0.8792946531469044+0.13822310981222416j),(-0.0682778039160368+0.06994475250922289j),(-0.03846210207957957+0.0426055356410137j),(0.014839811643977114-0.0005582385444842205j),(0.014839811643978466-0.0005582385444901257j),(-0.04457914450531354+0.04619874585658111j)
8684684684.684685,(-0.003744448244134335-0.0005817512574301034j),(-0.0028568261727768846+0.0009697985995236165j),(0.9155707549390302+0.08318412477142362j),(-0.012921353352528428+0.011496543072414756j),(0.8885238484079598+0.07845168874313813j),(-0.060769113087620855+0.0399076813031194j),(-0.03398840704729752+0.02473231358824301j),(0.013523453265535253+0.0023662180141440494j),(0.01352345326553418+0.002366218014141378j),(-0.03970205939285211+0.026671910787291205j)
8693693693.693695,(-0.003737383704136621-0.0006565432264985342j),(-0.0027740184188762753+0.00011922161819538342j),(0.9189088846076181+0.02894707990502447j),(-0.011961043092270971+0.003966579288248928j),(0.8926297022183829+0.01785140393398067j),(-0.05739041203890552+0.009036006434964593j),(-0.0319017091467124+0.00638207124341178j),(0.013139591194617203+0.00554783798552074j),(0.013139591194618615+0.005547837985523093j),(-0.03744974598446374+0.006620514479801757j)
8702702702.702702,(-0.0037929447620185797-0.0007330692384876283j),(-0.0028129459844501107-0.0007354270998723546j),(0.9189732438438643-0.02539658273082289j),(-0.01189632932878021-0.003624007917514647j),(0.891520991336294-0.04293741319862168j),(-0.05823578678559532-0.022028589646796264j),(-0.03225311207273728-0.012090871682282622j),(0.013726126253785354+0.008770415233897802j),(0.013726126253785454+0.008770415233900927j),(-0.037879004041638326-0.013561725882028294j)
8711711711.711712,(-0.003910117812850389-0.0007955476854375892j),(-0.0029725561949803195-0.0015742134761470381j),(0.9157636482334182-0.0796381820985321j),(-0.01272797296136235-0.011167948087760957j),(0.8852214819562143-0.1032666459173354j),(-0.06328084776642803-0.05263658757462819j),(-0.03503185416891465-0.03032805435504774j),(0.015271083138601926+0.011814231909402052j),(0.015271083138601264+0.01181423190940141j),(-0.040976966558876005-0.03347648130734138j)
8720720720.72072,(-0.004084265839290835-0.0008288762527419863j),(-0.0032479547534973365-0.002377887375526709j),(0.9092951575146124-0.13356972729490724j),(-0.014443668597138809-0.018558717584733084j),(0.8738684797252338-0.16250657638577776j),(-0.0723841790110491-0.08215703925713615j),(-0.040165969050596266-0.04797999104540889j),(0.017713338894689956+0.014468424545437689j),(0.01771333889468947+0.014468424545432663j),(-0.04666187855759179-0.05273576579646022j)
8729729729.729729,(-0.004307437491118338-0.0008194927051582979j),(-0.0036307129931959226-0.0031287433811681177j),(0.8995978928370356-0.18698535461838658j),(-0.01701826136102863-0.025692185965569606j),(0.8577044725415726-0.22007051482027115j),(-0.08529568126933428-0.11000242383968988j),(-0.04752625832198552-0.06471856152146076j),(0.020946710147730196+0.01654258010094j),(0.020946710147732615+0.016542580100944566j),(-0.054787684308376876-0.07097604828379901j)
8738738738.738739,(-0.0045688918691696445-0.0007561037517769403j),(-0.004109388861260391-0.0038113500845332986j),(0.8867166705820243-0.2396827183076255j),(-0.020414183939825508-0.03246821155178502j),(0.8370627858113622-0.2754358751084842j),(-0.10167088970339566-0.1356499570368666j),(-0.056933147960350615-0.08024773420979316j),(0.024826942385332437+0.017876578400431543j),(0.02482694238533004+0.01787657840042715j),(-0.06515192568287069-0.08787043437885829j)
8747747747.747747,(-0.004855782520713947-0.0006302270154535383j),(-0.0046702051636648215-0.004413093194757425j),(0.870710464956382-0.29146430578819227j),(-0.024582101568346774-0.03879215399144122j),(0.8123487684556904-0.3281601871332277j),(-0.12108974834964034-0.15865784824659515j),(-0.06816571979532879-0.09431190792426104j),(0.029180848250346714+0.01834794067251851j),(0.02918084825034716+0.0183479406725163j),(-0.07750613012265886-0.10313809431377499j)
8756756756.756756,(-0.005153931478198093-0.0004365155987752223j),(-0.005297815936160279-0.004924502246972155j),(0.8516517167199866-0.3421386516723583j),(-0.029461747473560562-0.04457627492923722j),(0.7840183757698462-0.37789119292987416j),(-0.14307797600188593-0.17867565691174575j),(-0.08097204580156309-0.10670146367351956j),(0.03381667047507057+0.01787627062875853j),(0.033816670475070656+0.017876270628756706j),(-0.09156767767388299-0.11655046816746367j)
8765765765.765766,(-0.00544862205091895-0.00017286072246047723j),(-0.005976089698705701-0.005339356687806107j),(0.829625509532163-0.3915214290697555j),(-0.034982927103109664-0.04974100208336836j),(0.7525560796625239-0.42437087364844867j),(-0.16712909404182535-0.19544859966489558j),(-0.09507992087376253-0.11725544418632604j),(0.03853471493482129+0.01642472228934811j),(0.038534714934819386+0.016424722289344156j),(-0.10703210027117338-0.12793415756193707j)
8774774774.774775,(-0.005725346475844606+0.00015970897001185702j),(-0.0066888457643361696-0.005654590250475197j),(0.8047286383831602-0.43943640165451303j),(-0.04106666638687668-0.05421603675195462j),(0.7184538449198072-0.46743387913438406j),(-0.19272537899130082-0.2088162849230194j),(-0.11020717692475329-0.12586157058701244j),(0.043137396731679004+0.013998738739937951j),(0.04313739673167394+0.013998738739932765j),(-0.12358486845342416-0.13717075108796142j)
8783783783.783783,(-0.005970458763699116+0.0005572957491698227j),(-0.007420494025808147-0.005870029651859149j),(0.7770685964056818-0.4857162250852336j),(-0.04762647731604633-0.057941289728692j),(0.6821925333737284-0.5070012968713367j),(-0.2193563797756908-0.21870681687649995j),(-0.12607093452006038-0.13245402365073677j),(0.047438031515976926+0.010642535893051495j),(0.04743803151597706+0.010642535893051142j),(-0.14091192257167662-0.1441940829544553j)
8792792792.792793,(-0.006171700710454697+0.0010135234478690913j),(-0.008156546305204203-0.005988013304666119j),(0.7467625071056888-0.5302030915259186j),(-0.05456971319822763-0.060867635539666363j),(0.6442266279281188-0.5430709626486652j),(-0.24653411017281188-0.2251274768409757j),(-0.14239536538031541-0.13700954288565537j),(0.05126793958878568+0.006433935561372971j),(0.05126793958878509+0.006433935561372846j),(-0.15870845799072408-0.14898556949498648j)
8801801801.801802,(-0.006318586793825409+0.0015200027285083295j),(-0.008883985137061727-0.0060129381281494795j),(0.713936028820902-0.5727492159671357j),(-0.06179898593967114-0.06295747962415785j),(0.6049726934007067-0.5757055860956213j),(-0.2738045026071768-0.228153261175561j),(-0.15891775913636164-0.1395424322717096j),(0.054481667710095175+0.0014781850642418184j),(0.054481667710097506+0.0014781850642467606j),(-0.17668572941048621-0.15156830852800973j)
8810810810.81081,(-0.006402649036041319+0.0020668268020332947j),(-0.009591491260637748-0.0059507790428677335j),(0.678722257141485-0.6132171676477282j),(-0.06921361847861396-0.0641851374307883j),(0.5648015784787086-0.6050198766794532j),(-0.3007551229692672-0.22791446792432155j),(-0.1753928794633024-0.14009902363468713j),(0.0569603393313878-0.004098645484139139j),(0.0569603393313905-0.004098645484137298j),(-0.19457586198457896-0.15200058172042216j)
8819819819.81982,(-0.006417554434465622+0.002643060874082781j),(-0.010269542672570561-0.005808618323307015j),(0.6412606492399529-0.6514800540238885j),(-0.07671110690799175-0.06453702829063004j),(0.5240340519196227-0.6311676625017169j),(-0.32701945836536406-0.22458433160201127j),(-0.1915957399641076-0.13875206162301418j),(0.05861329866016539-0.01015619576108544j),(0.05861329866016529-0.010156195761087117j),(-0.21213482530924876-0.15036929826962656j)
8828828828.828829,(-0.006359114811903932+0.00323719792585192j),(-0.010910405407751678-0.0055942126794582756j),(0.6016959916838089-0.6874215683499447j),(-0.08418856874746566-0.06401169029755416j),(0.4829393684318618-0.6543297492545996j),(-0.35227828870641686-0.21836746110818467j),(-0.2073230233191889-0.13559536302341157j),(0.05937831162597113-0.016545909547674483j),(0.05937831162597535-0.016545909547670212j),(-0.22914383413469314-0.14678378838232775j)
8837837837.837837,(-0.006225212254218682+0.003837562971001185j),(-0.01150803961353751-0.005315616432847524j),(0.5601774304638963-0.7209359149720647j),(-0.09154415612636128-0.06261962523351569j),(0.44173616671340804-0.6747030152452185j),(-0.3762587476002948-0.2094895848138296j),(-0.22239341224979112-0.13073898859082506j),(0.05922063187524604-0.02311644986342258j),(0.059220631875242465-0.02311644986342415j),(-0.2454094914768651-0.14137022145651962j)
8846846846.846848,(-0.006015663477769495+0.004432656487042719j),(-0.012057944755873129-0.004980870620658176j),(0.5168575787833606-0.7519276288556617j),(-0.09867841519755785-0.06038298480303346j),(0.4005950929574963-0.6924910120507096j),(-0.3987316891312052-0.19818888097128157j),(-0.23664710740850792-0.12430506226649984j),(0.05813124291293039-0.02971830840247699j),(0.05813124291293371-0.029718308402475094j),(-0.26076299692025523-0.13426680350781522j)
8855855855.855856,(-0.005732044463249958+0.005011434646192081j),(-0.012556965906250148-0.00459776095162083j),(0.47189171472886626-0.7803113076531767j),(-0.10549557579901757-0.05733511108583346j),(0.359642592332452-0.7078961566678625j),(-0.41950793027429667-0.18470898822835102j),(-0.24994478713040608-0.11642428870547217j),(0.05612456119820409-0.03620757549265926j),(0.056124561198210264-0.036207575492655145j),(-0.27505871894290784-0.12561981060871266j)
8864864864.864864,(-0.005377493411056616+0.0055635290560255846j),(-0.013003079917300903-0.004173642460566583j),(0.42543707740084213-0.8060112757682887j),(-0.11190475810031383-0.0535199451981137j),(0.31896539428393245-0.7211134658156435j),(-0.4384338581955187-0.1692936559496478j),(-0.26216622823061564-0.10723315811331496j),(0.05323584155845411-0.04244890497632312j),(0.05323584155845553-0.04244890497632277j),(-0.28817238806521717-0.11558044303444572j)
8873873873.873875,(-0.004956506266313249+0.0060794120508018135j),(-0.01339517665086111-0.003715325369121371j),(0.3776522665192401-0.8289612004015867j),(-0.11782108561071496-0.04899131870976809j),(0.2786153151751072-0.7323256940276412j),(-0.4553867974153921-0.15218290484455102j),(-0.2732087648621924-0.09687178640803788j),(0.04951847567206717-0.04831775318697215j),(0.04951847567206606-0.04831775318697387j),(-0.29999911816391484-0.10430243714628097j)
8882882882.882883,(-0.0044747352607646396+0.00655051541675028j),(-0.01373284681198586-0.00322901478780405j),(0.32869674704257246-0.8491036795049627j),(-0.12316669638982042-0.043812142454317124j),(0.23861409952940582-0.7416996873676966j),(-0.47027043808609664-0.13361051796027923j),(-0.2829857204259731-0.08548231541949416j),(0.04504132375658365-0.05370199606863244j),(0.045041323756582374-0.05370199606863213j),(-0.3104514140499442-0.09194034499510206j)
8891891891.891891,(-0.003938797458554605+0.006969311120348098j),(-0.014016184702263651-0.0027202961492308886j),(0.2787304570276591-0.8663898209731453j),(-0.1278716465143282-0.038053507063843944j),(0.1989581100739496-0.7493837452082821j),(-0.4830105424068826-0.113802661424848j),(-0.29142490975834184-0.07320778809511491j),(0.03988617347685577-0.058503037882431864j),(0.03988617347685433-0.05850303788243329j),(-0.3194572791628691-0.07864838039357588j)
8900900900.900902,(-0.0033560973450754844+0.007329362466952483j),(-0.014245611507743533-0.0021941583040559244j),(0.2279135138870772-0.8807788313190871j),(-0.13187470175811675-0.03179370894850539j),(0.15962275237772927-0.7555057848074317j),(-0.4935510760543199-0.09297743445368045j),(-0.2984672773984749-0.06019141339703727j),(0.034145380754673535-0.06263652325582791j),(0.034145380754674645-0.06263652325582822j),(-0.32695850041396163-0.06457973000514883j)
8909909909.90991,(-0.002734665114146634+0.007625353431821136j),(-0.014421722632316683-0.001655046742999709j),(0.1764060114258587-0.8922376305792286j),(-0.1351240150019397-0.025117214611871767j),(0.12056658077732613-0.76017211986787j),(-0.501850856808012-0.07134516121643573j),(-0.30406571327265935-0.04657614117115401j),(0.027919715324266826-0.06603275535567972j),(0.027919715324265855-0.06603275535567973j),(-0.3329091585372922-0.04988623465715349j)
8918918918.918919,(-0.0020830104626372373+0.007853102900811648j),(-0.014545161049741795-0.0011069401925334222j),(0.12436789760015249-0.9007405083422283j),(-0.13757768809050064-0.018113575244123j),(0.08173507914111935-0.7634666889683596j),(-0.5078807726180232-0.04910925691557219j),(-0.30818406930452036-0.03250447588731419j),(0.02131640922951682-0.06863690968693431j),(0.021316409229516338-0.06863690968693476j),(-0.3372743914040034-0.03471835627238115j)
8927927927.927929,(-0.0014099903329047939+0.008009569391718374j),(-0.014616517607090151-0.0005534446887836171j),(0.07195892086560371-0.9062688336548589j),(-0.1392042177066295-0.010876302556760021j),(0.04306414457649163-0.7654505985158602j),(-0.511621594333622-0.02646752217445218j),(-0.310796388413036-0.018118467676822254j),(0.01444738814455677-0.07040911756949934j),(0.014447388144555321-0.07040911756950005j),(-0.34002942362721555-0.019225357054389353j)
8936936936.936937,(-0.0007246880680877432+0.008092850603922785j),(-0.014636258578042016+2.0999599802176954e-06j),(0.019338631286545005-0.9088108291945824j),(-0.1399828253628067-0.003501715898848537j),(0.004483326565758442-0.7661618749715664j),(-0.5130623918200021-0.0036137402947991693j),(-0.31188635001336273-0.003559828056804547j),(0.007427652360391777-0.07132447711150687j),(0.007427652360394757-0.07132447711150615j),(-0.3411588671694466-0.003555628136843172j)
8945945945.945946,(-3.630078922540331e-05+0.008102180921019164j),(-0.014604680441548307+0.0005565057413306983j),(-0.033333578731377794-0.9083614175648309j),(-0.13990367186403643+0.003912230100666462j),(-0.034081109698924056-0.765615351054423j),(-0.5121995537362862+0.019260531034124742j),(-0.31144693235861276+0.011029874826064675j),(0.00037376548377276357-0.07137303325520436j),(0.00037376548377354886-0.07137303325520505j),(-0.34065629324170976+0.012142886308726487j)
8954954954.954956,(0.0006459686005026583+0.008037928792633542j),(-0.014521891757040897+0.001106617971958825j),(-0.08589841014357677-0.9049221449175643j),(-0.13896795663171863+0.011267128728735077j),(-0.07270321708721898-0.7638026398226573j),(-0.50903640842964+0.041964069737998114j),(-0.30948029077363814+0.025508981261408152j),(-0.006597596528177772-0.07055975254745402j),(-0.006597596528180268-0.07055975254745527j),(-0.3385240742877204+0.027722217205325247j)
8963963963.963963,(0.0013130185764681362+0.007901594749220864j),(-0.014387822035196299+0.0016491964624589205j),(-0.13819658599513035-0.8985011843827824j),(-0.1371879021646315+0.01846530696478477j),(-0.11145441390056446-0.7606921789882957j),(-0.503583443969728+0.06430409049211275j),(-0.30599785103198346+0.03973550226598884j),(-0.013371086047285279-0.0689045026972428j),(-0.013371086047280498-0.068904502697244j),(-0.3347734951023761+0.043033895190907945j)
8972972972.972973,(0.001955959127010534+0.00769580964460248j),(-0.014202257581120106+0.0021807999401469696j),(-0.19006878991360476-0.8891134190275454j),(-0.13458662372606478+0.02541100570376583j),(-0.15040046094764203-0.7562293559005746j),(-0.4958591271947116+0.0860844255136588j),(-0.3010206178792677+0.053566915668564745j),(-0.019834164482982298-0.06644203156348553j),(-0.019834164482980296-0.06644203156348508j),(-0.3294251330415088+0.05792851554885905j)
8981981981.981983,(0.0025662285102045768+0.007424331558207875j),(-0.01396490433541435+0.0026976775463230726j),(-0.24135563086560086-0.8767806013167072j),(-0.13119788416440337+0.03201154615094005j),(-0.189598288389209-0.7503367518430271j),(-0.4858913227177083+0.10710387851003336j),(-0.2945796991056417+0.06686003478416343j),(-0.025878671238196618-0.0632219247368398j),(-0.025878671238195414-0.06322192473684109j),(-0.3225095077764701+0.07225538987681016j)
8990990990.99099,(0.003135719924738295+0.0070920386085679965j),(-0.013675477677216344+0.003195671632968817j),(-0.29189765005490786-0.8615315833425803j),(-0.12706573367637558+0.03817847372104638j),(-0.22909260122539085-0.7429145730456825j),(-0.47371931107599763+0.12715485584245534j),(-0.28671704469896997+0.07947099314878239j),(-0.031402524414757445-0.05930850514844984j),(-0.031402524414760366-0.059308505148449944j),(-0.31406800005340296+0.08586233641471956j)
9000000000.0,(0.0036569207937695025+0.006704913728311168j),(-0.013333818897797445+0.003670136685018581j),(-0.34153538483266327-0.8434026094721835j),(-0.12224403438225856+0.04382867015773279j),(-0.26891220703789115-0.7338413652384544j),(-0.45939639841204044+0.1460223944561105j),(-0.277486397499352+0.09125539562190314j),(-0.03631158889738586-0.054780622116864575j),(-0.036311588897385616-0.054780622116862646j),(-0.304154035294947+0.09859566899194006j)
9009009009.00901,(0.004123066472568188+0.006270016246450849j),(-0.01294003751439965+0.004115879942037114j),(-0.39010950309879844-0.8224376605739991j),(-0.11679586986744034+0.04888542379411709j),(-0.3090660318562414-0.7229751382423295j),(-0.44299309592804514+0.16348372537194217j),(-0.26695444538334295+0.10206869464099255j),(-0.04052173562127838-0.049731261165835j),(-0.040521735621278344-0.04973126116583401j),(-0.2928345204121427+0.11030045452506618j)
9018018018.018017,(0.004528308933871045+0.0057954339646202335j),(-0.012494677678806243+0.004527130113196831j),(-0.437461019904977-0.7986888366799286j),(-0.11079284041054563+0.05327944696306705j),(-0.34953882174789697-0.7101550557738004j),(-0.42460082342493927+0.17930853260207882j),(-0.25520215423893644+0.11176685966937602j),(-0.04396109907854026-0.04426689045306323j),(-0.04396109907853904-0.04426689045306351j),(-0.28019150959654865+0.12082111989576994j)
9027027027.027027,(0.004867899283602373+0.005290208389535034j),(-0.011998905554527678+0.004897541358107785j),(-0.4834316058277074-0.7722167628692784j),(-0.10431424550695911+0.05694982860985909j),(-0.39028657102195496-0.6952038709753683j),(-0.4043360551594716+0.1932600872884099j),(-0.24232624477868744+0.12020741659102718j),(-0.046572517402875435-0.03850644594695559j),(-0.04657251740287717-0.038506445946955015j),(-0.2663240558877432+0.1300024993072417j)
9036036036.036037,(0.0051383807461301+0.0047642250368953865j),(-0.011454712616786003+0.00522024028153982j),(-0.5278639941881789-0.7430910013893004j),(-0.09744615653227383+0.0598449092449216j),(-0.4312317746009275-0.6779313064277508j),(-0.3823447760753085+0.2050974514140516j),(-0.22844075368700542+0.1272509400479471j),(-0.04831610979362602-0.032579847480774596j),(-0.04831610979362565-0.032579847480775484j),(-0.2513501789205769+0.13769142061102607j)
9045045045.045044,(0.005337785999587952+0.004228060455116367j),(-0.010865127334397054+0.005487923843097028j),(-0.5706024913800052-0.7113904516145021j),(-0.09028038397829073+0.06192306459077278j),(-0.4722586730824455-0.6581385831795581j),(-0.35880705120889234+0.21457894881730522j),(-0.21367859025919428+0.13276308286094235j),(-0.049171909148779225-0.02662593421747235j),(-0.049171909148781154-0.026625934217472294j),(-0.2354088449279884+0.14373893054713618j)
9054054054.054054,(0.005465829471463568+0.0036927780931418908j),(-0.010234424654520194+0.0056930155362536344j),(-0.6114935914684362-0.6772037184586632j),(-0.08291334561918816+0.0631533837176233j),(-0.513208743469737-0.6356242896447362j),(-0.333941431561701+0.22146708611155164j),(-0.1981929639359245+0.1366172193783338j),(-0.049142423999350225-0.020789714406963655j),(-0.04914242399934925-0.020789714406963533j),(-0.21866181324496473+0.14800325045084087j)
9063063063.063063,(0.005524081559105942+0.0031696666676466756j),(-0.009568319268406851+0.005827885623045502j),(-0.6503866929023854-0.6406294293507984j),(-0.07544484419050862+0.06351622721684011j),(-0.5538767828698106-0.6101917397735688j),(-0.3080088296409635+0.22553506392661138j),(-0.18215851764732924+0.13869775994868036j),(-0.04825495501628733-0.015218844788614613j),(-0.0482549550162885-0.015218844788616001j),(-0.20129515618414268+0.15035353119477132j)
9072072072.072071,(0.005516108007792508+0.0026699175948253218j),(-0.00887412507866879+0.00588513828728645j),(-0.687134911703833-0.6017764799220975j),(-0.06797676563131964+0.06300365111332565j),(-0.5940080290179908-0.5816578920215978j),(-0.28131540488913886+0.22657494075841844j),(-0.16577196018156043+0.1389041576485853j),(-0.04656344134292132-0.010059293950250073j),(-0.04656344134292153-0.010059293950250132j),(-0.1835202103388979+0.15067443422315896j)
9081081081.081081,(0.005447554335215543+0.002204242617181662j),(-0.008160860093619798+0.00585796400780679j),(-0.721595981949577-0.5607641891728259j),(-0.06061171157532515+0.061619682838536236j),(-0.633296847637201-0.5498637789435515j),(-0.2542139160707514+0.22440739010696703j),(-0.1492519537294178+0.13715557246494428j),(-0.044149567156186745-0.005450205114638941j),(-0.044149567156189784-0.0054502051146360225j),(-0.16557367391665875+0.14887150048055894j)
9090090090.09009,(0.005326152913350202+0.0017824391086295743j),(-0.007439273822570647+0.005740549116500189j),(-0.7536332308348379-0.5177223461261113j),(-0.05345158248833502+0.059380436732611196j),(-0.6713875742822297-0.5146862281779885j),(-0.2271029425367807+0.21889282283633532j),(-0.13283798868998675+0.13339608066797293j),(-0.04112282827630353-0.0015180589740627123j),(-0.041122828276304445-0.001518058974059995j),(-0.14771653633512907+0.14487717890097349j)
9099099099.099098,(0.005161629961334069+0.0014129185468022276j),(-0.006721773994106783+0.00552852652370784j),(-0.7831166122082013-0.4727911318499606j),(-0.04659613053451342+0.056314058257740406j),(-0.707878104656223-0.47605044273660113j),(-0.20042337200867333+0.2099434342889655j),(-0.11678797727748627+0.12760021974964517j),(-0.03761925377598897+0.001629655443319795j),(-0.03761925377598895+0.0016296554433211652j),(-0.13023152526570023+0.13865727279706092j)
9108108108.108109,(0.004965492194685728+0.001102222770744954j),(-0.006022231999184037+0.005219442492656046j),(-0.8099237793046692-0.4261209032432335j),(-0.040141503798535906+0.052460488409375006j),(-0.7423267575500827-0.43394276605110516j),(-0.17465162405081353+0.19753549374909435j),(-0.1013743319254904+0.11977854858657884j),(-0.033798510877293124+0.003910931403935476j),(-0.03379851087729449+0.003910931403935659j),(-0.11341879592385881+0.13021743357189072j)
9117117117.117117,(0.0047506790405627+0.000854561869085585j),(-0.005355652698053898+0.004813205148486717j),(-0.8339411745955393-0.37787182812452724j),(-0.034178805772653365+0.04787104271337012j),(-0.7742627665226423-0.38842271263923167j),(-0.15028924781283654+0.18172094980990308j),(-0.08687837409469043+0.1099827911131499j),(-0.029839204036448543+0.005275442257350883j),(-0.02983920403644966+0.005275442257352943j),(-0.0975896794907998+0.11960920141012298j)
9126126126.126125,(0.004531076617351415+0.0006714153322976424j),(-0.004737704577989353+0.004312472649550696j),(-0.8550651123477405-0.32821336490667774j),(-0.028792695903987184+0.04260780268240394j),(-0.8032004781669665-0.33963313968069625j),(-0.12784881201712783+0.1626372201748893j),(-0.07358304938256825+0.0983100387790962j),(-0.025932317090386743+0.005709887387010103j),(-0.025932317090384877+0.0057098873870093485j),(-0.08305845853854667+0.1069349840781972j)
9135135135.135136,(0.004320903859869107+0.0005512425439616053j),(-0.004184120480386622+0.003722934538236966j),(-0.873202827776058-0.27732358443529015j),(-0.02406005834458665+0.0367428216368013j),(-0.8286569524640863-0.28780731949911953j),(-0.10783638841801135+0.14051391964899398j),(-0.06176410290091283+0.08490543610466146j),(-0.02227293765598634+0.005241867531917052j),(-0.022272937655984548+0.005241867531912643j),(-0.07013234386168479+0.09235130518113403j)
9144144144.144144,(0.004133998082146595+0.0004893478115205602j),(-0.003709996065371122+0.0030534406906780054j),(-0.8882734657280706-0.22538833633404898j),(-0.020048766699821797+0.030357151302358318j),(-0.8501722057380916-0.23327170065112757j),(-0.0907313856786395+0.11567530825900452j),(-0.051680080123859995+0.06996278909000338j),(-0.019050629994990166+0.0039416821585397405j),(-0.019050629994990277+0.003941682158538452j),(-0.05910007225460146+0.0760696704713593j)
9153153153.153152,(0.003983044700799854+0.00047793742917202897j),(-0.0033290306442646384+0.002315940019047287j),(-0.9002089818133896-0.17260026730926598j),(-0.01681657237048617+0.023539700464633266j),(-0.8673308683767569-0.17644335684754697j),(-0.07696495955111861+0.08853745339441238j),(-0.04356173531653754+0.05372263691047584j),(-0.016439056718316258+0.0019215447691410801j),(-0.016439056718315012+0.0019215447691401637j),(-0.0502197966050671+0.05835451694856988j)
9162162162.162163,(0.0038788107422826346+0.0005063912238513352j),(-0.0030527699353964932+0.0015252061445290305j),(-0.9089549299171182-0.1191577041386225j),(-0.01441014288136229+0.016385942010177977j),(-0.8797836298252808-0.11782153159713805j),(-0.06689862537765603+0.05959950889639265j),(-0.03760161419411241+0.03646751930875601j),(-0.014585650045919326-0.0006680862707432373j),(-0.014585650045918814-0.0006680862707413144j),(-0.043707154064906266+0.03951793159781454j)
9171171171.171171,(0.0038294507629010877+0.0005617496700421193j),(-0.0028899193236464494+0.0006983486437194047j),(-0.9144711122270917-0.06526341925657123j),(-0.012864274270782463+0.008996489679335747j),(-0.8872666028562551-0.05797326509142451j),(-0.060804939820661215+0.02942909296248674j),(-0.03394468772207569+0.018514442677191965j),(-0.013602254685418329-0.003645077082572877j),(-0.013602254685418272-0.0036450770825738345j),(-0.03972452636936814+0.019911139964630443j)
9180180180.18018,(0.0038399540645697172+0.000629392654472192j),(-0.0028457964738402425-0.00014586650789426704j),(-0.9167320712913062-0.011123301648849386j),(-0.012201298137750907+0.0014755704925684117j),(-0.8896167346136978+0.0024862337669228247j),(-0.0588521235518235-0.001357576631824238j),(-0.03268091437094637+0.00020486343826635317j),(-0.013557668338804691-0.006804767707886074j),(-0.013557668338804896-0.0068047677078861175j),(-0.038372507318628415-8.686957752214012e-05j)
9189189189.18919,(0.003911792138979353+0.0006938613657505067j),(-0.002921982210112693-0.0009878390537399135j),(-0.9157274081409947+0.04305504015758113j),(-0.012430699362060886-0.006070577241585201j),(-0.8867816625898488+0.06291714186772931j),(-0.06109422623481577-0.032119465884109924j),(-0.03384048058832495-0.01810718250910821j),(-0.014472872775573053-0.009931050855075554j),(-0.014472872775573214-0.009931050855072615j),(-0.03968444500855179-0.020082860616586876j)
9198198198.198198,(0.004042805727152765+0.0007397551505019875j),(-0.0031162090376933727-0.001808031251359683j),(-0.91146191598128+0.09706371320295362j),(-0.01354895500586878-0.013535347499017822j),(-0.8788229432076644+0.12268064325699904j),(-0.06746790585316959-0.06221657090465997j),(-0.03739222139182655-0.036067927950479035j),(-0.01631948638680778-0.01280846502702274j),(-0.01631948638680873-0.012808465027022629j),(-0.043624639467211915-0.03968399045319876j)
9207207207.207207,(0.0042273445449168+0.0007526244791914438j),(-0.0034225003562709053-0.0025878607586862813j),(-0.9039555250624512+0.15069598179216145j),(-0.015539598766744307-0.020813417203829416j),(-0.8659122936446823+0.1811644672728486j),(-0.07779618168307101-0.09103568118222768j),(-0.043245389868636665-0.05333668843434222j),(-0.01902161570888484-0.01523424274034316j),(-0.019021615708883374-0.015234242740344111j),(-0.05009039058117889-0.058512409951714764j)
9216216216.216217,(0.004456644067689364+0.0007197816656006883j),(-0.003831544765350737-0.003310511524675947j),(-0.8932430607130408+0.2037476840371326j),(-0.018373508962421337-0.027802369271854793j),(-0.8483212636741824+0.23780620498338295j),(-0.09179874427549978-0.11801392532951549j),(-0.051254581853609926-0.06959763577600937j),(-0.022460898519428403-0.01702926047312604j),(-0.022460898519428805-0.01702926047312466j),(-0.058917671384311046-0.07621865882536107j)
9225225225.225225,(0.0047193978477630405+0.000630962579100669j),(-0.004331263950348357-0.003961596196593583j),(-0.8793738227209658+0.2560185927434917j),(-0.022009411798875875-0.03440425453826042j),(-0.8264054573995063+0.2921125766583744j),(-0.10910770292493538-0.1426582761247418j),(-0.06122729341155713-0.08456966913490764j),(-0.02648418266072965-0.018046991957441496j),(-0.026484182660729133-0.01804699195744147j),(-0.06988982131225419-0.09249286152809451j)
9234234234.234234,(0.005002465022253488+0.00047879284597487914j),(-0.0049075138336513585-0.004529623820122727j),(-0.8624109998998384+0.30731369272877285j),(-0.02639458598897141-0.04052706159535038j),(-0.8005849369886222+0.34367336851517083j),(-0.12928713910496598-0.16455973729654044j),(-0.0729333487133176-0.09801377562582178j),(-0.030913031455606654-0.01817983789319795j),(-0.030913031455606386-0.01817983789320151j),(-0.08274837638061948-0.10707302326606932j)
9243243243.243244,(0.00529164359856682+0.0002590368909717311j),(-0.005544849615107768-0.005006251474536649j),(-0.8424309384661921+0.3574443503475386j),(-0.031465749949533287-0.046086067150867174j),(-0.77132269054583+0.392169427633076j),(-0.15185458459207168-0.18340160533709934j),(-0.08611531765569506-0.10973758476944546j),(-0.035554123960181705-0.01736253864276707j),(-0.035554123960182475-0.01736253864276937j),(-0.09720501688590981-0.11975008771852101j)
9252252252.252253,(0.0055724412009328095-2.9366949817505317e-05j),(-0.0062272864386164264-0.0053863233798303115j),(-0.8195222865829959+0.4062293554780144j),(-0.0371501089987046-0.05100504385647344j),(-0.7391030221894427+0.4373747766585425j),(-0.17630256739043432-0.19896187260105713j),(-0.10049905175595288-0.11959713484893529j),(-0.04020963219677682-0.01557271059026408j),(-0.04020963219677515-0.015572710590264525j),(-0.11295362463318606-0.13036978160859522j)
9261261261.261261,(0.005830784626357388-0.000384461065884939j),(-0.0069389971049105895-0.005667721978530056j),(-0.7937850400153854+0.4534958211727639j),(-0.043366537275529395-0.0552173073320004j),(-0.7044114669350778+0.4791534780585883j),(-0.20211862443431755-0.21111040638748763j),(-0.11580358375001268-0.12749613488121436j),(-0.044686786540153275-0.012828828442912363j),(-0.04468678654015358-0.012828828442912749j),(-0.1296815779598341-0.13883157883827396j)
9270270270.270271,(0.006053624852047634-0.0008015743199732139j),(-0.007664903568654721-0.005851069976955212j),(-0.7653295153108065+0.49907993130087636j),(-0.05002686748633936-0.058666589034697916j),(-0.6677174248407195+0.5174522721930324j),(-0.22880258867392897-0.21980193357755562j),(-0.13174982451147937-0.13338319132917156j),(-0.048806045235042554-0.00918617044607829j),(-0.04880604523504384-0.009186170446077925j),(-0.14707963164878854-0.14508533128308262j)
9279279279.27928,(0.0062294116876078776-0.0012737331673137176j),(-0.008391136539625622-0.005939329455017989j),(-0.7342752773396166+0.5428275315695118j),(-0.05703726095820113-0.061307726458288275j),(-0.6294602386192276+0.5522902104619554j),(-0.2558804290033067-0.2250660578020604j),(-0.14806770844112838-0.13724756267515656j),(-0.05240751936019549-0.004731339446221582j),(-0.0524075193601963-0.004731339446219861j),(-0.1648499815203796-0.14912622158519165j)
9288288288.288288,(0.00634842906942551-0.0017921320637860894j),(-0.0091053543498417-0.005937344524326961j),(-0.7007500475300292+0.5845945641253243j),(-0.06429963072370518-0.0631071667169687j),(-0.5900389873627494+0.583746520121166j),(-0.28291437379601186-0.2269955519124463j),(-0.16450164791001692-0.13911401479038046j),(-0.05535553008363988+0.00042402200207872974j),(-0.05535553008364022+0.00042402200207981855j),(-0.18271235660970048-0.1509887038390343j)
9297297297.297298,(0.006402995924549348-0.0023466219085627738j),(-0.009796926225685537-0.005851369214805349j),(-0.6648886178312639+0.6242473503678747j),(-0.07171309133677803-0.06404328374932118j),(-0.5498058934715817+0.6119478133056968j),(-0.3095094252887929-0.22573404497557398j),(-0.18081433208709974-0.13903729514764246j),(-0.057541362179839996+0.006149768531088855j),(-0.057541362179840315+0.0061497685310875905j),(-0.20040818453847112-0.15074003357725307j)
9306306306.306305,(0.006387547500197377-0.0029261832841457336j),(-0.010456995131347818-0.005688614282243203j),(-0.6268317934707981+0.6616627305629943j),(-0.07917541068983086-0.06410651308125048j),(-0.5090629697488591+0.6370555424253646j),(-0.3353166433229045-0.2214640131569965j),(-0.19678903187501998-0.1370966488368804j),(-0.05888441186096962+0.012303594068814813j),(-0.058884411860969293+0.012303594068815288j),(-0.21770302213771528-0.14847387740136667j)
9315315315.315315,(0.006298617903013393-0.0035193605681783646j),(-0.01107844126885768-0.005456837346694651j),(-0.5867253850565792+0.6967280722577275j),(-0.0865844411378009-0.06329931125978154j),(-0.468061373452627+0.6592543581767453j),(-0.3600337385192981-0.21439573845489762j),(-0.21223064855969195-0.13339068751064523j),(-0.05933200580197576+0.018736857040490863j),(-0.05933200580197576+0.01873685704049044j),(-0.23438753109740731-0.1443043622040339j)
9324324324.324326,(0.006134746813518721-0.0041146420972273945j),(-0.011655769627665569-0.0051639916924363025j),(-0.5447192676355188+0.7293411623203425j),(-0.09383950960860762-0.06163594967738536j),(-0.42700287081059735+0.6787417851862978j),(-0.3834035799578884-0.20475765849915206j),(-0.22696577515558292-0.12803281239583278j),(-0.05885819841246161+0.025299688567021975j),(-0.05885819841246029+0.02529968856702293j),(-0.2502773144109134-0.13836079578070407j)
9333333333.333332,(0.005896332780621294-0.004700779477558925j),(-0.012184944519833846-0.004817941167347489j),(-0.5009665210671299+0.7594099996335895j),(-0.10084274897181686-0.059142154535540184j),(-0.3860428266149309+0.6957194202232504j),(-0.4052112133933153-0.1927883209504124j),(-0.2408420366627322-0.12114729657562877j),(-0.05746184722609914+0.03184528970516917j),(-0.05746184722609893+0.03184528970516841j),(-0.2652119257024-0.1307831789103241j)
9342342342.342342,(0.005585453091544262-0.005267045367564727j),(-0.012663191750598268-0.004426242403654353j),(-0.45562266262410367+0.7868525070385204j),(-0.10750035562989241-0.05585460615170129j),(-0.34529419414453744+0.710385692287298j),(-0.4252799279152654-0.17872999064944184j),(-0.25372695002198065-0.11286605599691739j),(-0.05516423423978241+0.038233407375611025j),(-0.05516423423978326+0.038233407375610984j),(-0.2790533335231773-0.12171854080422598j)
9351351351.351353,(0.005205666796628233-0.005803433494865284j),(-0.0130887858046555-0.003995991145866157j),(-0.40884497919630447+0.8115961820686521j),(-0.1137237609790819-0.051820311720722316j),(-0.3048320682739233+0.7229301056044595j),(-0.4434668243544617-0.16282383940481177j),(-0.2655065068621168-0.10332608441690097j),(-0.05200645546119163+0.044333038232096424j),(-0.052006455461189725+0.044333038232096764j),(-0.29168407847142674-0.11131806670863281j)
9360360360.36036,(0.004761813712900437-0.006300807466416702j),(-0.013460835843474087-0.003533726660639721j),(-0.36079196295576954+0.8335777063489191j),(-0.11943070695805176-0.04709586604456724j),(-0.2646984614982931+0.7335288117072307j),(-0.45965824543876116-0.1453065731019903j),(-0.27608364035493205-0.09266749291263907j),(-0.04804675072873777+0.05002444732084463j),(-0.04804675072873926+0.050024447320844934j),(-0.3030053120418809-0.09973494623391807j)
9369369369.36937,(0.0042598185924873355-0.0067510063674014464j),(-0.013779080869710303-0.00304538672618369j),(-0.31162285093298125+0.8527425332982724j),(-0.12454621827391638-0.04174661470546652j),(-0.22490705647514941+0.7423413177642039j),(-0.4737653380455454-0.12640831094342841j),(-0.28537669729002024-0.08103207609826375j),(-0.0433578972289159+0.05520060776703523j),(-0.04335789722891692+0.05520060776703552j),(-0.31293485902944135-0.08712284955063047j)
9378378378.378378,(0.0037065063979589696-0.00714691555076391j),(-0.014043701398108052-0.0025363052198085663j),(-0.2614972657369762+0.8690444730206592j),(-0.12900346599758128-0.03584573375465122j),(-0.1854477722561781+0.7495081264519046j),(-0.48571993923089024-0.10635151817281474j),(-0.2933180012161275-0.06856232074392453j),(-0.0380247467403987+0.059768173284377904j),(-0.03802474674039958+0.059768173284377196j),(-0.32140540401234374-0.07363493118354185j)
9387387387.387386,(0.0031094319039072504-0.0074825107038323235j),(-0.014255152506535501-0.0020112445210364784j),(-0.21057495169176207+0.8824452920545394j),(-0.13274451900311487-0.029473239309194557j),(-0.14629105127998693+0.7551491096924787j),(-0.49547091345979827-0.08535079809976452j),(-0.2998525637249208-0.05540077418344294j),(-0.03214195020588788+0.06364809118103056j),(-0.032141950205887074+0.06364809118102949j),(-0.32836286873799203-0.05942326322551682j)
9396396396.396397,(0.0024767246679881783-0.007752882500767777j),(-0.014414021250878997-0.0014744555511442305j),(-0.15901559801023749+0.8929143440415522j),(-0.13572098116135506-0.02271493958647947j),(-0.10739182976873829+0.759362437617271j),(-0.5029810192627558-0.06361336439326815j),(-0.3049369789611763-0.041689696438729405j),(-0.02581188412074977+0.06677595321213989j),(-0.025811884120749376+0.06677595321214086j),(-0.3337650214629348-0.044638607541018935j)
9405405405.405405,(0.0018169487491018557-0.007954248108271444j),(-0.01452091007290622-0.0009297590631792696j),(-0.10697873831744803+0.9004282454369015j),(-0.1378945132802279-0.0156613409523206j),(-0.06869319643726088+0.7622239099041441j),(-0.5082243483191878-0.041340034785228616j),(-0.3085385207268023-0.027570928805595172j),(-0.019142770940094214+0.06910216776637854j),(-0.019142770940093038+0.06910216776638058j),(-0.3375803408726135-0.02943044693195289j)
9414414414.414413,(0.0011389753256877272-0.008083954645438263j),(-0.014576346935008547-0.0003806426217318401j),(-0.05462371389487895+0.9049706081802971j),(-0.13923723952785727-0.008406518604046252j),(-0.030129775237965152+0.7637865655259153j),(-0.5111843567061949-0.01872660837184298j),(-0.3106344511820174-0.013185920866212349j),(-0.012246969328457973+0.07059202132719095j),(-0.012246969328455957+0.07059202132719145j),(-0.33978714505203483-0.013947206109676893j)
9423423423.423424,(0.00045186550736042133-0.008140478493570136j),(-0.014580722389720996+0.00016963154091695918j),(-0.002109686455639948+0.9065318388378213j),(-0.13973203851299962-0.0010469616334925673j),(0.008369110686531955+0.7640804766714541j),(-0.5118524943652213+0.004034492238948231j),(-0.3112115440493894+0.0013241337618111436j),(-0.005239398571086618+0.07122568108318363j),(-0.005239398571085257+0.0712256810831845j),(-0.3403729888288315+0.001663396843643855j)
9432432432.432432,(-0.00023523993521491066-0.008123423153871434j),(-0.014534253542114128+0.0007179120073267185j),(0.050404314914768156+0.9051090111648841j),(-0.1393727193797101+0.006319598514699164j),(0.04687642265021749+0.7631126619796915j),(-0.5102274322961922+0.026752417460891204j),(-0.31026582229583655+0.015818095980468353j),(0.0017639461322757504+0.07099817459259504j),(0.0017639461322747144+0.0709981745925953j),(-0.3393343293800661+0.017253919995121523j)
9441441441.44144,(-0.0009132275309444784-0.008033517177413352j),(-0.014436974800895577+0.0012610408056744366j),(0.10275932880688438+0.9007058163775028j),(-0.13816408326122587+0.013595367703623943j),(0.08546445833338526+0.76086708287099j),(-0.5063148852670221+0.049236019198706855j),(-0.3078025094632286+0.030154652645491126j),(0.008647435236749447+0.06991936675325529j),(0.00864743523674965+0.06991936675325634j),(-0.3366764590650197+0.03267673425684067j)
9450450450.45045,(-0.001573118506970922-0.007872612538210033j),(-0.014288755355268898+0.0017957368092700338j),(0.15479639508341428+0.893332592696612j),(-0.1361218703025217+0.02068366868991274j),(0.1242018893076915+0.7573047147985088j),(-0.5001280287535543+0.07129199978803627j),(-0.30383619417276886+0.04419209742970414j),(0.015297252887861917+0.06801393894905089j),(0.015297252887860834+0.06801393894905218j),(-0.33241370488330735+0.04778357104824519j)
9459459459.45946,(-0.0022061803341187763-0.00764368267444715j),(-0.01408934337977917+0.002318483561894128j),(0.20635650360173108+0.8830064329882803j),(-0.1332725922783055+0.027490112476764323j),(0.1631507025752223+0.7523637130815871j),(-0.4916885103389098+0.09272317100083713j),(-0.29839120792882834+0.057788158176906745j),(0.021602900513253878+0.0653213599533465j),(0.021602900513254218+0.06532135995334348j),(-0.3265698946883871+0.06242512530069451j)
9468468468.468468,(-0.00280404590806424-0.007350818267491677j),(-0.013838436979651036+0.002825425445309459j),(0.2572805742788351+0.8697513666002012j),(-0.129653250681584+0.033923753053471534j),(0.20236297003513348+0.7459597210903111j),(-0.48102805587168995+0.11332691947362303j),(-0.29150221629698564+0.07079991081823792j),(0.027458802121850298+0.06189582275494494j),(0.027458802121851436+0.0618958227549459j),(-0.31917909025628854+0.07645076170885641j)
9477477477.477478,(-0.003358843427913538-0.006999217654578782j),(-0.013535781764009575+0.003312276571905831j),(0.3074094839693285+0.8535986088307854j),(-0.12531094011403393+0.03989821667626526j),(0.24187738046589985+0.7379863972405412j),(-0.46819066722485586+0.13289398698193228j),(-0.28321502190543496+0.08308382525719299j),(0.03276605175171379+0.057806105795123484j),(0.0327660517517153+0.057806105795122284j),(-0.3102865854334546+0.08970837840100382j)
9486486486.486486,(-0.0038633393544535155-0.006595167581264161j),(-0.01318129458905995+0.0037742474273209717j),(0.35658415449937564+0.8345868689037848j),(-0.12030233694484938+0.04533279617318478j),(0.2817154856793951+0.7283162664726133j),(-0.45323539930705614+0.15120769053714744j),(-0.27358757353689306+0.09449599592784456j),(0.03743433440999161+0.053135301215584844j),(0.03743433440998874+0.05313530121558595j),(-0.29995016271501246+0.10204449078248795j)
9495495495.495495,(-0.004311095834885453-0.0061460088223647125j),(-0.01277521235840648+0.004205995051026878j),(0.4046457146911323+0.8127627049052739j),(-0.11469307358245148+0.05015349992627299j),(0.3218776376532214+0.7168020309410676j),(-0.43623968672092794+0.1680437269127391j),(-0.26269116779328316+0.10489261836847918j),(0.04138403851895547+0.04798033698210377j),(0.04138403851895549+0.04798033698210283j),(-0.2882415925100965+0.11330460847053211j)
9504504504.504505,(-0.00469664259726707-0.0056600800947604335j),(-0.012318263712750743+0.004601603341243196j),(0.451435747328614+0.7881809119216192j),(-0.10855699937439581+0.05429404426248989j),(0.362338628659832+0.7032785019526802j),(-0.4173031627552385+0.18317072667977474j),(-0.25061181735206645+0.114130782129889j),(0.044548559334391155+0.042451204984469505j),(0.044548559334390676+0.042451204984468874j),(-0.2752483447775674+0.12333398881237655j)
9513513513.513514,(-0.005015661471091559-0.0051466327590185545j),(-0.011811859902114197+0.004954600777452314j),(0.49679662977016403+0.760904927654869j),(-0.10197533015092822+0.05769677704761529j),(0.40304309366529245+0.68756533797747j),(-0.3965518730294466+0.19635174080583756j),(-0.2374517416880729+0.12206965814927333j),(0.046876768052435965+0.036669794838699386j),(0.046876768052436284+0.036669794838700615j),(-0.2610754614923017+0.1319788597041799j)
9522522522.522522,(-0.005265179328055369-0.004615708217042269j),(-0.01125829905021343+0.005258023290137991j),(0.5405719743251862+0.7310072381452651j),(-0.0950356897750949+0.060313519410705486j),(0.4439007950830049+0.6694707875854307j),(-0.37414273145428256+0.20734685364180158j),(-0.22333091156447524+0.12857216323611553j),(0.04833558962108975+0.030768225279916267j),(0.04833558962109086+0.030768225279917155j),(-0.24584750966490238+0.13908820981639206j)
9531531531.531532,(-0.005443762342180081-0.0040779698819172205j),(-0.010660975376353882+0.00550452993928488j),(0.5826071716174415+0.6985697649639435j),(-0.08783104875532913+0.06210631182155425j),(0.48478198470741396+0.6487966355868495j),(-0.35026799683155085+0.21591711345988535j),(-0.20838854741708548+0.1335071827014355j),(0.048912593455012573+0.024886564688548392j),(0.04891259345501474+0.024886564688545512j),(-0.22971049816979427+0.14451624258000417j)
9540540540.54054,(-0.0055517011104451175-0.0035444823975172013j),(-0.010024581801327169+0.005686578200939686j),(0.6227500369995833+0.6636842144145108j),(-0.08045856699269227+0.06304805029142382j),(0.5255131246251037+0.6253445281142571j),(-0.3251594661063736+0.2218299479477362j),(-0.1927844347482056+0.13675242091864037j),(0.0486184561872393+0.019169843150126677j),(0.04861845618723934+0.019169843150125765j),(-0.2128335983508599+0.1481255773205202j)
9549549549.54955,(-0.0055911725323400385-0.0030264327343428876j),(-0.00935529091266589+0.0057966636824781995j),(0.6608515567252526+0.6264523689586622j),(-0.07301835003071755+0.06312299835560786j),(0.5658733432436021+0.5989237995179207j),(-0.2990919899181774+0.22486617860521257j),(-0.17669987906178164+0.13819792479793133j),(0.04748910674082525+0.013764284720370666j),(0.047489106740826584+0.013764284720372201j),(-0.19541046088711334+0.14979125216288908j)
9558558558.55856,(-0.005566360766015577-0.002534791190400343j),(-0.008660895847794954+0.005827625675752804j),(0.6967667270996923+0.586986301310097j),(-0.06561213068824545+0.06232716080397395j),(0.6055920951347711+0.5693608325328595j),(-0.27238582689629043+0.2248286564262898j),(-0.16033808294447324+0.137750282939379j),(0.045587315982461116+0.008812734388618244j),(0.0455873159824602+0.008812734388619091j),(-0.1776598746400624+0.14940553429088496j)
9567567567.567568,(-0.005483516591440918-0.002079915413716271j),(-0.007950889806553611+0.005773014876902197j),(0.730355476304327+0.5454084924633762j),(-0.058341890604319234+0.06066850591906944j),(0.6443485698653568+0.5365098470688452j),(-0.24540727947830937+0.2215524052921029j),(-0.1439236952347604+0.13533744072868412j),(0.043003453219485094+0.004449322697266264j),(0.04300345321948641+0.004449322697265633j),(-0.159825474847868+0.1468834704824883j)
9576576576.576576,(-0.005350932847174583-0.001671107385020909j),(-0.007236461358892353+0.005627512797015469j),(0.7614836551233153+0.5018518363667392j),(-0.05130843891409043+0.05816702431196352j),(0.6817734358872319+0.5002648308700146j),(-0.21856701546168078+0.21491597774175353j),(-0.127701265828993+0.13091398822984301j),(0.03985510961804082+0.0007935027483624885j),(0.03985510961804202+0.0007935027483617907j),(-0.14217418854677843+0.14216901382387406j)
9585585585.585587,(-0.005178814138586119-0.001316141601524462j),(-0.0065303833439750505+0.005387384109817858j),(0.7900240794942569+0.4564595160256917j),(-0.0446099678999635+0.05485461434863381j),(0.7174534875121579+0.4605721040680948j),(-0.19231549947044868+0.2048535070253167j),(-0.11193235034123157+0.12446667657715763j),(0.03628529599105015-0.002056294021202947j),(0.036285295991048926-0.002056294021200146j),(-0.12499311702918035+0.13524144479679306j)
9594594594.594595,(-0.00497902263575134-0.0010207918055935294j),(-0.005846776859594803+0.005050934107842492j),(0.8158576047760787+0.4093847385335522j),(-0.03834060790638386+0.050774786651755735j),(0.7509396620853067+0.41744276762028054j),(-0.1671350610079682+0.1913666978314169j),(-0.09689105759758067+0.11601980813374416j),(0.03245897134538577-0.004029014543363361j),(0.03245897134538836-0.0040290145433637126j),(-0.10858461131677184+0.12612167634942822j)
9603603603.603603,(-0.004764689194314942-0.0007883923274809579j),(-0.005200739323928741+0.004618934743522166j),(0.8388742089923936+0.3607903198511109j),(-0.03258900594519962+0.045982183243603036j),(0.781758691839484+0.3709640545022404j),(-0.14352832968631965+0.17453576749957836j),(-0.08285792849183042+0.10564004062806871j),(0.02855775857645429-0.005086867325564244j),(0.02855775857645433-0.005086867325565854j),(-0.0932594071396887+0.11487791011511285j)
9612612612.612612,(-0.004549690483678648-0.0006194768113839677j),(-0.004607837098206287+0.004094976061439909j),(0.8589740601980065+0.31084811406411317j),(-0.027436954116097936+0.040541910544120444j),(0.8094283442523686+0.3213084266113629j),(-0.12200307992879324+0.15452817413989658j),(-0.07011217992423864+0.093440066280568j),(0.024772857972818127-0.0052301562736226j),(0.024772857972819383-0.005230156273627214j),(-0.07932785412065245+0.10163001840344903j)
9621621621.621622,(-0.004348007774751472-0.0005115398459031584j),(-0.004083478171986059+0.003485697105222039j),(0.8760685416683518+0.2597382862735227j),(-0.022958095077161865+0.03452868960574604j),(0.8334758001841815+0.2687391913363456j),(-0.10305393283330014+0.1316038995820889j),(-0.058922535783245536+0.0795805974886957j),(0.021296370742084153-0.004500452531413179j),(0.02129637074208386-0.004500452531410485j),(-0.06708949212721571+0.08655199169913964j)
9630630630.63063,(-0.004173000035346375-0.0004589639994664052j),(-0.0036421974448259953+0.002800853430599888j),(0.8900812079727679+0.20764843312660125j),(-0.019216732169542214+0.02802583156860247j),(0.853458260921171+0.21361149865085174j),(-0.08714182172013057+0.10611614243170443j),(-0.049537079500009816+0.06427013356955358j),(0.01831147352579774-0.0029815327621247217j),(0.018311473525797935-0.002981532762126064j),(-0.056821474389662625+0.06987184043075348j)
9639639639.639639,(-0.004036640537278757-0.0004531447662365906j),(-0.003296903723106084+0.0020531883749173706j),(0.9009486453098607+0.15477256013172594j),(-0.016266771272522476+0.02112405122153281j),(0.8689844301134588+0.15636785448983997j),(-0.07467257357571243+0.07850655181599182j),(-0.04217276870101149+0.04776211314384501j),(0.015982107598201324-0.000797647179057231j),(0.0159821075982004-0.0007976471790568634j),(-0.04876657614722301+0.05186848989367967j)
9648648648.64865,(-0.003948779145206915-0.00048282893957968254j),(-0.003058150539731474+0.0012580922444428017j),(0.9086212108844414+0.10130993011839898j),(-0.014150819904463204+0.013920136561565453j),(0.8797351693822713+0.09752774942054744j),(-0.06597630626362265+0.049294596001175264j),(-0.0370054125443117+0.03034927403692743j),(0.014443020751084995+0.0018910903489259435j),(0.014443020751086381+0.001891090348925767j),(-0.04312171362377415+0.032865458525813296j)
9657657657.657658,(-0.003916498631630516-0.0005346594823122663j),(-0.002933499097117079+0.00043305604547778844j),(0.9130636286738598+0.047463802238874614j),(-0.01289946640029969+0.00651549709794552j),(0.8854814633644725+0.037671611420154766j),(-0.06128950474489084+0.019061270150549675j),(-0.03416098647547789+0.01235532757876937j),(0.013791082654694692+0.004896095409361299j),(0.013791082654694697+0.004896095409358606j),(-0.040027984669713156+0.013221439669725816j)
9666666666.666666,(-0.003943630334828863-0.0005938951804258961j),(-0.002927038620615583-0.0004030488165943811j),(0.9142554226697861-0.006559914551283891j),(-0.012530758175673423-0.0009853819624580356j),(0.8860979159576523-0.022580036393860376j),(-0.060741553855000206-0.011571980247248639j),(-0.03370911739472139-0.005875632288258792j),(0.014078753356066362+0.008010060921287794j),(0.014078753356065964+0.008010060921288708j),(-0.03956319463595172-0.006681729921447958j)
9675675675.675676,(-0.00403048145826318-0.0006452504580343466j),(-0.0030391164029023154-0.0012308105270055804j),(0.9121911734876296-0.06055406588452003j),(-0.01304989322628673-0.008476548914038644j),(0.8815703555996479-0.08259071177690099j),(-0.06434714937005846-0.04196762312787843j),(-0.035659404895270155-0.0239912754939533j),(0.0153104089439907+0.011018322946191452j),(0.015310408943993051+0.011018322946189357j),(-0.04173763770107463-0.026452896547963765j)
9684684684.684685,(-0.0041738046236391435-0.000673784077694542j),(-0.003266308143673612-0.0020311655360516507j),(0.9068805898864989-0.11431168401748328j),(-0.014449133323035294-0.01585222490064262j),(0.8719967176082057-0.14173345110153163j),(-0.07200541912845627-0.07149774281486898j),(-0.039960968082071974-0.04164381832170456j),(0.017441936139147973+0.013710883542024925j),(0.01744193613914821+0.013710883542022803j),(-0.046493584369420755-0.04570614939380685j)
9693693693.693693,(-0.004367013290379862-0.0006657584612131118j),(-0.0036016321979543235-0.00278625792179853j),(0.8983483929098752-0.1676274160683769j),(-0.01670794117009358-0.02300843899964029j),(0.8575811052283004-0.1994154878320944j),(-0.08350585256322456-0.0995689452028524j),(-0.04650526466870449-0.05850243417944798j),(0.020383643840787613+0.015894035881858868j),(0.020383643840788564+0.015894035881858438j),(-0.05370852906461355-0.0640749500230447j)
9702702702.702703,(-0.004600619008457485-0.0006093955215377145j),(-0.004034983709502917-0.0034801956011407884j),(0.886634016643367-0.22029891725993642j),(-0.019793337483933488-0.029844624876063278j),(0.8386216819656664-0.25510010336688865j),(-0.09854038627842501-0.12564444082351184j),(-0.05513187817167619-0.07426433724864694j),(0.024006167338850002+0.017400593053476486j),(0.024006167338850384+0.01740059305347591j),(-0.06320184559068213-0.08122472845092826j)
9711711711.711712,(-0.004862843012243434-0.0004954693178145508j),(-0.004553741155638828-0.004099643975051137j),(0.8717911355812826-0.2721281796491478j),(-0.02366046792787884-0.03626514647759269j),(0.8154936855334389-0.30832401231747897j),(-0.1167203557758355-0.1492616719699479j),(-0.06563667069621817-0.08866376524871941j),(0.028148725023922072+0.018097916334165864j),(0.02814872502392187+0.018097916334165264j),(-0.07474415300749639-0.09686305319882109j)
9720720720.72072,(-0.0051403391782117724-0.00031769754762903113j),(-0.005143482355700862-0.004634219304185699j),(0.8538870339371476-0.32292276976015655j),(-0.028253364453854374-0.04218072309824332j),(0.7886292759841055-0.35870923194355575j),(-0.1375966014409874-0.17004443784500092j),(-0.07778150059172037-0.10147836116743629j),(0.0326288789765212+0.017893231091699994j),(0.032628878976522856+0.017893231091698315j),(-0.0880684653031212-0.11074679977580806j)
9729729729.72973,(-0.0054189597467342865-7.291863687444722e-05j),(-0.005788741385844724-0.005076668869732473j),(0.8330018366532965-0.372496952465212j),(-0.03350588112291961-0.04750972795227647j),(0.758496086308363-0.4059690559708402j),(-0.16068086147763902-0.18770914241009728j),(-0.09130462991443468-0.11253276631145423j),(0.037252875172467344+0.016736051752813907j),(0.03725287517246749+0.016736051752813574j),(-0.10288211268612345-0.12268610405091968j)
9738738738.738739,(-0.0056844991815035995+0.00023893538240404855j),(-0.006473741832626424-0.005422848419756036j),(0.8092276252049486-0.4206726830689323j),(-0.03934278104819607-0.05217933886068556j),(0.7255762400356611-0.4499083886424659j),(-0.18546668857462512-0.2020654254953266j),(-0.1059309929787839-0.12169953375824936j),(0.041825692584642075+0.014617852786765546j),(0.04182569258464422+0.014617852786768783j),(-0.11887847664403683-0.13254523059776332j)
9747747747.747747,(-0.005923363050278407+0.0006150413755642292j),(-0.00718305334838084-0.005671526060833154j),(0.7826674635062841-0.467280454532381j),(-0.0456809487683091-0.05612652445325994j),(0.6903472926122554-0.49041920182602206j),(-0.2114484352733989-0.21301194502291687j),(-0.12138163867247323-0.1288977086772552j),(0.046160085447014075+0.011569373646820863j),(0.04616008544701338+0.011569373646821202j),(-0.1357477453692343-0.14024076079892203j)
9756756756.756756,(-0.006123124773339816+0.001050022278870355j),(-0.007902134460566514-0.005824053658099106j),(0.7534343603469054-0.51215999185157j),(-0.05243070107117911-0.059298854160172144j),(0.6532661246353724-0.5274722030471322j),(-0.2381372822263726-0.220528403620056j),(-0.13738185718820894-0.13408957523201495j),(0.05008411785576582+0.007656105597779941j),(0.05008411785576725+0.007656105597782105j),(-0.15318612610934357-0.1457376825482125j)
9765765765.765766,(-0.006272950266005772+0.0015363734680850505j),(-0.008617741799503226-0.0058839515947786344j),(0.7216501949089658-0.5551607905607978j),(-0.059497168946772774-0.06165512499346696j),(0.6147563526344892-0.5611059355959904j),(-0.26507374657278354-0.22466504659780975j),(-0.15366771596027537-0.13727613420086016j),(0.05344692113723963+0.002972572517597353j),(0.05344692113723755+0.0029725725175945433j),(-0.17090319955928068-0.14904403739041666j)
9774774774.774775,(-0.0063638862060168555+0.002064934260324669j),(-0.009318201654835823-0.005856451357261504j),(0.6874446311578162-0.5961425009972752j),(-0.06678172382540187-0.0631658025415224j),(0.5751993995346238-0.5914144986269441j),(-0.2918365320178429-0.22553082551453033j),(-0.16999092626678663-0.13849186267076474j),(0.05612261581159678-0.0023640011851656026j),(0.05612261581159403-0.002364001185164208j),(-0.18862732957645756-0.1502047653852884j)
9783783783.783783,(-0.006389020132935186+0.0026253663562462726j),(-0.009993552297496308-0.005748034570752035j),(0.6509540453892383-0.6349751642210495j),(-0.07418342242022058-0.06381327760705977j),(0.5349290295886071-0.6185349215622502j),(-0.3180479205398376-0.22328126843112994j),(-0.18612211918253282-0.13779923844834333j),(0.058012507900315265-0.008220121329399418j),(0.058012507900315584-0.00822012132939956j),(-0.20610922377752564-0.14929530758984624j)
9792792792.792793,(-0.006343529073302823+0.003206609415416284j),(-0.010635574053106708-0.005565998754359508j),(0.6123204890806763-0.6715393092467794j),(-0.08160044620517047-0.06359194343600374j),(0.4942289219360837-0.6426350053333115j),(-0.3433761374982092-0.21810687669760476j),(-0.20185271779858302-0.1352834113124445j),(0.059045783572296125-0.014452151956733869j),(0.05904578357229663-0.014452151956734466j),(-0.22312386590479658-0.1464154088211643j)
9801801801.801802,(-0.0062246379543337005+0.0037972931114277353j),(-0.01123772875704633-0.005318070938291938j),(0.5716907065521688-0.7057259244514814j),(-0.0889315136948997-0.06250810146179182j),(0.4533327312735832-0.6639021999814552j),(-0.36753524908193463-0.2102226255933793j),(-0.21699565263137072-0.1310472925892931j),(0.05917898763929267-0.02091186223501264j),(0.059178987639292205-0.020911862235012194j),(-0.23947111014546402-0.14168343446587792j)
9810810810.81081,(-0.0060315103317097885+0.004386093626017329j),(-0.011795031575679876-0.0050120816977220276j),(0.5292152239142908-0.7374363186322745j),(-0.09607724612733382-0.06057970590008923j),(0.41242604699431573-0.6825338591149528j),(-0.3902831899823456-0.19985891755993113j),(-0.2313851864791599-0.12520723003228793j),(0.05839458845998798-0.02745122975866061j),(0.05839458845998745-0.027451229758661405j),(-0.2549752496305192-0.13523139342773277j)
9819819819.81982,(-0.005765092782891557+0.004962029806175605j),(-0.01230387711338543-0.004655704912406015j),(0.4850475224782252-0.7665818891766154j),(-0.10294146976328233-0.057835959364423505j),(0.37164969031215167-0.6987290183564232j),(-0.41141849322243934-0.18725414373663424j),(-0.24487610437947532-0.1178893466381227j),(0.05669891608303677-0.03392643541009595j),(0.056698916083036746-0.0339264354100956j),(-0.2694838586062461-0.1272007564629356j)
9828828828.828829,(-0.005427931600378438+0.005514699768672027j),(-0.012761839137742856-0.00425626301001919j),(0.43934330634158525-0.7930838161664809j),(-0.10943244069572218-0.05431677294536411j),(0.33110385837640477-0.7126816967595603j),(-0.4307762272354235-0.17264886151077907j),(-0.25734249482783006-0.10922655421805214j),(0.05411972398259026-0.040201059703459587j),(0.054119723982589095-0.04020105970345901j),(-0.2828661731033156-0.11773908023809164j)
9837837837.837837,(-0.00502397693248352+0.006034462576155752j),(-0.013167459921374969-0.0038205936075018376j),(0.39225987034804305-0.8168727019778883j),(-0.1154639806967124-0.05007210493585822j),(0.29085271449759853-0.7245756176923348j),(-0.448223558340842-0.15628149318874227j),(-0.2686763095974021-0.0993562054547983j),(0.05070357792522215-0.04614854214277676j),(0.05070357792522197-0.04614854214277589j),(-0.29501122944015234-0.10699739266980224j)
9846846846.846848,(-0.004558385850184171+0.006512571921427346j),(-0.013520041708250843-0.003354971128730195j),(0.3439555711517679-0.8378881760839556j),(-0.12095651512532578-0.04516119264344938j),(0.25092911865161416-0.7345801836728449j),(-0.463655265474218-0.13838538835282715j),(-0.2787858485915211-0.08841831936940785j),(0.0465132262500778-0.051653996205555656j),(0.046513226250076506-0.05165399620555616j),(-0.3058259320080225-0.09512826162686838j)
9855855855.855856,(-0.0040373323584924625+0.006941269837279607j),(-0.013819449558051283-0.002865075845434318j),(0.2945894007861311-0.8560784843655816j),(-0.1258380061940377-0.03965169157360199j),(0.21133928197822482-0.7428475101841904j),(-0.47698944888087225-0.11918706189671335j),(-0.28759427797940357-0.0765543008897234j),(0.04162505940395255-0.0566154870906952j),(0.04162505940395334-0.056615487090695374j),(-0.31523317709550663-0.08228445258059186j)
9864864864.864864,(-0.003467829341085152+0.00731384861547546j),(-0.014065932027181746-0.0023560025352318444j),(0.2443206590174687-0.871400081331855j),(-0.13004477688025762-0.03361873577771898j),(0.17206720716952706-0.7495103181097839j),(-0.4881636014069564-0.09890541243167109j),(-0.29503825711642523-0.06390607156946337j),(0.0361267259239703-0.06094488161103568j),(0.03612672592397143-0.06094488161103498j),(-0.3231701211707886-0.06861807663992756j)
9873873873.873875,(-0.0028575649187966845+0.007624688658614431j),(-0.01425996390111639-0.0018323012759875901j),(0.19330871791827955-0.8838172423141145j),(-0.13352222243183506-0.027143932423780312j),(0.13307884105154721-0.7546804954186234j),(-0.49713115243650774-0.077751733741024j),(-0.3010667235330551-0.05061553180641446j),(0.03011493843336639-0.06456837344774545j),(0.030114938433366364-0.06456837344774707j),(-0.32958665133528803-0.054280134358388736j)
9882882882.882883,(-0.0022147537221214597+0.00786927913797697j),(-0.014402113502988909-0.0012980435492068471j),(0.14171286956682422-0.8933017109871259j),(-0.13622540772968328-0.020314302759726052j),(0.09432591623185915-0.7584481598228473j),(-0.5038585504763394-0.05593034860849741j),(-0.3056398656000218-0.03682428213490519j),(0.023693476667481304-0.06742677558213951j),(0.023693476667483625-0.0674267755821378j),(-0.3344440926060009-0.039420369233318486j)
9891891891.891891,(-0.0015480020760919727+0.008044227264835835j),(-0.014492935915649416-0.0007569076146893986j),(0.08969224560249321-0.8998323955548304j),(-0.1381195497381908-0.013221180691136748j),(0.05574949671285771-0.7608810806761714j),(-0.5083229194905681-0.033639714568130204j),(-0.30872829869872975-0.02267354001494392j),(0.01697137444481806-0.06947565743932957j),(0.016971374444817368-0.06947565743932911j),(-0.337714170530029-0.024187355244323208j)
9900900900.900902,(-0.0008661850043555457+0.00814726082112327j),(-0.014532892689928065-0.00021227790410040422j),(0.0374057955583975-0.9033951246775016j),(-0.13918038491550716-0.005959079270835959j),(0.017283269766927845-0.7620243472390855j),(-0.5105103042163734-0.011073871254686243j),(-0.31031245187601253-0.008304197358660762j),(0.010061262895734616-0.07068538871920808j),(0.01006126289573494-0.07068538871920668j),(-0.339378237255868-0.008728753166862056j)
9909909909.90991,(-0.00017833220344394985+0.008177227410011867j),(-0.014522298180667276+0.00033264613291777686j),(-0.014987690534952015-0.9039824717698228j),(-0.13939442180962303+0.001375465425275064j),(-0.02114335485033382-0.7619001997304498j),(-0.5104145084773317+0.01157588341042792j),(-0.31038216696281007+0.006143028284933664j),(0.003077832157690783-0.07104113601968627j),(0.0030778321576910087-0.07104113601968694j),(-0.3394267633241448+0.006808320550769393j)
9918918918.918919,(0.0005064803498920772+0.008134092713442065j),(-0.014461292464245906+0.0008747357707981204j),(-0.06732953082543075-0.9015936537178246j),(-0.13875907918546992+0.008685064221958284j),(-0.059602265326150594-0.760507968413562j),(-0.5080365255840128+0.03411918756478503j),(-0.3089365099204961+0.020527390122573617j),(-0.003863632749640186-0.07054284265213168j),(-0.0038636327496399834-0.07054284265213104j),(-0.33785909484898635+0.022276861664169274j)
9927927927.927927,(0.0011792367634476525+0.008018938891605765j),(-0.0143498407611823+0.001410817051080657j),(-0.11946108780351025-0.8962345073923907j),(-0.13728270997736775+0.01587265020235045j),(-0.098163708354709-0.7578240941150124j),(-0.50338455903072+0.056364771338718915j),(-0.3059837937428614+0.03470789371945404j),(-0.0106486897244006-0.06920520663868876j),(-0.010648689724400594-0.06920520663868891j),(-0.3346834752652265+0.03752952782161506j)
9936936936.936937,(0.0018310892540033263+0.007833963122949483j),(-0.014187759333715619+0.0019375567270306336j),(-0.17122370844212992-0.8879175446209661j),(-0.1349845112124024+0.022842651340706507j),(-0.13689330848923328-0.7538022312649415j),(-0.49647463275397063+0.07811866268255976j),(-0.30154181264947094+0.04854310028460286j),(-0.017165199976447373-0.06705765667801261j),(-0.017165199976449066-0.06705765667801097j),(-0.32991733131690204+0.052418213738663455j)
9945945945.945946,(0.0024534714242572947+0.007582475147275669j),(-0.013974767872826574+0.0024513538197781584j),(-0.22245868469297175-0.8766620835563488j),(-0.1318943198802724+0.029502152201506752j),(-0.17584896743203055-0.7483734621988343j),(-0.4873317911871408+0.09918253432318644j),(-0.29563828766088+0.06189098944256806j),(-0.023304858630471378-0.06414431067875674j),(-0.0233048586304698-0.06414431067875753j),(-0.3235878234065333+0.06679369708212506j)
9954954954.954954,(0.0030382201027176203+0.0072688915267498655j),(-0.013710568353897806+0.00294824081998267j),(-0.27300725023515293-0.8624944516903847j),(-0.12805229461112905+0.03576203619550128j),(-0.21507757156778354-0.7414466794832382j),(-0.4759918882035884+0.11935229152029736j),(-0.28831152305346075+0.07460892303791652j),(-0.028964839333684645-0.06052388610357317j),(-0.028964839333684593-0.060523886103572816j),(-0.3157326597612567+0.08050540467788223j)
9963963963.963964,(0.00357770855586087+0.006898723172559296j),(-0.013394950144229797+0.0034237990871900242j),(-0.32271062850530413-0.8454482531414766j),(-0.12350848303963492+0.041538099352950456j),(-0.25461144871349173-0.7329092216102018j),(-0.462503958688792+0.13841701370018325j),(-0.2796112707199837+0.08655375743937709j),(-0.03404958989590586-0.05626951576563737j),(-0.034049589895906354-0.05626951576563721j),(-0.30640117100844344+0.09340135561375627j)
9972972972.972973,(0.004064993109584081+0.006478551511839181j),(-0.013027920703615137+0.0038730936735569647j),(-0.3714101457907202-0.8255646903412864j),(-0.11832227494935527+0.04675212585397602j),(-0.29446453460953237-0.7226278762846634j),(-0.4469331546987391+0.1561583804282754j),(-0.26959979412043156+0.0975821594675689j),(-0.038472805590592844-0.05146840702831188j),(-0.03847280559059507-0.0514684070283114j),(-0.29565563552766266+0.1053283468146826j)
9981981981.981981,(0.004493974110310189+0.006015987526034328j),(-0.012609860442646892+0.004290633565373767j),(-0.4189474215441399-0.8028929279049553j),(-0.11256174176513459+0.05133291470051618j),(-0.33462823787706075-0.7104503937379802j),(-0.42936420762054117+0.1723507318829969j),(-0.258353114250191+0.10755118972638247j),(-0.04215959183353995-0.04622126708348718j),(-0.0421595918335385-0.046221267083486686j),(-0.2835728351354849+0.11613245685713044j)
9990990990.990992,(0.004859570640281419+0.005519606853450487j),(-0.012141699104493198+0.0046703640978069325j),(-0.46516464608459684-0.777490484344683j),(-0.10630286373855172+0.05521724599220124j),(-0.3750670309779548-0.6962076780860238j),(-0.4099053461473771+0.1867619334455073j),(-0.24596240583847107+0.11631922562104738j),(-0.04504880755332067-0.040641403129329796j),(-0.04504880755332082-0.0406414031293285j),(-0.27024580404745785+0.125659953816661j)
10000000000.0,(0.005157906411144941+0.004998853336188935j),(-0.011625109338900083+0.00500569891348996j),(-0.5099049535012965-0.7494236354360417j),(-0.09962864728247538+0.058350774359424394j),(-0.41571384595076805-0.679716844492781j),(-0.38869255520832824+0.19915522947958375j),(-0.23253549190650155+0.1237473030060141j),(-0.04709555377526411-0.034853395471631125j),(-0.0470955537752646-0.03485339547162969j),(-0.25578571058430194+0.13375870083299382j)
