0.00820742270465096,0.0111780337961711,0.0152746952355556,0.0211030235302655,0.0297537766289955,0.0433454427837819,0.0664275259321715,0.110005080419511,0.204716388632457,0.439055876631579,0.835895071462417,0.528639848446065,0.198143381485705,0.0856245483462652,0.0413243580709211,0.020579876773739,0.00974606409113343,0.00386062908171677,0.000897060018172181,3.16955296127586e-05,0.00104994857767233,0.00414777910474402,0.00990511315577305,0.0193791120568375,0.0342838074897263,0.0572879783106835,0.0924420124357925,0.145548169061312,0.223429572545462,0.332499257033045,0.473506906224484,0.624394867182078,0.718854791447099,0.463563228641727,0.837379697334112,0.583639707787018,0.52885727462647,0.874519826255653,0.890946781736251,0.896242371306696,0.901928651631254,0.901691885581432,0.876187415620921,0.800275995627333,0.664671372206041,0.495874880737274,0.338484044961616,0.218831869584035,0.137998586385893,0.0863690879297473,0.0540989872341773,0.0339283676288541,0.0213008275073345,0.0133519073210424,0.0082736989049042,0.00515936498149268,0.0032250868722256,0.00206404619393517,0.00142845131570102,0.00118319427657663,0.00135526130296233
0.0221298865058936,0.0313681755590025,0.0450591462122149,0.0663368127903756,0.101525056821554,0.164473103431946,0.287079590419925,0.531751331163043,0.860667965084361,0.756431453647084,0.401683149519663,0.206546340180133,0.114678594874434,0.0675352793699929,0.0408764245836195,0.024591207173887,0.0141100882280638,0.00721941581350148,0.00283397451274187,0.000494214229027011,0.000169428238018811,0.0022179579334905,0.00745696834278297,0.0173624142106609,0.034410182421401,0.062619763641515,0.10860743602948,0.181222568347372,0.281352598282375,0.208081027573385,0.761546683877114,0.183545550113032,0.0743818925915589,0.395772249536361,0.665518489317411,0.821164146249743,0.89346592403706,0.917798317786318,0.922502386183519,0.922450371959861,0.923097396633485,0.923560329398396,0.917227142947736,0.892096514475943,0.833967764102528,0.734360233991278,0.601771590945758,0.459946589394788,0.332819344260645,0.232621219108138,0.159636322799631,0.108577067297501,0.0735715679863999,0.0496979524658193,0.0334158065131159,0.0222635277002494,0.0145949310281083,0.00941932316648429,0.00583544270905466,0.0034202190711188,0.00184553874897608
0.00610205537423598,0.00835855062994304,0.0114963614066705,0.0160052469241871,0.02277909102879,0.0335934477484145,0.0523547305600159,0.0889354447681076,0.172797475232517,0.401744117289942,0.832357319895278,0.451935792852407,0.159933123206648,0.0695280849967022,0.0342221603991529,0.0174608846392982,0.00848128232006663,0.00342524516839663,0.000776436059694024,4.56586295505746e-05,0.00140523927685074,0.00575114299395012,0.0152032197769076,0.0344064085667559,0.0737913833563302,0.156927077964399,0.326981205069551,0.569686063900138,0.495256852074091,0.0302436159827764,0.0862573882389263,0.06012664706697,0.0298391712726049,0.00796382029633547,0.00107665103637875,0.0259535021570405,0.119960531715509,0.330362476271189,0.615698343222878,0.810504569926881,0.874191499009997,0.884295926614459,0.887829545156599,0.889601841072489,0.867858230083371,0.788692795268225,0.640193198764473,0.461173303866326,0.305388860001292,0.194819089185441,0.123400995852519,0.0787597836231977,0.0508811747734898,0.0332550647011456,0.0219524499438501,0.0145299562032551,0.00961066607604506,0.0063152888887538,0.00413347051853084,0.0026400736507683,0.0016502777735184
0.00294062124415759,0.00396784701964061,0.00535876877260358,0.00729521306982424,0.0100957692395944,0.0143612912871266,0.0213363433618637,0.0339557662537898,0.0604496182833194,0.130382878523803,0.380465876121108,0.766028705882019,0.20023258019633,0.0647712899224204,0.027775027915956,0.0133361451302677,0.00647926900163149,0.00286788800169233,0.000943710385330924,0.000100725817317601,0.000163103455599149,0.00124571975898378,0.00380376508571083,0.00889068842040278,0.0189065685520931,0.0397016982748284,0.0872224222318363,0.207177377554626,0.477805085427291,0.650393784781873,0.20467222313335,0.00230593787997539,0.00807073543499988,0.00552515338688857,0.00225087198029734,0.000297920720591523,0.000522486592318408,0.00323181926586893,0.0105211645109506,0.0250528068553462,0.0513092650373826,0.0971331105220803,0.17490042240146,0.299194329424656,0.474202498042179,0.668417982518932,0.816836459272217,0.883899270132222,0.892883726827281,0.882259065065916,0.875059377140129,0.878596272005605,0.890518701736679,0.899992236965655,0.887831172468569,0.831951353532044,0.723431073502857,0.580217362918686,0.435618420487065,0.314203005842183,0.222585253994403
0.00678315770600072,0.0092661921596355,0.0127181716004693,0.0176899422586311,0.0252064673132433,0.0373465969709079,0.0588270037507648,0.102042038910181,0.205732935052097,0.495234348553287,0.829644627823908,0.339862622285064,0.125431406515589,0.0572467352003979,0.0294011505469648,0.0158271171328753,0.00842520927249293,0.00414033386085284,0.00165191843995314,0.00036199540938436,2.3359317519645e-05,0.00060025468978845,0.0022265313217735,0.00521372294920135,0.0101018181844185,0.0177040936093459,0.0290318895117425,0.0443854183160299,0.058489337166815,0.0427745271824741,0.0245749272939512,0.355019483522154,0.361474152201159,0.25184123335253,0.161697329810433,0.118311440119943,0.0765592479606971,0.0504127577779177,0.0323889101545443,0.0194290364030659,0.0102442096858634,0.00391221776988868,0.00057040335424768,0.00091039485778803,0.00685536281868435,0.0169676650582927,0.0436406153600954,0.0913434831504305,0.173292053705521,0.304331616117267,0.486842898993227,0.668377461646556,0.816012579084835,0.881876633211102,0.867578759015475,0.825437385826342,0.7816806774408,0.746674643883429,0.723262680959688,0.711261374405556,0.709786394984123
0.00436808332898579,0.00593164340771634,0.00807363543114274,0.0110978695483638,0.0155471056814631,0.0224678380097247,0.0340944154859247,0.0558569480765119,0.103538505092475,0.233850822340428,0.636071624753563,0.627595385852177,0.188149841570786,0.0729639160181723,0.0344624901511507,0.0177516490427981,0.00923818874379791,0.00448987803505513,0.00177407184416578,0.000371732238786352,3.80150901840322e-05,0.000842424585423723,0.00319191587083088,0.00803821278614901,0.0174662959727809,0.0362758694843497,0.0765961730955679,0.171618424259481,0.398273050766777,0.688893578472425,0.39775874151293,0.00346074774391734,0.0101041837714089,0.00413081127502941,0.00162670812678167,0.00035483453515272,0.00666302207754481,0.0217302408991463,0.0517675919287673,0.106176625072148,0.198499878418952,0.341368893336849,0.528907982884476,0.716295219835137,0.84368993860153,0.895542224975887,0.901432480434976,0.893852827969406,0.889047345672452,0.895036291414612,0.904636810402511,0.906144144785026,0.88073473601257,0.810224188705608,0.691993786977792,0.547879766162591,0.409011854570573,0.294627643291485,0.208762480634186,0.147192946113182,0.103186278520441
0.0515395024919835,0.0741756207229792,0.108532975898908,0.16309157405911,0.254000958561781,0.409775477212875,0.657218790241901,0.899354593487527,0.832156900152846,0.542406991662718,0.319431343006911,0.191142557079947,0.118143383989303,0.0745256638109427,0.0470217209425101,0.0289250393364761,0.0167118861043728,0.00848321022367478,0.00323473574747142,0.000510707240374909,0.000245108449806568,0.00270236636201873,0.00847044794859,0.0184837081505137,0.0339527149594351,0.0559252521510369,0.0824115253071761,0.084480947531418,0.365625882387539,0.437331061392867,0.59124536126218,0.406031520472179,0.625027246372244,0.76054046174485,0.851376937010349,0.902542962034148,0.923794989443443,0.927033173921055,0.922562545917067,0.916998875083404,0.914306960430719,0.914625619547763,0.913146049793571,0.896693349438877,0.841721765547128,0.722518916976754,0.542259653570125,0.350142220746651,0.199630688711382,0.104703368353437,0.0527157458524015,0.0255113431242255,0.0131042739770304,0.00790674363353133,0.00757408809969111,0.014457580713854,0.0509495589795364,0.274294211570546,0.631587858460339,0.306783720036977,0.207556185958413
0.0262774701001377,0.0384821958648904,0.0575768812201557,0.0892225649268944,0.145622359942035,0.254517027740428,0.472661316803108,0.809947300018039,0.848433005897632,0.515160441812888,0.28435280103759,0.168729118624144,0.107985661003338,0.073064389028029,0.051283850872594,0.0367651926533832,0.0265558192470268,0.0190925322648647,0.0135865689105492,0.00992342161521026,0.0101576861207726,0.0588042846366246,0.452179146959434,0.0650032820072404,0.0159035773502557,0.00398778216645046,0.000332669400490078,0.000923027400325545,0.00605578993648981,0.0178764823942216,0.0406299777371486,0.0813862152431133,0.15085983090685,0.261680994907305,0.419190330027561,0.603124319073201,0.763707005326305,0.860875292877177,0.89897891583701,0.90665474818427,0.906435823555255,0.907034660474221,0.902926757011878,0.875602861884372,0.79848264528215,0.660306403960046,0.488367047800362,0.32964693992032,0.210839345795123,0.131910816891867,0.0820208197012497,0.0510390713533777,0.0317603755062935,0.0196934182280401,0.0120827357754128,0.00727876991886917,0.00425784248918818,0.00238804682567467,0.00126865225726384,0.000634727205102001,0.000313114894087601
0.0413715688887183,0.0608409033543843,0.0914732127523847,0.142388071844415,0.232316514017658,0.397624537549402,0.674729375993862,0.912385823478446,0.756749731945812,0.460629039138998,0.272733220740529,0.170306754075939,0.112196960414941,0.0769102704839349,0.0540647727679561,0.0384596879210662,0.027328016869234,0.0191295989910735,0.0129996459494512,0.00851037298361139,0.00565054724796786,0.00576755500473308,0.0370956380398223,0.553105980851875,0.268967388967963,0.0246430149726493,0.00196969351055454,0.00108630854368896,0.00846252696655062,0.0233243538852611,0.0491000564301716,0.0898396260813685,0.151625484798419,0.240925890101719,0.361148363620629,0.506396418646029,0.656617590018002,0.783311226628862,0.867056328785822,0.907995825022316,0.920324395084917,0.919427315724372,0.916411270734279,0.916177772641385,0.918261258709705,0.916301716020986,0.897334375072681,0.842941313628143,0.739703621799417,0.593175169704859,0.438487824100622,0.30091492264345,0.196781080179439,0.124742739674848,0.0773108022993301,0.0467875591813605,0.0274317110440783,0.0153239611115225,0.00789505537250483,0.00353745977721142,0.00120534319576586
0.00449124759389857,0.00606535473563724,0.00820048432869074,0.0111795957585702,0.0155004109926978,0.0221046087941439,0.0329570706153471,0.0526901102208315,0.0942554622167801,0.202255427682043,0.53856476539152,0.719290249965396,0.214966303958461,0.0767098810486651,0.0337573123067561,0.0161070271801925,0.00756123998660492,0.00309898911092169,0.000838032687330698,3.43790626929828e-05,0.000458857407116812,0.00220337249855994,0.00565817435541183,0.0116068237456548,0.0214791518758142,0.0378448590553875,0.0654422386791144,0.113081295230443,0.196290777068293,0.333682517617082,0.4917484992264,0.33572621664995,0.153741938719863,0.201468558372563,0.117438749506679,0.0501482429838772,0.0140770834631353,0.00173173942183967,0.0387068823932878,0.161784341304261,0.396254172155379,0.666111871400076,0.833842079793604,0.886942194007016,0.891037608490019,0.888677042465995,0.893171690648204,0.901134501636856,0.897552021946543,0.859890992532646,0.770404415849632,0.631559822195102,0.476753529319925,0.339649591284149,0.234985422639052,0.161003255256845,0.110517538789448,0.0763060619874393,0.0530019312394817,0.0370138208434758,0.0258958921258337
0.0275555442183564,0.0388505836287002,0.0554612564001199,0.0810393244315575,0.122837762324925,0.196226968977979,0.334250866507018,0.589425044359032,0.877855110064659,0.746641263664825,0.412429241930844,0.218546278779001,0.123133341848111,0.0730792264837667,0.0445337165884652,0.0270884702837957,0.0159034201683766,0.00856706777230856,0.00383343161100851,0.00107636340025581,4.36311678828325e-05,0.000746356718709746,0.00340739629819008,0.00841732631326584,0.0161540025172337,0.0262423207612898,0.0343158669410326,0.0205822613251979,0.164445619047114,0.749701275236803,0.81699728112826,0.633184515767382,0.278541904357769,0.0662933103026502,0.00279524095644423,0.0359554845667257,0.135851349442759,0.294734162860452,0.486016871216964,0.670265880310814,0.808078658590331,0.884450026636179,0.910421588865253,0.906730294709309,0.891006801869043,0.874555424366565,0.863219608735254,0.860001881471454,0.865487850383015,0.878577092305688,0.895133613818528,0.907259847449819,0.90077167092384,0.854965597860354,0.757237308234358,0.609961857690332,0.444911080798648,0.300675783834274,0.190261351236662,0.115416011405058,0.0689929067338456
0.00872769874617333,0.0119053628884984,0.0163008042814998,0.0225836360518778,0.0319759749728205,0.0468881657821403,0.0725906027490511,0.122094310324136,0.232177761857605,0.503647916826715,0.856373627543012,0.468882699827308,0.183365967675944,0.0835366347391402,0.0424604278247701,0.0225330652130428,0.0117480305542273,0.00556491399312617,0.00205116006365547,0.000342523779421015,0.000103442789258253,0.00132238267878249,0.00424983251012615,0.00942342833511029,0.0177608464749855,0.0307594525321037,0.0507856108302813,0.0815616011536233,0.128548025883357,0.197511897897816,0.278578593713611,0.196749976085711,0.659150224127579,0.552237681507538,0.190148210522995,0.0282015781985602,0.0384674713740496,0.243976888088804,0.516529179908095,0.751182342327963,0.867961901708157,0.904680791179405,0.906456346653923,0.900291757137129,0.89763751680879,0.90173683904315,0.909753331192558,0.913694460090258,0.899433307811986,0.849863811841317,0.754897218783512,0.624667002959366,0.48196925549056,0.352707728786217,0.24965888062269,0.173701421293484,0.119781510451565,0.0820233454414431,0.0550586416165239,0.041185934610824,0.0275370113849284
0.00156795755886361,0.00204380358930284,0.00264800185476092,0.00342769637690299,0.00445778200065925,0.00586345085148107,0.00786813804479587,0.0109052669180762,0.0159134671157489,0.0252755699490441,0.0465824822473901,0.114552874568714,0.454825709106533,0.277836101598173,0.0454542091742231,0.0135119625986736,0.00461404145531276,0.00140550238922253,0.000237191954008103,1.86196101787635e-05,0.000365278837983947,0.00114537107848194,0.00234102040768567,0.00400176381686705,0.00623181995726212,0.00919372016241015,0.013122464181131,0.018358760856686,0.0253894612915634,0.0349229364633528,0.0480147639204482,0.0662335877599795,0.0919495952333049,0.128632539231308,0.181014325180927,0.253879988034555,0.345592310829639,0.425032363251732,0.357768835161727,0.011919219335059,0.266422968713943,0.295154972064083,0.247819841889052,0.194047901122685,0.148221122265238,0.113848477133261,0.0833393648055029,0.0578998513867295,0.0360956181198993,0.0177740693511255,0.00435752607469219,0.00205769777977488,0.0270779166905958,0.117878186047241,0.333617133935224,0.64484706057689,0.830247493008662,0.835226460990657,0.780697143616615,0.731019312003534,0.699438530924513
0.00741456263599099,0.0100960787964558,0.0138011231393608,0.0190976717856015,0.0270287355525109,0.039683140871946,0.0617052905228109,0.104979126946449,0.205209297477942,0.474092603420511,0.845365221985201,0.398665337073497,0.145802835677492,0.0650897964080416,0.0327533889441593,0.0172695633699135,0.00896861542494387,0.00425441357873489,0.00159066824672203,0.000286751647380408,5.62280674542803e-05,0.000851138768717912,0.00281260904048448,0.00628323104082227,0.0118789438385306,0.0206479483531869,0.0343180260612836,0.0556444132726584,0.0881107633140931,0.129164463159003,0.117429921911553,0.126362197097172,0.425513953093697,0.252955714539741,0.120023030972492,0.0507422856802458,0.0161502116540076,0.00183012832056084,0.00335417835514405,0.0160132684933099,0.0503839418487792,0.0961182106262642,0.194670573009512,0.331281072709231,0.50292917470854,0.679890732833286,0.817164203999215,0.889204841491118,0.905713315550674,0.892017645002541,0.867400371995103,0.849498334474993,0.838685706210216,0.836920288845445,0.844817153423515,0.860862692022294,0.881895337790264,0.902398121014754,0.91371038208665,0.904211593230112,0.862327634159263
0.0185911296450089,0.0269032420623083,0.0396733732552235,0.0604176435356882,0.0966880037010864,0.166274132921987,0.313168769613098,0.616401635906554,0.889575713590371,0.60028959732071,0.306534934667436,0.16930410872723,0.103528216973337,0.0682744649570031,0.0474627838829012,0.0342482530841793,0.0254204561115,0.0193922089809213,0.0154656336804049,0.0137821668409376,0.0169377569801757,0.0471901545658313,0.378263185226941,0.651460850043882,0.203408993600165,0.0574130284351883,0.0238182588404919,0.0117110789716905,0.00515949619218431,0.0017405951651019,0.000209727059927362,0.000314508367777248,0.00227712084119955,0.00671041553647196,0.0147100707350451,0.0280649137232056,0.0496185517536938,0.0837975784956396,0.137164760347607,0.218275739870691,0.335310239522573,0.487691237635891,0.654355243842054,0.794154092375253,0.875568176190793,0.901141508520592,0.895640370380784,0.882146385041408,0.873947900422266,0.875043340428872,0.887370846107235,0.901357531045056,0.903737319586611,0.873402465515585,0.790231887667367,0.655049505840454,0.496627761854225,0.35077477821602,0.237138153013468,0.155954974242945,0.100955907600133
0.0388587197944186,0.0564037697154333,0.0834050114082626,0.127154791693392,0.202417598917416,0.338923797909741,0.580519037749545,0.871300962575567,0.843609371441275,0.535067719319691,0.306623379579921,0.182292010745363,0.11381843277305,0.073464903127955,0.0480066472611596,0.0310208126177965,0.0192139273957222,0.0108426562788941,0.00501476865493285,0.00138532041984846,5.45680539749722e-05,0.00158945591518084,0.00711246963998079,0.0180793886409148,0.0325591330794317,0.0112705893736931,0.534506972558186,0.56497867088871,0.00955987874367087,0.15370430377994,0.358844437897244,0.571048869868541,0.744932895608602,0.852789810169983,0.902315421513493,0.917765811319183,0.919891104281073,0.919398800605088,0.917825515981254,0.907663348203985,0.871981292094632,0.789389172883172,0.651045973142646,0.481129702816996,0.322612410103239,0.202381704938705,0.122294483908807,0.0724545514236797,0.0423350948386697,0.0243802274453994,0.0137645798327674,0.007566347400916,0.00408509430813567,0.00210449657896651,0.00108385790242921,0.000622384938002847,0.00051003869218483,0.000795045706911114,0.00214944936186685,0.00799059929757036,0.0374018138991467
0.0106322996038277,0.0146409087643507,0.020285198141919,0.0285326424678454,0.0412087668827025,0.0620607890425695,0.0996742268728818,0.176310711544406,0.354307917467773,0.731820341536416,0.750770526078303,0.321402331420004,0.138783711643969,0.0684960482350697,0.036462171913251,0.0197938540118808,0.0103422976440094,0.00478325243388051,0.00162041722760607,0.000184483925954749,0.000238549968588199,0.001831684327425,0.00525391413987842,0.0110553400655594,0.020106972991818,0.0337254101544702,0.0538199840843901,0.0821826685253927,0.124213100636027,0.18274636443849,0.262366191865859,0.365468694062915,0.489103086050056,0.620790286424904,0.719923278530179,0.842075463347672,0.845979872420945,0.872282312101051,0.92011928072456,0.923078139068826,0.919699991005165,0.917901235290733,0.917935767509375,0.922468694461372,0.922321257667796,0.908336812227806,0.86865629316834,0.794256063074957,0.686375260056715,0.559446681916262,0.433600911606256,0.32450891922523,0.237989121923752,0.17283709635648,0.125256892860713,0.0908734960364838,0.0661035066714304,0.048168567989497,0.035077630753782,0.0256269472149623,0.0185695604836173
0.00269714739986248,0.00356021566741572,0.00468494419377851,0.00618343735520966,0.00824289889578541,0.0111965131594076,0.0156864180387831,0.0230924066713912,0.0368353350557931,0.0673837063821297,0.157894948226651,0.529445316873491,0.432212365589039,0.0868508568270764,0.0281588107055993,0.0110061945779595,0.00434635842804976,0.00145235605001978,0.000263228740982241,2.05454626968908e-05,0.000427822339934795,0.00139018516069931,0.00292323147718686,0.00512288739961122,0.00816202832004815,0.0123103386359816,0.0179631475391121,0.0256998840123851,0.0363833272023354,0.0512875653365748,0.0723178115837602,0.102198771848387,0.144417972174622,0.201421973154115,0.265517391023428,0.281440551007595,0.0746881842962181,0.197264264167193,0.336839527685565,0.283329720649339,0.210435013565031,0.150158416713532,0.104642955115056,0.0703690358719835,0.0438770348919481,0.0263588770712898,0.0108425748063053,0.00190717271126454,0.0020263376307885,0.0180691765625423,0.0643862605794671,0.165408642187656,0.33913795529077,0.59332488451503,0.798914795437196,0.867276057669415,0.842241731144499,0.787823585610982,0.737423518139908,0.700078149255449,0.676556267345395
0.00534371734618111,0.00734498634256385,0.0101483106830045,0.0142146305243159,0.0203995097743481,0.030431742115708,0.0482285756491194,0.0840286300833749,0.170120273638051,0.42104458743508,0.848841521696835,0.384960589035517,0.138986634605318,0.0637054579252843,0.0334855625116156,0.0187007329770097,0.0104555833331044,0.00546681001031691,0.00235432783623643,0.000561552476876371,4.74206629489011e-05,0.00137398194765374,0.00642114989900365,0.0211112987127754,0.0667300416565345,0.221550810464402,0.438365111175929,0.0165783521079917,0.0083934157649858,0.00853007243832603,0.00500427523452091,0.00221756766351311,0.000507099357378177,6.24691521651274e-05,0.00119179194425758,0.00459337210051034,0.0091077786847111,0.0203090601598579,0.038400001622314,0.0661238041368213,0.114429401093878,0.190423816355308,0.305586939767032,0.463356107335228,0.642232613858404,0.792548256389664,0.87543931270659,0.897417429392474,0.889961328310638,0.87859166786716,0.875082801238549,0.881934490844844,0.893998020975093,0.898756023524764,0.876478594765572,0.80746739982826,0.688478018257391,0.541929973280141,0.400312824888707,0.283916433482922,0.19629941854957
0.0077372299442876,0.0104824667919421,0.0142371340979975,0.0195356415899388,0.0273376699917431,0.0395107987337186,0.0600510846671662,0.0986676921921601,0.182650380087328,0.394803722922324,0.804887148015621,0.550354756184688,0.200648196415383,0.0860756371137607,0.042304239468179,0.0220976747122435,0.0115266019976477,0.00560253072203795,0.00224505064200291,0.00052159827716117,2.17804000526377e-05,0.000619686320133249,0.00238667769823433,0.00557258026451943,0.0106338642596552,0.0183121962458992,0.0297409658455892,0.0465887855912905,0.0709100168503956,0.103351437108207,0.131226469004223,0.0677244984807597,0.445467758423961,0.644982179411502,0.428451741034066,0.210144035009746,0.110532126272444,0.0371137692598616,0.00557012734111387,0.00352189321464528,0.0325152324472505,0.0970260008214791,0.214841926796747,0.385338126160949,0.584574658904438,0.758828113237984,0.864380229285907,0.90151998363329,0.897730681282662,0.87907845196648,0.860534678535952,0.8492679102748,0.847366272766364,0.855390569904963,0.871178049314262,0.891168558283041,0.908582036552436,0.91327749669941,0.892179980337957,0.833951271841973,0.735826828025717
0.0425826592782579,0.0620908797542616,0.0923605039373335,0.141844423073604,0.227601903018742,0.382586517801397,0.64437139568864,0.901790718678654,0.796541718441692,0.495069457473938,0.289993428788457,0.177419865909016,0.114081479926684,0.0760463689558829,0.0516951602971161,0.0352437858866719,0.0236431069507255,0.0152112093404724,0.00900436921786658,0.00451959793435063,0.00155628716527255,0.000139427311171135,0.000357667403516265,0.00126831460246544,0.00513647594499331,0.621023630636009,0.419184222960772,0.0321248541069379,0.000821581655183147,0.0108680116680621,0.0403454933609645,0.0879294308056013,0.157304918900446,0.255312403901001,0.381427139711816,0.526907204246183,0.671374268116033,0.790350534460368,0.869292002349395,0.909565028305919,0.923328758677007,0.9236835643394,0.920642695143688,0.919329637710774,0.920729943362487,0.921448423542749,0.913066768651368,0.881436544779736,0.811104711153307,0.6957137485517,0.547807100543135,0.399990632725401,0.273089417783385,0.178143495592066,0.112379871013642,0.0687994958705835,0.040690124483086,0.0229023943280135,0.011939007921948,0.00539705015068121,0.00187250401039877
0.047910677168469,0.0702387165678414,0.105175163250642,0.162681035684862,0.262409889721748,0.439226801578046,0.714463217608096,0.916418386269494,0.75200219731239,0.467512500541327,0.280618825833629,0.175444420688151,0.114582738846344,0.077196856286144,0.0528480733091558,0.0361991325996512,0.0243812275716444,0.0157965299324329,0.00955244254628698,0.00518426233136917,0.00249199789206241,0.0015245090130544,0.00614223511990632,0.173938611096614,0.631385991056555,0.748852822262917,0.317304169605017,0.0574484009483622,0.00512301556019651,0.00472088134011278,0.0327583047023029,0.0909494563099291,0.188519689179909,0.3318606958487,0.510977522957152,0.688471357039853,0.817968816696554,0.882133664068643,0.89810108564173,0.892572567051864,0.884315529504042,0.882504545084578,0.887184839694259,0.887247973171847,0.855692080624366,0.752668307193326,0.56723659464465,0.359725095226476,0.200466210228466,0.104665091341678,0.052452308957136,0.0260846458965894,0.0131007326087989,0.00704236292883651,0.00466078514481261,0.00479018902191502,0.00884574248821542,0.0269669286522003,0.122793791461407,0.619542705085495,0.348694425757328
0.0451021006796078,0.0664533564931122,0.100219030535208,0.156720349655858,0.257169816046371,0.441212026064781,0.733920278211817,0.91824301266643,0.695703396384582,0.409214406158668,0.239906968557768,0.148400407280489,0.0962819450129111,0.0644378710577803,0.0437216737411213,0.0295431954767935,0.0194343979455853,0.0120362573795189,0.00659112192095646,0.00274894906575969,0.000494735745884514,0.000227445497731513,0.00296145003641976,0.00910152752985119,0.0059472749312528,0.277927387685567,0.0297167741841199,0.00292618412312369,0.00221959127444619,0.014592196200002,0.0379379234020167,0.074760981132666,0.129631784692614,0.207669685589982,0.312415458009227,0.441914642069144,0.584344299519932,0.718474736732825,0.822837333465898,0.887597926652503,0.91736584082126,0.9247081618754,0.921733466710529,0.917261521977701,0.915727469742635,0.918020628592769,0.921408929908765,0.918948695617618,0.899074817388182,0.847719181407785,0.755572358739664,0.627344862416414,0.484336146365186,0.351341542948506,0.243301934090146,0.163002052368514,0.106504911049894,0.0678904584035512,0.0419600504545987,0.0247905551301024,0.0134415437665912
0.0525569260290059,0.0774624778040054,0.116743160304084,0.181885214235933,0.295232262684423,0.492991442416996,0.776355400949744,0.917836580059811,0.703275718749349,0.432774209294395,0.262765787309675,0.166239076707731,0.109453834283537,0.0740351891922251,0.0506753965065008,0.0345430829729807,0.0230094683704793,0.0146008371385126,0.00849678960108691,0.00427821055667343,0.00175870631824102,0.000867421075105902,0.00513614715804228,0.233170641001961,0.554432892780757,0.748511164570447,0.217538423672358,0.0189496497599531,0.00337586511405781,0.0365227474273448,0.107431226002992,0.222822987284489,0.384920286838099,0.573377236635531,0.741867108508705,0.849973633435973,0.895371641909539,0.902550510575399,0.896629288521293,0.892105529834514,0.893549079104986,0.893690034777413,0.870014847094443,0.783211854141447,0.609821033524078,0.39731486642505,0.224153793451626,0.116492190595983,0.0582939752695332,0.0289654196161815,0.0144271951503599,0.0075506655671691,0.00461554906105935,0.00396316526168053,0.00561115165614171,0.0122983645842303,0.0383625753801945,0.154842208615934,0.619149561814273,0.472771098085434,0.258524938005723
0.0274379596816036,0.0403662879902807,0.0607904433552384,0.095077647979334,0.157183875087093,0.27907591641346,0.522183915924826,0.853514381342646,0.79677073001974,0.463505093208619,0.259208487958008,0.157374082680277,0.103296983445901,0.0719796458120664,0.0524791907101279,0.039691446879584,0.0310895134407496,0.0254800494555019,0.0227300830886549,0.0249876890773266,0.0492301919185972,0.336892681675688,0.400069461226633,0.0295655785433369,0.00633319897920118,0.00170356865858624,0.00015995119244181,0.000249965414912104,0.00174377617608154,0.00494675542422655,0.01051639788674,0.0196318396954604,0.0305720698192071,0.0525493621274456,0.0802829048207533,0.126002104338777,0.191319221595668,0.282773893436736,0.403375343144959,0.54675261092631,0.692027295368555,0.809998149402764,0.881807004643544,0.910251463089245,0.912266626573913,0.904625180032988,0.89858024263788,0.898748075869141,0.903968832168051,0.909503406135009,0.902848112120689,0.863669117444554,0.77670781067188,0.644056347157206,0.490757349700501,0.349251944279624,0.23727938726592,0.156621172950127,0.101043520534571,0.0667034887375959,0.0420309997518743
0.0156562075016269,0.0215585541644392,0.0298733132096184,0.0420213912089907,0.0606508777806779,0.0911196205528454,0.145267235521247,0.251471695073496,0.473503438691893,0.82038456526323,0.740925944655851,0.358736879018333,0.168071970224262,0.085767588509118,0.0460790116800429,0.0248398681904084,0.0126680788697796,0.00554432020929821,0.0016266139848094,8.97454775251465e-05,0.000667440577210092,0.00347535636885098,0.00896634382530916,0.0179597002744157,0.0317488757674244,0.0522228232793051,0.0820905012241828,0.124130789900029,0.184397207718293,0.266054909302109,0.371785869495002,0.498409232809566,0.631808084374755,0.706184666806888,0.852716827706607,0.781455092485103,0.685270283299441,0.902660008869635,0.919503915544972,0.919920640247326,0.917050522559592,0.916754921757702,0.914532382032196,0.906363446646659,0.881357561678361,0.810663189421133,0.68763265681479,0.528332135653016,0.369359261514823,0.240333419069505,0.149414772879917,0.0902236654614915,0.0540286332281355,0.0317774616636637,0.0182931007528504,0.0104330131047732,0.00600188313851839,0.00371311311728497,0.0028742824315035,0.00364018243746018,0.00923556631165969
0.00571996436833789,0.00784887973353409,0.0108169308428526,0.0150928058702194,0.0215313103839555,0.0318262837215623,0.0496885073166285,0.0844243487579487,0.16349722874767,0.377750204345283,0.817853021919794,0.507478310363811,0.185171050662281,0.0830678068084742,0.0431042173122136,0.0239501833007036,0.0134203069454135,0.00710067249413873,0.00316462274762412,0.000858296132933736,3.36432839730661e-05,0.0011273211992632,0.00559108731309313,0.0173916618570983,0.0481115751516532,0.135533362387514,0.387467089324737,0.694603429155868,0.23794596184437,0.00422465867520984,0.00841592643865787,0.00516541675073405,0.00148911196890992,0.00011074831080398,0.00295276917383892,0.012777059946756,0.0347479854122577,0.0780292915750802,0.157239839362984,0.289509688876083,0.476870312342671,0.676976585731766,0.820418432871116,0.884576928825329,0.900654018084223,0.902294421017435,0.90432722213705,0.904209532173572,0.886292171309887,0.826679368135917,0.715909886340594,0.566493751991081,0.415709686234653,0.291119700450515,0.199980298727811,0.137057175784456,0.0945918325227636,0.06593240644894,0.0464119179151987,0.0329692959734812,0.0235999701575499
0.00744578869001223,0.0101250332886053,0.0138086498978293,0.0190357344665948,0.0267784311287205,0.0389386893586779,0.0596154256032177,0.0988660100376024,0.185358900781562,0.407761042297912,0.826002107105821,0.517993311355306,0.18717647372252,0.0803142471524722,0.0390878138676101,0.0199031452068009,0.00984445829599286,0.0042676299113058,0.00127885744951008,8.24200476031296e-05,0.000441914392032248,0.00249205351205999,0.00673268399972508,0.0141468105941733,0.0264899673019117,0.0467724476117892,0.0799923306125348,0.132998304439933,0.205600171400319,0.220477023384803,0.0699498799780805,0.45011587774956,0.338350573696536,0.193482278117023,0.0960901652673617,0.0352534045094293,0.00469088064975653,0.00843447735172651,0.067408874408106,0.213411423252841,0.452109266661165,0.698460557017204,0.842634916332395,0.884593938984197,0.882000010977041,0.87402464083477,0.874668227183324,0.884837689636672,0.895067286438447,0.885155831772534,0.826623104943729,0.703287226570322,0.536517145630033,0.372606233030197,0.245757227335551,0.156791803602342,0.0989435084003446,0.062182127708837,0.0389297886567323,0.0242306439310964,0.014995736837201
0.0204381485028236,0.029181418953459,0.0422757475316859,0.0628646633282251,0.0973615242196314,0.159993575609446,0.284028624303595,0.535292676101731,0.86961158547843,0.750541468271734,0.40084927036828,0.211463113359634,0.121215893862073,0.0741715938563309,0.0470348449413919,0.030046973744738,0.0187284078874419,0.0108741631199105,0.00538298703021791,0.00178919510828907,0.000116428248423132,0.000952536790649242,0.00582084779456144,0.0181092239047873,0.0459522490993956,0.109601058757212,0.261533471047982,0.581910308035923,0.762728316804711,0.0557069603103233,0.00837290627965718,0.00177785786079361,0.0375608451378635,0.138236916602419,0.313718454445155,0.533415257401274,0.725377964929885,0.842272580680113,0.89443340223714,0.912634343281545,0.917741727311165,0.91741454121982,0.908557157171985,0.880935704335226,0.821822715248201,0.724959948782333,0.599245451944916,0.466275788484484,0.346825053171972,0.250827758176727,0.179790274101554,0.12863273796359,0.09242965600777,0.0668485337889457,0.0486741956901804,0.0356662662671845,0.0262610950656538,0.0194087972008869,0.0142407618381185,0.0103790958710718,0.00763199826212697
0.00894383837723246,0.0123318452147474,0.0171130837427357,0.0241188653226091,0.0349257630631974,0.0527976766243722,0.085322299503889,0.152750656868686,0.315807186538753,0.698307900220077,0.737990570222584,0.293294712704452,0.122586955803393,0.0596823390879286,0.0315303352891119,0.0169872746854943,0.00877430151487235,0.00396401676313018,0.00126035039728756,0.000103768533691605,0.000329156539446724,0.00204861359571278,0.00563293219015663,0.0117620461016404,0.0215531500964568,0.0367519727864381,0.0600761151013144,0.095646014758637,0.14860378418131,0.228478800766022,0.341608996033535,0.484062528191577,0.577816125468579,0.695169401215179,0.555463259714669,0.0234179198882238,0.466151900419652,0.794852896042053,0.888053885167763,0.911269233892733,0.914161508525863,0.914844182917711,0.917629950180951,0.918500015910631,0.907586738732836,0.870313287432841,0.794451989519553,0.680069427868942,0.544091502644638,0.408891259069428,0.303605116293905,0.217761668575141,0.155232320734736,0.11081368142948,0.0794461309100378,0.0572684422375902,0.0414644254275184,0.0300967956118834,0.021839745801516,0.0157675836082592,0.011312704026213
0.000813120323174691,0.00104743048500635,0.00133792811232181,0.00170233313579608,0.0021676846131767,0.00277714433114459,0.00360334627977218,0.00477766010116109,0.00655908165416894,0.00952551800422162,0.0152124284528335,0.028994704568422,0.0804599200251461,0.484343747141407,0.0831762170405676,0.0136781052205402,0.00359140822932555,0.000883826766110124,9.93648509319214e-05,3.83686154659305e-05,0.000342250702684624,0.00089322828692111,0.00166238642700601,0.00266278781630914,0.00393409625123989,0.00553893230362056,0.00756499491933576,0.0101313910691316,0.0133994937348847,0.017588735311563,0.0230068173843774,0.0300845628445192,0.0394420321851988,0.0519823256009006,0.0690570692475728,0.0926776098005345,0.125865218080065,0.172941960281964,0.23936920688737,0.328928802229803,0.431522031782441,0.480501646420852,0.176205181540941,0.317207615619572,0.424567211148931,0.353674045082821,0.273342075157358,0.205863975914838,0.151502070226398,0.106790445665918,0.0686228590416788,0.0355744434252091,0.00928833175675446,0.00325312637449592,0.0551978146916961,0.25909004595495,0.628088747790967,0.835013543721843,0.81709728695796,0.753981287136523,0.704680427718662
0.00519587671687612,0.00698030543510777,0.00938050898560657,0.0126988701341313,0.0174631063824055,0.0246659939062405,0.036352126470371,0.0572924192171391,0.100539552673715,0.209740904583026,0.535159185449884,0.734931373543288,0.227017132243622,0.0787780562271668,0.0334491421930634,0.015269757610402,0.00673813923605654,0.00248970119008709,0.000521624320441969,2.51616251683805e-05,0.000702206793941841,0.00252954601278996,0.00567691916799317,0.0104969437927526,0.017553941589393,0.0276989632294139,0.042166764973428,0.0627260496730234,0.0918946432562244,0.133092026283359,0.190757767069831,0.269963288641628,0.363416596291604,0.484647537224921,0.599495041068929,0.430527445294275,0.860113646980992,0.807825322271084,0.205920940589955,0.527185707594793,0.870881644834728,0.896537892901342,0.89106588994097,0.878825351091552,0.891532290320295,0.901825179296981,0.909822138793297,0.902514403119851,0.862440871784325,0.776385563688884,0.64833190646562,0.50085671824249,0.36731911363228,0.259792611357915,0.18054706089034,0.124769671082925,0.0861750762371339,0.0595900790655117,0.0413388997587509,0.0285630903407334,0.019587277278916
0.0122731051312748,0.0173270786794764,0.0247372968808957,0.036088394536807,0.0545210926007155,0.0868829154248738,0.149784699298247,0.286983561815592,0.590651230353145,0.874986404851652,0.527697423021297,0.243686196773738,0.125037238371222,0.0707120699551421,0.0421039116459914,0.0252540660687348,0.0144890299708275,0.00728582876353033,0.00257163099589096,0.000209942228283242,0.00115284415904943,0.00857990334633012,0.0318813869395627,0.100675758289363,0.301834030346485,0.555155573936391,0.0832779880085173,0.0412734781205895,0.0232375039156098,0.00392233732277312,0.00371087380764226,0.0426257280622163,0.159223426972965,0.385496306736338,0.65209037168594,0.82020650066203,0.879482041241262,0.893553620603065,0.894924679957743,0.879978791889431,0.82373255790672,0.703844083618061,0.535867609398294,0.369408178447906,0.24008807222084,0.152772420796763,0.0973087426467001,0.062663243994019,0.0408347519184363,0.0269567028285686,0.0179609057924493,0.0120374224699613,0.00808168505379931,0.0054121729428017,0.00359740344551995,0.00236260424429977,0.00152885014700388,0.000966509451302627,0.000597448062768791,0.000363431697804702,0.000223792725838673
0.0151233374157882,0.0214551335095745,0.0308141403278267,0.0452644920890557,0.0689014326445867,0.110560261659459,0.191031260604225,0.359944553452766,0.683223774753994,0.859173596326255,0.519669899824148,0.259920380922409,0.140407449797884,0.0819114846795304,0.0497488768765463,0.0302195075934345,0.0174678707874955,0.0088065593865823,0.00309856350660499,0.000258774090766033,0.00137200972192777,0.00961231868656147,0.0328667639660309,0.0901127330635299,0.22648750884467,0.491421026663726,0.544340998238181,0.1985041696902,0.0476552941959672,0.0478539820429105,0.436807540156133,0.773707871649694,0.863898682059642,0.880954106223937,0.877262515954033,0.833369569993096,0.714229528235128,0.530376051727221,0.347089029964495,0.211698400089985,0.126332359131168,0.0756687878000065,0.0459104273090652,0.0282475257776783,0.0175892325983585,0.0110423083184118,0.0069671074459265,0.00440259122737594,0.00277797014309517,0.00175061077424173,0.00110913036006985,0.00072418234750802,0.000481859286308437,0.000347519947941647,0.000291916518318327,0.000296327551521775,0.000380929295429424,0.000607848521359909,0.00114835525483134,0.00248448314460606,0.00535686772449131
0.0180074785872929,0.0249952988493587,0.0349870033587405,0.0498700296033738,0.0732742016313703,0.112798298423088,0.185793326219491,0.333625253944099,0.627720161237785,0.891624939006025,0.585847912203653,0.277279869841419,0.138940638932445,0.0755284205204573,0.0429660343315763,0.02459212513412,0.0135450255747777,0.00671883012688632,0.00260576211834458,0.00048880725568705,8.92501955665961e-05,0.00143056248898972,0.00479290728502831,0.0107306265256197,0.0201457722829272,0.0343844135829272,0.0553344137088683,0.0852932222812027,0.125162237659159,0.16144195405426,0.0637622558582919,0.743716374239297,0.794908214196318,0.380407588568697,0.0159113987381377,0.0929663589102719,0.32588923739307,0.565747411330231,0.749094497084422,0.859338945921222,0.908665099395809,0.920889906525998,0.91597741065999,0.90691735456706,0.900607266817974,0.900010119555092,0.905481321101601,0.914431182549933,0.920563827650407,0.913534641355767,0.879344101339095,0.805017857269758,0.691105551912817,0.551794097068028,0.41280678418654,0.293739122956359,0.201831560635908,0.135443276440507,0.089182568889645,0.0575383547897266,0.0363534390440051
0.0063536376701655,0.00858753385638241,0.0116267106643078,0.015886249185217,0.0221030685018028,0.0316913025384101,0.0476299530278968,0.0770454616104483,0.139831655416874,0.300939396040015,0.709132392429193,0.641845922062828,0.218305247534247,0.0875652892078643,0.0414975389120839,0.0212315571332488,0.010948904588106,0.00530293782034114,0.0021435237586186,0.000523280384600897,1.86487660945105e-05,0.000475310954050974,0.00190610859187862,0.00445792791873657,0.00840768967800323,0.0141870827539768,0.0224250351938696,0.0340297831778327,0.0502821518723296,0.0729821040282563,0.10466142755762,0.148228751574026,0.208558981023276,0.290179655946306,0.395587524244192,0.517109396082385,0.595923265856601,0.533499454728146,0.771450188332908,0.306957512499161,0.183188581422846,0.642874363853261,0.857890944769335,0.90830564381373,0.911246414798172,0.907228804800849,0.906425090206707,0.908674781353356,0.915150756048753,0.921670571530299,0.920179812229066,0.898482296055358,0.843416469956392,0.775982485999225,0.668468116278104,0.548156083075362,0.432041274084044,0.331263390789257,0.24997857567038,0.187069480584877,0.139214582876882
0.0348182890643066,0.0513794116674701,0.0775423733578122,0.121232981019438,0.199052396412059,0.345373365487141,0.608406514929338,0.891996470172979,0.792184637763489,0.483025143351904,0.28044725774384,0.171530453834277,0.110468817888507,0.0734947587755635,0.0493878383486596,0.032651488646548,0.0204478192722924,0.0113150610032474,0.00466110581195941,0.000697449325049909,0.000808385858767442,0.00875342530250133,0.0336564577573754,0.0889754793561077,0.309197310840301,0.200262498361094,0.0487502782259135,0.338572831901763,0.664779495535209,0.837835573534622,0.888087429162037,0.897069911903866,0.889648537773467,0.846154377835106,0.728622109272512,0.539064265284231,0.344112794629381,0.200665339042628,0.112997728968947,0.0633058128769206,0.0356544646886644,0.0201822715866647,0.0114412631658895,0.00646542978080986,0.00362500933877872,0.00201332503873126,0.00111313020560756,0.000624727232332633,0.000383087019423465,0.000271507553936255,0.000253735800183177,0.000331012276766672,0.000566522603493768,0.00112677265503665,0.00246399718646134,0.00569255832776324,0.0132628998307054,0.0352825534768594,0.107114371827921,0.383624004161893,0.674027308214402
0.0101431843868214,0.0142132465496968,0.0201058732109789,0.0289947885820759,0.0431704871661915,0.0675246663149879,0.113782142693984,0.213569886093244,0.452039915040111,0.845021973838996,0.622787571750373,0.269995701636438,0.129642586550683,0.0702929506286104,0.0407958912654239,0.0241545240183885,0.0138776368846866,0.00717301514399132,0.002810773117756,0.000420069162766241,0.000401929539541775,0.00443147543676956,0.0173471078872537,0.0538874744384366,0.16499496073773,0.495139964772717,0.63616076794172,0.0922368373897338,0.0779163417050391,0.00842138969203227,0.00277475771434569,0.00125534182271614,0.0182859325907256,0.0711198673328856,0.18710971460282,0.385614584559427,0.623328168516386,0.798659086325013,0.875727216229218,0.896870228670671,0.901314256955542,0.901015027347307,0.886504153174899,0.835577191200687,0.729740873064074,0.578746847255916,0.42049301852017,0.288770795991234,0.193099847804863,0.128920919802826,0.086666604617478,0.0589383132087655,0.04054131818445,0.0281718991276391,0.019718722829139,0.0138567901025437,0.00974069205994327,0.00682836411092996,0.00474703238397249,0.00318301966240476,0.00212531979523318
0.010799213039629,0.0149351187890501,0.0208114083335801,0.0294983019730218,0.0430464005085379,0.0657526877911934,0.107691563203674,0.195516745896689,0.402660765226848,0.794295257175881,0.674577525626209,0.287006354292648,0.13167270466466,0.0690325325920055,0.0392500476845286,0.02316310417884,0.0136558710290298,0.00771145633725253,0.0039062705859614,0.00154040378331266,0.000291197072149847,5.99583623593528e-05,0.000911248802622803,0.00303781348430908,0.00666365337287387,0.0116350188597094,0.0157412601331457,0.0100060566276176,0.0232618205603831,0.50795898855572,0.639424517417075,0.457937085130047,0.272483762655948,0.160245634303504,0.0947551001220331,0.0555331071658398,0.0306319337573914,0.0147293287853291,0.00500766060623688,0.000537432289073912,0.00179883776333726,0.0105878972341412,0.0304833491104615,0.0669793382232987,0.132098724387529,0.237181416625628,0.393476386458542,0.501624268094118,0.722197812472535,0.847496972989291,0.890549475406794,0.874050714482166,0.850845527320708,0.819634112158838,0.795137679370448,0.780884677522147,0.77760081466104,0.784676048550556,0.801079230033708,0.825136759126535,0.853983932910913
0.0125657058904924,0.017355983774788,0.024140070614471,0.0341239189212649,0.0496039281877068,0.0753359784061755,0.122282240624746,0.218578662453436,0.436828466466484,0.818288584937325,0.693798624176894,0.303970189272173,0.138972893799157,0.07122854477788,0.0389806159046924,0.0216728186178881,0.0116246287651204,0.00558086253084011,0.00203759108335099,0.000309655424260774,0.000151973580357607,0.00162073000483961,0.00503666483714556,0.0110213889093152,0.0205913174318603,0.0353457933105235,0.0577087527488441,0.0913171706793639,0.141275717159466,0.213207636950494,0.303273272026706,0.305797201629178,0.760315745981121,0.695002422631571,0.176044958547048,0.040618526724938,0.354826646408124,0.65730685333858,0.826883414525711,0.89683835243885,0.915782711678787,0.915492307625357,0.911878238171641,0.911754532740673,0.915819233068525,0.920280230974369,0.916572633065255,0.891830608029697,0.832030374152233,0.731679851974548,0.601308358468805,0.464243769904736,0.341743537378833,0.244096741422324,0.171433269119925,0.119450175802258,0.0828522461625757,0.0571966944011446,0.0391616224359046,0.027042003903316,0.0180609390667341
0.00689262299517203,0.00941345934584763,0.0129037754148914,0.0178949738139741,0.0253535560525704,0.037180846172819,0.0575139357291899,0.0966118573229605,0.184081662176533,0.41211164337693,0.830100031447664,0.504387785686961,0.186413745241052,0.0826476072218304,0.0417936769847222,0.0223597752144127,0.0118799972382454,0.00580841128824816,0.00226325839356453,0.000435806653950282,7.6843282782159e-05,0.00132862456742317,0.00476155676568716,0.0116097989325256,0.0243168201276301,0.0477267756233728,0.0910257760723982,0.165295340406502,0.21616736219588,0.021501664339739,0.304568629904838,0.168554232268422,0.0876496845414081,0.0325045790442591,0.0167796690949452,0.0017601628126242,0.00618713684320769,0.0391818825969977,0.118918778763002,0.268132201224057,0.485129496441839,0.704130547828161,0.840985705005745,0.888374562107339,0.891363377137609,0.885845466912437,0.886856544074647,0.895086856156605,0.899581430711874,0.886592604944677,0.828118021184007,0.712059539095578,0.557914396739389,0.404051357205379,0.278349967566874,0.186864261307832,0.123527588758954,0.0860792314974145,0.0572311496612107,0.0381548069239856,0.0253322032160049
0.0153143039639542,0.0218769827451475,0.0317404661468863,0.0473426480138765,0.0737694955820824,0.122701348912386,0.223681676761433,0.44844787010955,0.818256238409176,0.733460242566749,0.367327148311069,0.187818335978339,0.107949491699945,0.0677677725471847,0.0451172125068632,0.031163298499311,0.0219682285611242,0.0155987720306823,0.0110503508965645,0.00782360774470206,0.0058126761210603,0.00578653844671547,0.0162038354513877,0.199906131258971,0.46862304177609,0.11804666214491,0.0445372185826408,0.0161282681948431,0.006763103339336,0.0022970390037032,0.000359735455599934,0.000167609424184093,0.00166452043866526,0.00518861590954157,0.0114502023756846,0.0216919324584202,0.0382518150202705,0.0530133415889879,0.0921970068950794,0.145216243566861,0.220926399583716,0.331236314540732,0.471719153825783,0.62844160055724,0.769281204287013,0.862743230418516,0.901691799972425,0.90287954058309,0.888239381063192,0.872550524861986,0.865413536893694,0.867688280347789,0.879123825654371,0.895048027746822,0.906362782614394,0.898050755369788,0.852814022381226,0.760307401907564,0.628837778270791,0.483757208263689,0.350177986386867
0.0156175287134179,0.0214621587071093,0.0296856600049964,0.0417104469971353,0.0602238189534724,0.0907587462802258,0.145810567489752,0.256243422336113,0.49270572310459,0.843363120723059,0.681551856717424,0.312595121347399,0.146868684773628,0.0762316976668575,0.0420507136862474,0.0236345385604451,0.0129527180825014,0.0065274196281916,0.00270152909831715,0.000661293140243663,2.38121990195375e-05,0.000660747829890424,0.00262464111661883,0.00612439179346323,0.0115344130547623,0.0194258610890505,0.0306357267424245,0.0463210290941153,0.0680136482542689,0.0973438233478429,0.134250057586755,0.167234604002019,0.118453000387076,0.408389170361303,0.732780909833245,0.53213471630294,0.228198558021685,0.0503304632804984,0.0053375806561165,0.0272909259508679,0.120819946097425,0.250559328553082,0.432608459158631,0.61658419067715,0.768515747428159,0.864834496740874,0.90933396999833,0.91490484136476,0.899941166338266,0.877634183135126,0.85553751961179,0.837863091051939,0.826224772828926,0.820239539479105,0.82374995640848,0.83341278953258,0.847694899795742,0.866236293052466,0.886760876560096,0.905993789103929,0.919028132689022
0.0309341143323209,0.0454697345534477,0.0683349158260997,0.106434833764256,0.174545680964215,0.305031628234298,0.55394236136409,0.870453011572499,0.812338555644507,0.487484792791041,0.276803757668383,0.167885699029247,0.108784872741822,0.073964248067995,0.051843721872342,0.0368883590841401,0.0262601438713099,0.0184439552942411,0.0126887510760283,0.00892519294320899,0.00921399351826847,0.0569107098275536,0.620813625011464,0.222286956088573,0.0402317868705708,0.00932929964374521,0.00088851143498202,0.00142435071168498,0.0106480952626557,0.033082274050229,0.0777055145753588,0.158848588220973,0.292461426187648,0.478826929755696,0.676459770848276,0.819403295921471,0.884943942362943,0.901646008297032,0.902384460908802,0.902655140382019,0.898707878713173,0.868611021496023,0.779222435692878,0.618177594884007,0.427862565544844,0.267630878991532,0.15887991367483,0.092673221163289,0.0539881908409551,0.0315133956361105,0.0186265744671621,0.0108864323424903,0.00635556072167842,0.00371900793935367,0.00222049243141369,0.00141819449919503,0.00107078625739246,0.00106193533111789,0.00159981809137625,0.00364162185098764,0.0114641032016212
0.0299933564368045,0.043516468463051,0.064312451500589,0.0979913624632009,0.156106080094538,0.263421692673671,0.46731051113776,0.781695255230732,0.886380689997701,0.588621928595027,0.328905224050407,0.190252981209142,0.116585356109863,0.0742790954430529,0.0479864616864659,0.0305494809099945,0.0184243518119777,0.00981686622079186,0.00391177170001529,0.000598360911607149,0.000492614906677815,0.00523274892682599,0.0183228867901505,0.0462128055174769,0.0998506225152642,0.180421317359628,0.531716059381209,0.5838864854734,0.33871561578115,0.715584204078673,0.856122905572382,0.897009343605246,0.90503607954202,0.902944951056632,0.883106954061947,0.817517832209251,0.680299396532385,0.491680223641717,0.313212145078161,0.184761341351639,0.10544432563589,0.0596076263912109,0.0336579989241758,0.0189705497756396,0.0106368834096278,0.00590101504975168,0.00322803181396897,0.00174241132366119,0.000941156020391401,0.000523171543605602,0.000335521540427833,0.000283244678770358,0.000350667005806427,0.000608392630765165,0.00129336626116365,0.00303250321089461,0.00756036200777417,0.0201117641853135,0.0597063381439103,0.211224317345815,0.671943852486463
0.00341039095053285,0.00449980119150888,0.00591758134194451,0.00780095759616122,0.0103755204587403,0.0140355861837228,0.0195245516765123,0.0283955725340287,0.0443462540929908,0.0780083624709968,0.168786069232906,0.493119205910576,0.606271459906059,0.128169245735959,0.0389317216280866,0.0141996321520517,0.00506398002894181,0.00136147854046996,0.000103006710655777,0.000230233608709551,0.00136349901575687,0.00342107083154779,0.00649171797439453,0.0108030186257348,0.016722295650857,0.0247949374872586,0.0358030130750067,0.0508734858737896,0.0716011539676983,0.100230722073771,0.139879911850298,0.194640214265198,0.269234878193234,0.367531230594355,0.488330923203556,0.617649512111842,0.718858085200679,0.698336019936925,0.0505544153152517,0.558523538578448,0.555004275415947,0.444797160187611,0.292224187967026,0.0996225212856448,0.0537120755992113,0.61408839411673,0.832341361071194,0.837819162177236,0.829765320606413,0.834887882466118,0.852805550787281,0.875266936866166,0.885110079855835,0.857381018731289,0.767392863350592,0.619188434196826,0.451430291488739,0.304929778782025,0.196219230328165,0.127172530625334,0.0796234897120167
0.0311659095691434,0.0445647992686317,0.064749529211869,0.0967402823754315,0.150764164438961,0.248729310933222,0.434522145834873,0.739491767080884,0.896976794646774,0.610817713660518,0.330834086413295,0.184162323645155,0.109116536370169,0.0676296505422325,0.0428225684311713,0.027034246967224,0.0165276904914798,0.00937261144077253,0.00454789590530412,0.00153856841361282,0.000143432099754151,0.000358990101446901,0.00221018808571591,0.00518010540569432,0.00608553033988021,0.00216609713428924,0.504763302675012,0.738629879891577,0.788962025484386,0.43035991454369,0.133004375593487,0.0233685821623067,0.00187862117870087,0.0252258028754482,0.0897828546794856,0.197793932921516,0.349432740063583,0.528099334994527,0.698641365746299,0.82385208510904,0.890103296786954,0.909706492695676,0.903980641739364,0.890380515809776,0.879156576513404,0.87557485727088,0.88080855052651,0.892538819603725,0.903486398843304,0.898204977228713,0.851696872818615,0.742809689566918,0.588962165123478,0.413549693323749,0.265082981483268,0.159690449882957,0.0937238578246664,0.0534111616273665,0.0304279187398414,0.0186781204836305,0.0151685619786994
0.0170114872341411,0.0235278143792445,0.0327898013968219,0.0464728574000873,0.0677509889093846,0.10315408185933,0.167353688072399,0.295387669317069,0.556975348648951,0.874116330986613,0.655762434541252,0.311297306100803,0.151499007739057,0.0800499486777898,0.0442876528450317,0.0245607314234179,0.0129539659282419,0.00596781449669914,0.00195990577581594,0.000184702171344497,0.000410219705553687,0.00277767529499023,0.00778533756494229,0.0163705630825994,0.0300529558538371,0.0511520839526777,0.0827381820675623,0.126938625621583,0.173206192681172,0.127261079283464,0.413525217739998,0.713992590330469,0.508436322312816,0.246729390227276,0.0732014283740422,0.00564556776949326,0.0476822977751969,0.215028765880287,0.468421645132479,0.70326442040187,0.839807906441438,0.886993661480232,0.888411643483032,0.876665949025185,0.867743815494088,0.867573055715171,0.876234584514734,0.888054822882019,0.888198023384602,0.847648838168876,0.749369035284079,0.588537597235559,0.403235201482345,0.249716401412463,0.144662885404972,0.0812461638811105,0.0446714916357834,0.0243817276121269,0.0137219818043311,0.00896338384625188,0.00931501233710256
0.0315879493312807,0.0451304827795505,0.0654721272279628,0.0975324570371876,0.15116065063588,0.246992854148572,0.425478077396535,0.718490353294732,0.903452959503073,0.654401033138172,0.362977613543678,0.202137958391958,0.118665133960344,0.0723526763546792,0.0446647542947702,0.0270739566631309,0.0154496841236635,0.00770249465648338,0.00280027835661486,0.000347749658512105,0.000428727873211086,0.00359506003626717,0.0109703933244417,0.0244046324514118,0.0465037581638334,0.078874799114068,0.104369266390833,0.323934496456781,0.652906937881196,0.566936827423939,0.134585211912628,0.514290640902654,0.741806002900538,0.855794324837871,0.8992134433593,0.90834063003238,0.906962853752441,0.905571122493209,0.903898830669953,0.890249140251047,0.839420609643363,0.723727236925058,0.545840428199585,0.357693712439514,0.211008185278189,0.117303784553704,0.0633365660168027,0.0336828821257941,0.0177526885765679,0.00934507127556579,0.00504636991949674,0.0029658866881628,0.00215051256292837,0.00225320822388851,0.00363304594582727,0.00821220227323847,0.0232862294091687,0.0801225650495541,0.334955773969429,0.674600756154755,0.339372891432078
0.0132362245306958,0.0180744027088093,0.0247926081478555,0.0344525458133913,0.0490112459686607,0.0723723750051382,0.113117382611862,0.192174875893931,0.363143010649491,0.707110069680355,0.826079304806892,0.4079580389281,0.179343605541281,0.0881269166091653,0.0468164684006629,0.0256112209142237,0.0137356741412368,0.00678044734254178,0.00273158662480846,0.000628893602764187,2.77018070513027e-05,0.000775271535035414,0.00291776708684652,0.00666462696756707,0.0123901260994521,0.0206559016433229,0.0322677602927654,0.0483334235185508,0.0703521374994154,0.100323381856967,0.140695248274159,0.193890964962951,0.259187131142411,0.310492817396686,0.150223316215081,0.801694817509212,0.763575711253249,0.216052942255575,0.0645896345572756,0.291994455282993,0.634637517466399,0.806376731465946,0.889384482485184,0.919056540470272,0.919958430109558,0.905133674884052,0.896315372167511,0.886749907922046,0.882558393990735,0.884623377246792,0.892477729691913,0.904302526869504,0.916669913488807,0.922785449248744,0.91757270573421,0.891437561481441,0.835135735243011,0.74835731712175,0.638599285569293,0.519700337121935,0.405647659176105
0.00964307393720937,0.0132412225286445,0.0182772313879916,0.0255792708388759,0.0366906694114144,0.0547334406497223,0.0867433003983026,0.150716613153481,0.298020189249182,0.642010390001466,0.815256243759314,0.362699323992957,0.149308306084598,0.071064416109853,0.0367839467957993,0.019431922976999,0.00980597220922648,0.00426830625538859,0.00124726598090322,6.68115864790669e-05,0.000540239852601744,0.00281286890116499,0.00734036667875728,0.014941263926014,0.0269337165022967,0.0453145956657437,0.0730574464070914,0.11429058011428,0.174434109396252,0.259475765678833,0.372656754578134,0.508032961393196,0.6319878136563,0.458441619033567,0.871039119005734,0.539300794702755,0.749314143456498,0.904986214347944,0.91486579392063,0.913463167532328,0.915253079341919,0.918172846037709,0.916252607423439,0.896433079602254,0.841906773645046,0.742128398824798,0.604963428387302,0.457893709733764,0.327690552865047,0.226750652143585,0.154513254367924,0.104654633151848,0.0710281977932874,0.0482400892130151,0.0327273018782875,0.0220289915187927,0.0144694165010016,0.0104626975213274,0.00745352408697071,0.00471003933565395,0.002954097429078
0.08839720868054,0.137096944343774,0.218950717556286,0.360241165294844,0.591244618225465,0.85939319464843,0.906804703066117,0.681010083567377,0.446575303448072,0.29336261468464,0.20035317160966,0.142398259922336,0.104584328728372,0.0788409331520723,0.0607642907934614,0.0479881415027014,0.039549283134327,0.0364151121058529,0.0478770338328391,0.204616128850327,0.157308456530696,0.347110792875035,0.0037562359203186,0.00599906464486132,0.0280198627595123,0.0734313190555113,0.160293673662786,0.310320843172307,0.520990831905344,0.726164262806853,0.846132357471672,0.884046597640823,0.888027728468576,0.882579203934113,0.84984921535183,0.734430315969198,0.51389263256346,0.28467280496081,0.136697697114237,0.0621154404871324,0.0277331034097037,0.0122480879297213,0.00535873842287045,0.00236380667574745,0.00113032623276859,0.000685047096538039,0.000653441915089416,0.00101180077390028,0.00210159981845831,0.00481044934289937,0.0115644876645867,0.028366004062169,0.0690915959911168,0.184922283504276,0.477858458225289,0.771374821301433,0.613282590927412,0.431548141429671,0.333149061062233,0.281093888904476,0.253641303824751
0.03295838165246,0.0472722601120577,0.068879274381612,0.103092228490037,0.160506593183699,0.262984868154173,0.451125580703398,0.744280483761097,0.89870317389785,0.649419542751281,0.370450754668094,0.212048983621905,0.127571736329215,0.0796675461809722,0.0504850690406898,0.0315822841520843,0.0187968657653069,0.00999523611427357,0.00412213833368788,0.00080243417687943,0.000212810830292536,0.00313503366181598,0.0110892380775183,0.0260506132695975,0.0451218826398045,0.0154671432454092,0.667479026064109,0.679026505190304,0.0724829646933585,0.0471941207647976,0.263414976983994,0.532758339055714,0.745395873898332,0.856355423904765,0.893062530912715,0.898250770406503,0.89750647693867,0.898284694730166,0.892787960118069,0.856842610229698,0.755958946105016,0.581546577612541,0.384255407125324,0.22650302034881,0.125576706216385,0.0678543343998598,0.0363203140475788,0.0193787596218118,0.0103706388961084,0.0056558091947188,0.00327121948711426,0.00218485446188918,0.00191155040918896,0.00242729776641502,0.00434376741496571,0.0099639361037925,0.027243095095454,0.0883468946413227,0.341460252995631,0.692041116500704,0.360622278793629
0.0180182558152006,0.0262823422901707,0.0391560262251615,0.0604346625685725,0.0984683387755851,0.173480984566653,0.336433806123548,0.668590212288156,0.878619563972987,0.537948733468765,0.276813160814767,0.157953594608319,0.100207541535609,0.0688682639308219,0.0503233327377869,0.03874744134765,0.0314822661265909,0.0274841562763543,0.0271842877507712,0.034975784901312,0.0808615122201656,0.444005272222291,0.593275535771103,0.0908700935933086,0.0192507352308247,0.00733387844606368,0.00294103081933356,0.00097465921705574,0.000129606500950401,0.000116088271972245,0.000962112696518265,0.00287706211131759,0.00624294241156424,0.0116722130584927,0.020117321935317,0.0330939141918886,0.0532373447334104,0.0766370691936191,0.123786719440589,0.17052859226232,0.268871763504986,0.396942245829817,0.550303365100655,0.705309169437314,0.825352122861535,0.888958624068303,0.904803002633599,0.895674035661225,0.880363181203981,0.873846018428395,0.877022016768804,0.888292680171695,0.901868890687176,0.904528682710527,0.876448174314898,0.799005236426199,0.671311714466688,0.518095782732175,0.372437103438876,0.252550420564171,0.18345705080511
0.00973284417606816,0.0134039450688485,0.0185654131939476,0.0260792959748226,0.0375409094774772,0.0561543436964527,0.0890562189030049,0.154139253172752,0.300882214333822,0.633122621508667,0.830815425046095,0.399821436700604,0.168553063255288,0.0809887103278329,0.0421552294443436,0.0223136882481717,0.0111956727464744,0.00474547660682961,0.00124362845295115,3.940076637506e-05,0.0011191308590014,0.00501462008199404,0.0129279652469874,0.0270488280132601,0.0511879001795522,0.0917135354709253,0.158722966060592,0.263544876936052,0.418055338564246,0.591435518306794,0.601652545269134,0.652761423295397,0.522219084279581,0.0569525266064961,0.485413197866133,0.838485630402798,0.88448952486206,0.892520421847168,0.896632078994596,0.887473033059221,0.838678375954461,0.725712822474248,0.557914482163979,0.384389843682949,0.246345899837133,0.152735211722108,0.0938971425530819,0.0578870548892027,0.035900246761439,0.02239133420216,0.0140104469280437,0.00877322569768295,0.00545227362946326,0.00340448126273864,0.0021373620042897,0.00137594383612488,0.000946798885205361,0.000750137588970329,0.000756912695386535,0.00105241218192597,0.00202603280301616
0.00103084486861355,0.00133757910080707,0.001723749200484,0.00221728426361581,0.00286209382431896,0.00373072878784635,0.00495123545089056,0.00676782417313855,0.00969977007612531,0.0150287210411191,0.0267204260902027,0.0623984374777357,0.264331641442569,0.313162071979142,0.0342654311958236,0.00905302464726179,0.00284077502571931,0.00077356253199486,9.57571061687215e-05,3.28650963575579e-05,0.000319716906625624,0.000863260295585427,0.00164272819237738,0.00267566549229368,0.00400639375145097,0.00570387996833494,0.00786487854268123,0.0106214420307481,0.0141535238681727,0.018707259160156,0.0246306938345688,0.0324149659368215,0.0427712695011862,0.0567593373922445,0.0759653270141216,0.102789439724655,0.140840997966307,0.195145350898993,0.270822023691011,0.363618429156323,0.408061358537286,0.0504663635967155,0.486900291267463,0.437153874184936,0.316590416503406,0.190612696120936,0.100163695964448,0.0386245364704735,0.00494404531202359,0.00994619830381837,0.0925011644780944,0.301109781953117,0.603677515486409,0.825333604936701,0.872367648038291,0.836661245516478,0.786136412194339,0.751937846096163,0.730243000682822,0.723174029104623,0.729176521605943
0.0158879041577072,0.0221341920032503,0.0311145576153519,0.0445719490701747,0.0658862735228312,0.102216214112753,0.170234948394798,0.311238197861153,0.603981583611421,0.88235836013237,0.564985429791766,0.260942176264563,0.129635954276226,0.0702150376713047,0.0397838951154962,0.0225809907496444,0.012208069323879,0.00579613031706592,0.00199764701514635,0.000222603041480771,0.000336447214756583,0.00255821287380076,0.00746567259990449,0.016092067465255,0.0300862209854741,0.0519936364918609,0.0855481831126345,0.13538129097523,0.207425886795806,0.296792695454365,0.274604207509337,0.763592152766686,0.773672327092051,0.0341118072761475,0.513003662595826,0.791389274699939,0.884877835413079,0.911043358965648,0.9160263871038,0.914404401001431,0.914675598019206,0.916697047672748,0.914246159783891,0.894046514951074,0.838585256323594,0.735815087826581,0.593393252958569,0.440470953033762,0.306878582350703,0.205409737686534,0.1345869872573,0.087764066715861,0.0568575097896874,0.0366956022076465,0.023531849349037,0.014970281454527,0.00941944352328409,0.00576233488155604,0.00351635015140919,0.00216514020246563,0.00144392436923224
0.00627177831718308,0.00844004261557444,0.0113739765818331,0.0154662892507812,0.0214175387298091,0.0305824208285485,0.0458505440685983,0.0742772846835346,0.136259601247263,0.302227057287855,0.726598212247593,0.543376129993728,0.170088234838321,0.0658757955285509,0.0299282969805416,0.0144141641232287,0.00677666956509941,0.00280177733976343,0.000806382263288747,5.40970745560705e-05,0.000218642946422029,0.001180872163957,0.00294535868472023,0.00560562708862126,0.0093377837913784,0.0143994543012258,0.0211464593445728,0.0300554416115539,0.0417539190053873,0.0570844113786533,0.0771601804690677,0.103591388281779,0.138387425345506,0.174376931381257,0.229561291896473,0.299904606306608,0.384025055548691,0.482039169250332,0.589469691454786,0.697213382365193,0.792772290106281,0.862728424195436,0.846701433020746,0.919131791441961,0.860752553093458,0.874918592909689,0.901372324577369,0.889003191815244,0.878490767265975,0.873525102930341,0.874992637486828,0.882554642862465,0.894823868467453,0.909062278885419,0.916988616062841,0.926303760971511,0.917019021209883,0.886746824678832,0.831650019051943,0.752917606389523,0.657651064227322
0.0125137853920221,0.0171366449895056,0.0236028406766268,0.0329945232627151,0.0473491719572418,0.0708452418499788,0.113016151827922,0.19823071876432,0.391504893032774,0.763763692507965,0.723255373961977,0.313328988979278,0.137168338352208,0.0680049940573135,0.0362654392212646,0.0197698699794402,0.0104677693394843,0.00502238684419228,0.00189498514567026,0.000350613191771982,5.63509289297029e-05,0.000915522822580182,0.00300104567678306,0.00653786672238364,0.0119184857433302,0.0197414347573422,0.0308882016347296,0.0465724209388244,0.0683359623734688,0.0974557129973058,0.131810829729153,0.150493861981392,0.0564667053540606,0.439570088397881,0.651693510124916,0.477473327810847,0.267353244079168,0.122907469128438,0.0419464220471951,0.00584796074939694,0.00482350765012782,0.0356380788275713,0.105771830792927,0.224121122780814,0.364934968798215,0.565985127333351,0.737460542776329,0.851667164874797,0.901288563346011,0.904016416092508,0.882738612768226,0.853934354803049,0.826639638193319,0.804754505259694,0.79115810468217,0.784607136730236,0.785479123939853,0.793261849045915,0.807281854222851,0.826583012871404,0.84981436279185
0.0131901457739983,0.0182853097085247,0.0255422285508671,0.0362887396663094,0.0530637006834189,0.0811410839339897,0.132672422906236,0.238480009998352,0.473591312644707,0.844870973319155,0.686395180845844,0.313745363628469,0.149810897027794,0.0797952990144972,0.04548466971608,0.0266067509447907,0.0153339432305811,0.00826921410364598,0.00380278852704639,0.0011719409985191,7.12217561529126e-05,0.000514354613974646,0.0028068488090995,0.00761440562236443,0.0161520999579316,0.0305444637875613,0.0545674798779578,0.0949987168768065,0.163473621706695,0.270674111917336,0.342572546069349,0.282388675890838,0.277210338281654,0.0655197017102769,0.00199607506280764,0.0403297285729069,0.159867338254077,0.346334446834075,0.560155029830891,0.741579507291638,0.853938843022983,0.903800138305954,0.917267471195202,0.916797709800588,0.91485285767372,0.916150821651879,0.92006521747043,0.92072168472058,0.907745317406856,0.867329499375789,0.789124036821691,0.675155162377513,0.542249656683312,0.412778608373933,0.3025412742721,0.216866285172843,0.153612981729388,0.108105775757834,0.0756664513535665,0.052552161137475,0.0373921725858505
0.00488537648044566,0.00649939232785157,0.00863175923990432,0.0115180101054298,0.0155584768693002,0.021479690462093,0.0307199595945267,0.0464487189554267,0.0767758574984568,0.146884890731193,0.35133241505254,0.812042267633526,0.354275396904997,0.103745856693175,0.039600924652246,0.0168531971586756,0.00704035317708663,0.00246249460957626,0.000470536783473555,3.26332519354448e-05,0.000750526637429027,0.00253265954598411,0.00547785407761308,0.00984944714942786,0.0160846026262021,0.0248476417150973,0.0371127602878944,0.0543132749583945,0.0785047194567717,0.112617226077724,0.160507175780705,0.226381223173567,0.311413341670618,0.401117282847516,0.416438348829675,0.048790331164474,0.508314931563884,0.510179477621549,0.419349396672048,0.290391834705999,0.177870229605837,0.0849453573308565,0.0193919179835189,0.00808521639868945,0.114351994488252,0.394410584661475,0.709162718360512,0.854874926870496,0.869774084794149,0.846450808787673,0.824633054011389,0.815321699277775,0.818765461689043,0.838788897311678,0.864566518153672,0.889799786609526,0.899509935030556,0.873760370057411,0.79545244488963,0.667076257813562,0.5162144244571
0.0296959061225366,0.0421731878339416,0.0607566044738781,0.0898084800783641,0.138120566402548,0.224460170740874,0.387980466980736,0.675222881227312,0.908582503538927,0.678741640937104,0.368788369248411,0.201043535707447,0.116811968265556,0.0713060023061921,0.0446391837676162,0.0279497731992123,0.0170093867293723,0.00964531947770994,0.00471609650431933,0.00163781416007717,0.000170877408426056,0.000343535505453465,0.00243742143185472,0.00703818463373685,0.0151500206981375,0.0283033140551144,0.0481054746203356,0.070391606986311,0.0358861878440597,0.675334384638865,0.465139208152226,0.0782700793556752,0.00547424272088857,0.0204918629161848,0.0788965393692132,0.166229912110966,0.281849067297298,0.420445412093002,0.563565424655582,0.706235455750228,0.815547961204502,0.885045302425508,0.918021957067017,0.925598315904556,0.919449263694507,0.908964743606513,0.899865425954593,0.895518763081454,0.896978161495394,0.903637671037516,0.912068728882047,0.919885139903053,0.919212273461666,0.897433307322286,0.844816017117983,0.755737919083067,0.636251791242775,0.503225153934958,0.376131846001623,0.268160868245196,0.183677453565419
0.0100645674111342,0.013965322792354,0.0195195397646499,0.0277267158335425,0.0404710235485448,0.0616203261010396,0.100008476118341,0.178304634844749,0.358263302458713,0.724961204181798,0.757317903064165,0.348426401073394,0.15604532805157,0.0789176088298934,0.0428481133649602,0.0235920613778621,0.0123473882692737,0.00552057738325443,0.00158839888351331,6.24116526174185e-05,0.00119641089837168,0.00608913575019103,0.0172160113241391,0.0396870344410978,0.0839408132824427,0.170450596451377,0.329910923160199,0.543026703811524,0.43935117131036,0.238690375037318,0.179354054876086,0.0506914593365249,0.0144257909272592,0.263435977154145,0.667261361476545,0.843379626913558,0.879085472676955,0.886488198666356,0.88385452637582,0.847019447461955,0.74065026951983,0.56524868745277,0.378973033206929,0.234289032624691,0.140323887109,0.0838386576583644,0.0505421589846708,0.0308026982087167,0.0189167671261109,0.0117066991655703,0.00726589552539571,0.00451364107840169,0.00280885586164454,0.00176240697137061,0.0011348597866129,0.000770192258660255,0.00059666413966233,0.000568726981965333,0.000715283754908727,0.00119665537625395,0.00255392463567565
0.0159634670164772,0.0222641637821925,0.031357555695568,0.04506556703117,0.0669677346306335,0.10478572368783,0.176864821378022,0.329645534595621,0.646885848674607,0.880434469440149,0.509591994007878,0.232855266267637,0.117132274421906,0.064442867526813,0.0372255799355606,0.0217194957832837,0.0122954187986853,0.00637286944841853,0.00270037514752574,0.000668449205201237,2.69570426131958e-05,0.000767242121245085,0.00308678073191801,0.00740203664351919,0.0144050225850731,0.0251864926019924,0.0414184590951211,0.0657467347067642,0.101662346580004,0.14957002459452,0.231310562146344,0.345934490301856,0.490235365997683,0.517916964116223,0.432590441162849,0.169164785219658,0.00575856373517914,0.144044852675079,0.411029670863396,0.650868915423909,0.807010418179452,0.887266037440345,0.916311894578546,0.920748524646482,0.917092025367239,0.913678052924889,0.914165232244384,0.918402677464225,0.923457998991371,0.923449133256847,0.909828841339407,0.872689777415136,0.805107236202067,0.708237075522106,0.592900427661837,0.474914437393691,0.36768734856649,0.278124929123558,0.207508280365386,0.153608449217041,0.113191040481805
0.0203781790913176,0.0290320839844042,0.0419527028085421,0.0621770238324083,0.0958569438213896,0.156461963707064,0.275279935910648,0.514916861385076,0.849744365597983,0.768334003371597,0.414954031454546,0.216043773358409,0.121466147208651,0.0724686965748352,0.0444216003744644,0.0270005826755999,0.0155396393366152,0.00780855604846644,0.00279756429239777,0.000280261376491337,0.000780578968517864,0.00592037893990295,0.0193824103325846,0.0490500118912022,0.109123976095677,0.179084057553089,0.307042068178089,0.365071987314667,0.0812695863789887,0.00291518333904501,0.0972289681890161,0.365779378859957,0.670688889914427,0.836746210755123,0.884661193793916,0.892771630248895,0.894463848486366,0.885702347014854,0.837059191600677,0.714063794533356,0.525849395700874,0.337714596040734,0.199594874168832,0.114133312665233,0.0648915567131875,0.0370520029571206,0.0212726610043377,0.0122492466794186,0.00717903532681503,0.00417830642157277,0.00248187627313282,0.00154753824181032,0.0010704261391099,0.000893513678850512,0.000972398397182398,0.00141597035207539,0.0026195640180644,0.00581864005019277,0.0149711398867206,0.0458143415789694,0.182775796615894
0.0334075517587363,0.0487535657809671,0.0726358870929348,0.11192896941374,0.18105465897565,0.310755429118925,0.552193109266748,0.858881905909109,0.821510132088721,0.503312155093213,0.285917785418122,0.17218008570078,0.11054943287966,0.0744996045669995,0.0518577598763147,0.0368008819598016,0.0263498513373689,0.0189110627515071,0.0136487440564215,0.0102682631750424,0.00927923361935467,0.0151730061483761,0.0815915168364577,0.65606070640507,0.688806535211147,0.524381638565669,0.195936917661165,0.0557512551029136,0.0151855027476426,0.00197079451714174,0.00120251987058955,0.0105861676774628,0.0323767461385561,0.0723599648706379,0.129010400052084,0.232459376392538,0.374124685057264,0.54586343547397,0.712833910396711,0.832789506830877,0.890232908514612,0.902049960955166,0.893929946967919,0.884410802770934,0.882275999388936,0.88880379016994,0.897386597521687,0.890528670940499,0.837651462051904,0.708949758769169,0.536221431446412,0.355079866846376,0.216083233248736,0.125400486131577,0.0707480643729113,0.0404290193008633,0.0224762821413467,0.0125242017439223,0.00745512134441208,0.005549061955421,0.00752133865828393
0.00898800081051778,0.0124233917983596,0.017283461550633,0.0244158052339189,0.0354162703351561,0.0535507116288482,0.0862777082832324,0.152874452541949,0.308657572254935,0.666951486864698,0.806007660194227,0.366653911589498,0.160071699245499,0.0811717953434067,0.0453141056130901,0.0264519003842146,0.0154381047079882,0.00854939278850812,0.00411916981332501,0.00138542588866423,0.000113565315267571,0.00049825951963223,0.00331749696409859,0.0104909966917421,0.0266767303171029,0.0639662236817943,0.154196467415126,0.323871457460003,0.0610459232467006,0.0446822120442905,0.0762687463030185,0.0326950701535053,0.0073551806486009,0.000399130563682982,0.00369623443719348,0.0195420037396714,0.0545804295918597,0.119798953633928,0.229152352647751,0.390051503468429,0.582846250938467,0.754003165074773,0.858639461825217,0.899422881189465,0.906371027058089,0.904390398758535,0.905208312888977,0.909467170482279,0.909297218013126,0.888679784580108,0.830340665257292,0.724541963848803,0.58471462726553,0.440559462179047,0.316665279399726,0.221899653728097,0.154052315418351,0.10682230784877,0.0742904692723564,0.0518048276873584,0.0362883187551682
0.0652059083894227,0.0971497348468954,0.148158109957223,0.233435321580144,0.38016700146488,0.617851231317442,0.877469090053693,0.877179909348053,0.618260721025714,0.385577599809696,0.242921585283555,0.159044131302015,0.107740355759608,0.0746160478255079,0.0521352741458574,0.0362217316173386,0.0245889655272288,0.0159294939938493,0.00951523394406189,0.00499457816685964,0.00227501145683712,0.00165684262708528,0.0216629417115636,0.289313648916437,0.35319193130703,0.107220912711325,0.0136536650097397,0.0712516843013081,0.158258813015678,0.280249959765827,0.436440607779635,0.605775707031477,0.752996830007629,0.851304620876008,0.900056717346442,0.916051595001216,0.917705896412508,0.916087988305472,0.914323416032055,0.905388465450882,0.87138198912674,0.785284219158536,0.6336997401502,0.445640429556112,0.276914381624746,0.158208338136751,0.0858931806468504,0.0450373692210925,0.0228364401717919,0.011062963220463,0.00517090019505489,0.00227266455741871,0.00101811553344614,0.000602400640284182,0.000753638863178618,0.00197828889444364,0.0071928782175322,0.0322444984719851,0.172481049916423,0.665492190698233,0.364439730626614
0.0174711384554664,0.0243519372002702,0.0342505045377373,0.0490931880298418,0.0726064185077893,0.11265012290415,0.18726165575797,0.339667754782911,0.641985636707674,0.892417856298398,0.573748828188508,0.273852399207652,0.139243078638144,0.076817163874836,0.0443636257737354,0.0258140138161044,0.0145015080134484,0.00737954356113677,0.00298688089065984,0.000627734145530014,6.57729983282179e-05,0.00138477811748833,0.00496471486931121,0.0115201395568024,0.0222097751855761,0.0387904562886712,0.0638446470819801,0.100698846609136,0.154923861737292,0.230773255645298,0.325946820984758,0.335330422569759,0.768004338712262,0.704982692467985,0.0822123662112456,0.579525569582581,0.79914650956177,0.887734424323392,0.918552733530852,0.924586250906052,0.922813081546443,0.920859692111015,0.921832710382062,0.924618051331181,0.924098774758151,0.910851031355284,0.872253087375496,0.797679617175335,0.686400996719771,0.553246454671064,0.419345252521885,0.305991684318428,0.217278060607654,0.151833496408141,0.105261899135356,0.0725726521344837,0.0497602539877081,0.0338088753274447,0.0225674430288577,0.0152557175731547,0.00971242550328586
0.00570589578802222,0.00764419051990413,0.0102392040632722,0.0138080505632181,0.0189012122097737,0.0265474820776351,0.0388470155949113,0.0606415197301531,0.104941795263664,0.214120559330163,0.5301197583576,0.76714909822009,0.248388962734284,0.085329395111342,0.0357472926438264,0.0160949458635304,0.00699313121470098,0.00252686452610977,0.000504907619272036,3.03016022950131e-05,0.000756057873183655,0.00261543022959896,0.00572747428250651,0.0103658353428625,0.0169706398054072,0.0261796681240657,0.0388971627312308,0.0563535267389176,0.0802284707476029,0.112720569235193,0.156668056590966,0.215507424149364,0.285611720975672,0.382491935353392,0.494354586172852,0.614999055516553,0.730575842638093,0.824233888547816,0.887492724776566,0.917526855232051,0.914975396179067,0.910720580191537,0.904091084534842,0.893708879007257,0.888822761253624,0.890934018796814,0.899096875555105,0.909072774078412,0.900045775374356,0.90688028183322,0.868894079690805,0.790782826467756,0.67593203788629,0.541331217311226,0.415010014040463,0.307672738540442,0.221668413764988,0.158187813701457,0.111638376686774,0.0791793098281319,0.0559619970415792
0.0573767896332747,0.0851411147605482,0.129352592732187,0.203340739055283,0.33237075604169,0.552100413309091,0.833102707784555,0.901746516361327,0.653100856831197,0.40169630918455,0.247772482548281,0.15927128711904,0.106260884066574,0.0726219181091242,0.0501215113851892,0.0344015638186755,0.0230609834829459,0.0147474043519699,0.00871817509435219,0.00462236415290709,0.00239091177643233,0.0030066308874844,0.0454204156413736,0.523707880277867,0.584657795771658,0.41649277712199,0.0254413783373582,0.00486837746639787,0.0459474563561306,0.128148481204658,0.258213129247668,0.434961238315565,0.628357853093322,0.785261349036826,0.872917970108296,0.902203359751055,0.902640012940961,0.897253691036649,0.896058602793466,0.896618319758166,0.879790322192899,0.807207485666767,0.645221529316144,0.428105851470513,0.242118131565304,0.124912659317245,0.0617770476600852,0.0300748994607969,0.0146472354018783,0.00733605439190177,0.00409073043930492,0.00294812331091824,0.00327512415114428,0.00578677951010519,0.0141677466939484,0.0413845751842658,0.149280825677413,0.548780572483714,0.609364160918553,0.340033359031913,0.232492640817263
0.00652387665060752,0.00881515027212655,0.0119332343806642,0.0163067050613328,0.0226991052261922,0.0325822768083749,0.0490748702748956,0.0796881000624737,0.145629075131799,0.316292518440727,0.735617306623885,0.60571623073733,0.204603771133128,0.0828045862874267,0.0393315726697496,0.0200486759963504,0.0102271986000394,0.00483878049906931,0.00185202626489519,0.00037736791598231,3.28767349608122e-05,0.000709975942225829,0.00249070002495689,0.00563307860118533,0.0106042014697979,0.0181636565691602,0.0294696550286955,0.0461793818672343,0.0700860619909238,0.100103907172626,0.115265029596411,0.0247898432674047,0.449964631216463,0.552880634987654,0.379887712762159,0.225220885319894,0.125699913020633,0.0650660373488832,0.0283359298002872,0.00765236785861016,0.000546680260391421,0.0086068292863904,0.0377422089823984,0.0987821955955653,0.203885861951784,0.367621306429881,0.569807005119652,0.753792516174264,0.863526373741986,0.895819897086427,0.883643748188248,0.857431179075152,0.833422743535357,0.819217379512656,0.815915097902021,0.823711071686368,0.841074240567049,0.86508330911234,0.890607413457497,0.908752254120686,0.907085185446341
0.0493180121337963,0.0721849854656973,0.107884012473135,0.166565302588292,0.268325089692583,0.448805033093782,0.727971491633173,0.919921354715307,0.734249416727465,0.446418199187414,0.263875470125342,0.162653085551085,0.104563540394268,0.069093668361515,0.0461231112845375,0.0305194718116521,0.0195439946891848,0.0116853897370369,0.00611307773841866,0.00240987870438154,0.000423335987424184,0.000104541253563643,0.00101796263033391,0.000752252427802724,0.0515696752733016,0.416330619132707,0.599253122027977,0.380459766806844,0.00715935478514593,0.033917352484568,0.121886165030587,0.246849213939324,0.403165472992537,0.572855536191034,0.725578141361446,0.834961186976622,0.894838601540663,0.917264815568935,0.919281490174063,0.914876736051043,0.911864636673524,0.912530665627553,0.913018981326347,0.901316987494041,0.855011501483055,0.750156962031245,0.585819061355737,0.402462585733225,0.248739201377115,0.143368362434668,0.0792717277078423,0.0425280194415859,0.0222198114567709,0.011397729513959,0.00592970048360725,0.00349496565717086,0.00302621835035856,0.00520058236777158,0.017305068466265,0.0961827888529257,0.616441964897271
0.0266069948698407,0.0383367349026018,0.0562087084214339,0.0848741286439953,0.133946894047794,0.224497271907063,0.401118943738035,0.70834116679431,0.900827552017892,0.625917154272983,0.340886821034501,0.191831536089787,0.115627415357459,0.0732763829019214,0.0476578612451424,0.0310450905112824,0.0196790342286037,0.0116291579172128,0.00590691338627347,0.00209710338346804,0.000206016072132357,0.000456079091425734,0.00160980325517969,0.00926092140971184,0.65934675842973,0.456106844142497,0.120327621353068,0.0279453777859263,0.00248277722365798,0.00451766120087606,0.0323535985342519,0.0976110419187442,0.219253361060276,0.406686560322167,0.624018735039678,0.791441697044843,0.869373558710663,0.887183523093371,0.885659897697659,0.885145583270202,0.883957924176159,0.858417733609031,0.765626285490487,0.586372163222822,0.377567213023125,0.21418973788298,0.116087411511877,0.0610937327938171,0.0320942099262005,0.0169120357090424,0.00899409049171555,0.00490798627941239,0.00297233056314297,0.00211026282435049,0.00206616203363693,0.00303314205623265,0.00638085674584598,0.0173465957732187,0.0601110842373019,0.281611476776137,0.614664750422614
0.00457839398524814,0.00619040364360143,0.00838330788510068,0.0114550780595796,0.0159338343351334,0.022828063511218,0.0342655332086108,0.0553357807208697,0.100524666767501,0.220597761915419,0.590736782852946,0.677288670164252,0.204116569047299,0.0764684903569009,0.0352367999470615,0.0178056686204695,0.0091281366164762,0.00439934820861076,0.00175617175112764,0.000405467950359558,1.85466644774181e-05,0.000517874101723255,0.00201049597033725,0.0047943392783971,0.00943132671382209,0.016910936281614,0.0290033768519361,0.0489780942391518,0.0831645191670188,0.144219883499683,0.256252750307976,0.444603471332313,0.595569166497659,0.0680343785923073,0.099075881713072,0.0625320783879812,0.0134503924414012,0.00120734845588657,0.00643724465985489,0.0381611518206804,0.109542542890269,0.237189597794111,0.425009702800826,0.635572450872468,0.798435498809055,0.878105378044555,0.897186619876003,0.891567762706965,0.884056449539474,0.883795065489099,0.891767745439399,0.902548167120553,0.905595762657164,0.885518657790352,0.827399683277218,0.727274892027053,0.598970076960039,0.466633045443034,0.349828460651604,0.256569248930154,0.186288922237587
0.0147484961210881,0.0206524475406616,0.0292018031750516,0.0421122578730396,0.062724880745012,0.0981567498603646,0.165045524419126,0.304980261329889,0.5988038162343,0.888904500176572,0.584956084975275,0.27812684005384,0.142707788961426,0.0804807326871517,0.0480998821494753,0.0294092039037446,0.0177672172207198,0.0101560482276646,0.00509919992569383,0.00188460868504652,0.000251030435469449,0.000266277609485976,0.00233423080284125,0.00729948571081711,0.016701231123021,0.0332238505005702,0.0617786060221587,0.110831250113251,0.195702335854601,0.340111913247162,0.555233080995039,0.678525373823275,0.108417230742963,0.0853797999926414,0.00782321455154012,0.163516070393605,0.396161660052937,0.67617706538357,0.827859082829987,0.892154278110017,0.913459579065566,0.91926975549431,0.920948394282743,0.919132072145225,0.907497625065127,0.875035327133591,0.810742324228598,0.7116040443981,0.58832820085329,0.460871975751715,0.34695407686502,0.255261412425988,0.185810046092271,0.134973044330088,0.0983540903375465,0.0720293574027379,0.0530298878235637,0.0392544811833426,0.0291888874095679,0.021227754141677,0.0159140755710393
0.0023078260681927,0.00306071274383158,0.00405028967089998,0.00538206800394478,0.00723447286622643,0.00993031512336402,0.0141058984027753,0.0211650678349355,0.0347445255862757,0.066706278054001,0.17135980793617,0.640208337569131,0.281648382349505,0.060875634204525,0.0210047148187046,0.00846619152921635,0.00338746016577883,0.00112252908670278,0.00018809702116663,2.68239300088348e-05,0.00042634008669784,0.00133421177160548,0.00279488370880371,0.00493401695961675,0.00796745578788036,0.0122374203477637,0.0182700330720494,0.0268860656878976,0.0394033690718265,0.0579625618445604,0.0861205398976403,0.12964131444629,0.196537175093518,0.289434626773957,0.353794856804085,0.0870330322201397,0.228275948784283,0.231564393174895,0.146182480120498,0.094441792590101,0.0506136002842903,0.0229487509429641,0.00618931053003487,0.00065631916809361,0.0090316197327281,0.0457914841860182,0.0788667268805134,0.212103526090783,0.412965098174689,0.6484181275182,0.821283390104078,0.882060316786165,0.87211619328397,0.839593106540844,0.811108740598169,0.795165273318473,0.793574840967868,0.805255769431102,0.827842792125633,0.857212168036266,0.886371046285645
0.0255305032584295,0.0368419563368753,0.0541139430625165,0.0819175779270274,0.129807179920668,0.219100656771014,0.396106312241999,0.710121106088822,0.899702727824671,0.607805025847282,0.326422081366013,0.183356863004813,0.110923220892392,0.0707894432393233,0.0465172116312946,0.030746398312889,0.0199031204637831,0.0121440982066615,0.00651086198453689,0.00258302667930119,0.000377810846151485,0.000345379888573682,0.00256691980713823,0.00122938121587051,0.461454652294866,0.212665861910371,0.0516954020240165,0.00805895930388083,0.000490477952971375,0.00707439894524084,0.0303527752868406,0.0764361283041697,0.156186059919349,0.280628860586527,0.449110390879831,0.633347466453611,0.78424960235665,0.871783069264803,0.905328138134284,0.911222033117172,0.909651484482215,0.910043673635736,0.91148265409741,0.903532670646159,0.866596492271248,0.778921925676425,0.63786629961764,0.47233868129164,0.323260477753679,0.212167430509917,0.135069398576386,0.0851957249603529,0.0534681800247852,0.0333564150342048,0.0206701591840641,0.0125326971001547,0.00738695767417213,0.00417287642397405,0.00222075345957773,0.001095256772616,0.000503622440734522
0.00837070168232011,0.0114269006889134,0.0156576525249754,0.0217096055865671,0.0307638267552652,0.0451529480856163,0.0699910059979485,0.117965983404303,0.225332640165785,0.49440014868862,0.855557766464025,0.453973036349516,0.173406520026981,0.0777850829691841,0.0388078863019582,0.0200224287076117,0.00995138120869222,0.00429640167385383,0.00125934131402826,7.14817880153749e-05,0.000496732982505448,0.00264219789003635,0.00692368385091042,0.0141141755377853,0.0254835395721451,0.0429994938717821,0.0696763714830055,0.109927320454097,0.169848627330982,0.255231828418592,0.373249374854715,0.508597297100515,0.559332477785725,0.725565464965057,0.771782047506141,0.38592550389225,0.136608184288661,0.743438197849269,0.881769391196685,0.903750458175644,0.904676113575107,0.906344444741727,0.910974603453347,0.911322644785451,0.892780537267182,0.836063543619012,0.730106596775632,0.58645012450568,0.436156685333053,0.306980965248057,0.209586973465446,0.141356790937966,0.0950958099480912,0.0641144816236672,0.0433225114427336,0.0292917172047071,0.0197996579977938,0.0133120368744494,0.00883671217208153,0.00578035894212749,0.00371231528907482
0.0383741567167385,0.0562290380733192,0.0842033361026023,0.130574919861068,0.212593793220576,0.365664575406118,0.635859540629746,0.905897715917562,0.771385947081717,0.458043004167591,0.26209245622134,0.158477070121238,0.101083133046115,0.066800790749276,0.0448455491660546,0.0299426700018952,0.0193656486301074,0.0116133718890379,0.00591149170031919,0.00197990476386131,0.000105890475080106,0.00174114080683912,0.0121721396300516,0.055180445407967,0.267143090112535,0.0464032874343439,0.00524973839210087,0.000393569510148706,0.0033513533392678,0.0150205981000668,0.0387130212057542,0.0781015881472218,0.139331957854408,0.228886184756865,0.349904479408742,0.495872280009209,0.64638900007729,0.773571816517302,0.859132497908825,0.903397802010729,0.919566233967684,0.921863344230793,0.920583169855428,0.920349469546582,0.921049119203687,0.917865548256313,0.901254791632395,0.858483825435825,0.779317005697393,0.665107898493619,0.531502017144583,0.401110572636641,0.290607718136381,0.205259379361647,0.142915543383456,0.0987590652936398,0.0678461607875216,0.0462620089624097,0.0311212799265016,0.0203197951868352,0.0145573862541488
0.0408960740173374,0.0580233809748175,0.0834114276074283,0.122702836552641,0.186692510074248,0.296242026061884,0.485729050268787,0.761495286242657,0.910599663563053,0.691822386100868,0.409412533847672,0.23637456081181,0.141352206733563,0.0871717474271232,0.0543652165455591,0.0334615756472755,0.019652135491927,0.0104226791295652,0.00444240317259071,0.00105867817198448,6.344803982574e-05,0.00159466379848017,0.00610984909492004,0.0143695242314301,0.0273343339008135,0.0454399693360061,0.0648479653699705,0.0556428617603518,0.370792407358736,0.660364468427324,0.785636266602322,0.403116914193123,0.0138136391295893,0.222803361413655,0.486524906217161,0.693245293987556,0.825136503743364,0.891349426438699,0.913452294721712,0.912153462609621,0.902311236800044,0.893072074227886,0.88904921947622,0.891688121850033,0.898996654636327,0.903210214269405,0.887342952375578,0.82468085365919,0.691280147553739,0.510632575333624,0.326276458073385,0.188312322147266,0.102987577684879,0.0543868272115889,0.0291298259046335,0.017245568342802,0.0142169961772335,0.0215078526750157,0.0736999516975248,0.480900618962838,0.300928564359792
0.0553850565158969,0.0825426196399009,0.12602131992378,0.199169057746312,0.327312308140235,0.54635377822837,0.827729506811063,0.90284553756571,0.664841628476032,0.417818295258078,0.264249458537556,0.174916113726325,0.120983330053513,0.0866440204898775,0.0636845262061493,0.0477717168375732,0.0365792896706695,0.029003925262604,0.0251284333727369,0.028246912292457,0.0656211243216386,0.506977455806085,0.462496921739131,0.671208974339947,0.101157454927442,0.0135954648101018,0.000499706455441832,0.00527109136893731,0.0234397799780081,0.0596912728666219,0.123878555493657,0.228840741551202,0.382641138372644,0.569920881685016,0.741334899487567,0.848082190956086,0.887500845828307,0.89011863204078,0.88401298278131,0.882916513103555,0.884732259327423,0.868206904701754,0.788847900872377,0.61292145463962,0.391649301664085,0.214145321267311,0.108234122960027,0.0531315074767526,0.0258603472523826,0.0126198350893879,0.00637485496519469,0.00358156071105335,0.00259507968397212,0.0028848489920218,0.0050901357583287,0.0124555666160557,0.0382971259413209,0.143847116713151,0.567186637792993,0.531510284552626,0.279847381609263
0.00313065092501984,0.00416046891537658,0.00552013508126044,0.00736035386994506,0.00993851972597928,0.0137255773849413,0.0196613573679875,0.029859785908196,0.0498929734494315,0.0982710934927415,0.257978263278477,0.778305905338222,0.263303188026277,0.0685569269315671,0.0256290272160641,0.0109611980721923,0.00470734211494455,0.00177182231545214,0.000434534053906165,1.50559585674818e-05,0.000228628008551364,0.0009695681290414,0.00222947578935811,0.00406566262771205,0.00659166539424647,0.00997862143575551,0.0144709381901837,0.0204011586568456,0.0282251139921451,0.0385648965233238,0.0522891114423447,0.070592275360749,0.0951573236654353,0.128304288542383,0.173217585508581,0.233977420143429,0.313258269046113,0.416912302534827,0.5313708430125,0.585961966540875,0.32815503984872,0.717446404235322,0.437336339836432,0.0628257192933944,0.143276114698438,0.59630292862342,0.835532976050849,0.895148539244992,0.890996360261634,0.872125453781887,0.856609054463183,0.849459310345589,0.851705119717279,0.862277044389562,0.87963440915259,0.898814727163577,0.913196461606503,0.914044259687667,0.891205131674979,0.837699063986857,0.753808984739458
0.0349106020190187,0.0516655913789229,0.078301935400566,0.123202554936035,0.20423340603255,0.358837923291947,0.636293084681939,0.903986679417858,0.751272779227115,0.446031125134922,0.260494566155491,0.16225901037156,0.107326240382156,0.0741518574779953,0.0526659776062182,0.0379188734229852,0.0273179786633488,0.0194662956397286,0.0136995377540283,0.0101251106962873,0.012073739168249,0.102092383606435,0.654970629481545,0.133159587333773,0.0204483034451916,0.00251856873344499,0.000730212469522387,0.00915622432440364,0.0315535569650495,0.0774026046077255,0.162038919975044,0.301849017748908,0.49403021231873,0.690559107887105,0.825655645086302,0.884797628321379,0.899920143371993,0.90169498425932,0.900721731618858,0.887801036792784,0.835886185350713,0.716154221449034,0.536921572414044,0.354857486330862,0.216070516747996,0.126880073072802,0.073803181599814,0.0429961876252726,0.0251065123389885,0.0146793677433235,0.00855929443053972,0.00497866735169717,0.00290278628432542,0.00173199728887574,0.00111348567811784,0.000852638701242378,0.000888304421655631,0.00136875432045356,0.00306294095586232,0.0088473694828225,0.0338359015241239
0.00352783195153545,0.00470545844889204,0.00626947658653023,0.00839995255402999,0.0114056777374573,0.0158539810515467,0.0228816990535365,0.0350553647679361,0.0591501681274718,0.117517633754649,0.305722805511159,0.806433907563594,0.283806953508602,0.0807786265731967,0.0317008554049934,0.0141979846616336,0.00645991569932143,0.0026686796868709,0.000807438676857021,7.35611806268776e-05,0.000138395577882791,0.000899864467879682,0.00239458582274867,0.00477390333101193,0.00832083440870809,0.0134915156530295,0.021002027727533,0.0319825882976346,0.0481839719501141,0.07223478266743,0.107362144093026,0.153603987515858,0.185220685932328,0.0703909310663581,0.224914400929472,0.360154454383136,0.25848553402677,0.145294862016733,0.114536632757661,0.0686483546921102,0.0387371912366033,0.018466371862007,0.00539315375040181,0.00191315481207558,0.00167112483077827,0.0140661126807302,0.045800119643934,0.109925530050019,0.223632020976587,0.39826681908791,0.620079079974935,0.800568559081591,0.879618812468572,0.878460473712117,0.842434428846852,0.803390493385734,0.773428053444308,0.756060622139733,0.751156840611397,0.757931870992347,0.775019105330771
0.0439403294708817,0.0656219155783918,0.100614554886085,0.160510749081884,0.269432546438675,0.471231908706913,0.776298911047611,0.906740711143977,0.651810414146493,0.388763752126091,0.237271124572348,0.15414081667215,0.105889293580978,0.0760082877500461,0.0565182714688972,0.0433969375977535,0.034630691319181,0.0295325662811909,0.0292585728937829,0.0422966090666186,0.146798046192804,0.612983890969146,0.509446215798495,0.480240444596046,0.0648572157464874,0.0166517985149545,0.00260943572579701,0.000273429864706481,0.00466627962850183,0.0164089807931711,0.0387242720108338,0.0772372322418935,0.138939438592455,0.236909918949006,0.376107410292944,0.54720920668831,0.714743657790101,0.834723644866263,0.891817613304686,0.904472548253289,0.89900435974676,0.89359999708052,0.895077122861317,0.899912326241435,0.891552943873207,0.838569127480365,0.710295822355374,0.521400698129853,0.334536773669076,0.197503363298571,0.111448332919302,0.0617332363734254,0.0338122105543559,0.0183216114639026,0.0100310771606541,0.00555317375576493,0.00334244903600868,0.00260669753229617,0.00342947390738742,0.00851119946355263,0.0386214390872258
0.0565565273559772,0.0864226905717244,0.136244886048843,0.224216997646959,0.385303792152011,0.655916064833519,0.908768347447658,0.802740106561952,0.518495261905349,0.320573352589427,0.208288377444948,0.143493371246582,0.104022154320664,0.0787810998735141,0.0622343419610411,0.0517126526647411,0.0465609633779796,0.0493820448856787,0.0776288689855937,0.301230111759327,0.380391441998236,0.516033433757645,0.0960035840898643,0.0107190006827863,0.000934214261822996,0.000691146293170054,0.00562981968008696,0.0169869359937131,0.0371787120904044,0.0745509832938934,0.137273621506769,0.237360362727272,0.382774022145623,0.56161062691182,0.73113013597826,0.844353499152298,0.893191157331857,0.902814110613957,0.900347567192067,0.899637349332785,0.899358166896117,0.881809081817858,0.812228590225898,0.663368649482842,0.464396762485965,0.28515305636924,0.162359700390494,0.0895241153714073,0.0490058757570586,0.026658900274756,0.0144342571739055,0.0078056420359025,0.00428094226196295,0.00249489037174915,0.00172335639130709,0.00168365323834887,0.00265717371003819,0.00639485071535472,0.0217652104704756,0.106952961373421,0.616777724581764
0.0117745691116331,0.0164639938111273,0.0232322946027771,0.0334102194545424,0.049579924958881,0.0772423097350862,0.129407732162265,0.240296068970615,0.493901111009513,0.853153830004636,0.605825437145272,0.269309933407237,0.130149713882325,0.0700279522210005,0.0399253235568932,0.0229904746912364,0.0126775281668582,0.00615027827206934,0.00214564628675823,0.000218836113404467,0.000512239344815889,0.0038071370650818,0.0118661225839091,0.028250051762993,0.060040464830825,0.121381466314655,0.23658167625459,0.431277426453052,0.539669435792631,0.230046681044024,0.199784345287224,0.030858116966263,0.0286208294903597,0.276844677098516,0.625495601772375,0.823985604789556,0.886733173419825,0.900877885594494,0.9043944360978,0.901167788300203,0.8764268814725,0.807460630225797,0.683092528943671,0.523837078126689,0.36993926932158,0.248357715573968,0.163224583379297,0.106947827228933,0.0704836269755563,0.0469168612004845,0.0314563398604603,0.0212214211903404,0.0143551695806243,0.00969627581767666,0.0065770520448525,0.00438201951801934,0.00288242845143629,0.00186490632626376,0.00117498320131612,0.000723902264867272,0.000441541818533391
0.0137764359507059,0.0188512251711621,0.0259217872596624,0.0361265961473399,0.0515783877161742,0.0765119672612578,0.120291963315386,0.205818895570317,0.390682202791896,0.744365428946439,0.800304867682033,0.383934493951293,0.17031001006921,0.0840200746452879,0.0444016771476694,0.0238911512976118,0.0123832017796272,0.00569597993755239,0.00194101301393429,0.000237459312452304,0.000227955023930471,0.00187855665048294,0.00540429001627608,0.0112661637451529,0.0202086402314482,0.03334593512068,0.0522254396799067,0.0788446171131153,0.115062988379821,0.159505737278901,0.190414966445121,0.0710582747810767,0.756112723552998,0.834895794191084,0.672992586152367,0.356776240114752,0.0760966989569005,0.01061322154478,0.160732539514031,0.432586522096353,0.685544346670265,0.837920174771079,0.897920350553402,0.906007778262172,0.893698841271592,0.878548938072985,0.868497799306749,0.866968830693226,0.874211300237712,0.888263137063343,0.903565731394796,0.909151547453611,0.89163952100036,0.833028641139278,0.722897728597403,0.575490036050432,0.424594677632532,0.293044364163292,0.193583932479934,0.124079673764156,0.0787394224050423
0.0769009668576605,0.116749644728256,0.181964566587583,0.292980001058338,0.481603053228951,0.752258861066919,0.929872223455834,0.785444756789446,0.521985854742023,0.332080880802848,0.217518457885306,0.148139489119893,0.104159448461597,0.0748245995689826,0.054351949746831,0.0395233719404258,0.0285066358033415,0.0202941959307159,0.0145146731053291,0.0118369104751327,0.0202603319677876,0.324710368676074,0.224802640516232,0.242897489939745,0.00160377743608838,0.0231332538857232,0.0675728100840492,0.141898630271971,0.258251049152489,0.4191452576199,0.602042968909204,0.760245368877063,0.858976033221643,0.901918384852667,0.91324484463413,0.913775700567753,0.911688012951717,0.901837642036499,0.864565297047121,0.769920427133653,0.606506093668072,0.412617630087568,0.248542828344115,0.138675926272005,0.0741927201396475,0.0386101042430948,0.0195096959785966,0.0094771442489605,0.0043514581055109,0.00186109586230956,0.000746352919987019,0.000316529414754009,0.000219426976849876,0.000398232516725747,0.00131566783152828,0.00499471681774831,0.0195211687535732,0.0842000680133242,0.40360438431901,0.615041992177235,0.328491929895106
0.0137829146201724,0.0188954859441885,0.0260417148519247,0.0363972664646698,0.0521488897505965,0.0777205465981395,0.122950071481059,0.212064177057966,0.405818819672625,0.765395273991769,0.769397503764,0.357691216871793,0.159134890554943,0.0786638351960359,0.0414072108534539,0.0220142150273933,0.0111277726295589,0.00485787545957857,0.00144560074724403,9.04895596560821e-05,0.000493475200349826,0.00267254544916284,0.00689791224112112,0.0136867168018886,0.0238486951293428,0.0385421431612869,0.0593603827674922,0.0884481716118431,0.128480587647017,0.181962786400287,0.25303174361496,0.34272902716427,0.449800493249935,0.567248247073105,0.680645660459936,0.788455441734251,0.860583258957104,0.906691543979245,0.925663869356014,0.929127981652487,0.92281937137372,0.914928001609615,0.909730271250011,0.909042799408784,0.911518013318047,0.919355733587126,0.920209525043887,0.905595609418145,0.861837290316666,0.778729524530506,0.658667347375227,0.519178311248949,0.383761268710752,0.276813331575862,0.19097947096322,0.129642948520724,0.0870320878426906,0.0578345483999166,0.0379837595206786,0.0245534347180819,0.0156948757239372
0.0173364408888346,0.0243947756108409,0.034712631380566,0.0504810081487113,0.0760356747794848,0.120749038707791,0.206672481864923,0.38590270824016,0.718910262980286,0.860720516823396,0.501899803463238,0.247573976807039,0.132657453557552,0.0770475184586601,0.0469427300669202,0.0290487794962574,0.0176512110691951,0.0100596051743005,0.00494772134708097,0.00169920129700916,0.000152505160332265,0.000526516371322302,0.00337977863970755,0.00902819881052169,0.0128080499841813,0.00621490206635091,0.640714706406799,0.530639352710652,0.229451980191355,0.0869636476685528,0.0289123246899223,0.00508962403904977,0.00119337498096338,0.0155823402014547,0.055119992549654,0.133029996193985,0.262535733961683,0.444732080280152,0.644802480845089,0.800787508415576,0.87984166381382,0.900265278516243,0.895747063028308,0.889073345589149,0.88986012556383,0.897359536370527,0.901150034109248,0.878289436376507,0.799240306294264,0.65316038607524,0.472621776781802,0.312411852155518,0.194057442022173,0.11736283980277,0.0701881185887704,0.0416872357737561,0.0246026625061337,0.0144237053451133,0.00846049355363038,0.00520359931993681,0.00366813595190035
0.0173134745552581,0.024469800366133,0.0350079336385791,0.0512330587999985,0.0777213405684586,0.124384316032868,0.21447670544097,0.401973557308623,0.740226631089731,0.849702440192529,0.485706747764039,0.24138083110411,0.129867205470313,0.0751078559481094,0.0450556188860503,0.0269840575031167,0.0153910543319739,0.00771825264222468,0.00280117002140542,0.000309213181593419,0.000653670331195132,0.00529158249336801,0.0176507604684213,0.0452734946570084,0.102166637356897,0.17078476855548,0.162665126679098,0.333866194055976,0.118245222532063,0.020818131925065,0.00545097088221027,0.0837386468706505,0.290954424394633,0.580970945119576,0.791655310914328,0.870470010121341,0.885725965418879,0.888248229748519,0.887555843812499,0.86428867883709,0.780514435116429,0.616609586203351,0.418140065232038,0.253576771370697,0.145793596592274,0.082606057077669,0.0469075477177297,0.0268226506570673,0.015408258572026,0.00886097277174871,0.00516215519884002,0.00306103612876272,0.00189960736547537,0.00130396125491077,0.00108064377740778,0.00116387816151979,0.00172513751981182,0.00334568653573509,0.00796336059422184,0.0228864109362062,0.0845030060458339
0.0268295351241967,0.0380286634529035,0.0546389513401155,0.0804749368731973,0.123208945320992,0.199341221990264,0.344787609230473,0.614904459772453,0.895675029338703,0.715477198178634,0.384629142592842,0.203876126823156,0.11533962640138,0.0685649143960269,0.0416409131532764,0.025042344229562,0.0143300727440568,0.00731488551856114,0.00287817099686529,0.000520414315654255,0.000137770094728257,0.00195912680403127,0.00656398859034616,0.0149797797276722,0.0288242425014305,0.050470002916655,0.0825854604899128,0.122072049803019,0.0964312702251258,0.661599751806242,0.741730269233532,0.0576693073312313,0.106397506530207,0.344445394754183,0.567333040591125,0.738634642276161,0.847597925016067,0.902847007241237,0.922591815347912,0.924464473717506,0.920438053478771,0.91754305624933,0.918261233363326,0.921485745546085,0.922048210648644,0.910085800665143,0.871074313081929,0.791950487263972,0.671626934190688,0.527191657787712,0.386193306729315,0.268598494873456,0.180474940704221,0.118548818754847,0.0765715371635613,0.0485834122867135,0.0300953751526109,0.0184100197671464,0.0105852573729643,0.00568586127933109,0.00277299812690118
0.0138381084269693,0.0192385572243854,0.0269659569501019,0.0384591517373429,0.0564564885082771,0.0866358579607393,0.141958905925432,0.254592022393968,0.497123925491735,0.842440268552404,0.665507777938723,0.310295312780305,0.148932026713183,0.0783777314316884,0.0433592022370177,0.0240125577689456,0.0125396955903252,0.00557507914696239,0.00161116228210395,6.95269798180763e-05,0.000965846635582459,0.00483906695024059,0.0128572923006845,0.0270382990192616,0.0507786242753067,0.0892541018123393,0.149924192868901,0.241728564128915,0.37070884535594,0.5298942383817,0.689000413638015,0.794491388532467,0.810437532558731,0.787810519995977,0.71226159058743,0.903137700651971,0.911926106296916,0.912170169711184,0.901788753209494,0.864126214384079,0.783556262981524,0.645761870465198,0.479613790249721,0.326679366083987,0.210539106770451,0.132086198775229,0.0820701580049656,0.0508543764650175,0.0314758181841213,0.0194160397099315,0.0119078966245045,0.00721004554901421,0.00429086368425586,0.00250168711897249,0.00140629064133964,0.000807908221205632,0.000481040978497184,0.000341042574445827,0.000351997132333799,0.000598246327168912,0.00153410498437019
0.0106758952904178,0.0145741492357368,0.0199939685662142,0.0278063444980112,0.0396385412347245,0.0587942530468122,0.0927552377671772,0.16076600768765,0.317726473410935,0.675588446834342,0.789841984284554,0.335783065227456,0.138048198741538,0.0657293913611436,0.0340750969447458,0.0181405819919199,0.00937172884465393,0.00435214644474409,0.00154730162616706,0.000236090208825763,9.33307546364153e-05,0.00101868065086442,0.0030679605720267,0.00642916236659443,0.0114305775460258,0.018571667171539,0.0285762753811345,0.042496548575454,0.0618234528866154,0.0886914625057177,0.125968180343176,0.17689141424779,0.241464441600057,0.292885334179,0.102904001572608,0.704739413942019,0.56167572105,0.221019579955966,0.0358519413128189,0.0128862304749702,0.118610690703098,0.304494596083971,0.520512073112319,0.710725416138999,0.836466721389793,0.898813986539078,0.914013657642626,0.905235526402859,0.88803253200067,0.871521687454884,0.860286593525108,0.856032924067864,0.858692876759805,0.869326452147813,0.884408654051313,0.901480155258355,0.915796683604667,0.920588059865986,0.907013918325424,0.866907204177167,0.796178775297639
0.0101547287354636,0.0141884765885871,0.0200087751349682,0.028761619802623,0.0426770294311619,0.0665134571076151,0.111657908236324,0.208812276350742,0.441296856490458,0.836162819274347,0.632973894981412,0.276061431355548,0.13346812734453,0.0735078752031498,0.043879481521112,0.0272622741698074,0.017033506469703,0.0102979590235705,0.00567627125649875,0.00251074160107192,0.000581943307643951,7.84460303469107e-05,0.00181482277703872,0.00771299146826725,0.0189939238830731,0.00503223457567677,0.215258747579295,0.0889314225765772,0.0386399185586479,0.0261251528187674,0.00968218848458292,0.00261290111842723,0.000154218112292021,0.0015589455658829,0.00771779512526621,0.0198108290097717,0.0430568597910348,0.0837674371878784,0.149866703884697,0.253411363888579,0.401020437678958,0.579119192758523,0.744579208191688,0.852317746594217,0.896068277169563,0.901424944762936,0.895232463723308,0.89209849161404,0.896494882173029,0.903688384307516,0.903958287720846,0.874766384163186,0.797400021389794,0.669833997721127,0.516906154656295,0.372664229695739,0.257387026182971,0.173180881474963,0.112983030216792,0.0827721440649384,0.0546677152278958
0.0670395318068453,0.103809892230332,0.166188521352621,0.277449869628934,0.476986444219748,0.770261685156138,0.922291432843241,0.716731488219787,0.455135729821229,0.288961637469134,0.193444822459208,0.136691260200504,0.101253649549113,0.0782502874267144,0.0632265880097566,0.054264331406955,0.0519277076688602,0.0637213987560799,0.150199927286417,0.52243136325019,0.223666028683136,0.160743466536107,0.0068962933273047,0.000156756133946748,0.00234150045765374,0.0101650854179074,0.0252406593189407,0.0545040099901905,0.106047540837512,0.192844400488378,0.327174033230845,0.505319855025742,0.688662629233184,0.821303543059739,0.883905311262968,0.900546731802919,0.900841787327171,0.899645636958023,0.892890792078565,0.856733083092912,0.753655323183806,0.573479740638973,0.37209293213192,0.215386747297857,0.117689316227839,0.0628780795936255,0.0332609196734476,0.0174820584413802,0.00906186525660992,0.00461798796549368,0.00236937061393801,0.00128918417601934,0.000856679453569157,0.000862408065549301,0.00145262424541147,0.00386988788049495,0.0120075599210027,0.0447033938413504,0.216596547817573,0.660581695170072,0.308172739739108
0.0377342450339644,0.0539122321603749,0.0782176311912792,0.116538615789361,0.180583679428894,0.294117821025198,0.498188019363539,0.793524810246951,0.892034907188122,0.610195904784071,0.343446387036295,0.196162398504628,0.117706792784856,0.0732370930440715,0.0462438241497284,0.0289247662751289,0.0173754370753399,0.00954798370192998,0.00435306083414344,0.00124895894528617,5.19973210535212e-05,0.000855945382230221,0.00400453036600512,0.0100759237869104,0.0197159019669467,0.0326527349803582,0.0413070017976149,0.0124229538273538,0.491799011052973,0.690652732511618,0.239651647242039,0.0207489189651787,0.152618453618699,0.310026344832671,0.480333593678479,0.638161522083819,0.767197300291129,0.856059402981774,0.905759728031996,0.925360809252865,0.927075461225931,0.920917657099142,0.914091029236079,0.910515997063917,0.91166313168459,0.91648049681575,0.920759365870561,0.916134206949618,0.888978993244245,0.824287099657411,0.713942467733186,0.568738800673123,0.417168892213805,0.285081157869681,0.184543180718716,0.114514252756139,0.0680694587551913,0.0381925476515092,0.0231887750880451,0.0119179672083707,0.00584435163505211
0.00561263717133855,0.00763684271919376,0.010418598230511,0.0143593349305302,0.0201764075643834,0.0292564785847059,0.0445459114507135,0.0731602497841044,0.135261114884675,0.297384906506162,0.708104000498189,0.630929223596214,0.218750110065175,0.0904652046313553,0.0443168283931058,0.0235407240018367,0.0126974582321002,0.00650698439668817,0.00285239851305999,0.00081473676267967,3.68615397077281e-05,0.000506945588865331,0.0025227133850613,0.00679552073652528,0.014758491903331,0.0292607667152126,0.0562500125881469,0.108820533201673,0.215486782360301,0.416662633440424,0.577270945050481,0.016357739536264,0.0515262147328481,0.0338529461377379,0.0190463236430366,0.00105336879081637,0.00834008745134452,0.045974782894681,0.130583089814278,0.280554540103621,0.489736023677381,0.698311673572964,0.835106843541344,0.891476096269938,0.903871913024405,0.903999407105801,0.905531593968107,0.909350027923753,0.906118788907671,0.878163930007566,0.812068255253119,0.699027245083958,0.557979461355327,0.418933919901537,0.302500693903488,0.214415585286201,0.151355028493441,0.107160838471276,0.0763677584784682,0.0547934898282409,0.0395521175583272
0.0207734888618524,0.0296996286210382,0.0431022488797211,0.0642389713111154,0.0997889501519272,0.164552285581096,0.293032453997224,0.550522088939094,0.873324069789385,0.734083311165023,0.394119999093721,0.210671658207477,0.122396381500045,0.075897567150066,0.0488721191036326,0.0318159388685939,0.0203315526752411,0.0122277829314741,0.00639309579979277,0.00235847768235832,0.000222639637903399,0.000975413954825761,0.00786225952084196,0.0319471707067288,0.118734871558178,0.406779461590215,0.0543396755703865,0.0140072428233484,0.00404678407611743,0.000346345227326834,0.00810170314181972,0.0308907880505321,0.0761422940273715,0.154785763104518,0.277366886350083,0.442357392850055,0.621985350147316,0.770443878149124,0.860541738911457,0.900351094006825,0.912856062268828,0.915507809536654,0.915907895042351,0.911913765386988,0.893468325861183,0.845298717706058,0.755586116823498,0.627915245702075,0.485071400484338,0.353455555323747,0.249372300080977,0.172787612260023,0.119169920669644,0.0822738729868948,0.0569984222961391,0.0395839460002977,0.0274780657134854,0.0189388329725845,0.0134597105330287,0.0089334409513875,0.00592837107949195
0.0223306453246271,0.032341997147038,0.0476826357465203,0.0724523517195117,0.115241673662712,0.195406043273985,0.356667336706921,0.658912145872085,0.898459195757108,0.641339915150809,0.346853667314931,0.195138093588326,0.11878202472522,0.0766030905740119,0.0510079707825336,0.0341875662816409,0.0223690501125471,0.0136163979429503,0.00696467651571081,0.00217775198951089,0.000101391386945781,0.00473435415772817,0.0320889761001093,0.0293535274454095,0.108561878701777,0.0309943504710803,0.00550529805704078,0.000736970160857587,0.0151758046356107,0.0611946364907751,0.163231307192753,0.344787915303589,0.579726441168439,0.771631320757462,0.865061197110234,0.893352362365358,0.899276625739553,0.896370954686531,0.872953862062351,0.800714425598829,0.662645380680163,0.485357416953856,0.32189761261571,0.20210756147585,0.124551049786933,0.0768525481003057,0.0478159278941322,0.0300446364233709,0.0190065334307382,0.0120814587381514,0.00767711823767507,0.00485597187923287,0.00304681657078141,0.00189237985155067,0.00116571614171653,0.000720764142342476,0.000459886856844704,0.000327820538479035,0.000292935420346543,0.000371765174333481,0.000691262707037159
0.00595900313142387,0.00805863664492188,0.0109163889929613,0.0149222805643449,0.0207676778769489,0.0297771510591512,0.0447368579516299,0.0723002434863724,0.131106367268174,0.282562858573986,0.676353083136186,0.645564616703586,0.215537980701352,0.0843007856854762,0.0390287626354957,0.0193672151761285,0.00950206710967478,0.00418442554910549,0.00134973462123118,0.000136444388557463,0.000230086867600003,0.00164023058380519,0.00464672168321636,0.00984459456765992,0.0182975904310611,0.0318183841585286,0.0534943213689057,0.0884069141659174,0.143600373669839,0.21952873411594,0.241514583241494,0.0584475700090158,0.428640963283388,0.266419189855817,0.176018463988547,0.0825149815671308,0.0301107809672205,0.004550784948551,0.00684453801240907,0.0551483770150104,0.174740946566901,0.380997766185851,0.626305345643234,0.806632648012437,0.880972125449365,0.890097643426705,0.879949754196217,0.873270228797054,0.876885117580212,0.889030174975915,0.900926841038336,0.89963795874612,0.861232173092733,0.770880061064618,0.635607891255405,0.484876655390083,0.349460421065451,0.24340882982889,0.167032746428703,0.113712348608629,0.0771793238545296
0.0115399475298762,0.0156701652807911,0.0213570755535834,0.0294590643429236,0.0415542196542788,0.0607804851210758,0.0940542102057527,0.158540091068518,0.301287514250372,0.623561531547805,0.834604114695305,0.400175946222912,0.161783097740756,0.0747607785841039,0.0376648043393704,0.0194654288289342,0.00969965466538129,0.00427001137474478,0.00136457621148482,0.000138650301243928,0.000206662654128827,0.0014344748606884,0.00384877688388183,0.00760502559040287,0.0129743391853632,0.0203559844975308,0.0302969901843554,0.0435396969452314,0.0610581720466185,0.0841241655108553,0.114398540260123,0.153943990757174,0.205229546437644,0.27069315536391,0.351162220154006,0.443615633986794,0.503671914370274,0.110746041109256,0.827590990057104,0.639283109866712,0.122439828378584,0.127789104150712,0.525743858878652,0.776301650323884,0.883448035788657,0.915477900419051,0.913063699105013,0.897120961486519,0.878584765135799,0.862427016239858,0.852738417004626,0.848768686323513,0.851309567217465,0.859823703013755,0.873093038381319,0.888478995908115,0.90735506687367,0.921235827387858,0.926163804034386,0.915618795409982,0.883581908342612
0.0146560469521084,0.020716697172314,0.0296545731745217,0.0434641383226299,0.0661637315507802,0.106655776763742,0.186678205609277,0.36110280076936,0.705699504002495,0.839728481395149,0.460783097472775,0.225397532550447,0.123156442701089,0.0740212058900751,0.0473457742578819,0.0313861404071309,0.0211084441945166,0.0141155101165557,0.00917819507218554,0.00564477289370834,0.00318473800336483,0.00166282377973325,0.00114771174492274,0.00385769519526214,0.0643175704707724,0.579600510687566,0.607689486062485,0.262525193237371,0.10696930549294,0.0491330688261982,0.0248264026280775,0.0119669793707323,0.0044540092992703,0.000814337415109533,0.0002697315258759,0.003015140113548,0.00998276807604433,0.0229763838094956,0.0450157376381886,0.0808274000546343,0.13656186599737,0.222697689640681,0.345293233674203,0.503474414207034,0.671757837311125,0.807776996433627,0.882329710101414,0.901388124635727,0.890063314021147,0.87020521894371,0.85389062058766,0.852660669002593,0.859509269360878,0.875400975422043,0.894909640892918,0.907551852886721,0.897043655759486,0.845245243131715,0.742041289799379,0.604036712772461,0.455713928714686
0.00328737170005832,0.00438023499754186,0.00582742205034966,0.00779054897053625,0.0105439283050509,0.0145851039383097,0.0208945666452025,0.0316375809620908,0.0523566734834233,0.10057867122373,0.248182372186617,0.718023075933131,0.365101414240887,0.0956010430621119,0.0359390983385894,0.0157988481715028,0.00716008361685839,0.00298949923408046,0.000942815159796986,0.000106371375710636,0.000105741524120699,0.000814409633080885,0.00224886516534046,0.00453416809979314,0.00790918483289208,0.0127501326499545,0.0196273700776272,0.0294088719295904,0.0434127481560425,0.0636692915143883,0.0933522167775177,0.137340798458097,0.202610209661732,0.296206516500533,0.409484697617395,0.419468401882775,0.233321685676914,0.492008580475062,0.293038891202015,0.133584362379525,0.0260653323304004,0.00739489680903978,0.10648184508018,0.340773050386475,0.626478988960922,0.818447827535411,0.888485449579063,0.89461994879637,0.883654257905953,0.87621785420242,0.878203136039245,0.887901946838819,0.903175391236931,0.911281512943098,0.898617299134671,0.850649745868842,0.761168701675106,0.639913454145454,0.50861350472462,0.38786518519651,0.288363131692656
0.00885276893904208,0.012321131633363,0.0172861633214711,0.0246744692530116,0.0362595860759823,0.0557414886555123,0.0917534432425083,0.167133654146453,0.347110013042274,0.73199093972755,0.748048311622835,0.334570988734175,0.155127722183461,0.0833899170601695,0.0493919520028515,0.0308736588381375,0.0196826581716288,0.0123767114865667,0.00733848927374169,0.00377653465924556,0.00135922231171251,0.000120911512349454,0.00055437206224293,0.00352745475069372,0.0055107907065027,0.0460386466436769,0.173160058652644,0.0783533752371169,0.0374231219907552,0.0189036383964053,0.00952191276092848,0.00405261570716021,0.00103508959465783,7.34847382105654e-05,0.0013859977547951,0.00574528499407929,0.0146369426708007,0.030680649954684,0.0581724797376987,0.103679476295568,0.178167187883304,0.292482034100178,0.45049017073281,0.630850365545157,0.783875504271239,0.870508178346745,0.896947068945393,0.893689623976306,0.885666246119184,0.884253838385559,0.891624986058036,0.901306596659386,0.898684444958983,0.861780629560654,0.772660966423382,0.635683823888751,0.481262210457382,0.342401386909747,0.23524230481255,0.159637967703837,0.107284878365038
0.00570824557944036,0.00772779470228292,0.0104814252799597,0.0143490790724885,0.0200055163014179,0.0287462173971676,0.0433034249865408,0.0702297375106413,0.127933698497407,0.277492488174121,0.670618297161094,0.647991321691208,0.215121119654071,0.084984543669024,0.0400241057473412,0.0203944564463193,0.0104531218767177,0.00499170492087932,0.00194174792598595,0.00041156378674313,2.95551173988475e-05,0.000706418615060316,0.002555031869988,0.00588290352611228,0.0112415184198606,0.019533309478388,0.0322278514876789,0.0517022503736801,0.081894893065963,0.129315823472902,0.204298855177607,0.320032816563662,0.46415276811261,0.532983264415217,0.147795216374899,0.297102349909085,0.113306578658332,0.01244659685313,0.0269769693667668,0.177192427964182,0.439535247193358,0.693252123610847,0.842434131675388,0.896931715962053,0.905928140555772,0.902819384145172,0.902105130309868,0.906852129677286,0.913451231185246,0.912597559178123,0.888840873310207,0.833034844316492,0.73599919046083,0.610224877709754,0.478339121446612,0.36017013896316,0.264895920278468,0.192925005647216,0.140250763595915,0.102326134434482,0.0751675143154233
0.0114395682318022,0.0158480413677194,0.0221358019766977,0.0314808630609644,0.0461658603818413,0.0710453329977879,0.117715417959393,0.217451909590002,0.455093790248997,0.845509956547136,0.599326120095332,0.24732650705225,0.114075566999039,0.0595223830066213,0.0332280022891276,0.0189232053484389,0.0105029148997127,0.00533165435611478,0.00218473819527453,0.00048988609138823,3.34502426362439e-05,0.000858651061704665,0.00325778908292883,0.00785204644170998,0.0158012218020136,0.0292125349455459,0.0519543329429687,0.0906302334441205,0.149420750843014,0.145961749229588,0.191654036818945,0.239726670260033,0.0889833888531339,0.0215450794961457,0.00523740165272426,0.00292553015624438,0.0252290253540718,0.0720063475944952,0.148077846740368,0.261067250292888,0.411134996076297,0.581699845155537,0.738144815602352,0.847291149942587,0.900561579257192,0.912926998895399,0.905246534695939,0.892723299850797,0.884116582966443,0.882721866235138,0.887440180719045,0.900954707543224,0.912893494341038,0.91527692628659,0.895874404429266,0.842579055490082,0.751073173012705,0.630040060050877,0.499216241424284,0.377777323097967,0.276843009882015
0.0477210714620334,0.0715423141814198,0.110120907904812,0.17617283533498,0.295343356088113,0.509692130314515,0.808381838609749,0.899308603464038,0.641666679552684,0.388704492437191,0.239478252317189,0.155268542815969,0.10509824527887,0.0731358760975678,0.0514940715048249,0.0360477164475591,0.0245397643718512,0.0157214394158355,0.00897631179027602,0.00418016597735339,0.00174250652243396,0.0105611281479254,0.545739902493171,0.337336706639197,0.00568932733936536,0.0170688728032367,0.0881113270121987,0.235537730145127,0.466879851465308,0.703723931448832,0.840251046607378,0.882970926538964,0.889500603031063,0.884083845578346,0.847720821980108,0.733414369672859,0.531012958520463,0.319528183688618,0.171617992514009,0.0883192881715578,0.0450923451258319,0.0230646485542811,0.0118139922549999,0.00605189511053614,0.00311367662138106,0.00164638141152088,0.000920703151182673,0.000629156806443162,0.000579929821104167,0.000759608523101289,0.00131133317920707,0.00265260770865098,0.00577481873511412,0.013412954462797,0.0328423542938811,0.0875111297742479,0.258703249121504,0.664695872746402,0.603617398868892,0.35974630083609,0.246505947944257
0.0116046398039849,0.0160134671123977,0.0222485091564055,0.0314093740802436,0.0455856047635195,0.0690971429685351,0.11189602898591,0.199698546028593,0.401110250127812,0.781557174500009,0.721650422873231,0.318562560321736,0.144703675712753,0.0745412968733891,0.0415140952595349,0.0238518519152875,0.0135420217185369,0.00720845500010935,0.00327837421404267,0.00100306335516365,6.28052952607751e-05,0.000412589042903045,0.00224201489736204,0.0060041275210261,0.0125155674740623,0.0231583030805515,0.0401522487429848,0.0665371808225691,0.102518300012256,0.111268262676603,0.113933916448385,0.607325697982931,0.328527821400716,0.114847644277355,0.0265914239648048,0.00112675789249041,0.0164594024248664,0.0693457292583946,0.165738212331176,0.309800461409728,0.490351932634558,0.671702103710108,0.809822421244102,0.885358354496902,0.910650810364377,0.908947530899747,0.89901466112064,0.891493317352149,0.890700951661052,0.897015220458566,0.907178721746252,0.913200739678605,0.91093917584189,0.878969732078093,0.808018172317583,0.698319530646501,0.565431141504779,0.432352603802555,0.316635506332211,0.22535564022013,0.157264672580022
0.000719966601849566,0.000926387652051047,0.00118201630603602,0.00150250552918557,0.00191194920248879,0.00244923185093999,0.00318082252324926,0.00422875277964612,0.00584076698761198,0.00859008869515493,0.0140916892170901,0.028595727664423,0.0947694253629292,0.667551613469782,0.0353403933486954,0.00681262197640824,0.00169795869421391,0.000317133033115713,8.03946610476133e-06,0.000129022451608162,0.000481528464293655,0.00100151036949611,0.00167631141846426,0.00251808117226447,0.00355470191218509,0.00482692030742516,0.00639045117652165,0.00831674318147612,0.0106990637440778,0.0136595957454493,0.0173604636204773,0.0220201500067356,0.0279363791866025,0.0355293524295207,0.0453907380180925,0.0583763555784237,0.0757354801208878,0.0993305502187483,0.131898036854942,0.177402632974726,0.241025058893312,0.327472503761146,0.43225372401138,0.50515850574376,0.215907473095529,0.52351701812092,0.561573289372693,0.434753939211608,0.308567698939675,0.204564602533577,0.121170073928932,0.0545083832591438,0.0148702828113382,0.00976935627411611,0.125571098887375,0.450575293560983,0.782138847900347,0.849069652484395,0.785998763714213,0.722822666335512,0.674072391989592
0.0026865892880457,0.00357071236038788,0.00473705191054076,0.0063129632314772,0.00851434268789601,0.011732444824182,0.0167384223772971,0.0252376273466187,0.0416231228650598,0.0800593382294892,0.202570794424044,0.679962014229112,0.32130122077245,0.0759275337583536,0.0273897470291567,0.0116110146895304,0.00501122783249523,0.00192232954150148,0.000494121353685276,2.04519628539358e-05,0.000224154678682184,0.00102846509550578,0.00247918923801548,0.00472572764979345,0.00804008399540724,0.0128595345485574,0.0198745288234491,0.0301876047700419,0.0455395347669289,0.0686486816519504,0.103287788540458,0.152277357470408,0.204247434934477,0.177504504099679,0.00748956839264348,0.221501793819061,0.233609241468811,0.177699318073763,0.12990645538534,0.09270285526898,0.065847293401036,0.0459975451641916,0.0308668327327345,0.0193807535281507,0.0101946735804045,0.00434560821805919,0.000588129605988596,0.00153245435501217,0.010451590654328,0.0340521738817099,0.0853997010907845,0.18750406688284,0.323790406591452,0.577418708416685,0.784448681741576,0.864794072892949,0.845429060373208,0.793500301152104,0.745184374716611,0.711050853169245,0.692082268393642
0.00132852210561829,0.00173326216274228,0.00224813790154124,0.00291408303394702,0.00379628179764012,0.00500423618321059,0.00673452170798848,0.00937158897965514,0.0137579231219145,0.0220719789536645,0.0414776109232763,0.106690201258143,0.423112729546149,0.217449425193659,0.0359183032587241,0.0107761071814257,0.00367656357865166,0.00110465731247053,0.000175923355638529,2.03010410391326e-05,0.000329589257043803,0.000998290899078116,0.00201276259973201,0.0034137051802052,0.00528554166825522,0.00775868719558118,0.0110198437067574,0.0153370346845832,0.0210891851177982,0.0288225920751623,0.0393467206278484,0.0538646911384412,0.0742204406694347,0.103227843084486,0.145158451630932,0.205977184428061,0.291574353295606,0.395828417116205,0.439037225614764,0.0211658135526831,0.490372554045016,0.425837912815012,0.287354811305729,0.178343271499885,0.0943810765620099,0.0351523003812143,0.00353825252549829,0.0195445614872903,0.132357470027142,0.376376843533739,0.688900994834743,0.851890774516854,0.868957344084082,0.838578020808046,0.805655715819518,0.796364705515338,0.798389481172929,0.814438554347409,0.840985021072397,0.872139857200898,0.897750580079367
0.0478194719623533,0.0716254297347877,0.110205762624983,0.176443549077321,0.296697135652904,0.514760532513021,0.817146996886749,0.891721833751706,0.620046745060108,0.371505856877105,0.228969634464205,0.149678448329701,0.103009214106041,0.0737493940143636,0.0544317592041875,0.0412265656466134,0.0321551994920432,0.02640824028386,0.024584263155747,0.0322270648298499,0.100066915789258,0.611553168995584,0.508863295422601,0.51318841961726,0.0667003585368867,0.0121061675834421,0.000767750877160871,0.00219291509864321,0.0124716402525616,0.0341203867900563,0.0672181747772875,0.130891583973419,0.228169237558267,0.367079021297925,0.538413956357689,0.706922903445317,0.829052835980916,0.889113631316757,0.904656632622154,0.901508755991662,0.897268799287733,0.898188635176672,0.899723937929999,0.884008828066159,0.818826402578644,0.679299232428911,0.487976322938009,0.307949175145687,0.18059712778812,0.10167537549057,0.056025911245334,0.0305852304548437,0.0165839213309625,0.00898955289803763,0.00499772652867911,0.00309422034731721,0.00252500152322676,0.00337610215810419,0.00799434059729189,0.0309143755307208,0.203638282772199
0.0368839954438701,0.052940571668072,0.077253245004809,0.115955699072587,0.181364265124365,0.298789134161754,0.511540597205248,0.811787805463573,0.880782914167993,0.58508343579462,0.329465090390241,0.190483080687331,0.116168275168875,0.0736936188377324,0.0476583086528368,0.0307522980633089,0.0193077471504965,0.0113635414172476,0.00586533024465176,0.00226427475305803,0.000355564849569052,0.000198892804919501,0.00210881849870986,0.00665478922198907,0.0144333925308098,0.0242184283356533,0.0197792203559734,0.387989357883856,0.736357980949721,0.25413417285209,0.0105272027250538,0.0156043550846425,0.0694332785953842,0.156731733500416,0.270287641925625,0.407170377212752,0.555541528723502,0.695432899505014,0.806677680605155,0.879198901191223,0.915672662501576,0.926963187849106,0.924677829457612,0.91816892386217,0.913007673937981,0.912180999926976,0.915767413340479,0.921343309463646,0.922689050870926,0.909651846041124,0.868642912715363,0.786669316244658,0.667335438094104,0.523516450019119,0.382044973770791,0.262908502937048,0.172762140226738,0.109135607847919,0.0660509349545135,0.0387761809975633,0.020728391409622
0.0243479718499399,0.0351319568170431,0.051643022900855,0.0783617535334206,0.124813378343523,0.212809742891648,0.391642418111872,0.716294379141364,0.887502955857119,0.562896495566791,0.292971277637965,0.162882539491083,0.0982553890440396,0.0627737750308061,0.0414653925970973,0.0277167992696726,0.0183481767457422,0.0116867188048717,0.00684447911930054,0.00336062094836073,0.00107191907133598,5.91576367501432e-05,0.000412437345983396,0.000349029738686898,0.112151530822474,0.30034835915496,0.0649546924183564,0.01632920072582,0.00315082432242634,0.000127606934619717,0.00268719828167861,0.0105423565892435,0.0215683577857699,0.0421091324348424,0.0775995544844091,0.12727402099852,0.199263731227538,0.298907644052511,0.427107596721362,0.574108766738729,0.716648582698424,0.827133292247703,0.891395942510979,0.914853172375935,0.91393461210461,0.90389557725349,0.895080442727171,0.892264038352734,0.896453831916839,0.905202695550504,0.913671259785011,0.907418866232146,0.871652754012224,0.79319135175829,0.672121521780194,0.528133117452424,0.388556673364119,0.272070153291789,0.184068560604179,0.121044627558001,0.077103948737783
0.0212413444259248,0.0297842282258634,0.0422129017942381,0.0611019331124185,0.0915002981259126,0.144134717758388,0.243313923312228,0.441390389840809,0.772125198198006,0.856528563212015,0.501080702964244,0.25362572212833,0.137458327701603,0.0798981731979137,0.0484215679939089,0.0297076054200299,0.0178803235959652,0.0101307749429987,0.00502418639597159,0.00183717751664,0.000248924968132988,0.000222636044600306,0.00196332138425378,0.00594182591441724,0.0129830704846184,0.0244172604331315,0.0423263770617502,0.06982779923718,0.110372200048612,0.154513046424894,0.0521246930356345,0.751127526215882,0.399605607515658,0.0193948894695039,0.0483988506923027,0.169767471797535,0.353627941316225,0.543017929406893,0.707232554285019,0.824059109662135,0.890590102678106,0.918848976190292,0.925002665359185,0.922148238765245,0.918305157888305,0.917366939397355,0.920194508880738,0.924316134041641,0.924164312589961,0.910227836376545,0.871061776004023,0.797440507612474,0.690034352904023,0.56139807813655,0.431891975447517,0.317880563511658,0.226828618947916,0.158411565405361,0.108848802431177,0.073773915308383,0.0483288488159119
0.00216553226704391,0.00287118737586847,0.00379538863211048,0.00503153858521463,0.00673389163059957,0.00917311774606089,0.0128614289952396,0.0188671028198263,0.0297439235444297,0.0528435993579913,0.116026180955235,0.365165198958774,0.681192968677327,0.131787884887738,0.0402856471409334,0.0160832180303313,0.0069045339960728,0.00277762405311741,0.000841519954805803,8.33663233107339e-05,0.000121740346612176,0.000852535777461234,0.00233797849266365,0.0047871911860866,0.00859755751125652,0.0144509402382213,0.0235179021458602,0.0378755735814113,0.0613039409395543,0.100915583439016,0.169730216309328,0.286243572683951,0.437453547542458,0.381620483334246,0.0507763200316288,0.141172248869763,0.121578371660544,0.0715512360025651,0.0397181438443059,0.0167395294417339,0.00413180857682554,0.000559629609163753,0.0117440069290598,0.0486931975812778,0.133427605942903,0.293899124799432,0.527764531106873,0.749008049558435,0.86293219852753,0.884147385616371,0.870804417558613,0.861845968437983,0.864448724566497,0.878245068053265,0.895228747357947,0.899473391392965,0.869636397996283,0.788861906948944,0.662161821450635,0.516726567221772,0.382078557735046
0.0192996023667406,0.027053848392583,0.0383218283081789,0.0553998034198563,0.0827652076068125,0.129856998615248,0.21813544120183,0.395800844682906,0.714420959958985,0.868703998452243,0.529563312286936,0.262113392783331,0.137552828604434,0.077182190229118,0.0447570436824047,0.0257834544804557,0.0140377845654498,0.00663300275729417,0.00220429433747829,0.000194313096397121,0.00057786494051118,0.00379461245919982,0.0108224580363337,0.0233541383764955,0.0441264422487923,0.0772186433960226,0.128629416700408,0.205176553059278,0.310552683238834,0.417057112353094,0.664948272453835,0.80499921321601,0.405687713436891,0.85741148241233,0.905029954412766,0.910951742757133,0.911399229610173,0.911297704664246,0.909774483959421,0.895280292638445,0.846496385780782,0.740950606781877,0.581204519405889,0.406376542723359,0.259930946276504,0.157779037895081,0.0933843745234,0.054673428512619,0.0318131040668372,0.0184191875893258,0.0104303980249215,0.00597636662260442,0.00343610121579507,0.00205575846839044,0.00138700380164312,0.00120429984611822,0.00152431177454417,0.002859425541385,0.00728038364547697,0.0236645809733505,0.103557251703896
0.00184723601486396,0.00242593742630794,0.00317219552336596,0.00415371438566513,0.00548127062704346,0.00734725916737304,0.0101117055325522,0.0145165635952677,0.0223129092726193,0.0384904053001273,0.0820513523467766,0.262522308703935,0.692063954301107,0.103404696255239,0.0274161283386929,0.00978848046148496,0.00366221038739439,0.00117433986821697,0.000202314244211628,1.86128450187655e-05,0.000347158329806458,0.00109404689589762,0.00225705136903267,0.00389444618307167,0.00611832115426872,0.00910078781337502,0.0130962104268624,0.0184708041650333,0.0257611933583325,0.0357620417587297,0.0496861201306099,0.0693859162051776,0.0977398626950888,0.13908165465278,0.199175474136199,0.281845285510375,0.369683172954984,0.333075177306322,0.0360167756766117,0.317517229630519,0.272715047153823,0.210957748226594,0.132294371988381,0.0801201708925257,0.0445984402341691,0.0173433775080976,0.00251132311173628,0.00440371789802007,0.0363344432712801,0.110612426726298,0.283078428012373,0.537316174874148,0.767939872252644,0.862090050338403,0.857100460895752,0.815987652768259,0.775428392091909,0.747623070262674,0.73436750695638,0.734606300354477,0.746896170402404
0.0232287590865105,0.0328225863639753,0.0469874395750593,0.0689197383965252,0.105052837434505,0.169419219622754,0.294105021993957,0.540814344413411,0.867297805440919,0.756862156597971,0.401757556831737,0.206967935017006,0.115222795479557,0.0681990091873229,0.0416854111761507,0.025544982247578,0.0151871349572459,0.00834371761196974,0.00386079417163257,0.00117021608568943,6.25774981237644e-05,0.000610688410521715,0.00316884224887002,0.00845588162256241,0.0177602383380618,0.0333251903222609,0.0591488486642035,0.102307401146939,0.171979625320705,0.256104111651484,0.0728269715679235,0.288858519292558,0.0423529668905593,0.00327101375998874,0.0521406505248759,0.152148113915372,0.292657811923223,0.457227744639729,0.626269587834097,0.765745013184015,0.858112799290789,0.905035233506609,0.920436193374855,0.919332335540691,0.913186951736496,0.908404189876411,0.908091349120224,0.912165695496229,0.91794338413635,0.919504216507461,0.908484301007627,0.874098853434731,0.806528936613099,0.705703542686323,0.582982879359024,0.456738533695065,0.34297230411844,0.249771148811439,0.177985868759282,0.124747029061533,0.0858179739005472
0.00253893628814306,0.00336308984275103,0.00444118266464517,0.00588165456920054,0.00786413909727507,0.0107050119577695,0.0150062649000132,0.0220332297870021,0.0348433026150835,0.0623947420622314,0.139342635441023,0.441370676308116,0.592694421661042,0.117290376958188,0.0365711352644647,0.0142315665018541,0.00571040513103817,0.00198521035675164,0.000401496047671599,1.78193788643162e-05,0.000493173408919534,0.00175764838804365,0.00390856687290077,0.00719116825938376,0.0120346189277979,0.019125191368338,0.0295536235844002,0.0450850694166663,0.0685801835688283,0.104726773044823,0.160880734281595,0.246628139020214,0.364260861714237,0.457900381901466,0.180912525668412,0.304227348805542,0.32913640532818,0.232843872115468,0.142480676260401,0.0738882573974566,0.0270128850326475,0.00210112854519252,0.0209797314502743,0.129722858886157,0.376394963246647,0.677127237362298,0.84474434834849,0.877716568839788,0.866063380816892,0.856299003726535,0.858920627398996,0.876436089293935,0.895039603724712,0.89736376954305,0.859432459429644,0.765180560390162,0.625300863814823,0.473717651780842,0.340973152834236,0.239101260174559,0.166264398192946
0.0248839220261499,0.0355488707007111,0.0516095659172096,0.0770858586374292,0.120319168328764,0.199945059201876,0.357968035699296,0.654026345183498,0.896332811929706,0.629899941400099,0.326635730718567,0.175753570056681,0.10232823240657,0.063042796988559,0.040026475675775,0.0255416096147816,0.0159423088462774,0.00936587813449588,0.00483972723188932,0.00187044306151285,0.000288040906330505,0.000189241972152853,0.00197277484987691,0.00640178757699853,0.0142809190697133,0.0217149207545702,0.00674681437201352,0.556232700043487,0.221988216038289,0.0456255326903563,0.00533260058458444,0.00121991898049359,0.0113222115352689,0.0350715086587216,0.076004915759925,0.135188975118784,0.218602332359688,0.329377811710675,0.46435663790114,0.609778638543295,0.74250564658547,0.840712217117551,0.896526237739479,0.916914281703371,0.915944780595588,0.90659576786281,0.897377813138403,0.892847532714957,0.894658930070421,0.899936771599128,0.91101581088324,0.915268736329417,0.901549358722664,0.857182096132081,0.772566774122958,0.651486694931217,0.512551910710224,0.379190440039523,0.267248796824234,0.181439662009524,0.119349172258817
0.00628220262847944,0.00866447382285997,0.0120159219371284,0.0168971523080067,0.0243467059685459,0.0364635689268701,0.057959907254977,0.101012357257561,0.202490164983068,0.47777010708559,0.850906793491724,0.409598476619626,0.157640621783629,0.0737551802684889,0.0388071045984746,0.0213382882817597,0.0114624674907741,0.00546802048175735,0.00184859827235207,0.00014711704614842,0.000749052908991355,0.00540420866676616,0.019364384745115,0.059356100611892,0.183822687793994,0.504479898496841,0.378414941884428,0.00294201730254782,0.0770372421703038,0.0135846625773408,0.00991197173816856,0.00395645564319365,0.000417039568038803,0.00161665580620805,0.0116598478258879,0.0388144432406439,0.0988422893795046,0.216391851652359,0.409363548873764,0.63920900638051,0.80746044878087,0.876515021973366,0.891015188194391,0.893435887443897,0.895942356311123,0.887061445123598,0.83900601326819,0.727323470871405,0.562600036405307,0.3971907616293,0.264747960110594,0.172979883408172,0.113145224273949,0.0748027853062577,0.0501108870560384,0.0339530155281195,0.0232135423782048,0.0159552231552271,0.01096022414642,0.00749265268566079,0.00504410257021791
0.0453968598796428,0.0647572062797881,0.0937048849172309,0.138923090928906,0.213159198413798,0.340275235676728,0.554052941366689,0.828373151275882,0.895861772059637,0.636451539538783,0.376723659978467,0.221884279153943,0.135263181825226,0.0847200965286148,0.0535271746970287,0.0333155535595754,0.019782057295669,0.0106289078242933,0.00462459315739746,0.00116124108350562,4.69595637500592e-05,0.00141770960700992,0.00571077601581093,0.0136700786862026,0.0262740756397552,0.0443366594599346,0.0661862680673386,0.0731181488536885,0.145560039038978,0.508211964551918,0.68519354046005,0.302498486775018,0.214736072233872,0.508522399498098,0.700957545812057,0.822714871720638,0.888142993265946,0.917081954598044,0.921578632827455,0.915771546089561,0.908287610360844,0.9040753350131,0.904749264673054,0.908187561976337,0.906018047796954,0.881043929129865,0.806776887959677,0.664672001176275,0.475711718889479,0.296605099344778,0.167187526962085,0.0883815254917918,0.0459295088473096,0.0239433611798119,0.0139595014380122,0.0111756451854282,0.0162036522100035,0.0514982487666042,0.303707795878757,0.507363011844016,0.226193019180195
0.00428993604726305,0.00577043411475669,0.00776395075466936,0.0105210411104308,0.0144765392531891,0.0204391976238384,0.0300586221899547,0.0471077347562379,0.0817083473358381,0.167104267420046,0.429323958924606,0.817233924187079,0.284700654343629,0.0957660687704174,0.0413581354216276,0.020061224095653,0.00997683008537364,0.00467916473127818,0.0018076083061099,0.000389653292655228,2.33751099427207e-05,0.000596821625780806,0.00219383749660332,0.00508115987692298,0.00975537998359251,0.0170530441189598,0.0283803501027883,0.0461071822422552,0.0743578832872609,0.120366997770253,0.196321857616217,0.317850496061499,0.472421893863696,0.418028264684161,0.193067906427705,0.209702717423885,0.103932461526481,0.0288201154633875,0.00145943259871731,0.0278118668175535,0.133280988264443,0.334690049211226,0.588366330258398,0.786805764464409,0.878955935432795,0.900502500552574,0.897469118200804,0.893661170095491,0.896972608120961,0.90556217787481,0.910683132251014,0.898669887265736,0.851498863618707,0.760107394137454,0.633479808276815,0.495987589300672,0.371197305386055,0.270632315588515,0.195174959709138,0.140334028099648,0.100607735217929
0.0162075503934185,0.0230842162197639,0.0333539039965651,0.04946764209752,0.0764588215168353,0.125712887864898,0.225368254561649,0.442725407309327,0.809847993531018,0.77330738928391,0.396712778340262,0.200183208315279,0.112392387830573,0.0684587784445237,0.0437964045265911,0.0286161955702541,0.0185838249948097,0.0115934685545511,0.00657365542864059,0.0030158399286614,0.000791357882335755,2.88051773050339e-05,0.000187141171293023,0.0145232023716447,0.34151065224182,0.253041462331396,0.0785050907436814,0.0331743660073899,0.0133855152584211,0.00416950549836006,0.000397104596976792,0.00110454281009224,0.00714567164107119,0.0209577266744511,0.0468973788902319,0.0925688735242412,0.168549035757911,0.286659405455055,0.449655317951086,0.633442603260613,0.786884909251077,0.873317529475691,0.901158778321223,0.900599113749694,0.895439986618585,0.895965689972639,0.90208861976894,0.90307508862197,0.876318461138455,0.79772765139498,0.658137822727036,0.488148336224089,0.332736032715304,0.216016145370631,0.137092463360802,0.0861222377641532,0.0538416284314726,0.0334557345796252,0.0205421252907638,0.0123640740640001,0.00723774924648678
0.00147648092404339,0.00192751421579865,0.00250248064592622,0.00324838924213792,0.00424086498074614,0.00560828088958635,0.00758428085946812,0.0106339024599938,0.0158004516000327,0.0258715495227261,0.0504699166537729,0.139785975728718,0.618192385453515,0.151668575421255,0.0305605365129208,0.00980551391050491,0.00346409261081317,0.00107321916079747,0.000182985011977106,1.4467633480508e-05,0.000279211495793869,0.000870243885868572,0.00176228974945231,0.00297568656659584,0.00456357254325887,0.00660937130723159,0.00923023830887777,0.0125854394943716,0.016888841322224,0.0224356923344596,0.0296285666618943,0.0390290860498056,0.0514422912070712,0.0680219447111215,0.0904463741194374,0.121186512826507,0.163760292572624,0.222867510245422,0.303142729987133,0.401873412746997,0.471491727545922,0.154203113113764,0.649895135362719,0.56205560253932,0.350926702247514,0.157334851728078,0.0359904754122509,0.0102718663222644,0.155262497142609,0.473910713035759,0.762643532382345,0.87372323402625,0.872382508760701,0.838598250550185,0.805461288695362,0.782743097280614,0.773672078589155,0.776190363005835,0.78924511809302,0.811254300911689,0.839738890472702
0.0121565643951202,0.0166416103079033,0.0228962477444154,0.0319268442663884,0.0455892478900764,0.0675937090345098,0.106142846167129,0.18147000088658,0.346982503810195,0.69167128594793,0.815335105615527,0.386488148848171,0.164249905592128,0.0781196360575291,0.0397212641933783,0.0202958160490442,0.00967675838381132,0.00377983204160731,0.000821982157099947,4.24576680602474e-05,0.00122551353553301,0.00452574525059932,0.0104318500235988,0.0198097082006103,0.0340314753950241,0.0551336308691059,0.0860821779811461,0.130919761001383,0.194662774750598,0.281872444002507,0.391055504975418,0.494381909897429,0.313298595273155,0.826792580485453,0.777554045518316,0.539824867758638,0.149329907991602,0.772825639561286,0.882707945019394,0.895594054198621,0.891259099152602,0.889783926997746,0.894603521967801,0.901789268192502,0.899848288635728,0.867995923011321,0.783344988950088,0.640584943763759,0.469795509889877,0.314641391904472,0.198730796169304,0.121035917516603,0.0725087340511874,0.0449014308350149,0.0267096200812219,0.0158328215129964,0.00956401774105407,0.00604679095388857,0.00437442711948209,0.00429413335557548,0.00708048063297153
0.0218978698731767,0.03080680019581,0.0438572793430605,0.0638648695317409,0.0964304436335154,0.153605787976657,0.262903180720894,0.481178222296462,0.813997902311417,0.805802008255388,0.445644816208079,0.227108468694847,0.124864875808721,0.0734033264973612,0.0448403135474523,0.0276566226034161,0.0167013760599643,0.00947173690690603,0.00468847113914975,0.00170109199072558,0.000223569926573257,0.000208151765673954,0.00175720795837548,0.00493101971590141,0.0090007615479836,0.00954301376786679,0.0030645683383662,0.553596614489236,0.774569503483068,0.726002571855505,0.365683480923203,0.123526452380742,0.0319266576441557,0.00230982721504155,0.0102996930871349,0.0375040027702638,0.107692543394101,0.135095667457586,0.309345359448193,0.485106332731183,0.660369229798982,0.7995225245627,0.880767709768316,0.909793465956119,0.906667298998542,0.890735577556065,0.874420232174336,0.864308740216714,0.862914599268344,0.870094671452469,0.882258220968087,0.902060610139573,0.911395626304142,0.898039273615918,0.845039911316976,0.742091426681645,0.598851328327962,0.450003462598657,0.313778892921046,0.207818158684282,0.132342157217486
0.00521454138731889,0.00695041557153955,0.0092521956744344,0.0123811598645811,0.0167831784055335,0.023270597201253,0.0334576048979919,0.0509105747023442,0.0847525847462732,0.163028561132278,0.385952922284083,0.828850770018399,0.373551429822779,0.118441397730684,0.0481475432190969,0.0221687996292204,0.0104835605565155,0.00464312969878349,0.00165944701760021,0.000303293208361649,3.71726341765413e-05,0.000638111308629727,0.00205184876457056,0.00433342578575563,0.00762402291925758,0.0121532157780863,0.0182423474438403,0.026328216566454,0.036988450108191,0.0509937852978766,0.0693432949342363,0.093325085554254,0.124592862326469,0.165045266730212,0.216966002391844,0.283457015405599,0.364945906424592,0.461574858417887,0.569408627142441,0.679755036898412,0.77953720830031,0.840768092360659,0.904510018830699,0.91844316360975,0.880535814112354,0.91512295067243,0.901843355310907,0.887663529049038,0.877530294814171,0.873440977746432,0.875959942155059,0.884556495288161,0.897542765484019,0.91144859707942,0.910419795170192,0.924189831155593,0.909731475511498,0.870606426946962,0.804450629135408,0.717663461992101,0.616478199031069
0.0315709401465566,0.0456689200748093,0.0672795246292681,0.10219286529498,0.162387260849482,0.273527124015115,0.483761484077752,0.797882718032946,0.875273716949492,0.568347084562585,0.31598125285485,0.18317027459264,0.11291329224043,0.0727553523696245,0.0479595530201806,0.0316400146427736,0.0203507411968903,0.012277438323074,0.00646242961201755,0.00247491777020001,0.000314933665400888,0.00051666625512197,0.00459520096899889,0.0163938043258766,0.0454602577007177,0.0842447444518524,0.182923037599259,0.0847145471507616,0.0077470456149736,0.00324278021778477,0.0276069658990356,0.0778966166413595,0.160432730228731,0.281249072442551,0.436625606267539,0.604394358723523,0.749652290843134,0.847465937758564,0.897881352609126,0.916568316752287,0.920609545111684,0.920631239712417,0.920928435189333,0.919331375887859,0.907963704707199,0.873347798159382,0.801801327281705,0.689321445984023,0.550157869427334,0.410346784077396,0.290493212920434,0.199753925007477,0.134946171527548,0.0902426617777773,0.0599079282002429,0.0393982709431376,0.025530713450358,0.0161674704235223,0.0099628957558304,0.00556557875600659,0.00291372343031898
0.0104443400558267,0.0144619444772956,0.020165455622768,0.0285730884476725,0.0416163012855688,0.0632800293617687,0.102726460278157,0.183665832287279,0.370802322362055,0.748626625329255,0.7541727702773,0.338650059949519,0.153420148474859,0.0792733612712653,0.0445126677142239,0.0258838164660427,0.0149215108706074,0.00809101309845276,0.00376366612647864,0.00118751980260479,7.90642541321818e-05,0.000488382622502743,0.00278827148544858,0.00777838033543447,0.0169520369893823,0.033021023654194,0.0610462964664071,0.110656288539448,0.20001748879682,0.359486642569723,0.588568057551419,0.617336938189466,0.117575298570627,0.0685229596311843,0.00208741745107214,0.042706610251543,0.194859510438496,0.434266429400924,0.669026707022672,0.821378390938397,0.88988298045316,0.911476193550014,0.916155790516359,0.917917061561484,0.918876536268325,0.913195092616064,0.889034153194509,0.832763293496728,0.737772467723603,0.612834969627612,0.480271951625497,0.360123336902418,0.263103806851058,0.190152493967372,0.137187447139229,0.0993624297354682,0.0723909667121595,0.053087541067297,0.0392120780829456,0.0282688581285795,0.0210038831951328
0.011760796194277,0.0164467041507247,0.0232140165011487,0.0334001463386331,0.0496079924027413,0.0773847452477807,0.129930163749219,0.242055739632156,0.499606564799283,0.863082185418102,0.606281024322357,0.269773990141643,0.13135686946063,0.071360534725413,0.0411966765301965,0.024125746215703,0.013622542741968,0.00684828633561336,0.00254318820524143,0.000313261316175882,0.000508657074786347,0.00460591092647018,0.016541041632889,0.0464851510451659,0.115829560840495,0.16237113772697,0.083366142418314,0.145223862387515,0.0827485822446865,0.0349432974868742,0.0115646022089706,0.00136766702918758,0.00358718664868379,0.0259807423778176,0.0837284984005592,0.200860104450519,0.393782991091639,0.624958377219816,0.79994741472608,0.876578701808668,0.893163065919135,0.893419268282037,0.895743957967242,0.896544408856793,0.874191081818686,0.796029255812825,0.648100132560994,0.46602854388955,0.304895572879964,0.19044145649848,0.1169971368631,0.0719379902651545,0.0445200245072049,0.0276719603372545,0.0172304051775231,0.0106972987873358,0.0065942970210162,0.00403240603702992,0.00245872749974517,0.00153524769403689,0.00105133948612999
0.00605604803421511,0.00809330526918436,0.0108100269518532,0.0145295100368806,0.0198096924255876,0.0276848212224206,0.0402442303182536,0.0622143168512047,0.106016086601509,0.210519752987128,0.502509453854306,0.815278666562733,0.302404253089019,0.104768176940833,0.0447150937886476,0.0210169275000355,0.00995791169270034,0.00432755396256988,0.0014533655607489,0.000206085985678578,8.98286407976491e-05,0.000908476927178078,0.00263470791478754,0.00535653293800116,0.00926500509950073,0.0146528799610965,0.0219364400126401,0.0316844486206333,0.0446771680400507,0.061960212311537,0.0849338996298653,0.115476246847695,0.155986722002664,0.209395872027845,0.278613775638192,0.364531694178964,0.457568939844161,0.487498185508699,0.638919232733425,0.847863861301135,0.683535490135696,0.226916136116992,0.0598841825109156,0.51406109624266,0.800414783234105,0.894315002700153,0.908619579796514,0.896441225429783,0.878105945715802,0.8661759325827,0.859883117934869,0.861150984922354,0.86969305787738,0.883933597653418,0.900894040674916,0.915373434092783,0.922734952152902,0.912070428829825,0.875960889352476,0.810247246061501,0.717455732285964
0.00772129974643773,0.0103650537415044,0.0139252970010538,0.018861956022739,0.0259872455265577,0.0368506117026356,0.0546916260791092,0.0871764750592194,0.155409961023297,0.325980749316399,0.733270456376054,0.638141966764154,0.216269411237108,0.0846270133168596,0.0385347878788502,0.0186307621179679,0.00884187095246283,0.00373823163228241,0.00114493154827828,0.000105843904799753,0.000189204306540967,0.00122418060063586,0.00319127710816785,0.00617483561039168,0.0103503248788396,0.0159779169028806,0.0234154452600495,0.0331358161321732,0.0457490686273671,0.062051609512532,0.0830481244271307,0.109999662914424,0.144484173918085,0.188353556199898,0.243380959836623,0.31151487909931,0.394251602707663,0.490450555957003,0.594910667168702,0.695315271911284,0.742605048408344,0.856750698854363,0.880959378411016,0.61852107484131,0.546667650464883,0.890123093462818,0.91176188427161,0.899220671684568,0.881305268914186,0.865821807705451,0.855452803958715,0.851425196548592,0.853731824934975,0.85967114664175,0.873707757758171,0.891301420805878,0.908491306787497,0.921456977323932,0.927781179475053,0.918960218214619,0.890458792025705
0.0146371764619963,0.0202706333669614,0.0283117377954568,0.040281772843033,0.0591341879792658,0.0911592144505074,0.151232993402814,0.277826506711858,0.556917000677537,0.876900733215284,0.556877859349105,0.243615352113403,0.117233020721,0.0624612054821112,0.0351966132335488,0.0201128078551098,0.0111629718621168,0.00566970079208655,0.00234211062512387,0.000551695193356277,2.48872630738288e-05,0.000716389971761887,0.00276706433987198,0.0065090094446712,0.0125071671873595,0.0216394152025245,0.0351431755617509,0.0543546831833359,0.0785509468397561,0.0923694734649561,0.0217619654226519,0.542068214252161,0.593769395887365,0.338238319163378,0.145091269586657,0.048043079148761,0.0141050040495147,0.000996874368125876,0.0169510230547927,0.0484270610062424,0.117897720264582,0.213718956271668,0.34989293024953,0.514553253479171,0.678211200332472,0.808113828375159,0.884559622591576,0.91107909784635,0.905203817297076,0.884483094265719,0.86091682209886,0.840677110455592,0.827069733167411,0.822769342713575,0.825416936992431,0.835617648654985,0.852173991783576,0.87316429645312,0.895011961432306,0.912371861694117,0.917488051114948
0.0249063300764515,0.0353317488311428,0.0507924090673498,0.0748126531409588,0.114453320617503,0.184820035929467,0.319174684684074,0.573674171835956,0.877979966446295,0.76282212496834,0.425854400911871,0.229087151490134,0.131887953949227,0.080496891347329,0.0508300855670811,0.0323761549025829,0.0202272955673368,0.0119379889424196,0.00622934831060145,0.0024614600719254,0.000412221853302165,0.000197817602321161,0.00232098140701178,0.00785946059348147,0.0188691555438308,0.0391211133899081,0.0737949569038277,0.0986236760499525,0.249969222146393,0.343213392849881,0.0383659093841877,0.00505377812325025,0.0413545068449882,0.127524612719973,0.251882216161015,0.414590843991268,0.587529512788708,0.738367916089062,0.842525473948198,0.898115528416232,0.919495085503837,0.923219207616593,0.921639920284527,0.920960851954646,0.922549466406423,0.923242414654415,0.915135612697304,0.885953422209279,0.822819720551677,0.719991223599428,0.587459857838363,0.449861985496641,0.326698308852343,0.229123986022867,0.157221562095441,0.106352148716817,0.0711286761736842,0.0469164947460297,0.030272992060538,0.0194329008359361,0.0116558840827631
0.0099695451063315,0.0134386629558753,0.0181363993499525,0.0246775374956165,0.0341375183578702,0.0485311472348708,0.0719721533902961,0.113813508638727,0.197924502227264,0.388398629761051,0.759974044001045,0.709087987896053,0.291041547834298,0.121104482807319,0.056329676503041,0.0273848972451466,0.0128805625539694,0.00523761845258901,0.00140247924908176,6.1923420017885e-05,0.000694841729773464,0.00321624501761306,0.00784732075873195,0.015085645419396,0.0257478975016082,0.0410335816589812,0.0626358609126611,0.0928857701109078,0.134826988879479,0.192077255135101,0.268236848705253,0.365063075707013,0.477817619992543,0.58856378035197,0.589068315672028,0.81705309215016,0.882642999584955,0.76282920063373,0.264558809051032,0.745185287448076,0.887387407658756,0.890351811898358,0.880228030558158,0.877481072440245,0.881454151408915,0.892027239610136,0.903824151185619,0.905463369119384,0.878010134297436,0.800671164840631,0.668275154972816,0.50516713758544,0.350476019634174,0.22882639242024,0.14446937959668,0.0894591002186499,0.0547399632655832,0.0333816805373871,0.0204922431852638,0.0130634836481732,0.00944091337163394
0.0166970056002393,0.0237088644938064,0.0341137460802791,0.0502961420815376,0.0770751067394715,0.125116330467394,0.220074231523574,0.42233949300023,0.777547505639683,0.821554869740019,0.44677270579903,0.225568661535046,0.125436268619886,0.0755678097444523,0.0477502060527279,0.030707746767654,0.0194749090210144,0.0116606931005415,0.00607504923960996,0.00221552475893218,0.000188140399035649,0.00113244961970452,0.00915374926579848,0.0401912800702362,0.169250945894695,0.459970748031941,0.00588842561356166,0.016526785740491,0.00432488715365147,0.000319461024012438,0.00188730376777181,0.0109962609741277,0.0313883210029395,0.0695479782939289,0.135220155631044,0.239790578365014,0.388521503593109,0.565653075188997,0.729268084507808,0.839883830871507,0.893224202923254,0.910513008478944,0.913790559561679,0.914664311349451,0.913681503511015,0.902130477064029,0.863874916062419,0.782853876800083,0.657854890060851,0.510538178855886,0.371478651926894,0.259509075077093,0.177740008261531,0.121048055994393,0.0824883877514513,0.0563744316833044,0.0385563915441621,0.0262347491211183,0.0183921757602193,0.0123683360062157,0.00808485896854786
0.0212771364724453,0.0295547127463292,0.0414178026511381,0.0591212992009782,0.0869948007923394,0.134000623860918,0.220108936490252,0.389647474380836,0.69638119543667,0.886076217539777,0.560422853797802,0.272793429522416,0.138790569990207,0.0752411887758237,0.0420017273115574,0.0231415934982652,0.0119033616567681,0.00517258612273595,0.00145320396476965,6.15020859380474e-05,0.000789073161193255,0.00376804039658885,0.00943762918563217,0.0185686868833817,0.0323507660591249,0.0524748381337346,0.0812646025752823,0.121606246012494,0.176415144725699,0.245831518074866,0.310903132519197,0.184147995202847,0.764666557915157,0.848299613225228,0.594954138462029,0.153261222625869,0.693723542304571,0.859548375870712,0.905269466063474,0.910935677341757,0.904242159200843,0.896741505765396,0.894105300483104,0.897448847153681,0.904241080190897,0.906198724241679,0.887720746053385,0.826060037470402,0.704784073072537,0.53743217237985,0.366866457168978,0.230069473823429,0.136906388187393,0.0790773875344828,0.0450325001268358,0.0257689477540373,0.0155632551026051,0.0109756870527653,0.0113410305466155,0.0230182996126584,0.113553920330406
0.0266758922244577,0.0375102225625749,0.0533865471005428,0.0777470750051963,0.117432756731904,0.187016580222091,0.318441969693988,0.566955771970132,0.870993468894529,0.754926421848041,0.408234001552287,0.211025885387416,0.116379630262883,0.0676395017320864,0.0402578536362573,0.0237683936543356,0.0133777952470533,0.00673853558206675,0.00264542451362961,0.000503160098040027,8.70025047239047e-05,0.00143008645292376,0.0047889844106345,0.0106404579069214,0.0196931509620386,0.0327909608336225,0.0504089933351618,0.0699445796388629,0.0709669240841518,0.0426515530405828,0.693696673893103,0.802684499742206,0.551267752968901,0.0836544482670142,0.0186986251689694,0.0983524407654195,0.280445964425669,0.476593002122649,0.656055175524465,0.786635518228509,0.876233741398589,0.915318839624924,0.923126963835597,0.914689250972891,0.900907317841061,0.888290044006901,0.880752074831172,0.879866435936068,0.885798350302696,0.897170735444169,0.910626974683496,0.919168501767825,0.913192715066097,0.878742817138286,0.803694588968448,0.68709094287863,0.544860024237385,0.402311434240755,0.279840565821102,0.185590883375046,0.118370560888754
0.00548335841294846,0.00747758693994995,0.0102281012137169,0.0141403759051427,0.0199414355948307,0.0290416659177025,0.0444496689809184,0.0734614637555059,0.136832359231088,0.303187485691458,0.721129372502519,0.62698065192491,0.221714419138711,0.0937837673100813,0.0469868279798959,0.0256115502289998,0.0142704660538129,0.00764720929772034,0.00359056868958995,0.00117774848197898,9.05238837230016e-05,0.000452211642318502,0.00294707772143279,0.00934891375517561,0.0240863364485095,0.0587131482911697,0.140295246658675,0.236680556670237,0.00714577459009466,0.0723469804532846,0.0474845668784725,0.0298464034394995,0.0157286142859735,0.00702103620122386,0.00195222236610236,0.000118342226855068,0.00207790534118241,0.00943246384222815,0.0254456683998655,0.0562202157791066,0.110788743599577,0.203300147306981,0.346769253249539,0.534957452198567,0.721058286730058,0.844276399461283,0.89207234600183,0.896358586255196,0.889584513325534,0.887626289380271,0.894261582921428,0.903279563264116,0.899035375431787,0.859696968463043,0.768117064257325,0.63054995451744,0.478017847508802,0.342107499175136,0.236680178054408,0.164558328975124,0.112559881917789
0.00919618538920899,0.0124619300993541,0.0169255860364455,0.0232087633523258,0.0324142406808649,0.0466423951002105,0.0702894364657019,0.113613310903946,0.20377765780845,0.414895552908638,0.7934898962775,0.617138294918871,0.242863367415917,0.103265214672805,0.0490131097815455,0.0241245801692343,0.011378336136269,0.00455517663450696,0.00112934109086454,3.95059157480453e-05,0.000926479629162906,0.00385661653662174,0.0092487909236673,0.017896132927184,0.0310673131319121,0.0506926046319457,0.0795899629418826,0.121691106063621,0.182234514882125,0.266725799650244,0.378780582263047,0.514709484765904,0.656984137712076,0.774270032718444,0.83077882242648,0.720787457223523,0.533276484736802,0.539433263995023,0.182916198044838,0.424690107614953,0.861336840770224,0.89157282644075,0.904257522413659,0.908852344748966,0.908064598102026,0.886472370308107,0.824164842703171,0.703990414199531,0.555873615896112,0.400781026909425,0.271646520145601,0.177462092770307,0.113705827538931,0.0717188152335528,0.0466446309292715,0.0290853442838009,0.0179868085434789,0.0109514353305384,0.0065427026254308,0.00385450114722642,0.00231559734382053
0.0100555368958939,0.013967002841679,0.019544224885947,0.0278061810387792,0.040691039470474,0.0622215437982707,0.101713070834158,0.183478993943224,0.37473566922007,0.759841435377166,0.727461572012919,0.318614930136392,0.144075398914938,0.0740951269612418,0.0410095207130898,0.0231553225924919,0.0126052739308004,0.00607484786214543,0.00212693543596103,0.000228664473611343,0.000453344384860224,0.00350161071569679,0.0110300714633024,0.0264603580814227,0.0568510745537186,0.116775952206493,0.233730213533535,0.429087651742306,0.515162338213036,0.132899881789602,0.185858117589539,0.0629262483085772,0.0027974726667826,0.0592768053827036,0.289091978068883,0.608481633392873,0.812192730072846,0.881773742006794,0.897305918434769,0.901236594070346,0.899743914337364,0.877926374407776,0.810893674264207,0.684974265197325,0.521509428360577,0.364192744362496,0.24155638141039,0.157000015126337,0.101876820702947,0.0666107289652816,0.0439290397985512,0.029215634373812,0.0195280276539254,0.0130399645028116,0.00887530073641816,0.00589011643531506,0.00387418519933352,0.00251035110634643,0.00159680317327783,0.000996083444654841,0.000615884137828809
0.00803255355237446,0.0108501621150323,0.0146842624508005,0.0200637562555516,0.0279333847571272,0.0401202677843138,0.0605059778775984,0.0984439827227847,0.180039246261655,0.385526205042165,0.803991447466493,0.56465514744841,0.200582555221302,0.083413930585176,0.039595943226605,0.019773136738638,0.00965276063267027,0.00419121627879152,0.00131736434796434,0.000124240187268419,0.000233888475311722,0.00155843257359542,0.00421481569213984,0.00850473905062372,0.0149431856680817,0.024318123400329,0.0378002951363597,0.0570223546587786,0.0840611627055537,0.120571501432437,0.16323000996863,0.182057645684118,0.0485904324395111,0.540217612185644,0.674613461569096,0.525446932767947,0.349609831849618,0.202511323866011,0.100746150361714,0.0359932705962327,0.00416692025600566,0.010283487657067,0.0702409274925585,0.206174523687766,0.421026245858723,0.657433171438975,0.823290663348064,0.888313318779775,0.888251250572392,0.864246601808018,0.838836998070414,0.820979877392385,0.813783996856436,0.818562072058265,0.83278113928773,0.854803139915012,0.880486762690888,0.902609274925001,0.91009927975485,0.888342031876161,0.824677615305326
0.00160522734680329,0.00211267053943266,0.00276940201509973,0.00363651191753013,0.00481414769560141,0.00647661719958649,0.00895097001075904,0.0129135182860688,0.0199679058535932,0.0347167724554765,0.0749260202597321,0.246673601121086,0.687758031610237,0.0945020751693278,0.0253104230665995,0.00916800297580291,0.00349743411259006,0.00115781048666747,0.0002167081242932,1.2748226852996e-05,0.000299562286462693,0.00100232279953981,0.00213803401715076,0.00379187277140669,0.0061185030468316,0.00936568554545377,0.013913559351636,0.0203519465799667,0.0296227532569964,0.043250298385553,0.0637804699278237,0.0954617136392606,0.144947536783066,0.21928373653401,0.304364859248908,0.246400263859873,0.0622175213475079,0.233259016176551,0.169623563703756,0.130786334256412,0.0808112091867748,0.0483910500407671,0.0260224358346095,0.0135214805118456,0.00287059422979994,0.000553130292848463,0.00856119239257818,0.0348335780464855,0.0952687591623697,0.203684220758568,0.403607664427468,0.645472111594568,0.822104812623455,0.876733185165873,0.853996954203037,0.813196859828271,0.780775824516747,0.763705353023897,0.762681907030087,0.776106681391924,0.801557045283391
0.0263692730348253,0.0382408166560939,0.0565178503812824,0.086231605699925,0.138005088095955,0.235634681121613,0.429504475948583,0.755159415973826,0.883561662651517,0.566858153104233,0.306456460280333,0.175210191869909,0.107766208119955,0.069823047780873,0.0465784256649961,0.0313105194290087,0.0207120061705451,0.0130583825027537,0.00744389965063527,0.00345826532445037,0.00102967912350152,0.000156625353932161,0.0037949078023325,0.495283867093462,0.480043807296937,0.111400362157034,0.048520949373004,0.00509713337548448,0.00106392691075587,0.0135568605920762,0.0469398230273299,0.112261875594098,0.224891653624759,0.392829151960424,0.592514954274585,0.763719292710084,0.861901231943471,0.896808092240624,0.902080243561716,0.901268119615685,0.902052724205556,0.896670305135079,0.861820544018144,0.767310988975344,0.606744551796151,0.422261748476802,0.267047049232297,0.160496222887003,0.0945230497308018,0.056059553184151,0.0329336701192954,0.0193363957354493,0.0113246727366384,0.00661923698021786,0.00389956732645717,0.00238723846379132,0.00163517515071498,0.00144473725245532,0.00191502260324074,0.00406172725766312,0.0131810655615251
0.00148888800103187,0.00193668006444999,0.00250304142432501,0.00323067850286483,0.00418721009492289,0.00548529636061164,0.00732533246993833,0.0100947578909202,0.0146300490284728,0.0230495697707669,0.0421023267965813,0.102997048301955,0.437976508742569,0.247224801706274,0.037591654255724,0.0104915237265515,0.00323022135872799,0.000783277335224942,5.23767687690442e-05,0.000128287949760278,0.000699705947378468,0.00166785709317491,0.0030294010735075,0.00483715903910586,0.00718869541057964,0.0102276123514045,0.01415186249526,0.0192352099456096,0.025848688490421,0.0345047013442615,0.0459133752293047,0.0610829224097661,0.0814334193750875,0.108973161219424,0.146525515111266,0.197862325050996,0.267409824471421,0.358531975417285,0.467465957582322,0.56561604171503,0.517384780411387,0.231312503749369,0.664302386035278,0.586318918679586,0.450393833051843,0.300480843635827,0.149858977038054,0.0232156792274724,0.0874854014085579,0.562621817233492,0.838500897609269,0.84364572749358,0.807421961610475,0.782367672789819,0.774547625373455,0.782347324440616,0.803331434783363,0.833867638743348,0.868018232940847,0.896497681035838,0.905953890331995
0.00131625640639738,0.00172191110927318,0.00224070972467802,0.00291599122635017,0.00381746886802892,0.00506345901763609,0.00686922209120657,0.0096629273652817,0.014404145636322,0.0236519581268775,0.0462194343400335,0.128139084750165,0.596974081891409,0.153396883463438,0.0304177485073688,0.00983424714078999,0.00354238735341149,0.00114081450340664,0.000217144433532471,9.12196133570009e-06,0.00023817726181253,0.000806520969630525,0.00170074455909065,0.00295876828130168,0.00466091243731968,0.00693320077092333,0.00995906997542495,0.0140063992772899,0.0194626238846489,0.0269011872052456,0.0371982937751058,0.0517082149749353,0.0726009057683358,0.103364699664766,0.149558287460447,0.218957922624613,0.315852747728295,0.398437974078139,0.128618118712678,0.354754131028656,0.311117341050974,0.183044739918576,0.10493649084197,0.0422469133088077,0.00880928209621664,0.00228361099005516,0.0293107868960497,0.122604108572676,0.308058393565915,0.569533568241846,0.789949726073787,0.878186795959743,0.871813094595147,0.840004153436482,0.810638181962134,0.794268407604912,0.792980478160213,0.805404888558004,0.828830898890903,0.858699541972886,0.887472790331243
0.018183732579488,0.0259090973788332,0.0374483723937016,0.0555435291664089,0.0857925388032082,0.14069263255775,0.250202286319067,0.480138863297172,0.832756907919057,0.773251472472231,0.411138686607434,0.213508497389562,0.121882563200637,0.0750514679356839,0.0484303133285451,0.0319131255017259,0.0209387744706928,0.0132609261397475,0.00771998999933629,0.00374558275311064,0.0011556131768291,6.13741189002523e-05,0.000227830358673645,0.00402078405607764,0.334671850631473,0.415799386214804,0.109785855113687,0.0415807803562327,0.0130053999880583,0.00251503622509907,0.000286878665811087,0.00524255453408909,0.0188329918823604,0.0469005373131876,0.0967301607648777,0.179609314346378,0.306504074378595,0.476037220137427,0.658037007101021,0.801715178038628,0.878853932036062,0.903080038079271,0.903127403221162,0.899769020639112,0.901250109482674,0.905637953672751,0.900803573488212,0.864501067420867,0.771621925453916,0.628366237360018,0.460953059045,0.313073969656891,0.203190178618304,0.129168865196536,0.0817932759217114,0.0513833939409297,0.0320844309211534,0.0198136706599481,0.0120049461494848,0.00707071901484812,0.00401995164015908
0.0344437281602165,0.0505123298929789,0.0757304004481472,0.117640949806199,0.192193726664334,0.333157125402893,0.59123919420918,0.880466359410293,0.783702625880072,0.470046766368668,0.269414653678284,0.164271173119226,0.106616379671697,0.0724771329098461,0.0507885809656948,0.0361949240413689,0.0259197513420815,0.0184508963799404,0.0129633402733366,0.00909566278651448,0.00705573478241219,0.00972531432402943,0.0700302929850208,0.655234792083789,0.351849905681781,0.0465345420018682,0.00987481683770613,0.000896714206156724,0.00100435088782437,0.00696263973070221,0.020054043680303,0.0371824871210475,0.0707530732896585,0.121233997536657,0.195888611733754,0.300612983787361,0.435410736471163,0.587497160507606,0.730007444485533,0.835300722542808,0.893216728353525,0.913761073428687,0.914546714305954,0.909696304241197,0.907547430205716,0.910182773310705,0.914167350992535,0.90965973750294,0.879432237165928,0.804655655121158,0.679404320609197,0.52307495826235,0.370758380206709,0.247602146087429,0.159068420766412,0.0996188149371653,0.0610010556738948,0.0363719294515252,0.0207967603993971,0.0111292092040495,0.00537384757736644
0.0202345372454958,0.0287241191713737,0.0413705408243608,0.0611770783731064,0.0943303396436478,0.154709543574017,0.275653552957237,0.526270761703958,0.862731617001456,0.712622926890669,0.361140525475035,0.184847012823599,0.10386844555485,0.0625669415903619,0.0391815446787923,0.0248237640211994,0.0154765649171366,0.00914810301377772,0.00481496543560028,0.00195509976517039,0.000368014887950395,9.90658461274862e-05,0.00143339809789385,0.00482050344174035,0.00989602605893539,0.008716750110919,0.0862147028947086,0.554102856210941,0.217472171156701,0.0611274849925137,0.0150576470238736,0.00169374386762349,0.00149750356068617,0.0111013474576668,0.0316331839869565,0.0534579321157583,0.100906197181014,0.168731022960602,0.261451628004852,0.38276003247581,0.526279869093791,0.672920021826894,0.795795960847914,0.875343015967501,0.910593035934637,0.914769740395044,0.903547797983554,0.889186701257764,0.878404341360869,0.873087920825879,0.879514414953358,0.892371393763361,0.906036992588621,0.91451885332324,0.905926042438859,0.866240223349513,0.785449432540465,0.665932168343811,0.526229945411822,0.390427207560909,0.275382529289013
0.00366897644827438,0.00490228947354326,0.00654190462595191,0.0087750437188866,0.0119199752085266,0.0165543751488639,0.0238219048439113,0.0362450513229191,0.0603001405861815,0.116393680494934,0.28603059411729,0.767952225477817,0.357468525903318,0.0989023720741692,0.0374522666528829,0.0161381119706876,0.00692421270848984,0.00253561067346031,0.000541097884158055,2.27934787018886e-05,0.000673503026833657,0.00251078777570828,0.00580220877044216,0.0110968391152622,0.0193419719605811,0.032134935242158,0.0521421804032041,0.0838745893406977,0.134781802203284,0.215899231196378,0.336694504020369,0.472433115928404,0.431143570236123,0.0892195285511266,0.318184275625959,0.247822349414114,0.159478070591029,0.0857789787741377,0.0310786240246823,0.00231955878699995,0.0303829897739086,0.181732997767151,0.485714586080731,0.760869611167498,0.863494052481274,0.874532979634862,0.870673980566744,0.875563232192104,0.887371766128176,0.888833879302231,0.851137137346345,0.749079850547761,0.591751637979991,0.424109310504273,0.285553767897173,0.186671634645946,0.122077499815022,0.0794509744868038,0.0519707219321842,0.0340706082553566,0.0222843990016955
0.0121149206802789,0.0169266247601251,0.023864793926624,0.0342752094300747,0.0507462724188084,0.0787205814477915,0.130880090424573,0.239761802847405,0.483547582192418,0.844435114498219,0.643040261075724,0.291423051879667,0.140067831395585,0.0744867477461339,0.0417575552637185,0.0234480767448412,0.0123903218342784,0.00552158933734842,0.00153034523460201,5.11950966763549e-05,0.00145720978347534,0.00701488477954741,0.0194305094560475,0.044087518435569,0.0914566572001242,0.178590755627675,0.336065900372475,0.549906831617744,0.560724444983402,0.400661498227707,0.227423656476668,0.00940947144766056,0.316152066128482,0.748360415057252,0.86524401201844,0.885438436420211,0.890296516617222,0.879869345631265,0.825630829253524,0.700512118154768,0.521510156066755,0.346437842174082,0.215373826052063,0.130649925187952,0.0791550899131105,0.0483411808379836,0.0298146673558439,0.0185554000423254,0.0115166482819069,0.00720832599617749,0.00451371066340775,0.00282027122206209,0.00177322843499017,0.0011349891803373,0.000757081639372601,0.000558278191576378,0.000492889667263436,0.000559198865263487,0.000837566720913443,0.00160233283582526,0.00375714711175549
0.00429869942004875,0.00579360111993857,0.0078132479690806,0.0106173650797201,0.0146588058649084,0.0207847198369809,0.0307350165213321,0.0485271359396179,0.0850716886417788,0.176690549217012,0.456188342333186,0.792342743258071,0.273588823874066,0.0946330734804657,0.0416043508072078,0.0204629752147899,0.010303120455974,0.00488633200827026,0.00190181423371612,0.000404656380211959,3.11870615520527e-05,0.000742865762649087,0.00277008252871258,0.00667740829754242,0.0135730148679747,0.025594026904762,0.0469183721859141,0.0856691169211046,0.154791887675418,0.244888286558735,0.11275947877699,0.133100571469119,0.121445253321767,0.105275486137367,0.0611448766180486,0.0328656734733548,0.0161669883975325,0.00553389027069352,0.000538281846673438,0.00208105212868452,0.0131683455947985,0.0399921730075725,0.0936380232371075,0.190741871121719,0.347247267915642,0.553283580705877,0.747514452610632,0.86171574305584,0.893947434549838,0.885916892055927,0.87070107818642,0.865117801899456,0.870937826333057,0.886116771207597,0.901955697611503,0.903486175764846,0.870552137582757,0.788597205079723,0.662455648942453,0.517714999476925,0.382024889604598
0.00147887999527847,0.00193362820004999,0.00251477575509084,0.00327077970679072,0.00427955090462069,0.00567392464207777,0.00769606432649414,0.0108297419578623,0.0161655927215116,0.026637500895672,0.0524799972302096,0.147965073340931,0.66624312613423,0.142066080582163,0.029571245313157,0.00953083711954872,0.00332588877818147,0.000986121683253052,0.000140169963613198,3.26491753289392e-05,0.000390231248155573,0.0011230758109595,0.00222972075571991,0.00376549690188759,0.00583596319917969,0.00860403714961072,0.0123076374049438,0.0172974726293942,0.0240874392535042,0.0334474907509955,0.0465640342028417,0.0652715165227356,0.0924484142324884,0.13246340104101,0.191054846403363,0.271516069088365,0.353693870593198,0.310308266585089,0.0248826752453258,0.237022901158843,0.24265031749993,0.205399816609051,0.145185174695769,0.101486965366697,0.0686759210477503,0.0459677530231941,0.0265037919575445,0.0119487804197426,0.00268081223003798,0.00113512472158502,0.0143587206719172,0.0568239104676756,0.159172924074601,0.356801985412078,0.61794266879592,0.819557046547084,0.865210798813993,0.824748243616884,0.77035124608271,0.727851066110521,0.702080657387246
0.0421002847253935,0.0613710661400207,0.0912291489206332,0.139888114042445,0.223782673720049,0.374486859856173,0.629360091920163,0.892762162355954,0.813238623203184,0.513437909519586,0.300117357267008,0.181617307714511,0.114733120597485,0.0745049593026628,0.048707570124998,0.0312720465475615,0.0190426515584323,0.0103502112265017,0.00437618269544425,0.000888637952170731,0.000183088554236551,0.00316661816094626,0.011515914674885,0.0274177298848087,0.0480196919432328,0.0326026798552687,0.445216392907301,0.229213028171515,0.298693054778356,0.573481476633505,0.757924648118798,0.86189114379677,0.899352285278395,0.907265421581684,0.906629602897562,0.900583233853308,0.873793751475046,0.795102925316972,0.640417001897589,0.439878566170479,0.262447743143774,0.143638795167957,0.0752932413600944,0.0386538866725837,0.0195154622662541,0.00967969612699351,0.00472213253040358,0.00230188355149399,0.00118957275409099,0.000747334310857518,0.000702670624433416,0.00106966484374659,0.00228043999990127,0.00551758067925928,0.0149194296164779,0.0428581843456911,0.135383723363834,0.448303925781714,0.714196387425994,0.42966993928064,0.284387356215835
0.0207138700415391,0.0295454851032044,0.0427677342311451,0.0635646912740921,0.0984757229602014,0.162077450678732,0.288722709917481,0.545980747668666,0.87496004790929,0.721296538785134,0.374460714128612,0.194855606281662,0.110290230617114,0.0663907768219258,0.0411586619279648,0.0254520083343622,0.015098404800511,0.00806775193460309,0.00338128585399148,0.000686241622914981,0.000143697040208092,0.0025471557109144,0.00977457693374889,0.0259515247596691,0.0603805052707881,0.133757126495794,0.261128428481723,0.0308194800707709,0.202042064096321,0.0409585656236405,0.00133975364594956,0.0407041979605223,0.154264788314432,0.342453034645362,0.566994969762156,0.753822178862624,0.860561264672641,0.902879839256248,0.91391640366619,0.915893794099062,0.916709698606691,0.914156198256634,0.896337087534634,0.845834252648537,0.74895376049968,0.611318122401584,0.460484402132549,0.326185985489007,0.22286374116816,0.149770544364751,0.100205512146813,0.0670968025570938,0.0450006943102632,0.0301878080135671,0.0201715728865628,0.0133571652723073,0.00877273319485423,0.00558231826270337,0.0034242970388759,0.00198657571418143,0.00105805510320855
0.0341664348827343,0.0505813633873222,0.0767745776688114,0.121217949307108,0.202276679678773,0.359310887801279,0.644690783141677,0.906194233573026,0.720382826589708,0.416155913684783,0.241512506161168,0.150886528948723,0.100698976699597,0.0706621373342307,0.0514637864155572,0.0385765801823895,0.0296751079293348,0.0236007899019377,0.0201096750394445,0.0208552077446761,0.041164115840895,0.362173090784811,0.172085703651004,0.0129639931072028,0.00177286628539076,0.000774346227971194,0.00024881508281251,0.00205075318576495,0.00593321960991632,0.0126969363606127,0.0228962976939047,0.032800319968858,0.0598088550481028,0.0957040524807566,0.147393362107274,0.220686801548313,0.320356438339674,0.446446630883293,0.588691828459319,0.724679293013118,0.829201151889204,0.89034415718605,0.914042516341497,0.915898648489544,0.909988144915722,0.90559246407119,0.90623972338205,0.910650024104295,0.911966178845264,0.896020092225332,0.851276609565867,0.758067372957352,0.622987862535541,0.471969789315274,0.334632244721298,0.226742143517017,0.149279442081976,0.0963800082085925,0.0610337333872033,0.0381862556412202,0.0228324425083855
0.0171329260399768,0.0243107062828752,0.0349718985350887,0.0515894390769146,0.0792083462194875,0.129069614386833,0.228499851363386,0.440942008144566,0.797013609576517,0.78570654828489,0.414381548155924,0.2101258631344,0.118015088177536,0.071983467907028,0.0462879634511915,0.0306090607354412,0.0203700187893792,0.0133388449965625,0.00835493593059246,0.00480237825979293,0.00237459220308953,0.00093834020811185,0.000429314760311213,0.00241435620508513,0.0793849424355322,0.675682520962362,0.543264852408028,0.193667199003875,0.071402345980818,0.0293864018973584,0.011471838806321,0.00300479776743395,0.0001702970812743,0.00190989854675337,0.0086862028684619,0.0221608178169927,0.0453989490576765,0.0830150275433039,0.138025408545887,0.225995893325176,0.348982690623942,0.50365477014632,0.667375364801384,0.801865089067029,0.880425817725741,0.906131606109824,0.900802213443921,0.885263779761661,0.872087602846165,0.861395893657074,0.875173992796743,0.889293117960253,0.904472976158523,0.909361689105221,0.886844792308533,0.819243696214342,0.702316111818882,0.553448570181556,0.410626569950899,0.28692756470567,0.192642307048238
0.0125396180885793,0.0172293189666072,0.0238213530332037,0.0334457234987316,0.0482337174670078,0.0725753232001509,0.116468597865084,0.205420683094412,0.405923764321411,0.774788452412954,0.715353059572839,0.319422387193635,0.144204182395987,0.0733900515181533,0.0402202872804512,0.0226631453422482,0.0125534297246875,0.00646117096052534,0.00278657044617076,0.000759871025337383,2.99333843672125e-05,0.000500641183091882,0.00226216201039931,0.00557762400228642,0.0109045517493343,0.0189103483727578,0.030437196461835,0.04608388968846,0.0641540232413509,0.0716703839641578,0.021953194051677,0.378445909035653,0.711499498219325,0.585420885095645,0.368256103776991,0.200634462337934,0.100082270932988,0.0410154410792996,0.0102079509620231,0.000810216303033391,0.0124258888270912,0.0493350706283184,0.11527738904219,0.229495052044736,0.389230804624215,0.577147704050331,0.746658232113229,0.856643874222269,0.899635184109492,0.89674609188274,0.872936961057437,0.844823510054983,0.820878596977659,0.804175190526797,0.79704592821352,0.798471133593875,0.808162965501807,0.825175629883901,0.847886384377015,0.873552505351158,0.897776415340932
0.0402785956560059,0.0597152716051373,0.090672956719299,0.142815666427472,0.236154738607224,0.409304822621522,0.695982559372189,0.915725174763832,0.73371757452901,0.444702119248153,0.265824577111033,0.167640516022027,0.111192838868253,0.0763815261088208,0.0534463473292909,0.0374606866637993,0.0257944532532697,0.0170049569907298,0.0103541013252239,0.00563706695244928,0.00343652559049811,0.017104285656797,0.605109900104165,0.430146961502605,0.0393966227642221,0.00140270100974964,0.00947728409563688,0.0504349372649785,0.143168740649971,0.313448810814625,0.549249242715972,0.757411997284434,0.860837642269274,0.887643187280909,0.890370713046448,0.887796529905222,0.862259256993312,0.768161493973061,0.581094078916969,0.364962860045957,0.20214397268617,0.106339873116849,0.0553894269743887,0.0289908235275632,0.0152961686276721,0.00815083135273515,0.00441995508913616,0.00249919223450343,0.00154667633732866,0.00114328072367145,0.00110505166415337,0.00144896830043041,0.0024246702458454,0.00485233724804457,0.0108488989658898,0.0266540677380246,0.0735139590866835,0.23539892780623,0.669859733026778,0.520361067985799,0.280688973543695
0.0078588070272674,0.0105780969266388,0.0142541083346724,0.0193703221344978,0.0267794968061063,0.0381046311568068,0.0567222551426302,0.0905515476514733,0.160993757851864,0.33316875795329,0.72846581705521,0.670141960266805,0.243914888715729,0.0987226652849901,0.0463948648547817,0.0233729405002811,0.0117854423787236,0.00551191347138878,0.00209193090181382,0.000429518705870916,3.11015507224548e-05,0.00070787256135969,0.00245601539085683,0.00541577704833721,0.00986264793978121,0.0162311210039218,0.0251574981153578,0.0375657573788757,0.0547548984189933,0.0785484825327493,0.111305539414052,0.15545781420756,0.210352821516594,0.255523259399773,0.153154217233387,0.589628388938088,0.734437466619679,0.540432785951476,0.287061426268989,0.101115245186394,0.0120552631785754,0.0164372435301993,0.117147785542122,0.308222724955456,0.543033450107579,0.745348215694501,0.862641324653858,0.903043179236887,0.900123925093993,0.88087035712969,0.860038446644725,0.844589332042769,0.837249771515695,0.838448828905419,0.84633018862248,0.863508433640934,0.883842305424506,0.904095204061568,0.917760017561958,0.91620082589145,0.889889585041567
0.0157632477735263,0.0220652039136102,0.0311949811875477,0.0449993510589519,0.0670925370475007,0.105219557056683,0.177571260910221,0.329277146559975,0.639046484912267,0.881978373176757,0.541929380266676,0.255352699689168,0.130465459923272,0.0727079397752923,0.0425187074987221,0.0250991118575408,0.0143340043346714,0.00743711592432877,0.0030786089110964,0.00066678901257117,6.98479107134144e-05,0.00154159070817229,0.0057800712892571,0.0141405305468458,0.0290550186350995,0.0548564956431451,0.0990128349968205,0.171507544742333,0.251289704477373,0.0656144300893282,0.574517433119476,0.164999528642431,0.00517409515533286,0.066127271757704,0.253458797298253,0.508930868324854,0.723422223672293,0.849557732146181,0.901668130329471,0.915056068660236,0.91557713183706,0.915415289667504,0.917610318543364,0.917602871022904,0.90415853708425,0.861155691173379,0.774559741224432,0.646673690872894,0.500195481731078,0.361937122197552,0.253591424859601,0.173496915746704,0.117674569777318,0.0795830216220711,0.0537231607055115,0.0361106301329574,0.0240423983349374,0.0163820720370289,0.0106018956803458,0.00666775914397368,0.00402941968388166
0.00818755395738155,0.0110421740968081,0.014924481180204,0.020375140881333,0.0283712747506934,0.0408233767952609,0.0618656949410944,0.101712162216259,0.189845409661222,0.419037457482124,0.835264646745523,0.467408184023324,0.160814636120788,0.0669953864318088,0.0315645320999899,0.0154649301388778,0.00729908382957606,0.00298369043132211,0.000818281793656928,4.10940986523553e-05,0.000313074353666185,0.00151671496423907,0.0036714952375216,0.00690441269152197,0.0114392437400841,0.0176091293641797,0.0258779086969786,0.0368884112662245,0.0515100531198768,0.0709214970571166,0.0967326552241463,0.13105424746982,0.176533265783699,0.235811648561687,0.308827018143024,0.379592551955514,0.324209292960498,0.542226484973452,0.731527616821561,0.513332199746682,0.226419258062543,0.0254653321564896,0.0540518247678103,0.27737348842323,0.554244921104461,0.764225122223131,0.872582219183816,0.905547355573958,0.897548076034595,0.877723658262603,0.854488626035523,0.835141039411058,0.822452950418801,0.817137933619638,0.818949735396314,0.828072305455109,0.843310302028567,0.862726964966753,0.884030177414892,0.903601917610077,0.916153479597612
0.0122222053530422,0.0170231452451815,0.0239144571008711,0.0342178774581227,0.0504900320085931,0.0781610067790511,0.130042848678276,0.239834790251335,0.491307572426737,0.855913347234396,0.601759680813928,0.260470284169163,0.123054234025769,0.0646975590705793,0.0359128210863602,0.0199992281261147,0.0105381233324767,0.00476533614090817,0.00144028214137109,7.90761365489143e-05,0.00067672067656053,0.003645998105889,0.00988806604327313,0.0210054885003058,0.0396417076159013,0.0700517316313893,0.118776650820206,0.194849389487485,0.307741919378402,0.457224623445039,0.592562196557166,0.455187401211347,0.716321108836209,0.0339577323514666,0.661695578507404,0.867724516435586,0.90533286051488,0.911373968566307,0.913251311602728,0.914360878353084,0.907004870066465,0.87538955795578,0.802208652667276,0.682186643058473,0.533747826665187,0.388695417445658,0.270030989605996,0.183094755908631,0.123183642225617,0.0830373508572444,0.0562025328404325,0.0382122972237419,0.026073205690064,0.0177996235244882,0.0121089810709796,0.008172322614934,0.00548618021947209,0.00360804854481879,0.00230787283790875,0.00143327785204332,0.000861699059740007
0.00337206882388822,0.00445303987618862,0.00586144876209752,0.00773638718971939,0.0103087929145847,0.0139864015992866,0.019546052602676,0.028628904889361,0.0451953528278752,0.0808143801956474,0.179077471625311,0.530033715395767,0.580105733978312,0.130816953129792,0.0430608953642291,0.0173873119053909,0.00733449338061303,0.00282386781270987,0.000776617901565792,5.18655011067092e-05,0.000185617569505627,0.00100037255566135,0.00246511890860835,0.00464295166843356,0.00767538955326522,0.0117846759832651,0.0172975594328483,0.0246719242762361,0.0345549512387971,0.0478590923674049,0.0658973551950637,0.090518380409239,0.12431667462108,0.170595814552559,0.23247530081766,0.307789085167384,0.364733075239758,0.198167643243638,0.556355660910737,0.657511810860892,0.487753135253835,0.32583695424023,0.164483667790747,0.055825177018314,0.00430465571031801,0.0327702640074385,0.181168192336526,0.444473217121555,0.716823747298166,0.860663989641396,0.891269127313358,0.872702485662341,0.844199909748571,0.821241164739394,0.808521003652464,0.806331320594807,0.815647545043444,0.833118318064286,0.856830799647585,0.882900689951262,0.90523239969431
0.0207290774878774,0.0301453155163908,0.0447029631740585,0.0684974199422534,0.110315725834379,0.190556432591479,0.357356341312174,0.678049933451812,0.898580926304187,0.59757583818711,0.318564134490968,0.182270025393362,0.114408637574519,0.0770855683062886,0.0546514706333476,0.0402253702459345,0.030525921883612,0.0239673045894562,0.0200773620988725,0.0202806739776101,0.0384845199689806,0.124946275435901,0.527975326471265,0.0688416075171851,0.0219429303501978,0.0081550221891307,0.00275836336606788,0.000431310799190276,0.000218123476736799,0.0023643012396595,0.00788477631465022,0.0187205943678755,0.038217413897101,0.0719798672318342,0.128738834219833,0.220286694616609,0.356685308152158,0.531681169063233,0.707013046198131,0.831228139319691,0.888425220036299,0.902005531031032,0.901114548799546,0.901351488475427,0.902922273899271,0.891446818834976,0.839310937709128,0.721928801788173,0.552459098798577,0.379616275885188,0.243171367774896,0.150953044930485,0.0927956061501267,0.0571587249973395,0.0351432329707179,0.0215416532093206,0.0130698783933733,0.00777818692399405,0.00449497964554849,0.00249408350857792,0.00131762669176278
0.00531376045079897,0.0071751335490106,0.00970270727925283,0.0132367161516362,0.0183794496710268,0.0262785920093438,0.0393482709755424,0.0633255923997026,0.114310005821555,0.246870720467249,0.626953714508599,0.682459132983384,0.218381655315257,0.0836625010224996,0.0388431680296469,0.0196882748917504,0.0101134896330095,0.00489052933178851,0.00197022780861494,0.000470938858220352,1.7875843032288e-05,0.000506490049434959,0.00202381391521934,0.00484558880955906,0.00949600482788666,0.01689810069148,0.0286595401105975,0.0476764872689504,0.0792897083340691,0.13316126633644,0.222483105495021,0.323620757790822,0.0930502939689025,0.210955287473898,0.145024450431754,0.06485388018864,0.0223719292647069,0.00376398898633641,0.00179524850742204,0.0193649858466144,0.0618473166785485,0.139966175088617,0.265738850124006,0.440150049374296,0.634215038320067,0.792468607840147,0.878406602180966,0.901947065298329,0.893635236300311,0.877469428367502,0.866447535155265,0.865128364733809,0.873293791526325,0.888314970159285,0.904010396918957,0.910159247568552,0.893110437949974,0.840108881872355,0.747645620037568,0.626068898375024,0.496489121512016
0.01273052758431,0.0177698861517398,0.0250435166715521,0.0359962052508932,0.0534509675864537,0.0834582534907657,0.140434278967806,0.262035119890726,0.535111484337386,0.868649134286324,0.576564211828266,0.262067824653806,0.131493169013749,0.0737988894874782,0.044459819225131,0.0277769400250904,0.017483731010983,0.0107571133353094,0.00621138701232591,0.00313603581021562,0.00117570249199207,0.000178706713873397,8.26112715799491e-05,0.000689695182441745,0.00101530272464136,0.000633975477064827,0.105194682651642,0.683213223119537,0.659285705524309,0.371033160069611,0.180618536510412,0.0914872480844234,0.047843941160705,0.023909350764369,0.01037834822436,0.00291564024374149,0.000203756387403444,0.00224422840476635,0.0101415911414328,0.0262666863683183,0.0547927840091811,0.100075714151552,0.172972006869093,0.285671650563188,0.403481904141304,0.596902751986955,0.758089449438732,0.860497769719967,0.897250855763743,0.890221319460717,0.861422057563637,0.843140656192427,0.827876461445595,0.821846190897282,0.826891011553882,0.841868085669673,0.864119595882211,0.88869492993353,0.906541977781858,0.903061901058919,0.868918669712477
0.0424802771104706,0.0637311971850974,0.09827447319658,0.157928671689829,0.267557955177343,0.47280505267495,0.782712880047479,0.902709985708788,0.639500448139971,0.381935823084835,0.235368436917422,0.154989705699036,0.108254504484843,0.0792922817215841,0.0604548921583047,0.0479180489526009,0.0398623453655598,0.0360148759419244,0.0391571343973979,0.0699937672050488,0.389681358447885,0.577427730549112,0.0384108558301993,0.00465604604055264,0.000531374692784805,0.000169893326644974,0.00193523446646245,0.00620567541225529,0.0141305469256271,0.0271407045582803,0.0487040667911644,0.0827686957034061,0.135393039814191,0.213986520035738,0.324787454402004,0.466602952805567,0.622491664779207,0.760878452242011,0.854724965411754,0.900755865412594,0.914367184346009,0.914320299974049,0.91250638976024,0.913228182771652,0.912483167231546,0.897151643239078,0.846728613084854,0.743661140676932,0.593229900087954,0.428560439428031,0.288387999104894,0.185363344373847,0.116219276391272,0.0718310890549573,0.0437846064115417,0.0261830457408856,0.0151759902718609,0.0083536505374955,0.00422331036945426,0.00183955053201083,0.000583041223839603
0.0351218861107473,0.0496615153470606,0.0711356561609909,0.104303251768895,0.158425858943407,0.252246582318549,0.421294046224416,0.696605465507287,0.909213715723119,0.713549758897758,0.40808595085865,0.226385663716535,0.131208619483233,0.0789072806892878,0.0481456604803752,0.0289815367185389,0.0165839819431117,0.00848016521374511,0.00338185002776597,0.000659783075790306,0.000105499617251726,0.00183289011955219,0.00625288601104421,0.0140944327102464,0.0263829158186456,0.0442096704352651,0.0673294139595577,0.0871422527624136,0.053775118889624,0.462686259633517,0.809230486722544,0.761309985826885,0.415274353223283,0.0936597339254244,0.00494375173167711,0.0936997057584994,0.286511199507822,0.515629040996599,0.711810971403113,0.837731832018045,0.896132994561565,0.90972728152813,0.901157367877709,0.885785815547909,0.872464246867384,0.86554408213255,0.866826633820697,0.875958063051948,0.889805405601652,0.900049612638283,0.890657387280298,0.834159711765035,0.7178789061988,0.54389172033551,0.362825916762899,0.218706394697258,0.123391003863355,0.067238838047431,0.0374491918117863,0.0245882986593015,0.0307174699103553
0.00559910552125218,0.00750932966547682,0.0100735186852547,0.013611908340251,0.0186832482119903,0.0263377749769799,0.0387364529348046,0.0608915640453009,0.106434395575727,0.220167936344491,0.549466531335697,0.754039493769732,0.244512847336977,0.0870191005134153,0.0379591079188501,0.0180691843538453,0.00859064405952383,0.00370331773333494,0.00119738403150917,0.000139908229299269,0.000129780676743255,0.00102974441628414,0.00286211512302946,0.00577615212440967,0.0100441768401597,0.0160881681924998,0.0245259803694997,0.0362620482365895,0.0525957152302511,0.075425164165936,0.107451707870056,0.152377358366784,0.214368100949283,0.293813014718677,0.36171168301562,0.153598739370624,0.691710987387984,0.626775303433851,0.345941791612663,0.103418576649976,0.0041855231000986,0.082281612032168,0.312756658662921,0.591287130226214,0.793136121949745,0.88513720981177,0.905344314987289,0.895475953468963,0.87939088239195,0.867850662107162,0.864513336495716,0.870005803275057,0.881313360284336,0.899981583937101,0.914431241404975,0.916701841235854,0.895631232369866,0.841741840862363,0.752813949422429,0.63846455238367,0.515641171560911
0.0339666880839096,0.0488746309263089,0.0715195031628724,0.107690693467416,0.169154105356868,0.280541374110741,0.486937264620186,0.794865217249599,0.890983989997995,0.594355938770066,0.331467862967217,0.190207119485907,0.115342209593397,0.0727504622920905,0.0466625914443699,0.0296944773609817,0.0181674395125826,0.0101660290284645,0.00469942836214101,0.00133396957668236,5.12264156088796e-05,0.00124027674244705,0.0058073495410005,0.0153905182154592,0.0325133318668493,0.0580694977006164,0.0548345810809996,0.625002283079461,0.564220041630071,0.0233514750355206,0.0428894244873116,0.178609697519979,0.359626682727759,0.551558365941512,0.720833486977949,0.835841039758561,0.896454934424082,0.919574357691364,0.924101275548278,0.923079970251542,0.922620007371359,0.923205037851617,0.919672814052695,0.900687885434673,0.850300597560143,0.754974527403133,0.618353305533716,0.465403987534607,0.32639920327483,0.217963478800324,0.141329755287355,0.0899280841011194,0.0563960870200673,0.0347715255182557,0.0209238651885113,0.0121477686914527,0.00667019060199528,0.00335862311260909,0.00147546052115593,0.00051103834927887,0.000113602742333636
0.0141810038648676,0.0197778556642272,0.0278354607010223,0.039914711426721,0.0590213307575495,0.0914782959341739,0.151949160137116,0.277181548985404,0.546109910000167,0.873735846732103,0.615451851142683,0.284613482951434,0.139968104049483,0.0755239141286615,0.0428498532796658,0.0244451409725341,0.0133049308646683,0.00634739676722055,0.00216583325326632,0.000211465038782719,0.000512471878069837,0.00366104719454725,0.0110341066361014,0.0253061651508678,0.0514676019439627,0.0980717985113394,0.173255462005824,0.216819844988633,0.26375815876508,0.503435068063886,0.229671521839067,0.050532862970814,0.00506711220149719,0.112592378453706,0.38108972208049,0.673393866138095,0.833019573730244,0.880137846657939,0.886653921792978,0.888195920297609,0.889981244562621,0.876535574138085,0.815895548275025,0.680824320915274,0.493212727100964,0.315804428429581,0.187863791161154,0.108212630106316,0.0613185692201648,0.03727831286021,0.0212448574861787,0.0121969616899792,0.00707525694616937,0.00418788493794601,0.00261533325728193,0.00185998639202876,0.00150262983104188,0.00189059942978725,0.00344075328845479,0.00864698923814307,0.0294626660997206
0.00704342809251746,0.00968880960208494,0.0133965556254607,0.018774804136361,0.026948767343947,0.0401782314765125,0.0635053146679152,0.10980784352002,0.217110705099197,0.495570842555211,0.840754311518972,0.429468145393785,0.169613240240175,0.0799765963164076,0.0424164345284683,0.0236734032700656,0.0131267707359429,0.00673663313596054,0.00279138924995356,0.000599014248694603,8.2529990616183e-05,0.00179239298461216,0.00736179870301223,0.0209231431055728,0.0530759304855524,0.128327581697277,0.222511504488946,0.0135522463629168,0.0925666200937377,0.0597130205416077,0.0368859895220844,0.0177305100884463,0.00649396967474447,0.00084989232479138,0.00161089127658759,0.00852235852352151,0.0316854494647827,0.0797747776550314,0.170395433097203,0.322201506799269,0.529298593884664,0.729822144481526,0.850619713766059,0.889868853303588,0.891182666531149,0.88758946172301,0.891139603053342,0.898069442764889,0.891471792292036,0.845864523115041,0.738630097030555,0.582233789920087,0.419016630064387,0.284631081556937,0.188210033214591,0.123355125458249,0.0827025517161432,0.0548827727174546,0.0365885361024219,0.0244778903462463,0.0164129675082616
0.00296478344149716,0.00398141931432809,0.00534636384149726,0.00722809068124333,0.00991806345958214,0.0139579396234521,0.0204487267943224,0.0319221916006748,0.0552380143617733,0.113916090615418,0.313988053996441,0.803959508500155,0.246563588718409,0.0733491620343001,0.0300901863210744,0.014105632283644,0.00678181994961312,0.00303240289779571,0.00106515883335493,0.000166332489209717,5.99491042207196e-05,0.000699797623968134,0.00221128094037586,0.00491544142280871,0.00942663341640606,0.0168853190870841,0.029486762636079,0.0516908922707552,0.0931708808109606,0.175656379173161,0.340932673110629,0.580992623158569,0.513856400254253,0.00480257891074087,0.0224855635923851,0.0285753696294793,0.0121417751258575,0.00314540372737623,0.000232105816990477,0.0056599536139688,0.0228684596459485,0.0594007209990506,0.128242533929433,0.246529305726999,0.423586859417665,0.631611144369946,0.79921695829631,0.880215295740878,0.894627821001766,0.883709206622858,0.873511380107041,0.873312642891709,0.883571136115591,0.89773292979529,0.902818860204532,0.880390121574965,0.813978656218734,0.702591853348799,0.566234651533512,0.432595265926517,0.319958957556612
0.0125047338371276,0.017208053859042,0.0238351091186578,0.0335377074584657,0.0484976833141051,0.073219802319724,0.11804941689024,0.209522151010753,0.417329451452857,0.79874862729759,0.710372141149174,0.310046888381509,0.140103776206683,0.0714590921768847,0.0392040501571774,0.0220581105630737,0.012161405291941,0.0061950340103786,0.00261023134164611,0.000663648996028117,2.37289729412403e-05,0.000609588648733268,0.00253276894943783,0.00609310211436787,0.0118184803879638,0.0205642828367419,0.0336663762816818,0.053231187787569,0.0824766827447961,0.12575965474599,0.184349340861412,0.213978432112677,0.137724368320217,0.570609364537346,0.238721191044808,0.0551485654522633,0.00526378712160497,0.0358642219772852,0.130838296349533,0.274180125423449,0.450815226483374,0.630632161995509,0.77697960051691,0.868743564832363,0.909148018811184,0.915703137295375,0.906165895779498,0.89294234393345,0.882783559440726,0.878774521991796,0.881605722370233,0.890654639404954,0.904367177895324,0.915627534616945,0.917360529362873,0.899696947343028,0.853109260658344,0.772853543039782,0.664382451502632,0.541999474046758,0.422204968813523
0.0276674173338095,0.0397971654637409,0.0582355812086237,0.0877571690878015,0.138241050656979,0.231306561207036,0.41216520438602,0.721172037852847,0.896761908010991,0.61377315411972,0.334931803280061,0.189910399841878,0.115697276015432,0.074450874034956,0.0495523431583603,0.0334693310587608,0.0225097321332399,0.0147398868047726,0.00910386103401445,0.00502773180035443,0.0022323776357979,0.00061377808622787,4.93355002298648e-05,0.000246659090145844,0.0376485240089334,0.656753940361777,0.58223083428338,0.14453787958122,0.032091412758772,0.00508440329651962,0.000500890137709325,0.00648577502782529,0.023319481361871,0.0523536705847356,0.0993664567801728,0.169553192418479,0.269341252167372,0.400297073386391,0.552560544803842,0.701567014079244,0.818017876176596,0.886652808571207,0.913559111372335,0.915263269761638,0.907615848305079,0.900931073832393,0.899908937833631,0.905062479359944,0.912664295716689,0.913707602846465,0.893077517867186,0.8337632184493,0.724981443813882,0.578923547149905,0.425799974605251,0.293249499809758,0.192375667487761,0.122770553664086,0.0781264878938195,0.0470909575209971,0.0276595076414118
0.0371206100183708,0.0536582877412126,0.0790240548016301,0.120050397394095,0.190754313650606,0.320195354959129,0.555077978570086,0.854225397967288,0.837422294430147,0.520729399368117,0.291600554369662,0.170599620891916,0.105462677621074,0.0677575360286078,0.0443444377390164,0.0289508532954906,0.0183995389051763,0.010979189210273,0.00575736069754598,0.00226972289430739,0.000369822859865687,0.000202576691070986,0.00226294173911597,0.00752866129535826,0.0174112622662043,0.030031367581989,0.00945016704727232,0.563166793362282,0.151257680451731,0.0173674102429266,0.00122626568650901,0.0172859319034346,0.0529440517886734,0.108073813450714,0.185061855226497,0.288469576530528,0.414972342812061,0.555192595729127,0.690770306639562,0.801371457617508,0.875183722716924,0.913100205990537,0.925210030523276,0.923114386235749,0.916460045584849,0.911046872639653,0.910015801337421,0.913557804211078,0.91943432644388,0.9217976055654,0.911039071958519,0.876402899811013,0.804529767188006,0.694135253160507,0.558383110270527,0.420091569697022,0.298855281922275,0.203493540542905,0.133613198224812,0.0846658839557977,0.0511822403577655
0.0638999481234867,0.0976112799934886,0.153648642350192,0.25154249085017,0.42597040490295,0.700407850610524,0.920362077771979,0.794875886829613,0.522596069517395,0.329858742969909,0.217075174628437,0.150373873632188,0.108961421757298,0.0820176171942517,0.0639705254743254,0.051996735272644,0.0450981590437025,0.044735219261155,0.061708789824016,0.193432449786796,0.499567717761716,0.417478071838926,0.20742385192248,0.0182275643323814,0.00123736300613293,0.0014009256933402,0.00975086049427609,0.0284984720322413,0.0635730703835493,0.127049688394706,0.233749889326514,0.39433380753828,0.59092677199179,0.763371499503929,0.859241040625285,0.887210719219824,0.886318221636855,0.883455310024799,0.882411654493232,0.859889699807372,0.764880525222427,0.567139140065473,0.339477130859398,0.175682994969528,0.0859458582420619,0.0412021991712977,0.0197692542567724,0.00958606836226398,0.00483262995799941,0.00268399504394209,0.00187364783561015,0.00190429072926487,0.00292529894477177,0.00609462257209136,0.0152560978547451,0.0435019216428354,0.144496973936413,0.511110948907764,0.63874237951756,0.342652986546629,0.221838833512156
0.00646425380389883,0.0086772842956566,0.0116537679922438,0.0157724004018682,0.0216987044278658,0.030695965902363,0.0453939899324986,0.0720042252231755,0.127756432402675,0.26962760885354,0.655164761687062,0.656907552867114,0.204791525822,0.0748995061594402,0.0322673466392984,0.0145864694594355,0.00621752497357376,0.00211315585746875,0.000333549846807984,8.12914849446743e-05,0.00105845283933554,0.0032352604605867,0.00677155930622314,0.0119961777476724,0.0194316849770945,0.0298434781391433,0.0443372058090757,0.0644578925064198,0.0923653618880559,0.130927390543767,0.183691914200385,0.253967424778428,0.341312527026208,0.427321432214398,0.390852040783943,0.348129899227191,0.787934394952108,0.680751764769277,0.476041132629982,0.185701775904512,0.00984479637927563,0.269471190012337,0.6906366379023,0.858964370785498,0.886395651541973,0.874212770289346,0.859820222457387,0.853946499196012,0.858718264259028,0.87269447982136,0.8911302432219,0.904732098495535,0.894791370582433,0.854606659337114,0.761670197020331,0.627839843909199,0.480446405691226,0.346935434782562,0.241121367094715,0.163626220987183,0.11043372038439
0.0210190445410937,0.0297678928076656,0.0427078093654148,0.0627581355718402,0.0957880654297538,0.154553509705394,0.268453056913844,0.497511762211432,0.83343447209923,0.791513894009092,0.434481302540001,0.225212123145203,0.126289008989732,0.075697811140395,0.0471320998460654,0.0296206603612969,0.0182089064520249,0.0104776389130871,0.00520462998434923,0.00181610533531072,0.000171630122464917,0.000520548470296279,0.00356338063356327,0.010420097281196,0.0207425784271025,0.0155365827756886,0.406402413035567,0.624697855719174,0.193700685515532,0.0458108832485495,0.00357974616857313,0.00638480785461178,0.0402309049785324,0.109188548235033,0.221985298148566,0.380655552333617,0.565420148510299,0.732945645453182,0.845101477498251,0.897848456604007,0.911790099454292,0.909813266421871,0.906404651961365,0.907302562416471,0.91147390176074,0.911008207570151,0.890431894128986,0.829987024766475,0.717525086733493,0.566331565912935,0.41260997933662,0.281703665382136,0.185365134885357,0.11943531125126,0.0758389729424532,0.0486839469497154,0.0303159980542245,0.0185392203721492,0.0110239710545073,0.0062857740485184,0.00339416987534546
0.00751360143894733,0.0102280802355713,0.0139706583285223,0.0193018208989158,0.0272433528638915,0.0398134301235141,0.0614320642417812,0.103170209637479,0.197401284766469,0.444783296629766,0.847605647748583,0.448842997649395,0.1619013274074,0.0704842135987993,0.0345578252200012,0.017635276952611,0.00871835740560494,0.00378626421547444,0.00115370010228464,8.70557868144714e-05,0.000306178518887215,0.00179901622198874,0.00475785538358355,0.00957770238899129,0.0168933146251353,0.0276650668334403,0.0432857130801685,0.0657379803510014,0.0977981770989419,0.143166050384181,0.205863381106156,0.291287358424836,0.400590173107253,0.527344776206835,0.632705278949163,0.621797680672537,0.862257558318433,0.455187268200528,0.735846540692366,0.89673073378356,0.915231403540898,0.912489718788167,0.908488531126843,0.909033202231739,0.914534986623431,0.920016722041793,0.917345792236117,0.894437018218876,0.838397437776002,0.744263102680388,0.620831292718182,0.491278460192018,0.371677332612237,0.273981335616595,0.199323846216835,0.144456863366713,0.104766613400163,0.076168663180861,0.0555271960008475,0.0405478406271283,0.0295552600373712
0.0353544467534792,0.0502108209185784,0.0723161989351446,0.106800221869239,0.16381610552551,0.264228361913542,0.447292792198995,0.737320324465063,0.906641870113605,0.656004560529247,0.3655985235628,0.203591222040208,0.119205921732079,0.0725028891289028,0.0447665917175537,0.0273125949865203,0.0158991226718368,0.0083410805242454,0.00349348572572689,0.000793912351023593,5.24979408569976e-05,0.00136037883760565,0.005054018288541,0.0116967458673547,0.0219518189135064,0.0359823691509328,0.0503397505857844,0.0411695202359766,0.312558419373695,0.607664799918946,0.774997128720157,0.474614681069265,0.0130818669924247,0.0960748524424237,0.302007133600168,0.508386682681681,0.684191004156809,0.810676751922221,0.884870398304096,0.917055257460637,0.922559196418203,0.915187164084827,0.904404125616827,0.896345782929969,0.893932873614097,0.897857322241944,0.90635538363513,0.913632356212695,0.908696532103737,0.873641065463279,0.790060545822882,0.652872063815348,0.48876305570913,0.332205770544568,0.211317006217277,0.127665332260795,0.0748543425132693,0.0433740157341548,0.0262507557202343,0.0186333249492709,0.0230508048960324
0.00539898418649234,0.00731259355393157,0.00992170112816371,0.0135842975222647,0.0189338792462361,0.0271814238982122,0.0408676328179348,0.0660495089389809,0.119661829253113,0.258435305611636,0.64003958462992,0.666729022524606,0.221401865112319,0.0855283539915064,0.0394919230924747,0.0196604450437338,0.00972549418099909,0.00434195047208499,0.00144083151499219,0.000162767840135793,0.000206113662570154,0.00160407377410703,0.00467548884480012,0.0100823358727587,0.0190063605002511,0.033476961964845,0.0570299519710309,0.0958141008232457,0.160314968257244,0.265844153452921,0.418591426713723,0.525490522987782,0.0211597321219607,0.333444630507265,0.189907077937174,0.0615648192864018,0.00314524202470625,0.0498196961365832,0.250290530374081,0.555886841938871,0.787557987750613,0.879322926253536,0.896704548783254,0.895173727154795,0.896456735810925,0.903128561850872,0.907006741703771,0.891155738284044,0.834702808028584,0.726972198259452,0.584456712087833,0.437867441446026,0.313264826484608,0.219275538455125,0.152548728987725,0.106451201438616,0.0747293925082175,0.0527834818247874,0.0374619907511032,0.026991799706279,0.0191857450295266
0.0324485629203196,0.0473317479603862,0.0705361060025128,0.108883490599357,0.176910644139389,0.306572302535963,0.553395034701093,0.866000568526966,0.796041645171536,0.464687220815905,0.256223505225857,0.150820200324291,0.0946011629737092,0.0619706012984247,0.0415381020801912,0.0279497759980607,0.0184628078306966,0.0116118504351913,0.00658718574726087,0.00299147634176305,0.000735848943341716,5.87076332589689e-05,0.00146821900328379,0.00309448748216535,0.0567137746476339,0.245133733244883,0.0411804461559906,0.00651184420543247,0.00033391978954452,0.00269740587243705,0.0110136243495717,0.0269706818576431,0.0532280809201873,0.0927889743229993,0.150737527935127,0.232469863760383,0.34142816078782,0.47475895061414,0.61857628923361,0.749282170688746,0.84500366346894,0.898339260223287,0.917711359436475,0.91742154274516,0.910444480750103,0.904676539950931,0.904105535488908,0.908645643317065,0.91450918430563,0.913525331502917,0.893286130908524,0.837565377036652,0.73847669261921,0.604218115112749,0.459331311823567,0.328697189595347,0.225066166615401,0.149405016680232,0.0966179498768941,0.0605217765929715,0.0383109628905455
0.00524850445531938,0.00714245014904403,0.0097505126989981,0.0134583224263227,0.0189637296709423,0.0276332268150767,0.042442360995722,0.0707878764557247,0.13463365730321,0.311727447627024,0.763975660133381,0.521904947305164,0.170898595659037,0.0716339176176957,0.0354400225656034,0.0189140668757129,0.0102083636307073,0.00521903369889945,0.00226958501059575,0.000632377206750986,2.58283441556131e-05,0.000453831707222319,0.00219074050821989,0.00589745799946849,0.0129088751018453,0.0258113926916668,0.0489575028845959,0.0827220717896563,0.0626779466201649,0.0938836603298916,0.173375066678873,0.100963768475683,0.0650341609145543,0.0376661131832218,0.0208688879722369,0.0109248093225979,0.00455297351890479,0.00100520178120455,0.000180753184943235,0.00269492192343396,0.0107070574591829,0.0156951727996479,0.0397885715157905,0.0782334620429696,0.140714563723681,0.24082704047351,0.387939742331495,0.570828294634706,0.74552216738134,0.85724972500007,0.893353687028177,0.882579047607277,0.856792864996038,0.834556773264749,0.823088790333864,0.824457761506069,0.837604696472984,0.859469302024702,0.884209599681955,0.902020689304538,0.898899704843297
0.0195360619949069,0.0272243493327947,0.0382825046252853,0.0548355266694047,0.0809438744283865,0.124996156310535,0.205614164009765,0.36447659009773,0.659311646487366,0.889649930468905,0.60605689098366,0.304787682597188,0.158786655409495,0.0887127629190194,0.051637602078874,0.030204247903351,0.0170218423366647,0.0086554777236101,0.0034548084078365,0.000675197444899382,0.000134089454247489,0.00211171924989826,0.00739973848275303,0.0174670599878245,0.0345520075414582,0.0606089137074387,0.0867836863150565,0.032015728527265,0.616716387229288,0.628866494583492,0.367338003320822,0.132134637593043,0.0265137988219425,0.0034141472280164,0.0570539768266457,0.196737480299362,0.414281673486335,0.645734793872923,0.807010531202107,0.876855894954935,0.889995154615679,0.883065619797844,0.876529629972761,0.878034776034886,0.886029790995177,0.888732879387201,0.861153895084844,0.769105385061178,0.60219898499438,0.410012932331791,0.248473980064479,0.141611391973306,0.0777839257979158,0.0428750599186531,0.0231322806328031,0.0126612692665853,0.0073981648921883,0.00526953735622949,0.00564432767348796,0.0112873446095618,0.0437653357681013
0.00779726956052447,0.0105387724812313,0.0142719015172413,0.0195126587400183,0.0271818420056727,0.0390576293440897,0.0589100510395828,0.0957977932637223,0.174906833070689,0.373156373579863,0.782252741219948,0.586991913477521,0.211244322293159,0.0882645509661013,0.0424029808154964,0.0216492009114383,0.0109891755888153,0.00513887324044068,0.00192195475622585,0.000367975117136719,4.36158897545709e-05,0.000796976410514034,0.00265367243129256,0.00578386399392785,0.0104980586185593,0.0172744332426176,0.0268044350743862,0.0400822583513808,0.0585046524844809,0.0840258954805208,0.119358465471903,0.168065038469421,0.234109378770492,0.317437965227773,0.385852597543253,0.28208378527842,0.805536555606682,0.700908957155024,0.264963171194307,0.00971865603997444,0.23137886996816,0.569173281713366,0.787802855074739,0.885130725457343,0.911212319589537,0.910749924945879,0.899979802503042,0.890644207331189,0.887367911212865,0.891099681096005,0.90069302975267,0.912838145462118,0.921573601729389,0.917818163308948,0.893597848256546,0.83731722842495,0.74838249188582,0.635630868075229,0.514911313659695,0.401481133771087,0.304547812295339
0.0116864326326432,0.0161786532365093,0.0225615333508837,0.031987032122546,0.0466523473807861,0.0711168740023916,0.115919307826324,0.208269286460245,0.419790994159208,0.804581543090732,0.707079915717102,0.313489614162022,0.144984978513948,0.0757466981414711,0.0426640318118593,0.0247573492642951,0.014192589704028,0.00763578573359759,0.00352356112989121,0.00111120100374163,7.99094752674903e-05,0.000387124926196464,0.00221263791875064,0.00597170827316297,0.0123770429157233,0.0225831158108649,0.0384921795393316,0.0593172908256238,0.0961332144075259,0.149373518282183,0.227427681323231,0.338407611611418,0.483743436150023,0.631242805651291,0.460443008037147,0.562004329387525,0.0888969355669486,0.17293361827565,0.597797367080417,0.814711567503062,0.892323136461541,0.915679379942243,0.920284035794741,0.921574280058709,0.923285611785222,0.923041543678331,0.913723584919448,0.884838885277721,0.826176577819891,0.734314801372302,0.617536952305692,0.494170679256612,0.37989440040675,0.284756602982886,0.210621093972989,0.155089434182422,0.114210561121698,0.0843569387204328,0.0625411251039702,0.046022471720278,0.0342251907125541
0.101657693342655,0.158138514662191,0.252716901534331,0.412823281365566,0.659005835818159,0.899929863556248,0.88632081341398,0.651557353422292,0.432112553567194,0.288468094195748,0.19937909783519,0.142672226673144,0.104962334838012,0.0788231348377755,0.0601010997607486,0.0464936369977968,0.0369577134528031,0.0320710114175029,0.0393501854082547,0.195104234536293,0.089409844261849,0.281232131569395,0.00325777089729721,0.0240976591987848,0.0678109303720824,0.153104858339856,0.30373667755871,0.51876520976251,0.729312928286196,0.851651878643514,0.890335487925417,0.894847582904953,0.887372651339928,0.846178496922566,0.714959616628798,0.485009747995305,0.262773806357663,0.124916191222645,0.0564272130487007,0.0249492806523014,0.0108135361250964,0.00456844365831861,0.0018931590009727,0.000808525488978497,0.000448529126273561,0.000384552340324085,0.000595911504996038,0.00129794225272501,0.00313634002696559,0.00752225360510411,0.0182874080472354,0.0446527298205127,0.112691592139331,0.290958962760319,0.642878160188112,0.763645329814498,0.570685540834573,0.424342061522043,0.344247586874794,0.301569378841514,0.280481809390199
0.0049670145200175,0.00668316252391919,0.00900134535360313,0.0122243927030044,0.0168858656763753,0.0240007236523985,0.0356877702342566,0.0569715492170576,0.101926547338319,0.218711860033232,0.568645129316549,0.689575365202909,0.210921201069614,0.0776502609920885,0.0351469900259272,0.0174485767762277,0.0087751842459549,0.00413553127661636,0.00160196867107637,0.000348912924944966,1.81071830879406e-05,0.000489720248787761,0.00179854753075915,0.0041111670274472,0.00774047043483452,0.0131968586023334,0.0212581133821381,0.0330774383206927,0.0502131170009859,0.0741994538190786,0.104032180646743,0.125683201249416,0.0841584468167457,0.017036947907405,0.254810483437126,0.302985729510197,0.24800210466637,0.18772780298136,0.13803741766688,0.103088021527913,0.0768094449886604,0.0567268135392425,0.0409620934616788,0.0281447793462654,0.0189128912503372,0.0103146833749818,0.00414745175913689,0.000707288997331866,0.00125298913441519,0.00911982221936488,0.030402541096171,0.0767001504428234,0.167923753042605,0.329035141768183,0.537483738103056,0.75830542234822,0.858676621086957,0.844030392899908,0.785279689940186,0.724812247432282,0.676375015899257
0.054192177617482,0.0801171086736905,0.121220877269711,0.189876216438985,0.310215796570455,0.520219223360257,0.808618850988477,0.908780122819896,0.660238384747309,0.397715243698543,0.239979596649556,0.151351138806895,0.0992395253655698,0.0666438539657811,0.0450884905581722,0.030168002366597,0.0194877331136036,0.0117117203040309,0.00611161688821299,0.00234885314279285,0.000357102952887806,0.00016899575218203,0.00110607665519624,0.00105132081931033,0.516649149774042,0.638542742597027,0.105054158592344,0.00223768732766916,0.0362519168351831,0.100991171361569,0.195618644708663,0.322715060222424,0.47612523681181,0.634443429797468,0.76869891314292,0.859242718426813,0.906148126369249,0.922888702779552,0.924445900467078,0.921996099131124,0.920907664598384,0.921425423106204,0.918017774263871,0.898307903864207,0.843264167466698,0.737533669104764,0.586067167419588,0.421141984789153,0.278393391430183,0.1735715234521,0.104084040444539,0.0604473794216424,0.0339106619238112,0.0181070511049228,0.00910148267346961,0.00409087420390349,0.00150325311476261,0.000394449281965573,3.45971019923592e-05,5.69633327730252e-07,0.000137538269727183
0.013657457029504,0.0192228263503503,0.0273531229319514,0.0397477488087464,0.0597439902763796,0.0945223850373564,0.16113342709525,0.302895196794841,0.603589043423933,0.873837530058171,0.541287113083092,0.252454032405015,0.128442126997616,0.0713434950974514,0.0414006452061495,0.0239794129370275,0.0131089377061106,0.00613468050297389,0.00189874936863712,9.62338526835221e-05,0.00112359276316494,0.0062510845377071,0.0181606258029803,0.0421232834320272,0.0877940549345179,0.173339150698772,0.32170446284548,0.526346100392964,0.531641657316826,0.549811347717759,0.172536358251984,0.203020264153609,0.73769436369382,0.866925880048377,0.888428634682142,0.891987531205273,0.876777005804065,0.815081826087037,0.684151631719839,0.505417287339014,0.334984824488904,0.208598535940319,0.126941765301993,0.0771578628367474,0.0472490274087446,0.0291954453241448,0.018175573666829,0.0113601930468155,0.00711579954732904,0.00444523644227425,0.00276819588234548,0.00172206120889895,0.00107965429298511,0.000696697666790542,0.000482125072735188,0.000384716830812306,0.000384508302824612,0.000506885634088654,0.000866939011049429,0.00181587352322086,0.0044649306807653
0.0302348214011847,0.0436123310099565,0.0640545724180091,0.0970077001070614,0.153780240799733,0.25899607609945,0.461255002479725,0.778974336686993,0.877767221130606,0.565779025075618,0.309293864998317,0.177269364718246,0.108694860505196,0.0700417171738189,0.0464751267785585,0.031168011953213,0.0207326631725859,0.0133827357091243,0.00814281261181174,0.00448364030376608,0.00213325669004278,0.000940751138344951,0.00102685379324397,0.0107434438753458,0.263077887564048,0.724431284769109,0.793416045642878,0.470764702244285,0.175345899460298,0.0604870211464066,0.0173596481336759,0.00189340346373963,0.00254351579416576,0.0177016880311923,0.0506936535320982,0.108349323794491,0.196901529813297,0.327939289511627,0.493133590920137,0.665250403564123,0.802750199518457,0.880024110320584,0.903912485647927,0.897843510959107,0.882897077145239,0.871416750739213,0.869324621959403,0.877339874916643,0.891367179469577,0.898924488603228,0.881692347342602,0.810985032969598,0.670025629178265,0.489140206365018,0.320710683762799,0.195097370293216,0.113657959078069,0.0642978122553657,0.0355505711957412,0.0194409709090952,0.0116556574626292
0.016200383469119,0.0228909584003152,0.0327393818256947,0.0479169091309336,0.0727726967330603,0.11686512026515,0.203212246506877,0.387876685572445,0.736287958042981,0.843296574850471,0.460063332537096,0.223467719160145,0.119557088886135,0.0692847366301695,0.0419019215346399,0.0255022967787352,0.01498708093793,0.00797704828107732,0.00334793579430508,0.000684600383192474,0.000142911799012699,0.00261691475147172,0.0104020732413461,0.02908532843654,0.0727723595722452,0.17277809158209,0.222442168149572,0.0626099994563732,0.139621425882034,0.0363878523349135,0.0028948219975409,0.00625537154754028,0.0440887779617691,0.130526378273874,0.281055091196808,0.486853865484556,0.691345498508597,0.829279477914557,0.891007311385217,0.907870447541196,0.909705564332611,0.910755661082364,0.911787430988566,0.903003664421473,0.865863294513938,0.781397537756543,0.648284949632649,0.492757621050214,0.3485823298022,0.235917240124982,0.157590396749624,0.104633938576564,0.0695643983926931,0.0463452789937678,0.0308752589673043,0.0206450846993615,0.0136038688621302,0.00882417994179036,0.00558469628467635,0.00340032640310277,0.00195980163145622
0.0154004764889929,0.021231150689821,0.0294776224170906,0.0416061978618219,0.0604048268551293,0.0916475684158078,0.148497703191932,0.263568641429146,0.510228026361663,0.856174428279464,0.658155242676398,0.301147988867262,0.143632370676275,0.0756592502228493,0.0423461911193111,0.0241570708484319,0.0134680385497585,0.00694074260937774,0.00297598497147006,0.000790988216719464,2.83630422484752e-05,0.000591216988154516,0.00257981467289531,0.0062781589224616,0.0121741117165847,0.0210123590352683,0.0338117737836425,0.0517611523894919,0.0752838808884771,0.0992816792994491,0.0898397554734449,0.0459115023813873,0.73648786168479,0.70423747652436,0.452246227122496,0.212881836753698,0.0740862627527876,0.0123343405543517,0.00346320366364133,0.0381975300133402,0.119121406200829,0.248495527938584,0.411122642155942,0.599924336850246,0.760146192801003,0.862459598658928,0.905678587749473,0.908404683490873,0.891261339024748,0.868698746472315,0.848433787929842,0.834397336045646,0.827716596494107,0.825680959778329,0.839647404271577,0.855737969544304,0.876145311904372,0.897658591923453,0.914961464576474,0.919906116379881,0.902598995250252
0.0124948815998783,0.0171898974187505,0.0237949140165867,0.0334401740703597,0.0482585241358902,0.0726203116682005,0.116476390840044,0.205131581139115,0.404869657339111,0.781526657493302,0.737566098953159,0.327798485786733,0.146700880434186,0.073854701910433,0.0398512007570006,0.0219069728206977,0.0116316374722949,0.00551852350060491,0.00197921623125085,0.000282914797489338,0.000174293339927504,0.00171469460936661,0.00525404177106335,0.0114719958129509,0.0214797891762394,0.0368523134179101,0.0591705899705939,0.0864312580442651,0.092846226118885,0.00984459514099181,0.673491524677822,0.647607246148669,0.434115491477796,0.229964366341853,0.102846751996799,0.0361886864782158,0.00370889964945031,0.00880959975644211,0.0585399429934764,0.168199837720715,0.346062598032075,0.565084050280862,0.755606673878678,0.863691068948496,0.896177674357555,0.889216565490091,0.871632401129721,0.858300207754693,0.855205441483088,0.863192339223152,0.879452256801615,0.896879215587788,0.900352747484314,0.866958950588681,0.77968115911211,0.636358990187243,0.470519182636644,0.321058608597605,0.207618546271765,0.129694961164665,0.0791367760475414
0.0154163445374591,0.0217958958177385,0.0311949210148051,0.0456918627752822,0.0694477980336185,0.111599424193238,0.194151741039929,0.371153231586846,0.712931280678976,0.85585413384195,0.484952434795026,0.239712608251418,0.130944114644169,0.0782552152385215,0.0495212719136558,0.0322425370285008,0.021033754398316,0.013328512986321,0.00782220292401911,0.00385891981746625,0.00120629879801939,5.59203293552988e-05,0.00129003800478564,0.00678852188390397,0.0110772623634949,0.0866433358098993,0.0344745472711871,0.0771081866984635,0.0235821303933347,0.0056026037209073,0.000610295564184348,0.000932479845952581,0.00656158532688093,0.0190195576643734,0.0423375997360583,0.0814301528860978,0.144347287918848,0.240520024379588,0.375693019888825,0.540917801667084,0.704088053998589,0.825239346226391,0.88840144835164,0.908052249371518,0.907813837817825,0.904232660396298,0.905029712571736,0.909633060998405,0.910261736250123,0.891609119838462,0.834755123555239,0.728305706376917,0.584545500535145,0.434420380651897,0.305565011556488,0.208026024638543,0.139191597124921,0.0923173984771389,0.0617802079557175,0.0405125815342191,0.0262786048420264
0.0179232697432517,0.025132461714323,0.0356350753609933,0.0516396674758602,0.0775283428288821,0.122807997935101,0.209943764852466,0.392334440134675,0.730461289800576,0.84709898782657,0.470488569445019,0.227390744117467,0.120292757420724,0.0689846652399217,0.0414345599915465,0.0252354107488691,0.0150758301849596,0.00845281723927485,0.00411522069279312,0.00143907226380411,0.00016034746063064,0.000257305005073955,0.00188910457283804,0.00528818515974678,0.0103206558575548,0.0145751498649608,0.00782715185659282,0.0695680019023073,0.710278780437674,0.732634476096155,0.486506120215736,0.251092124768294,0.117108382156482,0.0498397426189763,0.0146568279765053,0.00344115553707072,0.00257480139348375,0.0203230247766859,0.0612169855342253,0.131910263332617,0.24524010849196,0.406095805145997,0.590972406196202,0.756036032795794,0.860639602565216,0.900212722343115,0.897853779727012,0.878744191711144,0.858916189277317,0.846296059001389,0.843564159236895,0.85154516191375,0.868130276252639,0.889001624228059,0.906043854960718,0.906068296614555,0.871308211906385,0.789296790217733,0.662635925149294,0.51296937487246,0.369961181471006
0.0138550725484864,0.019639319007959,0.028176857004864,0.0413540912103456,0.0629361207672541,0.101167568798729,0.1759326014683,0.337453387441076,0.666619160486218,0.864267906630778,0.50156053708965,0.243081434620028,0.129898411856417,0.0757999067491734,0.0464494304721278,0.0287782093287057,0.0172713200404508,0.00939188432043559,0.00398992629332295,0.000768330992657206,0.000296654598338503,0.00466920240116577,0.0197657491556167,0.0627981523644975,0.185405389433313,0.454243975994209,0.268301294997784,0.0616706291914452,0.0250984545295258,0.000942000189501189,0.033776335280357,0.164789867559077,0.416901196352809,0.685129179980682,0.835066596057938,0.884617660982933,0.896418434996726,0.895238275464243,0.873298917651641,0.806725062294937,0.680247270887797,0.514750114894266,0.356217301273295,0.233978034813674,0.150829715758355,0.097318957256686,0.063425517697677,0.0418374565924073,0.0279155571801564,0.0188067514246755,0.012748038981902,0.00866836930119607,0.00589090792482517,0.00398819033963473,0.00265118193414586,0.00175638492385815,0.00113016642201291,0.000715933912409044,0.000445134060222043,0.000273702439523311,0.000173170270234005
0.00975877323179422,0.0134799024985993,0.0187397670049157,0.0264555195574508,0.0383557406341017,0.0579925533671499,0.0935109994261724,0.166072615429793,0.335762000842616,0.707661758362594,0.761197209301349,0.328129639559633,0.141518017005732,0.070036550549602,0.0374416281808119,0.020388555629892,0.0106295297239853,0.00482309723575642,0.00151135737522852,0.000105540872926817,0.000525758073238574,0.00310760055057157,0.00866106724823739,0.0186892247650083,0.0357833657322622,0.0643615037834943,0.111767639992405,0.189382777811291,0.30831803132757,0.468136064407135,0.525841268422939,0.499376513853479,0.455250672849689,0.103175135803619,0.0800682502929565,0.50596483514839,0.803728899449629,0.886345686825605,0.902717039616814,0.906153453159472,0.908835053100197,0.905204147782606,0.878893965250503,0.809314014513916,0.688053619842052,0.534437724637759,0.384485770528864,0.263336058353532,0.176297584441393,0.11732666160079,0.0782283494821138,0.0525493085133832,0.035485213870052,0.0240390753158333,0.0162413439288171,0.0112539070926261,0.00753397501309263,0.00499853725348465,0.0032690704948508,0.00209707999524565,0.00131978384336157
0.0284562139151731,0.0404927039214558,0.0584672296115062,0.086647391601836,0.133660204218451,0.218012605069454,0.378666132731318,0.663991579329787,0.903100166762134,0.679662702442992,0.370698136002825,0.203167148615487,0.11896214156608,0.0733611217918239,0.0465598472534789,0.029702789568344,0.0185575819958405,0.0109604700097047,0.00576297955028496,0.00236431975677864,0.000489106128571657,5.93501286082838e-05,0.00104201029660887,0.00301728555248351,0.00377454051426705,0.00103604621479788,0.278287804683405,0.740700889696163,0.808673936446695,0.555187246677324,0.227598821311476,0.0700589163013463,0.0117578255976327,0.00129335106940838,0.0211431391933199,0.0730063963118313,0.160365370539172,0.291861560914856,0.458823475851669,0.635285221290038,0.781543154095839,0.870798967174166,0.905190904353576,0.904639570450846,0.889583299270401,0.873339634058167,0.863370701882428,0.862641384958385,0.871343798511217,0.886622976177131,0.90132597871526,0.900396970375727,0.862910291327954,0.766950538888834,0.615813835150448,0.443812515524392,0.292569430075144,0.181142957527807,0.10760649834596,0.0621180038842151,0.0360321533484465
0.0139112328857141,0.0192543213160215,0.0268683691427874,0.0381741188481133,0.0559175270619727,0.0859141992715878,0.141850146283505,0.259192766673251,0.521384371141806,0.864904565800054,0.58386497570631,0.254008085205,0.120665977232146,0.0637071053697804,0.0356439169427817,0.0202219401559296,0.0111130045644571,0.00554685336928374,0.00220461751681909,0.000455402371007819,4.51890040865059e-05,0.000962704569873154,0.00339562305854,0.00772974606315232,0.0145381124531916,0.0244767747807575,0.0376670589393595,0.0510623506991131,0.0487974807912994,0.00532587564369262,0.427595119587089,0.685468991142176,0.577790568847011,0.39776717422005,0.250026437794758,0.149934294696846,0.0846008260909772,0.0419476308663963,0.0154128183566279,0.00212127747179647,0.00333583783926319,0.0243396188352337,0.0765615023446292,0.151766936719737,0.296829045727384,0.496839623632829,0.694979324504539,0.833350586656502,0.888223836138238,0.884012655718369,0.85425479982155,0.820862296346403,0.795087177331277,0.777940778475093,0.771166259343146,0.774707322242106,0.787786189314768,0.809240960192622,0.836735705859766,0.866854016133773,0.894629457313877
0.00636725311646683,0.00858374439507988,0.0115859279290005,0.015772820069512,0.0218503451613206,0.0311688185477946,0.046564858779397,0.0748092768418021,0.134889143120593,0.289672561452168,0.69493102039426,0.627058963682415,0.200613443664998,0.0765662805606284,0.0342434363869291,0.0161298226913778,0.00727354070509716,0.00273289960612317,0.000580930227097387,2.79714457037794e-05,0.000799815688476418,0.0029230774314416,0.00666125473606016,0.0125331975332363,0.0213901676928111,0.0345784396996152,0.0541620798670856,0.0832777298585577,0.126396715648997,0.188574343580036,0.269539866715988,0.331136426368012,0.125492532384277,0.546009496803545,0.567746295815284,0.401479866782578,0.227336236116085,0.0964675750338137,0.0178683996831494,0.0143170540301986,0.145557559059948,0.427042718860421,0.713297206948492,0.855482253093266,0.885150319437881,0.875810223060537,0.864324879112438,0.862992157204711,0.873037044819219,0.889322501886754,0.897782256940459,0.883950868049695,0.819457475507271,0.696138898642211,0.537641193634169,0.383139692560167,0.258195348759048,0.172625925969342,0.111876148902876,0.0715735521444028,0.0471300512809782
0.00822456069844664,0.011094280421607,0.0149914427168987,0.0204472994027826,0.0284115421326543,0.0407141661265986,0.0612371086387217,0.0993059438705818,0.180826041132511,0.38485235012419,0.799597873113731,0.568428305788383,0.201991885889418,0.0837190032836808,0.0396629686819788,0.0198100076096498,0.00971522808005317,0.00428349884569413,0.00141497344611426,0.000173645293688357,0.000140720745467136,0.00116540832554943,0.00326089900809967,0.00656721303443379,0.0113373189806847,0.0179489121062118,0.0269244794178256,0.03897796465782,0.0550520455744139,0.0763821902949905,0.104585376206287,0.141678572730747,0.190129265589656,0.251365581375681,0.328878062034141,0.423481744040509,0.523151072150843,0.527215281895768,0.765446461609237,0.847074757252162,0.508434307313502,0.303267769746994,0.795283447076016,0.901809729874482,0.91796153939761,0.910087583184505,0.896658687037707,0.885034718872867,0.876732823760178,0.870474983902727,0.882459937411908,0.894535739641099,0.908451949331065,0.919970800666835,0.921826247535497,0.905020466852392,0.873935037702856,0.81019505266512,0.720831266941336,0.615283392173015,0.506017613756803
0.00363323756300197,0.00480680272457028,0.00634137024226486,0.0083931025974721,0.0112230387239549,0.0152961027574325,0.0215081413419092,0.0317818134355705,0.0508551451961547,0.0929659528946418,0.213495065978503,0.630134398591049,0.465855630280604,0.109515136988432,0.0372903903529303,0.0149373145132286,0.00601177509787499,0.00205562447575432,0.000393323409907719,2.26437080813695e-05,0.000546369913117129,0.00183352598609295,0.00389719421477229,0.00684914892444138,0.0108928342955641,0.0163259060205306,0.0235643765951997,0.0331734803676713,0.0459265567115963,0.0628598347954953,0.0853590518503279,0.115275703643885,0.154969362483307,0.207338499971865,0.275467525549014,0.361740822444711,0.464190052063702,0.569252903896269,0.657875826812604,0.339470026157936,0.886121231115458,0.864376534832108,0.652287613129139,0.114426635586851,0.851545720304409,0.890603604747637,0.876577783910171,0.86150004764311,0.854011156589393,0.854242449568305,0.865788828170418,0.883158827031208,0.901988003996223,0.915087822462915,0.911573740909202,0.879419973764506,0.813656955480588,0.712880177360776,0.592437001661568,0.470764377688052,0.361865200020746
0.00153309163400116,0.00199400852615201,0.00257684609440749,0.00332540037848091,0.00430886727845661,0.00564215236112139,0.00752864049768818,0.0103586593853222,0.014965476845319,0.0234218485702169,0.0421386333596274,0.0990884588560794,0.388457540497307,0.345079902787711,0.0499077925365341,0.0142265664495293,0.00478416208406702,0.00146307162331875,0.000261149623243586,1.28281176485525e-05,0.000307790244171302,0.000996762591042925,0.00204158739061092,0.00346308934555692,0.00532273148161803,0.0077184151747452,0.0107879506260538,0.0147172352114467,0.0197602382573076,0.0262573993510303,0.0346752045494443,0.0456558151993343,0.0601070175441682,0.079303647728059,0.105051096382978,0.139914392267483,0.187369546351704,0.251776914413582,0.337160580713054,0.442256659230496,0.54252966271766,0.467574932685861,0.526874093144244,0.711286951085097,0.578334900743511,0.388104850817509,0.198797204859302,0.0419873547957067,0.0350589479687902,0.368496640844962,0.75926343379306,0.870443676570559,0.854801506976874,0.819845155199499,0.793478874312757,0.780619667643118,0.780851388823101,0.792454727627638,0.81440322906674,0.84315772877698,0.874163342204688
0.0022959766436773,0.00302286232197127,0.00396324400115303,0.00520371730805641,0.00688549775854115,0.00925277304747569,0.0127596685176266,0.0183334001844587,0.028131293644562,0.0481470098525998,0.100083928045169,0.294344818809203,0.747155831115402,0.146880092759037,0.0394572926998948,0.0142462474203585,0.0054335062209233,0.0018062361541422,0.000343749531637179,1.79999519909155e-05,0.00044705929904211,0.00151354977856081,0.00323883770228525,0.00574304855514217,0.00924080352012962,0.0140653782515433,0.0207050467242446,0.0298771601504063,0.0426357115468076,0.0605620191114446,0.0860020889956588,0.122455824476967,0.17483501607012,0.249044642816589,0.347779308941925,0.451490847033436,0.423151926300241,0.21879855882518,0.593591637649469,0.467826720266592,0.304145617069882,0.161675542346924,0.0474176669285074,0.00467071918385915,0.124231982711093,0.460124877148384,0.764983211108765,0.865409482073475,0.86523567199774,0.848105647020454,0.83982552972869,0.845400000342076,0.863286886752276,0.886296206325962,0.902703291313895,0.895495873304098,0.846552825456504,0.749507535680104,0.618191601908843,0.480012807856167,0.357315569215383
0.0255485993602643,0.0370939782942492,0.0548540791467804,0.0836560248004432,0.133612999192023,0.227231801075762,0.412311540874059,0.730581696523001,0.894181813391763,0.596932839805058,0.324286622941477,0.184031923075211,0.111776084021001,0.0710618159467174,0.0460145856366549,0.029452948705564,0.0178929733521619,0.00960065842432863,0.00382165853757845,0.000546214050301985,0.000638111464501745,0.00641937788502439,0.0233169707746803,0.0636386578180032,0.155737178550776,0.355152611956259,0.626101935490677,0.207577834889454,0.0203437388475767,0.12824507484031,0.505202617827606,0.776129934873794,0.87749062340358,0.904745108015091,0.91046978271079,0.904902279458084,0.876440608164574,0.805447568767254,0.682919826855629,0.527831706353182,0.376859952190528,0.255713456540263,0.169503875920145,0.111804638988845,0.0740358053842668,0.0494240830691643,0.0332670139589117,0.022547168732034,0.0153094033459936,0.0104379979453284,0.00709672968613333,0.00479239903352242,0.00319758161650098,0.00209401431652075,0.00135935223752782,0.000841614802359567,0.000494548486503222,0.000279289422844857,0.000148815621474646,7.64689776079702e-05,4.22421219360307e-05
0.00664855162836958,0.00912291374732934,0.0125769307669704,0.0175641897314588,0.0251011985586857,0.0372196439788183,0.0584139385077892,0.100069850577028,0.195814066377161,0.449669601886326,0.84919771940313,0.457576583143023,0.175150686941033,0.0812451179626992,0.0429334619504573,0.0241445518371495,0.0136951319267,0.00739545496879823,0.00345978677988024,0.00110405749077132,7.22470078786779e-05,0.000521495736126858,0.00315021862640221,0.00971314829654814,0.024501806226761,0.0585629487270551,0.138898344641068,0.257709798195241,0.00789479928046655,0.0571967668561143,0.0443810462262465,0.0259477010360877,0.0108108006539948,0.00275739630298727,0.000127048798832307,0.00366626439707243,0.0135192633773237,0.0374372838571367,0.0814909973438411,0.157928612143905,0.280481042382124,0.4522745468737,0.643966514437221,0.797157447941847,0.877190316052124,0.900078247299325,0.898743834252395,0.895369905959705,0.897915307208113,0.904446322647234,0.904912625230285,0.88059378745764,0.812083703852669,0.694735841120984,0.548541048087259,0.405870878881227,0.288075413386433,0.200131561233866,0.137412717147898,0.0981312031465363,0.0679013629716764
0.00719921394864168,0.00972592047424424,0.0131636253727676,0.0179847423884819,0.0250317772509711,0.0359318686882548,0.0541394838451224,0.0879928410452634,0.160983494297386,0.348354005119091,0.770773536612205,0.570729999293679,0.194030740854936,0.0785156716380546,0.0366085144163405,0.0179639757018072,0.00856377958141608,0.00356511107830644,0.00101014210212017,5.62281472160457e-05,0.000364550126481531,0.0018748154823854,0.00472234841969577,0.00922333877758448,0.0159018036685669,0.0255496842607073,0.0393458494244078,0.0589906215528359,0.0869423743955678,0.126557047162369,0.181915109146068,0.255452925015329,0.334090754628728,0.279070440739015,0.714711903682163,0.767339655228851,0.473650155502763,0.184718386790666,0.00948386337668735,0.225698186947993,0.573027356952073,0.773767916505788,0.882202836303884,0.904491736811267,0.897221099971264,0.886028722153889,0.880244717695302,0.882866198431493,0.892820714473415,0.905947827665988,0.913517662423549,0.89725018596835,0.860990639018141,0.776931402499761,0.656225341650089,0.519644030895391,0.390810021721202,0.283655405163016,0.201431564081178,0.141214418067659,0.0978846599456105
0.0234253103404105,0.0328664488259785,0.0466206024714743,0.0675608135797396,0.101346576969849,0.159975655388268,0.270342772480931,0.486840413036692,0.815889133470669,0.826131361440431,0.465204709865594,0.235301094923366,0.126921660172086,0.0726040056739058,0.042703147782672,0.0249335972821947,0.0138308154222155,0.00677759257938754,0.00248282509775571,0.000354765443803253,0.000236917373520963,0.00231079922888478,0.00709067906148477,0.0154762071159048,0.0288609141989796,0.0491562358911724,0.0783791129576404,0.115015342306887,0.124237654825056,0.439056428720572,0.737743192059946,0.73899991900564,0.0691881187109579,0.12769750557552,0.430659610672009,0.669133934679202,0.815240284366477,0.890515494431861,0.916707517744847,0.918992407382551,0.913435605703559,0.908775861876947,0.908746989364207,0.912900276123214,0.916134809416973,0.907331745879282,0.86850090205298,0.781759961077446,0.645245136983763,0.483505417591852,0.332787197394309,0.216791380809563,0.135849528159018,0.0828049035407925,0.0513131560819978,0.0304658304014627,0.0179637883004301,0.0107099451244778,0.00668633097234865,0.0049755308970796,0.00569263762591985
0.0332179236964993,0.0483782963213356,0.0718503553874636,0.110201182752437,0.17705542780688,0.30129673767011,0.532630673026172,0.8440037734014,0.850922684450688,0.535830068130488,0.303566356615614,0.180499625924367,0.113893656637353,0.0749905910486899,0.0505089899407249,0.0341106057020853,0.0225641771883018,0.0141434738477815,0.00792879608112868,0.0035037766034162,0.000822186735962499,4.35267240836317e-05,0.000280828032998417,0.028704077812519,0.618431124197902,0.429930524340033,0.0463995253344529,0.00142339419212725,0.0114029967318315,0.0537025290806838,0.136681387786623,0.272812603611606,0.458884781636105,0.655039352820206,0.802813439130478,0.879035673084751,0.904505218740577,0.90853427415445,0.908444972139367,0.907071005124477,0.893957747324549,0.846161802433309,0.738609167440008,0.574340678070527,0.396794768185555,0.251298500479418,0.151817109026935,0.089910393292273,0.0528913298747268,0.0310138551451154,0.01809976495347,0.0104885097023964,0.00603779034584268,0.00348112482676569,0.00207037550029152,0.00136584526050866,0.00115090998462715,0.00154967680708656,0.00308421063847551,0.00903784054133209,0.037314725608643
0.00848803137785537,0.0115562430674567,0.0157948920780338,0.0218537501041182,0.0309262693206378,0.045402225523054,0.0705851673287638,0.119961500623267,0.233203452619325,0.524269475595177,0.855211017227167,0.400511300858877,0.151544983567115,0.0686231697099278,0.0346940449737916,0.0182970316501622,0.00948599677137767,0.00449520981589989,0.0016915263893472,0.000321259349809673,4.24129293150508e-05,0.000737751109653857,0.00243597846262241,0.00528582328338777,0.00955044510542957,0.0156254521668504,0.0240682416210464,0.0356603044865245,0.0514846985397255,0.0731514980938872,0.0987750364686382,0.13607136898253,0.186004493709619,0.251721455816786,0.334531442406458,0.435091128731466,0.54948505115854,0.666688764255589,0.76493398050849,0.758075470584373,0.819091417712035,0.697948081922118,0.197934464034884,0.858805910250461,0.909241907251968,0.908413002540679,0.901743849564704,0.898374045491451,0.89865108303514,0.906647041240307,0.91637481001257,0.923232335341714,0.92027783493241,0.90014852940306,0.855726255180085,0.782932928090173,0.686986791734956,0.578961467902718,0.471446683278283,0.374221768153843,0.291667650696554
0.0110122004548965,0.0150896080795042,0.0207910306947461,0.0290610510357541,0.0416668660801099,0.0622050327876069,0.0988154227564849,0.172249075210452,0.339834990188212,0.700077510790053,0.779750043712303,0.347511047238324,0.149976370944744,0.0742996166616715,0.0401325962567239,0.0224699129888162,0.0124520705106939,0.00646608523288531,0.00285873849926723,0.000839924668338309,4.61493470112849e-05,0.000361961263276636,0.00185068008017636,0.00473261641333246,0.00939648480726541,0.0163968816253453,0.0263782885168829,0.0395708888786923,0.0535805592121272,0.0547373568844927,0.0091327533543074,0.395451594815609,0.70091991372842,0.588089416818221,0.390216618648903,0.232367629259814,0.132416793793637,0.0700317036846321,0.0317179025235793,0.00960831518916258,0.000892989179301697,0.00549038857978862,0.0278513182971327,0.0732240688668358,0.156386387389622,0.285959478545653,0.459440244157215,0.650114483204379,0.802399588284715,0.881864161131105,0.896728874945604,0.875846340016479,0.843204293919989,0.811972507668261,0.787852019497749,0.772647764267546,0.766532652139897,0.769131898816869,0.779809511370811,0.797707127667483,0.821568902737579
0.00869361939521177,0.0117811963466148,0.0160084503080097,0.0219772045451033,0.0307670265074402,0.0444677500904702,0.067536933590965,0.110737713200409,0.203896303826329,0.433777244021164,0.834534794289146,0.531031241174382,0.194234078615564,0.0819979918182581,0.0386728341575223,0.0187729678095859,0.00861180699713424,0.00325370156873179,0.000679445119083675,3.92037579023348e-05,0.00104812907434574,0.00376841455071998,0.00855105613321453,0.0160635957050517,0.0274025470041597,0.0442688095988447,0.0692483819629867,0.106184769531398,0.16033660155349,0.237238051529884,0.335713168355572,0.415513691815366,0.208393187036145,0.568093829491967,0.587879498804899,0.4094462703869,0.205535682500441,0.0465393255473784,0.0145459882487631,0.215380640308628,0.574790820179613,0.805141107939312,0.872214906180296,0.874252164586991,0.865421262881469,0.863562827963719,0.871755111377905,0.884501653344398,0.886602255883712,0.851465323590902,0.751537909805571,0.590752550468783,0.410122582974681,0.263067232977273,0.159145110355451,0.0937861945462209,0.0544657631015545,0.031311681963111,0.017887465698323,0.0103963006037863,0.00659027545848199
0.0323428510808213,0.0470259708353672,0.0697266171736966,0.106778823698719,0.17142221488713,0.292122222909515,0.520116460523963,0.837773647524243,0.85175712803941,0.528318216130647,0.293978258796351,0.172182844556703,0.107119935899012,0.0694602519551212,0.0459301925336596,0.030275229828974,0.0193405478850706,0.0114628800337098,0.00578266100906184,0.00196280462397542,0.000133440328431133,0.00101343060416591,0.00602273929669329,0.0137045746610807,0.0261452985550157,0.546449282020849,0.100002532177411,0.0105231423795488,0.00187542140197137,0.0243781810563438,0.0761763806474255,0.166600930630645,0.303950436590231,0.48090542053898,0.662341340860918,0.802045007830837,0.880091108513967,0.910362710744933,0.916967198563647,0.916731946513765,0.917009072804755,0.915756886668531,0.902463280805151,0.858320804572397,0.765287945385215,0.623880047376994,0.462658264293211,0.317841325629184,0.207878041987238,0.13253476994343,0.083533914601323,0.0522072726533189,0.0322924510380514,0.0195808136694252,0.0120070594498568,0.00686833778430882,0.00372966582337353,0.00186397945574702,0.000821062674265749,0.000299639115398876,8.7235815013495e-05
0.0494955208707074,0.0720744759244656,0.106999065597774,0.163686958721827,0.260413399748121,0.429400116732198,0.694198594808535,0.913871436477064,0.785884372858631,0.497671435297375,0.297123273932128,0.183116674892981,0.117386588407137,0.0773123348564306,0.0514408056954519,0.0339278823786972,0.021652443138719,0.0128935236076254,0.00670552329432753,0.00261254339092077,0.000440006797669054,0.000131917355165049,0.00121331775766825,0.00102227403649538,0.0348136970068723,0.547778684741229,0.671320992572504,0.524532703008181,0.0450255979060038,0.00885956564924092,0.078725954780476,0.205545144071604,0.376782297238581,0.56815544780564,0.73645197277728,0.84701357308307,0.897567911296948,0.908962124814081,0.903690087238733,0.896990356300269,0.895580419941683,0.898727355786613,0.896074933310311,0.862431564091801,0.761318710079164,0.580809061594469,0.377997474470923,0.213894378545373,0.112115954742033,0.0566244983857632,0.0283245435939541,0.0143014543109,0.00780959993309249,0.00533071816343225,0.00565891726122373,0.0104670286239678,0.0309326733816266,0.127870239414762,0.588771409176792,0.456631904578086,0.244215074762317
0.0349007021688306,0.0508175627405249,0.0754586320646997,0.115659658018077,0.185457527476253,0.313933584920925,0.548166616340648,0.850599866831935,0.848314643883374,0.539583496937508,0.308396070876299,0.18375826878604,0.115522694231142,0.0753750106200141,0.049988563964053,0.0329412018542185,0.0209502862413634,0.0122794661904031,0.0060462053651724,0.001936122794895,0.000105377296618434,0.00102718075992926,0.00353945856932643,0.00760343567399828,0.658730066706703,0.508211535832618,0.06401677585429,0.00147540460909146,0.034472334608791,0.136320563586289,0.317991676849268,0.55405998118149,0.756132009121261,0.861217018606354,0.892176441621837,0.895327634596848,0.895114866517068,0.890555773478042,0.857165570043809,0.753915472231364,0.568797384138927,0.363037668163699,0.206355061046295,0.111184863709443,0.0589347346070089,0.0311949708433448,0.0164687415424479,0.00881107965671158,0.00479717389006298,0.00275190209764224,0.00178033198063318,0.0014390788455178,0.00169132332106585,0.00262673979975094,0.00526520946260122,0.0124271142798089,0.0335413662871877,0.105823144600452,0.389951802384477,0.679677776578792,0.345107293406275
0.0361933107059911,0.0525420799141351,0.0777756051000229,0.118880194206748,0.190292404541448,0.322097237190437,0.562386437486459,0.862214981900374,0.827703056028962,0.509463774988916,0.286963978512613,0.169818357327989,0.106403143821945,0.0694311701957726,0.0462991837211969,0.0309727187492636,0.0203651414429041,0.0128156100125462,0.00741104477443473,0.00366444180968307,0.00133795598795927,0.000263829008765005,7.25191271203715e-05,0.00427503308006714,0.223888300336228,0.62679727817253,0.773471021092158,0.40476294672917,0.0968861308033672,0.0151253031814416,0.00121793942962727,0.017576135859907,0.0612599333220115,0.13753919049678,0.254596876527386,0.411095594930419,0.587560667573678,0.745290562956923,0.850624696409274,0.898942826453468,0.90841974202734,0.901077735518447,0.892173929598005,0.889115726976703,0.893708919318502,0.901515037272542,0.899380359832904,0.864130811884664,0.768871588739439,0.610909133907979,0.428462159041222,0.274265949755334,0.164026233834213,0.0947769969149662,0.0536815169862047,0.030006125651199,0.0171057164472685,0.0101575515399623,0.00726123093817145,0.00812895095150612,0.0220614840473975
0.00202592447434896,0.00264952463767401,0.00344707069585362,0.00448567252198911,0.00587354110969177,0.00779520274346739,0.0105879515510736,0.014925501084623,0.0223306592063501,0.0368732413439367,0.0725662946826799,0.199233446829404,0.73592469966551,0.175070133634087,0.0399471183345931,0.0134945651878943,0.00498754281760479,0.00165426287806013,0.000339488357487973,9.94521238571535e-06,0.000274190699311124,0.00098292296786329,0.00209695808665826,0.00363842535338111,0.00567267304251981,0.00830362340578232,0.0116765195485458,0.0159847118793779,0.021488755316242,0.0285301184732428,0.0375656039979918,0.049205498359129,0.0642862436183714,0.0839358317933292,0.109682872462618,0.143603497456438,0.18837815392591,0.247297851658775,0.323736513486073,0.416162580267049,0.526809017170077,0.617933767484737,0.371885584013115,0.85860376995462,0.82048610614794,0.621268375351039,0.191980015201068,0.228498836377905,0.796152975973491,0.88254955365627,0.866355425239201,0.838882444372777,0.817675919984509,0.806528825127325,0.80558816890454,0.813682008755367,0.831328549920049,0.854222464716834,0.878049632655747,0.901902585809884,0.916408595724384
0.00927832624720096,0.0125756641282011,0.0170961616832336,0.0234994938611327,0.0329861333865597,0.0479194227210975,0.0734432174669846,0.122278467141237,0.230394181791869,0.498170540729681,0.854185821915456,0.457207153445028,0.172866937450626,0.0766793135174181,0.0380119474545866,0.0196607892195402,0.00997229911985674,0.00458970102659423,0.00164162557330202,0.000267723496436037,7.26712674455061e-05,0.000908407464412131,0.00278068786991213,0.00581467757043141,0.0102416324154673,0.0164088718621741,0.0247976949556737,0.0360661454935721,0.0510847087693726,0.0710004290417797,0.09733392733583,0.132045224503606,0.177252519043211,0.234113752758023,0.303501232565014,0.397835005685097,0.503354874080918,0.604063021962543,0.543195386858794,0.834428601112188,0.720834623785115,0.0421826873134836,0.564515554728381,0.836774841076068,0.906552748232189,0.916186876404799,0.906722972166781,0.893291613710499,0.882261637124181,0.874821924775777,0.877997336230367,0.885057067373826,0.896580506281616,0.910065711715584,0.920700824840909,0.92537851993392,0.914520685100989,0.882062474883625,0.823965871730878,0.741455427372661,0.641545188671723
0.0211055128958596,0.030338908618665,0.0443251724352103,0.0665894997310409,0.104389680687987,0.173865959955971,0.312129643369133,0.583965822804252,0.887755825223778,0.709193309356171,0.382367962609102,0.207853611483786,0.122198369835683,0.0761696902023967,0.0489264380090253,0.0314273085446763,0.0194443756414317,0.0108873955409596,0.00478509367718443,0.000978331995549932,0.000337607073464675,0.00594228699706582,0.0266073088411494,0.0750180000778473,0.03896143451945,0.183462371471897,0.0540343326678414,0.00850154657085434,0.00281104253862773,0.0409606409051286,0.155823093386339,0.380004989829004,0.650160664991106,0.820362495988429,0.875249817193329,0.885143365874982,0.884725054201417,0.86285477540436,0.778970962242862,0.608723164586583,0.402935422937553,0.237340561959605,0.133029688174315,0.0739760799477496,0.0414580732479615,0.0234907692694224,0.0134411962772512,0.00774760632486645,0.0045041208851262,0.00266130080409623,0.00162977485396621,0.00107705212672765,0.000820925600996797,0.000779966662770164,0.00097068729648784,0.00154632231076885,0.00299079374822515,0.00666941645447452,0.0169653031237784,0.0512121208632305,0.202844638675866
0.00331483489020843,0.00439597085043847,0.00581469593561981,0.00771844940872151,0.0103536696495313,0.0141588837428949,0.0199775799735851,0.0296127862463499,0.0474814448892013,0.0867351709189868,0.197921601704519,0.590745349851529,0.526912649661344,0.1255402536769,0.0435922070305589,0.0183366412381404,0.00807709460575248,0.00330244063921678,0.00102232841679583,0.000111875307241642,0.000116467450204159,0.000876889879012771,0.00239733668974658,0.00480190421411048,0.00833776472637827,0.0134016305992008,0.0206059859190241,0.0308858405321521,0.0456927044835096,0.067254309018938,0.098950653002734,0.145340353583737,0.209639121831126,0.276940795802474,0.221796509737153,0.156201139469417,0.469020116581791,0.357025435268,0.232711878804114,0.136951575997838,0.0722140215425539,0.0302137860622486,0.00617070977915375,0.00209344321519878,0.0270734935832461,0.101676945889192,0.251218841993803,0.478135258605399,0.711540999303038,0.852349855321911,0.889562225305385,0.874547876622929,0.847755452325594,0.82816549764298,0.821076313233667,0.826152530856441,0.842285232440893,0.866048777103382,0.891382601027777,0.908622461989556,0.903852577632195
0.0114482175012436,0.0157997553712927,0.0219520808780092,0.0309874855307514,0.0449547462798102,0.0680807615749298,0.110071119434527,0.195910022111584,0.392720846253501,0.774066734553975,0.731192161452677,0.322771840997306,0.145794757256164,0.0746374102109922,0.0412061151845175,0.0233702001363754,0.0129828659253634,0.00663064501334828,0.00275339745039582,0.000638086266125167,3.70610022607803e-05,0.00103629695183317,0.00405056451141881,0.00991100004881924,0.0199671075780964,0.0357255250646737,0.0546386691054476,0.0417445293580463,0.226532368807272,0.635020172894611,0.401258810221175,0.1970233647837,0.0824939413849533,0.027652906197037,0.00470686895864131,0.00217797156850968,0.0225318736151791,0.0599870636971256,0.149684833748038,0.287910944025506,0.472741026761131,0.666826772462361,0.813552391130066,0.886500653304157,0.903164045570652,0.894072804872828,0.880920668782577,0.874065183857613,0.877150233729303,0.888679119584563,0.90284843276889,0.907777268873294,0.884323673201454,0.813704468753499,0.69167220147372,0.539275265761752,0.391550534803882,0.26944643934573,0.179663606816359,0.11747053254122,0.075722939166363
0.0136576799356154,0.0190742608663173,0.0268830810832017,0.0385995477279858,0.0571374000218025,0.0886104678616218,0.147156512119963,0.268124904282129,0.528853732747252,0.86279292015088,0.627265215086785,0.291460645951714,0.143100445826885,0.0770628208220467,0.0436041369373259,0.0247485530192834,0.0133275526999501,0.00620835325551448,0.00198374957159083,0.000136509235584149,0.000750495783704297,0.00448720929236777,0.0127457001821256,0.0280404375031628,0.0544968704443527,0.0989500386642658,0.170856255062662,0.280738109586761,0.431906959639792,0.605391447896477,0.746665966031734,0.86004348902854,0.788876546886216,0.900409345575304,0.909160750267815,0.9073850854728,0.906923971019061,0.890209272970275,0.834893930590497,0.722260569879095,0.561714657896718,0.394382526138054,0.257675326149263,0.162230081710145,0.10080253386296,0.0625655198241372,0.0389619544550954,0.0243306111201426,0.0152116300003195,0.00943071780189107,0.00583970837641885,0.00357755254677798,0.00216892925540877,0.00131896407785156,0.000777545014187748,0.000502541582135546,0.000375703932119704,0.000367100290983036,0.000513910465538562,0.00100612540018824,0.00252434630781183
0.00185200251211788,0.0024156289855095,0.0031333967022397,0.00406391534763425,0.00530162810765197,0.00700751604728085,0.0094758474861288,0.0132949981578824,0.0197982816671013,0.0325727963274975,0.06417961471248,0.180093659664407,0.721642917709488,0.145142573108333,0.0318171309693129,0.0103343234212316,0.00358818137340406,0.00104986735880076,0.000144706525129214,3.61378643161329e-05,0.00041015876966607,0.00114844973789219,0.00222065372358008,0.00364438131577063,0.00546995686830467,0.00777575618936125,0.0106690912577591,0.0142909522255692,0.0188229297019492,0.0245051588706468,0.0316476689856122,0.040661072046567,0.0520893878547072,0.0666736047035802,0.0854072294010135,0.109632616701073,0.141173288112802,0.182405164639554,0.236331846942174,0.306295716128557,0.393588266425421,0.496781018206785,0.606810295440187,0.654378725589205,0.615439424526842,0.843297349607144,0.743917682220888,0.472866976675597,0.0520073399036035,0.452600234995422,0.845641514132944,0.874692529485939,0.843913397787161,0.81088976450904,0.786277113395084,0.771697200719149,0.766827783172291,0.770731839219408,0.777133774514931,0.800527723432959,0.82543390184765
0.025967652716808,0.0368676659252461,0.0530925517684033,0.0784507845440816,0.120667417456585,0.19653761019271,0.343076972113296,0.617244652014095,0.892944673540477,0.696220761801921,0.372228515715673,0.198932772226373,0.11423310879896,0.0693349219138972,0.0433568081988374,0.0272165120734909,0.0166603117630374,0.00954846213659536,0.0047635691987864,0.00173661759658802,0.000228668483278702,0.000214262908591952,0.0017558673828251,0.00463048969769298,0.0069551341499769,0.00246745055239474,0.0876724189999194,0.751308057029409,0.802890674611626,0.584318122229569,0.283640777061635,0.117926316761608,0.0406760240061231,0.00798533689072524,0.00118215195226614,0.0171851592645776,0.0593347251974272,0.132572344724022,0.250217683327879,0.408816440119828,0.589059127196881,0.750269780126961,0.855980949203502,0.900327560553601,0.902567417183525,0.88601016984209,0.866507790956916,0.852901895515916,0.848799545493359,0.855213121366465,0.869675071088744,0.890319940389499,0.903870107928717,0.892186071559086,0.832233163272586,0.71036067274428,0.546056180723585,0.379055142077423,0.243340472529619,0.147951095410809,0.0865380805861939
0.00119360345803788,0.00154832580613584,0.00199442653468693,0.0025636082573472,0.00330551267933784,0.00430178033784482,0.00569530922373252,0.00775679416778291,0.0110553502625887,0.0169800356391371,0.0297336158639119,0.0673277556651597,0.263911381180582,0.379970680754693,0.0399937421214307,0.0099740415584405,0.00288054763317623,0.000649619447096473,3.32424148417951e-05,0.000143003177552233,0.000688545755367852,0.00158214830247496,0.00282456675014742,0.00446853758075161,0.0066093421348808,0.00938786927682684,0.0130012684721066,0.0177274627966035,0.0239533081575687,0.0322291184449679,0.0433443937236105,0.0584624068702026,0.0792870843211701,0.108355628404689,0.149321106500401,0.207112072799749,0.286858543507643,0.388435498126301,0.487708499716728,0.471740367821273,0.0203202625578047,0.419236109417828,0.423551806243833,0.340423797070745,0.266912463180659,0.199763156968254,0.13835310155677,0.0853983760429813,0.0388131543237005,0.00571186952379097,0.0197709647929218,0.177965285866487,0.55352980592509,0.816425479001699,0.829291135093274,0.79038569571941,0.758187350378909,0.746942429785455,0.755184486806966,0.779441644732753,0.815308905822276
0.0321486760295094,0.0453863672382476,0.0648924225362617,0.0949871012683579,0.144178875562614,0.230133762291002,0.388371632464409,0.660675100242534,0.902515046888707,0.716471689366815,0.399543543425101,0.21675155202068,0.123929568967206,0.0739812687271333,0.0450117625978091,0.0271344361273114,0.0156373888028116,0.00813528872934606,0.00338651396628828,0.000770250946359174,4.76958332123913e-05,0.0012567436251177,0.00467630088196031,0.0108269543761788,0.0204970535218911,0.0346999766614916,0.0543906308605568,0.0786719811131359,0.0938784284931041,0.0260505060333706,0.595797655559139,0.752224268615143,0.478373881834623,0.0103865451649144,0.176473617287907,0.387955261580706,0.580905075301161,0.732881241117227,0.837880549070362,0.898197587387852,0.923363273161851,0.928342082225739,0.92132655792407,0.911038244577894,0.902488613401105,0.898636627622543,0.900426692159813,0.907257629715082,0.916633083563178,0.922944880670063,0.917061063541021,0.886083669629492,0.811850873177759,0.709516456890956,0.571307383971104,0.427325226067858,0.300119791830629,0.200471261609969,0.128635238452773,0.0795241491534772,0.0476838523564614
0.0208823092092172,0.0296701336518232,0.0427673082699192,0.0632828317287794,0.0975899867269521,0.159949659332892,0.284204012043306,0.538630385453778,0.871766609990126,0.720921204400914,0.369849858556838,0.190388137140958,0.107069048057057,0.0642895174436844,0.0399652721761942,0.0249811689879982,0.0152053517348872,0.00859655372455451,0.00412693232597081,0.00131662549589801,7.80642520722636e-05,0.000715077065163408,0.00412782087698739,0.0124324899833682,0.0307122902717885,0.0720673730163185,0.165164335339245,0.147728962856694,0.106380528693018,0.0311828326254831,0.0143276415518464,0.00048327001885034,0.00961449904698848,0.0357062129714058,0.0802314003123866,0.149651899787982,0.250146093565626,0.383187587875471,0.538281059785778,0.68995378171585,0.808873745775867,0.880459597150547,0.910739484464351,0.916111201422691,0.911808771133989,0.9072003318422,0.906891952078585,0.910859025139979,0.915210356147812,0.910591817936398,0.88925903813019,0.834095945816646,0.739995970539317,0.615557100005641,0.481401695237348,0.358322856417843,0.257673736220694,0.181362391785536,0.125801147879193,0.0860415812769295,0.0579579240968329
0.0226171511147528,0.031971759809046,0.0457753309848222,0.0671157887547167,0.102195487452485,0.16444289913922,0.284563056828712,0.52241386808715,0.849710987686774,0.771341372104899,0.41632153841874,0.214177607737938,0.118663099903617,0.0697988947873232,0.0422858736832897,0.0255470768888646,0.0148046443542671,0.00773912168879732,0.00320040317193298,0.000677068221921982,8.31387194826707e-05,0.0016999838715563,0.00621195979426307,0.0147418281659492,0.0284801944421961,0.0449412511749357,0.0309863081347055,0.602012163493201,0.793872779690411,0.461464938725835,0.0826520516222427,0.00294416300478745,0.0661692141347395,0.211968277139982,0.41546146378069,0.625511568092447,0.785902702369516,0.874197414235112,0.906611720608972,0.910546028153891,0.906356162776868,0.904194373530039,0.906848949342426,0.909912214858042,0.900428732932308,0.857339561625424,0.759225583003061,0.607637051243915,0.437371692060632,0.289421126089209,0.181793386508535,0.110912397135344,0.0669641631424075,0.0400107733711931,0.0236434144395025,0.0138590703291431,0.00811726300928552,0.00498734357412743,0.00349507941455392,0.00344505154192673,0.005850092511562
0.00208629309508659,0.00277482711587712,0.00368363680296568,0.00491176986502579,0.00662663666034886,0.00913056914013605,0.0130177361805875,0.0195925557492183,0.0322070630618476,0.0616485913191317,0.156312390825206,0.587036916041701,0.320878678604513,0.0676937354522719,0.0235567433118824,0.00979592486070871,0.00415141327619174,0.00154405415336315,0.000363242667359858,1.11364730278313e-05,0.000268255325027396,0.00109834259983472,0.00258957212775304,0.00495851997559001,0.00859556395938557,0.0141747705334777,0.0228851286774168,0.0368787459183613,0.0602426100641545,0.100894285973593,0.173300671088657,0.291775746086097,0.378289263954257,0.0422708998714553,0.0957129584069843,0.0932857150679359,0.0660533756527363,0.0409608770609543,0.0236462077081649,0.0117166141930654,0.00393102299119383,0.00163872087761335,0.000787904078689525,0.00721407054706976,0.0242983078598334,0.0608905386722327,0.102687975084216,0.228114731439576,0.408552982567716,0.62727954425423,0.802476808905535,0.877486707728801,0.875688445431031,0.848000329356522,0.823497253880052,0.812534597242817,0.817047552147335,0.834988301367174,0.861604054219049,0.888208156594222,0.901096116525358
0.0147871609975445,0.0203922531970527,0.028313914944035,0.0399486480692563,0.0579397324823793,0.0877421026699688,0.141734218553022,0.250664627638495,0.486293409632519,0.844459736619286,0.685894943813582,0.313529210427804,0.14734563610554,0.0765175297326082,0.0421315182434744,0.0235138015756318,0.012664204482601,0.00612310256969498,0.00228104613931671,0.000378651653752615,0.000121758042332612,0.00152524197583728,0.00486434575109579,0.0106952132434662,0.019937280252365,0.0339747406404281,0.0547554110979909,0.0843582329556664,0.121596292758267,0.138751671645516,0.0297067482385136,0.796132792213762,0.725061381645534,0.355034829937218,0.108090235885431,0.00377791803157134,0.0545142035744687,0.208902304775938,0.426709239244441,0.643359793569803,0.801584270211577,0.884597989903612,0.911602511024894,0.90963568961402,0.898403239204135,0.888554551284082,0.885211931571213,0.889516692467511,0.899873674712991,0.911490485658395,0.91547321712006,0.89791318771577,0.84432448521628,0.746628226706087,0.613797996453015,0.470103423830503,0.339582387017927,0.234552792575319,0.161271834913061,0.106364857329556,0.0690528220486669
0.00773043914889789,0.0105632687375217,0.014495027302219,0.0201385817298343,0.028619069721619,0.0421749986070751,0.0657432184470147,0.111748177895718,0.21628155131692,0.485147163434985,0.856594963481285,0.45013637147712,0.174026008068973,0.0803662199059555,0.0419206407104421,0.0231400659858391,0.0128188098580342,0.00673088495812792,0.00304871301882018,0.000942275452505427,6.27331541186021e-05,0.000360134689844263,0.00203437437785902,0.00557860278725244,0.0119122269822319,0.0225750259666063,0.0396747989211453,0.0630717333669861,0.0687323729505629,0.0179428377241755,0.436700717214512,0.342966013380982,0.181001025406728,0.102865200841836,0.052840285797179,0.0240020058324993,0.00795794633086741,0.000856114743916486,0.00224277148936043,0.0143646824505575,0.0423055031751129,0.0947887370629283,0.184138922138736,0.32174229665332,0.503276304336995,0.690722926198787,0.82744446376573,0.889450741188482,0.897273797801024,0.882309532984997,0.864815563509219,0.852693566359337,0.860204112339744,0.872440552392663,0.890428441240521,0.906228760035413,0.906853878317205,0.875889909281862,0.800930088365697,0.68364333453387,0.544205724710583
0.00819397269961064,0.0112382801477515,0.0154859634433107,0.0216181272674863,0.0308924302780912,0.0458264086254492,0.0720331494589185,0.123728363202718,0.242333302768089,0.540632654633888,0.848299668678295,0.40555068539909,0.158856413184237,0.0732996595423869,0.0373279077877049,0.0195475141113004,0.00980285270131664,0.00422394590102327,0.00118785149690987,4.95502417891943e-05,0.000707948094446817,0.00349078007895957,0.00921338374169224,0.0194174778310024,0.0368288091995533,0.0662479637840425,0.115963898593051,0.19919944314558,0.330420040601807,0.489251170802159,0.385408910195637,0.377987849580027,0.344624477858534,0.134634873814877,0.009109366828406,0.089942463895994,0.425176663158712,0.740539119942913,0.867280926979113,0.89495930551575,0.898418682152025,0.901712279233438,0.904313236161547,0.891719856378454,0.84046885979582,0.732956269753876,0.58012610987708,0.420209852699581,0.286688111907059,0.189975784773461,0.124872555782182,0.0822391424002621,0.0544848016703521,0.0363156727757574,0.0242891463917962,0.0162599621217743,0.0108293204123579,0.00716822635466671,0.00467037536777805,0.00298886071755751,0.00187687826711929
0.00307449689370203,0.00404530729995389,0.00530312615818448,0.00696786184265082,0.00923836702122167,0.0124654781586772,0.0173177021785423,0.0252093677784498,0.0395699208045492,0.0705401693071427,0.15766152382976,0.495141075818804,0.53731235402483,0.106877347743428,0.0336125006519867,0.0129500291140939,0.00510619461656943,0.00174160390891297,0.00035029757192008,1.28761824795207e-05,0.000356977572467735,0.00123747487531389,0.00262121715903378,0.00454198454871733,0.00708351360462395,0.0103757808741939,0.0145978538599273,0.0199931151347501,0.0268802220487134,0.0356829526451091,0.0469668516153006,0.0614878619717627,0.0802830261606551,0.104741948700777,0.136760106028503,0.178812153912231,0.233979047268724,0.305410897466902,0.394333583101829,0.492930427681993,0.551882043910592,0.14550952254021,0.769619003711316,0.684770230181318,0.452112128641252,0.178546415660077,0.00913621167023702,0.188931028760256,0.595655253835061,0.833140075129342,0.889100971278131,0.873799724386487,0.841688687808196,0.81172337702696,0.788527377990412,0.77644320756122,0.772841118589014,0.777502216923838,0.789760000098765,0.808635283071061,0.832784789732007
0.0379562824265192,0.0547435546362292,0.0803670541883215,0.12153539596241,0.191844175262554,0.31908103805099,0.54777507137123,0.845606187163422,0.855508033872881,0.545869496860399,0.307428874716206,0.17946415709349,0.110365151266207,0.070399465457378,0.0456348456179766,0.0294097263284197,0.0183396137065061,0.0106242266404125,0.00529648756487381,0.0018760606608022,0.000205174771038518,0.000352986377858425,0.002446563220635,0.00589403003112633,0.00563801961011236,0.0476678457599147,0.583672949245746,0.746915000390163,0.216806941760437,0.00989508632602916,0.0130822635909158,0.0683211569806539,0.160719781482566,0.286162144575725,0.440291340393348,0.60276408425177,0.745714763510194,0.84669049787024,0.901530447705372,0.921064179484583,0.921106437306048,0.914231125287908,0.908630131938426,0.907933029980838,0.912198024336412,0.917417335044531,0.914298937548349,0.886754544793718,0.816496173663589,0.694794924228115,0.534709583138499,0.379829032770904,0.25079300856093,0.157591832230918,0.0955643532078095,0.0561808256172266,0.0318532086597377,0.017195114210644,0.00872866856542282,0.00413906478488741,0.00198345807302684
0.0119831979414864,0.0164043315052989,0.0225654876644151,0.0314558786964152,0.0449057254425217,0.0665735671949715,0.104538812076053,0.178693398685946,0.341344685014385,0.682855236762625,0.836770816720137,0.416927176349509,0.183258190613985,0.0908604353759973,0.049112391984283,0.0275904484546127,0.015400472463291,0.00810502049993431,0.00367908361977527,0.00115615314204456,8.95609499042984e-05,0.000332560239444525,0.00195374586466528,0.00521619087287938,0.0106046391130066,0.0188919220932615,0.0312707217817001,0.0495043118044438,0.076086822986186,0.113726208715927,0.160204763456793,0.167274636296034,0.141547744273043,0.741325589577925,0.486036227011832,0.147516883094079,0.012072770903972,0.0194913754449953,0.125989279349861,0.300527355681802,0.506872119025526,0.692767135949464,0.826530194989871,0.894826483040747,0.916198592073703,0.913112940846419,0.901731283678185,0.891642121188779,0.887120800070177,0.88971130367331,0.898437892547131,0.91006596979693,0.916281885776133,0.917943991872603,0.893727850776137,0.836914613905577,0.744594046828665,0.625888001366357,0.498425511786893,0.379446605522099,0.279433889966931
0.00371059725492147,0.00495924334159155,0.00662443304311999,0.00890443627115698,0.0121422705505021,0.0169752139185564,0.0246987690211281,0.0382952045434804,0.065846782497644,0.134941727370848,0.364967804050177,0.808254960034975,0.234430196104871,0.0712074128603413,0.0288064125686536,0.0130476469276365,0.00592643682389818,0.00240580741899216,0.000688461643880563,4.69222396164048e-05,0.000181416893948776,0.00100019867751706,0.00253978676101125,0.00494185342822206,0.00846651105008985,0.0135260079044745,0.0207590460270062,0.0311688107975893,0.0463384354229433,0.0688433060550697,0.102847650063132,0.154801307228778,0.232093713012582,0.325645822767159,0.285424566579243,0.149780585590653,0.331844062838637,0.204250977152733,0.0994277441840919,0.0391886909242595,0.00749557966330606,0.00197721384047319,0.0234775614922229,0.0851301604749123,0.20453670785355,0.388462372284541,0.606969477220484,0.787230856427231,0.878938583573943,0.896654537525818,0.879710385965705,0.856059746949171,0.838481630820089,0.831674876771309,0.836173916158996,0.850483994352077,0.871712278927952,0.893980567049318,0.908601475862205,0.90373630762477,0.867329581734709
0.0145210767566706,0.0199710196337229,0.0276504753357056,0.0389019897395514,0.0562750198948826,0.0850595649641748,0.137372938279338,0.243787558907294,0.477049537677472,0.828464424027644,0.659577366408126,0.294101390538461,0.135667071852149,0.0694851098976543,0.0378352133466455,0.0209062498748089,0.0111690479283816,0.00538800109983218,0.00203628002705556,0.000374324255847264,6.49657377709658e-05,0.00100932625494297,0.0032793345673884,0.00709287436525405,0.0128204622041055,0.0210096056712939,0.0324431324232114,0.0482001119472188,0.0697570977859335,0.0991346197778676,0.138956685876373,0.192360960622745,0.261391119535594,0.336943176258497,0.358144005600111,0.611799778604196,0.731698723546629,0.240519332562126,0.0219705752749675,0.269707969633582,0.539438151661582,0.737544250158567,0.852565507416829,0.906050657799405,0.921139332663211,0.916230434461655,0.904373910599818,0.892061010945663,0.883695159041307,0.880985061320158,0.884342035725115,0.893047261764917,0.905080046854693,0.917533930043511,0.925212624234952,0.920646326446575,0.896111560996423,0.845251579804948,0.766082776429375,0.664281543307557,0.551275089792326
0.0030150084920735,0.00397457344721771,0.0052201230213042,0.00687064184452281,0.00912254235664944,0.0123205001795214,0.0171169800411915,0.0248814824814054,0.0388986776642395,0.0687379938800391,0.150944626210521,0.463664099370342,0.576472474685857,0.113874646971717,0.0344121295413193,0.0126589058770302,0.00461393311721403,0.00131543453162345,0.000132706390943629,0.000135067083859258,0.000980497305743976,0.00258224665432972,0.0049956775806022,0.00838142762553384,0.0130086823332802,0.0192696320574942,0.0277225666931451,0.0391493462902696,0.0546591335730687,0.0757937012384815,0.104720251485287,0.144369433545837,0.198543686363213,0.271449917768259,0.365933567800353,0.478103612240505,0.583288355404262,0.573275278700307,0.169520204675782,0.718012106819663,0.646725588636478,0.49232027241555,0.289825421819683,0.068048269923149,0.0945378629720018,0.637202692222491,0.851626247445844,0.860058672350395,0.842860877793422,0.834815063060049,0.840666981634519,0.858175524847209,0.881437408703211,0.899139586965595,0.897064589459354,0.853332349202707,0.758562390810702,0.624363242986215,0.479710241570434,0.350357153528691,0.24815060717722
0.00252611058826323,0.00332662337755129,0.00436496269564349,0.00574067669078271,0.00761867534715832,0.0102897180584676,0.0143081191506229,0.0208431736907025,0.0327414422371388,0.0584338947704114,0.131501603378824,0.434691154609823,0.541126380092865,0.0975390377650496,0.0299832714743371,0.0115119888755082,0.00456583878188707,0.00158484870369375,0.000336675646374858,1.00603040554954e-05,0.000278948839694325,0.00101795227067716,0.00220079560485558,0.00386115588901753,0.00607842722506217,0.00897538186955302,0.0127219024236142,0.0175502415268501,0.0237670227604712,0.0317831322271646,0.0421481534880635,0.055614969474198,0.0732029087247671,0.0963031063365444,0.126827798743503,0.167308101017687,0.220990866854976,0.291494993208865,0.380407400958947,0.486066625021454,0.58122634122062,0.455914813075589,0.801390793679354,0.735007423819802,0.48376067921582,0.064025721924713,0.243888370801599,0.734326825783167,0.879133895539123,0.885899985906344,0.861359957895741,0.835990470518275,0.818163295833825,0.810743149467616,0.8132739485983,0.824584956957038,0.843003397749886,0.86722905242656,0.891556341852584,0.91024970918319,0.914972661640585
0.00114319674828486,0.00148621975216422,0.00191941498754926,0.00247472270770204,0.00320225320977578,0.00418464657305569,0.00556687489853476,0.00762413133719833,0.0109358224259906,0.0169171309155749,0.029842514453068,0.0678932803820168,0.255971206716589,0.424452717811794,0.0466797162200744,0.0122859643464478,0.00395745056209929,0.00115397384437741,0.000181841939099479,1.92621438810982e-05,0.000321906987515076,0.000974581720404005,0.00196097694479891,0.00332140325540275,0.0051413009824998,0.00755412236605259,0.0107533055228575,0.0150207441208762,0.0207621191138383,0.0285738389412391,0.0393590488276527,0.054489750530518,0.0761079279390712,0.107538770215003,0.153747959718522,0.220967075659733,0.311294650118265,0.394710748768662,0.282735564090756,0.167045370317835,0.379678616288368,0.308973877926162,0.220732256494132,0.152387167164211,0.100667339973125,0.061295613577551,0.030984946322548,0.0094891611729487,0.000919209544539962,0.0188182990826714,0.0967493742142421,0.288938370779288,0.588693284195362,0.812816981967443,0.861909791770085,0.831286832841451,0.794078515947789,0.772270443194648,0.768999917177988,0.782372669690741,0.809464421927745
0.00693430510895514,0.00937175473023606,0.0126885846921588,0.0173342408843956,0.0241028707027482,0.0345048433994359,0.0516962459776776,0.0831357864211347,0.149294951733999,0.314652643451639,0.711939612591279,0.64144100548139,0.220180461281716,0.0859672204195341,0.0386967609571524,0.0182082008695665,0.00812961290972007,0.00296315801711598,0.000562872877249746,5.68386861328451e-05,0.00116449541601202,0.00395730716334617,0.00879183807095871,0.0163271596943649,0.0276191421788337,0.044244930111543,0.0685317518411007,0.103749271868698,0.154298746749101,0.224765661317439,0.320796177224053,0.442324146657916,0.580419711940409,0.714239674856293,0.81299625659409,0.871334821883895,0.912413049684618,0.872057587894365,0.897468470738285,0.898414021773482,0.897417661900507,0.901383525314287,0.902868314387165,0.899942706837789,0.862370372371968,0.774107488352613,0.634429358571019,0.472402607939308,0.325986329753744,0.214514975640011,0.137869799629474,0.0882005212261911,0.0561042141630906,0.0356611927157287,0.0226119619032783,0.0142421066464842,0.00891509754472614,0.00555034344046216,0.00347110387660694,0.00225378513961759,0.00165311250618326
0.0272637610290723,0.0386824743082497,0.0556237437316624,0.0819593773486025,0.125431075823108,0.202525084056859,0.34852806907907,0.616149425029905,0.895739264432761,0.733804702950553,0.405201397152315,0.218257495594658,0.125066222357439,0.0753310168011554,0.046470957070545,0.0285184277458214,0.0167936977356108,0.0089622409138504,0.00384420301952227,0.000907288138841346,5.75463444823505e-05,0.00158162929147735,0.0061806212673107,0.0150679257344518,0.0299202348770292,0.0515615216659981,0.0677328922122436,0.0435193888328039,0.678205604069281,0.680140318024862,0.0430157745479952,0.0568034686679875,0.263028205958868,0.496568053661277,0.696653746417673,0.828201935746869,0.893676794190921,0.915783870782512,0.917589392563106,0.914354234644918,0.91321828506877,0.915061005188068,0.914373738618665,0.898080845688835,0.845599490993296,0.739642025724954,0.586038200566323,0.419607494533541,0.277366925606041,0.173972149130734,0.107154530459754,0.0642552801022335,0.0382334356596307,0.0226699556028564,0.0131216300371757,0.00755074008671148,0.00442827779260641,0.00283118270126344,0.00237219480557087,0.00329418230984663,0.00869643606551265
0.0146717847310309,0.0204061868703325,0.028624906725306,0.0408950923377897,0.0602423589023678,0.0930349936425085,0.154096705898581,0.280723867198604,0.553328589977392,0.881337555958424,0.61255884565771,0.282162180343556,0.139193607105108,0.0757182657675498,0.043629444445404,0.0255795160365764,0.0146384181173726,0.00771816126566654,0.00335256339066408,0.000863635118798806,3.4144512801729e-05,0.000996283581375633,0.00422643680926563,0.0105639902147074,0.0208838086043554,0.0333143450962616,0.027184889356856,0.111019632684385,0.712725122385377,0.535407266741343,0.281317260548998,0.121932765154249,0.0457537664614167,0.00994665002248126,0.000889091879098464,0.0165972465166138,0.0649165630171654,0.158820351335955,0.309620802707085,0.507155733053659,0.702114998584577,0.834979060923456,0.891125245709216,0.89795031896474,0.886947745908441,0.877031133206984,0.876213417249474,0.884938524346469,0.897327965175179,0.89799519395312,0.863488641731042,0.767460310281139,0.612806012726676,0.438044442255297,0.287807389266354,0.17969026400315,0.109134277497957,0.0651324395499462,0.03836837200356,0.0223328030420915,0.0129599282769412
0.0087669705303444,0.0120030060308168,0.0165100915053674,0.0230061690489266,0.0328154770669192,0.0485822699394661,0.07617219154576,0.130290180816189,0.252855202563508,0.552148135568105,0.857245648209421,0.435496244611658,0.177753422652006,0.0849417134488185,0.045334445981364,0.0255119952036533,0.0144276864295921,0.00779025362607448,0.00370244327606442,0.00128399894514402,0.00014823020339249,0.000211533408041816,0.00163336553860743,0.00484587719764346,0.0106702295629779,0.0205047943516236,0.0364876297019606,0.0603674268691756,0.0817866738093947,0.0203033226175138,0.465942318049245,0.425341340020287,0.216114213432201,0.0979461753184589,0.0394716091992369,0.0110426350976831,0.000733744226071483,0.00556193825830196,0.0280262556924868,0.0746247519690842,0.156495382505837,0.283927868414927,0.455784573404618,0.64294084214436,0.794344731615203,0.878104453891436,0.903483495869673,0.898302696781871,0.885212110671532,0.876014754495161,0.87533289023154,0.882357161376058,0.898504029828009,0.91016241115392,0.907020292615959,0.872988950685322,0.79602114548124,0.678345861261106,0.539563593667589,0.404962996912185,0.29136742089472
0.0171222756449942,0.0239988740442325,0.0340307850876832,0.0493669493567151,0.0743270177050092,0.118466568598608,0.20506046826224,0.39200159922758,0.745992054745704,0.815277593857928,0.41365507183931,0.193035502772372,0.100238046205894,0.0564232698767079,0.0330986474742364,0.019508110121095,0.0111079093056709,0.00576186043165495,0.00241868133103807,0.000570662568078587,2.92302669014662e-05,0.000845888955878784,0.00330154119616617,0.00796229797665757,0.0157623861743201,0.0280038322522706,0.0453165246407057,0.0593456014714987,0.016081758010101,0.505156436732085,0.489301403951423,0.213705858302961,0.0734309094983538,0.0184597396647497,0.00122241115388519,0.00536661975714477,0.0265935234845319,0.0641431755942752,0.12694531967933,0.212775166877312,0.336926998388976,0.486185938823868,0.642639936563657,0.777323364368536,0.866962993987293,0.908185104730351,0.913573659603269,0.90018511656433,0.881316786453196,0.864661889357033,0.854181629941479,0.84860420404646,0.859300836888083,0.87255496850159,0.889931897220513,0.906660083571833,0.914954127341824,0.903540943070335,0.860503758889415,0.778746086705193,0.662077797919704
0.012518411455198,0.0176096423308804,0.0250290840929599,0.0362957159251697,0.0543636259409298,0.0855142533623121,0.144504580227851,0.26886032469081,0.540528325353587,0.869455702972569,0.609264257648515,0.287093832971214,0.14518381987753,0.0807531030649963,0.0473116372696689,0.0279020744339899,0.0156774888982184,0.00764045326362011,0.00252845934455974,0.000153097776900183,0.00145810035065198,0.00940381490089895,0.0317088084516188,0.088690577508075,0.231558479558331,0.510610991843932,0.529314832376689,0.0777724006533421,0.0748410638501236,0.0185684430389192,0.00641221638918556,0.12275174971015,0.44528249197029,0.748566814248347,0.853708309892821,0.874463118435797,0.875376320281149,0.845023349350515,0.744127695834386,0.566620489633085,0.374080118640946,0.226575534078757,0.133317188612887,0.0785816605555139,0.0469339087022655,0.0284515618547158,0.017469723679596,0.0108221688547137,0.00673390777405658,0.0042029365237427,0.00263640730805076,0.00165635357169437,0.0010557934955033,0.000697879302537845,0.000494881893154054,0.000399481528620358,0.000400668725123301,0.000514388186048147,0.000835993091058654,0.00165732880320965,0.00381307615504653
0.0225733978262804,0.0317253304210077,0.0450631913390568,0.0653227875165304,0.0977997897303704,0.153464560453851,0.256247817021899,0.454091984147088,0.769388378703258,0.86709035410193,0.541148852762246,0.283172236817982,0.15477432610998,0.0894998568348025,0.0532828552664628,0.0315685619256437,0.0178065017428059,0.00888648424025473,0.00331326889383938,0.000477917035019788,0.000376209843689509,0.00356424801074097,0.0112590765677762,0.0255883431468229,0.0498993360644641,0.0896219676321287,0.151840783360603,0.244600579334489,0.372140944724452,0.523391607534227,0.685324378823325,0.793826665626339,0.878388993881933,0.908411870106548,0.918744779392058,0.917960521382786,0.912480293392411,0.913443676462782,0.897159821694335,0.846773046567255,0.740635581381078,0.581251667554195,0.40675819587408,0.260125824706838,0.157631429453027,0.0929219349479838,0.054047587511755,0.0311655769673476,0.0177959960159381,0.0100456148831182,0.00560332847110479,0.00306274146128864,0.00172748547589854,0.00106410705032862,0.000819491674806171,0.00091792740253474,0.00157382395291455,0.00370805878269034,0.0106965114889076,0.0372911116732188,0.170050592967679
0.0434093000122546,0.0643534302990581,0.0977213761701898,0.153956981230564,0.25451349782287,0.439273445624908,0.731643079992588,0.915610647373865,0.705072220708232,0.426072844178491,0.25718744807645,0.164212877492056,0.110548630157995,0.0774642888311067,0.0558118524990137,0.0409523936020293,0.0304179373459301,0.0229011474271973,0.0178951777915959,0.0160302910848001,0.023411401338683,0.129737123556573,0.5543327152244,0.620681195118976,0.070768235044264,0.00846513808838407,0.000244095910593979,0.00390917486987417,0.0163003636106175,0.0390335856739667,0.0790232514448207,0.143251698652529,0.240831534803087,0.376519991218315,0.540410240103721,0.70147313815003,0.822438626079622,0.888337513475888,0.91134177271174,0.913159903607865,0.910261996493505,0.910077030480702,0.911744276572455,0.905264005334135,0.87065207023243,0.783420718928655,0.637530450731495,0.463628813698112,0.307172302945049,0.191411443245335,0.115633510409505,0.0685434020373795,0.0400616307735963,0.022552560928336,0.0124802409124039,0.00659029347932072,0.00325049667784317,0.00147319097345607,0.000627191191439796,0.000330095922973565,0.00040672014534691
0.00303567663644325,0.00404833023873062,0.00538917455890704,0.00720590286423344,0.00974678772837344,0.013456438456701,0.0191961546705557,0.0288228956904554,0.0469303620241679,0.0873563745052595,0.203747579637495,0.610850857362757,0.50978387245556,0.127807257687946,0.046545266677532,0.0205749483108109,0.00965830442827402,0.00435136223004255,0.00162871880358525,0.000339609160938806,2.16606307383506e-05,0.000528802970502767,0.00190651330429178,0.00436950061503067,0.00833548895260371,0.0145275300838128,0.0241915701461562,0.0394983441858528,0.0643844859143938,0.106142906524147,0.177920729125781,0.297591171857258,0.443394328755415,0.262405293937529,0.173813324330991,0.132347017723119,0.109480104773759,0.0457283175581618,0.0123214105729384,0.000665949894408981,0.0141436168400657,0.0664244747018744,0.180900022877839,0.374565843187551,0.612207492786123,0.79806310540405,0.881267874305273,0.895480365786968,0.887220446856993,0.881063302337502,0.88250626400568,0.896403950475647,0.906751765705202,0.900245970650723,0.857908246057555,0.768128520770582,0.639494969721708,0.498334907198279,0.370321019052664,0.267616871597493,0.190228265618116
0.00157881498332825,0.00207127707110804,0.00270364708306052,0.00352995469024684,0.00463686547498543,0.00617080815876614,0.00839645807722525,0.0118350930149041,0.0176366820015898,0.0287865992580175,0.0550980815693848,0.142789402038642,0.584037571630895,0.243373038269652,0.0484034513948239,0.0160370322188057,0.00613993484099689,0.0022453466492406,0.000604113223291939,4.17888193464471e-05,0.000130812424792398,0.000723309452227978,0.00180542889724428,0.00345089336893381,0.0058144753789151,0.00914816967788641,0.0138471255087158,0.020520044551574,0.030123483126676,0.0442084418578403,0.0653159274345572,0.0976954817420859,0.148224803126022,0.22624621683827,0.333769254830714,0.405276489049126,0.0817141991704905,0.259526917207614,0.256216176785099,0.180318975871858,0.114308501156535,0.0679818029197207,0.0349797964224395,0.0124817179452278,0.00119738642526006,0.00693847892103933,0.0452169780299185,0.146632512881678,0.346729613615655,0.616439491398314,0.815794212773435,0.876625033729293,0.864212445170671,0.839858037491392,0.826314261227975,0.829064718384403,0.846194448025901,0.871851098095479,0.895251272453398,0.899643880869648,0.865544735508797
0.0219512329814278,0.0309833719694277,0.044238281157818,0.0645349172749198,0.0973810715696592,0.154293253709355,0.260673652702741,0.466896146264246,0.786826928455776,0.850682431850529,0.517302461398866,0.27246307138482,0.151122154419513,0.0888005531694559,0.0537736636655095,0.0324701673481805,0.0187384969195018,0.00964345688580917,0.00378422632680216,0.000634016222886206,0.000311526715468804,0.00361049792557869,0.0122397847466745,0.0293238052103051,0.0598996845819085,0.112784571197805,0.197040641434528,0.2940162551837,0.609757818990374,0.794138121727849,0.0542920248881274,0.684710113835166,0.857328535558088,0.89818905152042,0.904898677423438,0.905779950756869,0.904152813159585,0.886837011757201,0.827132943075849,0.701982340027286,0.525098889647035,0.348699845087529,0.213733988737638,0.125923979748553,0.0730962108912669,0.0422497331683647,0.0243783291684767,0.0140152185505618,0.00801244442532337,0.00454770031479874,0.00265603748419371,0.00156973996424658,0.00101912885150026,0.000803855405180916,0.000872558057668758,0.00131045741674132,0.00258420636532511,0.00606920051533145,0.0165836944057361,0.0532737372509083,0.218198828950293
0.00809627257681721,0.0109889645151359,0.0149550753947868,0.0205667255326688,0.02885737370324,0.0418445520749298,0.0638795013743659,0.105635124655677,0.197429972398241,0.430913885595888,0.837829878114294,0.496901420122052,0.178548732806216,0.0757487587195344,0.0360610409150205,0.0177242001378365,0.00827759193697859,0.00323289688986605,0.000742000158362718,2.57930521033079e-05,0.000816504453643568,0.00315531790291895,0.00732701222184408,0.013866383067762,0.0236071206249093,0.0377879686678391,0.0581596273415769,0.0871670974364015,0.128030083830858,0.184118547028637,0.260621277290744,0.359269431034817,0.478138794004906,0.607245139450911,0.725558874528329,0.762509637921697,0.894453706791873,0.897304668688775,0.892847964715944,0.916676431851485,0.910631501192778,0.905856708580895,0.906375846256885,0.911718738765632,0.918168223769123,0.916535232348274,0.893015503133735,0.832857845649647,0.729954829177582,0.595534547648094,0.454908478255028,0.331027244925527,0.233724461630991,0.162710869402447,0.112603343061583,0.0778328311574551,0.0537644227067343,0.0369792516498208,0.0253263149643955,0.0171154889653306,0.0118309183500395
0.0709551925857913,0.108991012750681,0.172599066616352,0.28382577963436,0.478451216064998,0.760982216988456,0.925898528928673,0.749645553451965,0.487431369697966,0.310838317650577,0.206792152112136,0.144277228889712,0.10485298751105,0.0788313216466978,0.061146255956428,0.0491929545015183,0.0420399985463793,0.0411116669454021,0.0575458114343527,0.208478042500907,0.376750432638326,0.451947100736364,0.0985449697942593,0.0061005277332496,0.000482251022443629,0.00770385790905174,0.0259647897150316,0.0625107196220557,0.129194124473266,0.242790050926078,0.413322186835353,0.61608701801115,0.782973127036938,0.867397192679398,0.888493638086872,0.887012791095767,0.885378292404141,0.879866014225654,0.835984989553508,0.699156084682451,0.474494394417913,0.264109453535759,0.131582603482684,0.0631030705504879,0.0300221988023272,0.0143357649537176,0.00695505685921025,0.00354876994453667,0.00208365546787885,0.00159428938699062,0.00182152586655412,0.0030292379497324,0.00644261036573347,0.0157959185619302,0.0417072462070164,0.127404541202002,0.417141026840751,0.727509975439666,0.447492928393359,0.282673114646975,0.210364602617916
0.065573660259432,0.100734713203148,0.159711076481043,0.263791746073459,0.450238800990673,0.73579400006875,0.924455648843012,0.750388051679394,0.478804179823592,0.299898744202098,0.197000748649783,0.136204786575292,0.0982811121490005,0.0733942898957858,0.0564675214064242,0.0448605552745352,0.0374599136904277,0.0349792416940971,0.0449458094134873,0.153951309409267,0.416763100309251,0.23523249520374,0.0081224282603954,0.00030041862859915,0.00153369909656368,0.00730643208451404,0.0200014325943453,0.0428736334100221,0.0821555567389504,0.146776870498809,0.247027325919318,0.388210213569726,0.557926794350951,0.719714235932324,0.834474596052449,0.892499132151088,0.911406216275557,0.913656521542276,0.912932726943268,0.911539828220704,0.900717446972125,0.859572268795159,0.763743755518673,0.609080014064265,0.431500978864586,0.278021399495279,0.169203570430264,0.100045632299675,0.057719923236744,0.0331585147509109,0.018633099848262,0.0101415744353263,0.00524265627728842,0.00246264792768521,0.00103499865998964,0.000357267094519976,9.38485613744557e-05,2.42148010487856e-05,5.1634365013274e-05,0.00043887236525343,0.00336668189570283
0.0146019385968449,0.0207197148594606,0.0297736223061958,0.0437853208643755,0.0667877762430572,0.107595332707597,0.187318100458811,0.357908754473671,0.691868840727771,0.855744685204661,0.49254774150628,0.240889609384088,0.128853787213337,0.0746022016566488,0.0449198853181823,0.0269693269923082,0.0153038987352143,0.00745439565578723,0.00240188500805944,0.000120133250893828,0.0017398261725352,0.0105386475432355,0.0348404379402375,0.0959422380445164,0.244358755967551,0.522830141748258,0.442614988750872,0.141918028194968,0.0556028600656866,0.00338383721032535,0.145707278696135,0.530361737212963,0.797821022486251,0.868699868346696,0.881793547392431,0.875918123859953,0.82708376613479,0.70043923424032,0.511768113650974,0.329686521120181,0.198716688544848,0.117559877027294,0.0699632096114471,0.0422209615894831,0.0258356392379692,0.015992790351244,0.00998217686685983,0.00625855532171541,0.00392975055890163,0.00246679579994118,0.00157748650315373,0.00100572300760799,0.000662406181491247,0.000466150874597099,0.000372090045438979,0.000356654733425035,0.00043081381117709,0.000654830392847341,0.00120203601530758,0.00253805365081556,0.00614574579256957
0.0448678235068576,0.06488699713273,0.0955292396432366,0.144734020637052,0.228052806973003,0.374671043384552,0.618902992987163,0.880822888422728,0.833425092332258,0.541611174843708,0.3182825037342,0.191855082815486,0.120546227217375,0.077982428548983,0.0510220734157818,0.0330585512706727,0.0206469144092295,0.0119210421878398,0.00587431253822383,0.00201849165869326,0.000200460271780579,0.000440678698643595,0.00240507603592589,0.00325945371584694,0.00703776405351031,0.641585059808122,0.737198736258459,0.604765791905546,0.152473845450004,0.0142689365858176,0.00853211979254765,0.0635861469012977,0.170682041715689,0.328012069658064,0.517484887649965,0.696937927245939,0.82361869224995,0.88602106844182,0.902054577001723,0.896186751485819,0.886163681891367,0.881196413703922,0.884058158213468,0.890894417573962,0.887988648127974,0.846544990225658,0.731887170748303,0.544913980423469,0.345266458560721,0.193028865653495,0.104310574366246,0.0533175185230821,0.027051495205263,0.0141243453571228,0.00829941853502563,0.00664899483280846,0.00925934949671707,0.0238630993754772,0.103380146950253,0.580822269357844,0.3550118360748
0.00777490304429139,0.0104764322338528,0.0141341756122561,0.0192344956542374,0.0266386132315154,0.0379952312368269,0.056764140529993,0.0911659870704585,0.163852133535018,0.345385142763371,0.756180623202406,0.612082460185219,0.210635989531322,0.0835482555694062,0.0380246805160091,0.0180974377703521,0.00824751458722529,0.00315915625965442,0.000718849873146702,2.3458835937486e-05,0.00072063034846154,0.00275912234603509,0.00629561160147243,0.0116744194329674,0.0194467990176124,0.0304167544932321,0.0457333751423384,0.0669718253320641,0.0962827440640521,0.136433773123379,0.190750145985358,0.262332264954402,0.351571483213896,0.446598375464048,0.457547406589635,0.696876271238877,0.868795989518716,0.784413665455949,0.390314771179932,0.103779494479506,0.709091927463576,0.877527712312299,0.900672097673179,0.890122780282435,0.880706583906344,0.875382828126304,0.878359778129942,0.888825550973438,0.902821864020184,0.91223613752999,0.904039166225389,0.86160637096488,0.774035428686901,0.646541484174938,0.502435557268366,0.368505037956399,0.259746054265977,0.178818823947387,0.121281941905891,0.0818640365708961,0.0547938814445638
0.0116994300707698,0.0160467993505347,0.0221164593225821,0.0308792131886449,0.0441094779715377,0.065310679809054,0.102093898847998,0.172786819427398,0.324495582111569,0.6414211791368,0.841246773013823,0.45317939364764,0.19832422081708,0.0958344296146083,0.049912056419652,0.0264884184121532,0.0134475095342841,0.00591075287491934,0.00176176490152072,0.000107691531770601,0.0007205024236796,0.00385084793812873,0.0102190177622424,0.0211277361058894,0.0387191938232268,0.0656236315296561,0.108013984212228,0.171439296432887,0.263300541872986,0.387910160279936,0.538435476569166,0.688704312279074,0.796784624773583,0.792667446231365,0.601660090822705,0.639297761397561,0.0872458380703644,0.779937181500808,0.895548125369356,0.906152360090139,0.910138695472429,0.901871984757297,0.86509852514881,0.777211696832205,0.64675310177971,0.484369873877386,0.334024655238308,0.218440893847836,0.13903476853362,0.0874312977683626,0.054701905180097,0.0340789065177868,0.0212062735692306,0.0129927348640729,0.00783910103806788,0.00463570166190393,0.00268272398131626,0.00153972349066993,0.000915588749768289,0.000640004337930216,0.000667530746523239
0.0173802117183732,0.0248377536308997,0.0360271041582271,0.05366996725239,0.0833753618223778,0.13783942657303,0.248116173941688,0.484008597042752,0.840612820335209,0.73910954164033,0.376000855212615,0.191184054916173,0.106984641142069,0.0640779239976726,0.0396490657936494,0.0244609641464561,0.0144011682759928,0.00751472337188402,0.00291514553806176,0.000405543721886131,0.000479266386043881,0.00473111323146033,0.017115470155613,0.0476106954277056,0.122451274812553,0.314195827309162,0.652417292068028,0.406078270606086,0.0370425478550046,0.00775676985439414,0.0064981380739075,0.0702139619165259,0.229382745607338,0.474154123069684,0.707051987523486,0.841846012139963,0.89314845873459,0.907522583074623,0.910840917887869,0.906786029033759,0.884683553883122,0.82656407082138,0.720841443478775,0.578482874374523,0.430309617982038,0.303724583927364,0.208873684945342,0.142668186429937,0.0964369465266303,0.0668250237681067,0.0465810465963174,0.0327149808599841,0.0231295794753975,0.0164180417636249,0.0116650665892785,0.00826615561790365,0.00581753620052257,0.00404556014120111,0.00275122203095856,0.00182658410822087,0.00116397657514119
0.00052330787233492,0.000671351074558582,0.000853570819503175,0.00108038762614557,0.00136770927540029,0.00174097024544357,0.00224317573617873,0.00295238247517019,0.00402391248214003,0.00581087260575683,0.00927994860897996,0.018027107359201,0.0554736952789827,0.535971702029953,0.028841530251133,0.00466857847544075,0.000989568335656182,0.000123861219280047,1.4531576440094e-05,0.000199992846917685,0.000546162047835964,0.0010142462405385,0.00160113567016396,0.00232112736781595,0.00320012202672117,0.00427448525550659,0.00559182966022611,0.00721524399755776,0.0092260274854668,0.0117319258864153,0.0148773938114727,0.0188594687307929,0.0239519523894626,0.0305406538598511,0.0391889672341682,0.0507210200242739,0.0663709433614245,0.0880260606312326,0.118550570397364,0.162236596997408,0.224908530216887,0.3120306181414,0.418076851190894,0.485320967943839,0.211454928422155,0.31570344855592,0.415921537507844,0.34749648695967,0.266264693764867,0.200255868904969,0.148560925606416,0.107180970614217,0.0725714908290297,0.0425384979970038,0.0171737953315728,0.00195903439960893,0.016678417644363,0.124911240755347,0.431520221351291,0.779809750430535,0.815730681404416
0.012462866508854,0.0170974226781355,0.023578412974653,0.0329708672655836,0.0472544917527704,0.0704209826729252,0.111371661837164,0.192197290479866,0.370525306476528,0.727353336846192,0.7943715461961,0.371843454979426,0.16300616975206,0.0801384617188811,0.0422870774892565,0.0226913966133715,0.0116744009172106,0.00526711604835427,0.00169272103117647,0.000152757064326377,0.000362638909680065,0.00237120435452028,0.00650707267390805,0.0133931579149028,0.0240251089086137,0.0398778096628925,0.0630621268689138,0.0965175296655008,0.144108961700399,0.208522110997363,0.293136081339944,0.390470269426884,0.360821364800756,0.772492188411097,0.842832730403678,0.342981708963766,0.572748757977243,0.848583009510098,0.907256612987287,0.916459964589538,0.911085682390547,0.907863247874578,0.907653119261562,0.91191951578596,0.916641039619474,0.912672826764735,0.885690344042795,0.819496762295004,0.708018345510995,0.565302002949772,0.419839576502311,0.295407049268664,0.201133687733337,0.134505506815942,0.0891157942937646,0.0586531964074391,0.0383232825833994,0.0249197124839583,0.0161390075034398,0.0102425031316583,0.00648962798123362
0.0153953789561703,0.0216032698272016,0.0306586077518967,0.04448844951746,0.0669503328227702,0.106556824904058,0.184154732940729,0.353509093386676,0.698670809627407,0.845366600078674,0.442525809479311,0.203042706702456,0.104077571498207,0.0581876064123375,0.0340246185687876,0.0200238718534895,0.0113861936652948,0.00588800064113163,0.00244967753897143,0.000559532401281774,3.65951605362141e-05,0.000943757328659476,0.00357073858930774,0.00847877317299004,0.0166138230177365,0.0296434876782206,0.0452192093382071,0.0757126162913219,0.120687803150317,0.187741309212731,0.286817922254336,0.426618700736273,0.600824022983442,0.753329066211997,0.719358147086273,0.161033990019542,0.0260351638711498,0.0769377823417517,0.421819971940817,0.709095667589607,0.852897693063547,0.902902183336546,0.915163568520046,0.916428171339845,0.917097824932569,0.919768830592247,0.921567185044727,0.915682059008844,0.892373620387248,0.841126522365763,0.758721463032145,0.649860757098309,0.530028554848009,0.415558123289133,0.31734289844571,0.238736156140418,0.178409170053085,0.133193852549943,0.0995412810160068,0.0743956253672711,0.0550322686882321
0.0505324126520245,0.0761438412247761,0.117961859684924,0.190210797620008,0.321325020117163,0.553903579890823,0.848948559006967,0.880132869694625,0.606776146895879,0.371399260970761,0.234906224295391,0.157409109798478,0.111027978686861,0.0815843574553207,0.0619770682587818,0.0485120071369976,0.0392814704360532,0.0335887513205367,0.0324761520022341,0.044505351403389,0.175554045580798,0.585947504540681,0.0319420931523816,0.00285730490568281,0.00011795329463366,0.000773122894411542,0.00398345918889896,0.0105830861630508,0.0223684889360622,0.0420785547945572,0.0738925271274798,0.123751769577616,0.199042033190575,0.306235330098193,0.444984813562636,0.600012740552791,0.741286396209725,0.841373829643067,0.894632052828689,0.91423336317494,0.91793230253127,0.91740164949271,0.916834926877381,0.91198729795315,0.889757035880183,0.831019517704387,0.721594975666987,0.5708669051383,0.41193529981394,0.277105134599994,0.178559920960723,0.112525261007971,0.0698954052224745,0.0428129190673724,0.0257269709838652,0.0149864539588173,0.00828645929270474,0.00419050498695582,0.00183714617950285,0.000518875778086586,6.85460430392124e-05
0.00480766459617814,0.00639646732196887,0.00849992620290229,0.0113571488420248,0.0153792078776777,0.0213228580964348,0.0307144683219579,0.0470029014186617,0.0793287884569526,0.157492188292105,0.397563711222884,0.80810160307145,0.274755240939168,0.0843648637331069,0.0335849504688783,0.0148611103357813,0.00654232684352382,0.00253476232287052,0.000660651718599072,3.00836467834767e-05,0.000258050687201829,0.00119193420742123,0.00280455762935705,0.00515017926835647,0.00834669177082728,0.0125769546627973,0.01808915917835,0.0252131924411476,0.0343800472208677,0.0461465583839163,0.0612498026436387,0.0806411972938165,0.105612926414432,0.138026660339609,0.180210747926532,0.21838752389255,0.284158008976126,0.363451026970658,0.455139884844101,0.557678155480342,0.664183435782719,0.763858902321088,0.844874457731111,0.898611816294364,0.915577497206456,0.926226636266619,0.911389065508455,0.891395711060102,0.876790004348887,0.860053774776776,0.848271614782838,0.842824820426871,0.844065501533675,0.851703941736949,0.864858265033689,0.881937953691091,0.900417094246291,0.916574236937694,0.925299937104098,0.920430195317169,0.897700799625209
0.0480828246005872,0.069243099568811,0.101402070994206,0.152581621299637,0.23822774875713,0.386528509535777,0.628374273970178,0.882831504751776,0.837856017444899,0.548876064463378,0.32217464069533,0.192435055189577,0.119106466152232,0.0754536188571454,0.0479758033373607,0.0298597914983406,0.017561442060537,0.00917898239969324,0.003712711410481,0.000718777185558849,0.000153671750595822,0.00231389178392945,0.00779030767240653,0.0172427045137162,0.0300422531888706,0.0362840595689894,0.0154212124887707,0.576593386523205,0.738246290972332,0.474646980073623,0.0107057502567364,0.117294384395001,0.333930430237642,0.552848090895497,0.729632250315908,0.842288558024807,0.896135353882398,0.911223231337823,0.907747326376019,0.899469384019493,0.894365536136439,0.895191978523433,0.89999418312646,0.899292063152154,0.872868921917024,0.790150244731987,0.634022122482807,0.437013755322289,0.263311579126735,0.144916502925123,0.0759676059499691,0.0390216526617507,0.0203449454127175,0.0115716960305343,0.00846562308057285,0.00979743474695165,0.0215179823395463,0.0796848045388806,0.426185428815364,0.498614397097263,0.244763086052765
0.0229069918466579,0.0329223924367635,0.0481061280472718,0.0723457052042321,0.113737202173044,0.190490886771421,0.344379375561053,0.639664572630227,0.900159196271172,0.641027565404347,0.332879785458741,0.179161601582102,0.104138758528949,0.0637383643316825,0.0398229974845408,0.0245740585437642,0.0143310614556274,0.00730392845141452,0.00267894420893066,0.000296160513164722,0.000640455919787418,0.00514482182122701,0.0170262276291986,0.0432931613172558,0.0982762657960618,0.18844935307237,0.101403710514713,0.296711746858567,0.0445237634532569,0.0138188868361143,0.146671237343096,0.394773089047485,0.656143600128348,0.822225458686304,0.889272109596771,0.906950421384557,0.910333568712,0.91069802361805,0.902599479359018,0.867806993677894,0.783551025259505,0.643921864901746,0.477076901492062,0.325130487822464,0.210762239824244,0.133715081386315,0.0844335207436453,0.0534193039581318,0.0338863434488324,0.0215409868854292,0.0136689952741288,0.00861299509013866,0.0053616375379602,0.00328346202934713,0.00196605269853404,0.00115397894900837,0.000667204464991801,0.000406126051841372,0.000292123374963823,0.000304881840980445,0.000532630425549747
0.0511117258272288,0.07797804636293,0.122797614399471,0.2022785586385,0.350245492505025,0.611686544267246,0.893231500048116,0.818734617048115,0.524832865674743,0.318836520403472,0.204447955145339,0.139700451199986,0.100848940017223,0.0763283858462286,0.0604979469587683,0.0507267708832369,0.0465516668962455,0.0513307521600583,0.0871902703616314,0.369882597625672,0.40322836424192,0.600295830922542,0.108043654161023,0.0152399430696655,0.00268081583530494,9.61180396348096e-05,0.00189415330035274,0.00812889573145043,0.020795394136705,0.0438297486904916,0.0820013763269118,0.147318870244717,0.249868974161461,0.396830077588363,0.575083142733801,0.741522084358232,0.850469719095034,0.895374430671068,0.902365611061543,0.898676343280181,0.897922808527969,0.899299587591015,0.885413744614957,0.82147408066944,0.676933296936372,0.477559075755556,0.294699127139476,0.168217070196477,0.0930210050482121,0.0507859849102851,0.0276884015302892,0.0150409053876029,0.00817175850407286,0.00451344276693468,0.00265381059836226,0.00188095756291976,0.00192647056115754,0.00331438188451679,0.0089755697353128,0.0360263935207267,0.239244011922475
0.0302499829620471,0.0427067052266833,0.0610561115767826,0.0893549340988463,0.135605547221926,0.216528207871192,0.366481141851196,0.630804921464821,0.889003619364907,0.73094353654143,0.410827516501373,0.222451256418379,0.127202229814786,0.0762401781711291,0.0467786629940938,0.0285973476717686,0.0168551184640254,0.00910969250919322,0.00408936845086758,0.00115358965695869,4.74635090741806e-05,0.000791737300175915,0.00363484623379734,0.00902190843112795,0.0174590622528205,0.0289252903730048,0.040099131812825,0.03191363644845,0.115201139350161,0.670818902266503,0.790523413721419,0.662495828386365,0.192311467475635,0.00841627590663234,0.0440127437465215,0.185208430646289,0.374024579882335,0.569985452186258,0.735055856035013,0.845075113431457,0.900310991935078,0.916247510253599,0.910940326341209,0.897861899018726,0.885749223447664,0.879118587340063,0.879908821159304,0.887866215202922,0.900115510219839,0.909872917717468,0.90401507120897,0.863507126579417,0.771918349140566,0.626458077354729,0.467587451185664,0.316199662676244,0.20050933822682,0.121653208699926,0.0724120521513202,0.0438946386589207,0.0287733697942356
0.00416433823739885,0.00554117076806753,0.00736082672349694,0.00982189925487071,0.0132581252325842,0.0182674931681313,0.0260163626725744,0.0390291350615951,0.0636246116375586,0.118993238286109,0.277994370953537,0.736776735179786,0.41835899983899,0.111852806254518,0.040350615900421,0.01651801737165,0.00662197280689796,0.00215379838778102,0.000324949251287468,8.51430779249113e-05,0.00105750096858182,0.00319125170597602,0.00665319719517405,0.011805398992642,0.0192442367964336,0.0298803951779776,0.0450940800411871,0.0669275985346008,0.0984185875813847,0.143895475225637,0.209150914469078,0.300476651508162,0.420492270270947,0.557027648816531,0.660845633122734,0.534567844244675,0.356998360799698,0.550950381811884,0.455949058941343,0.286545824515613,0.0898636352096277,0.0404706499442899,0.521205778169363,0.820979101073006,0.858277876733427,0.855544705563336,0.859653077079031,0.873504167399928,0.885923226558416,0.873467472322567,0.805476659484219,0.669775784547256,0.496866377297229,0.336227795655536,0.215551765894297,0.134678637262086,0.0839519501722296,0.0519312281891552,0.0318319569104489,0.0195539501689959,0.0119546649861435
0.00444374957524927,0.00590500619390406,0.00783047039537603,0.0104274955800837,0.0140458848752366,0.0193145684369626,0.027464327094241,0.0411663040076491,0.0671246025058347,0.125699672584179,0.293557910295417,0.753898750685506,0.409701494820467,0.113148678789277,0.0417921926237457,0.0175746257334913,0.00736409507210939,0.0026369399897432,0.000555112803817706,2.03451135254968e-05,0.000601922763754397,0.00217726021735766,0.00480579956228103,0.00868345483616434,0.0141420163880298,0.0216709873668124,0.0319562787644998,0.0459562207073661,0.0649630331105947,0.090732255097878,0.125542078581585,0.172268973527705,0.23415258384381,0.314187271603227,0.410058455064149,0.525339677444163,0.642537445074111,0.707766206815555,0.83175317169567,0.901429380473825,0.868738153700294,0.344877419796081,0.883234604786901,0.88876362778076,0.876894059843636,0.869667449881358,0.87017197953859,0.86815211867416,0.890265141538451,0.906797925756224,0.909692240591673,0.886472445997032,0.823958508926525,0.716585781843206,0.59030616402269,0.456181540593068,0.337605411727227,0.243321788812548,0.172488795456495,0.122933647379169,0.0865472099628036
0.00301699704073403,0.00399009701554484,0.00525981413639936,0.00695169235598601,0.00927337980443026,0.0125899250692692,0.0175933681206623,0.0257376381403219,0.0405078645585576,0.0720186160639244,0.158382466224038,0.477339148633411,0.600767705904155,0.126954232483253,0.0398220026445807,0.0153177850002119,0.00599134487083624,0.00197107693303903,0.000335757755022111,4.13211103575419e-05,0.000708645658859827,0.00225517350669359,0.0047745453696018,0.00851208415516479,0.0138792188580585,0.0215135822677321,0.032377609168801,0.047939541700055,0.070411091656746,0.103151932090443,0.151036425384465,0.220471087772316,0.316974371509577,0.434265001022666,0.516323955042537,0.274545405274986,0.360466531945636,0.47570528452847,0.373579341942953,0.257114248011531,0.149719085299639,0.0592790341484221,0.00508696656972405,0.0572280923354755,0.333644151287065,0.697281129721489,0.850166264250626,0.863855152380712,0.851830609664897,0.849023459569452,0.860471164665518,0.879859318083879,0.893423160176216,0.876362146808988,0.804369543165545,0.673823391647236,0.514346509669116,0.365635887099209,0.249262042030603,0.167013916661619,0.111027069597648
0.0116427229186852,0.0162864686956705,0.0229970415796405,0.0331052667399181,0.0492033632705102,0.0768216152935666,0.129137404529899,0.240979811618441,0.498655602485037,0.863578330230172,0.607617293721544,0.271109880108063,0.132614129068057,0.072541508373491,0.0423176409128984,0.0251962855936474,0.0146364563908829,0.00777223776095237,0.00329302778323531,0.000701375052162504,0.000122050575110639,0.00250478718997262,0.0104967750288731,0.0311819205726975,0.0844327693290976,0.211665277955484,0.178740286211,0.104033528504387,0.0701464027848202,0.0285023086659405,0.00787121078242941,0.000530818739459831,0.00538649742716582,0.0288330819391145,0.0825044005786435,0.184187417012921,0.348222379707454,0.557275160728227,0.745823977621043,0.856650702613646,0.896747871740167,0.903537096553073,0.903774239990572,0.906230732588858,0.905880858291524,0.885797142593566,0.82229244627144,0.702402142925893,0.543360852073081,0.390197035486181,0.264907688668579,0.175742380587268,0.115909116900174,0.0766500504934107,0.0508584752029488,0.0337140490210913,0.0230622049938641,0.0152839744013127,0.0100504050394674,0.00649503212404552,0.00408010764603517
0.00905100660361217,0.0124349779723915,0.0171727045813843,0.0240415808124825,0.0344856869971265,0.0514144832633724,0.0813556545171839,0.140887796707464,0.277576468699631,0.605063118347009,0.837719422439711,0.391478656522564,0.160918885508176,0.0768865624100863,0.0402994923464354,0.0217621432044929,0.0113733213061013,0.00525424081885081,0.00174222681317466,0.000162964104574882,0.000412537060581287,0.00287168273288327,0.00853802576441441,0.0194408665943642,0.0395104608240888,0.0760750331210828,0.139763147582542,0.216293206822516,0.0530598589047525,0.361620202681443,0.268715532788757,0.140537327223423,0.0615671685189642,0.0186960280604079,0.0011085635276127,0.0152047432926087,0.0798323971192105,0.223217227945639,0.450723433395561,0.688841313758128,0.835963185561374,0.884890710218276,0.888336587178541,0.884345006211848,0.887160111425775,0.894957817018955,0.893282097028138,0.854924466946793,0.753659130582135,0.59453203553915,0.421597066240731,0.277904821808822,0.1766505093311,0.111199628135583,0.0697784712831114,0.0438568870488933,0.0275645816415979,0.017265707495286,0.0107395662210905,0.00667155386694525,0.00413550958813897
0.0136028457172363,0.0192318339147933,0.0275103268592223,0.0402410434721056,0.0610138284558105,0.09768348125489,0.169262850510697,0.324472658443267,0.649676299999396,0.871838444178076,0.50649661840869,0.241198210328986,0.127170100099902,0.0734880831962495,0.0447021044252293,0.0275484629409213,0.0164896713127822,0.00898888182282067,0.00387989007574398,0.000808486003676745,0.000206354249386193,0.00387232026833434,0.0171327350817119,0.0568098577391904,0.18356491462642,0.55087975730548,0.350331155374765,0.0542482228618108,0.0520454360681519,0.00507134081633765,0.000725839914701173,0.0170128601182212,0.0706194666686641,0.186915889617889,0.381684541108615,0.613269095430034,0.789317976619848,0.87325007787913,0.899840341069877,0.906125788525674,0.906121791381147,0.894238935520758,0.852351691800336,0.761662899401963,0.623564480527802,0.467708178627114,0.328841552511015,0.223486241125872,0.150135519483538,0.101190550273292,0.068765267313128,0.0472141491305399,0.0327101173682321,0.0228257068612966,0.0159912518336184,0.0112065095379043,0.00783297006860323,0.00542759193130647,0.00367114033311649,0.00244561634320172,0.00157438236816568
0.0608013700329305,0.0935258227196689,0.14860456842782,0.246507737327609,0.424869042435103,0.70963665276058,0.921792589885635,0.762458774968512,0.486792134900298,0.304796469936434,0.20113747327389,0.140547271995147,0.103238651386207,0.0792666883689304,0.0636768362815521,0.054245042890192,0.0511074816997959,0.0599201916530013,0.121611985367332,0.581378196612635,0.280302136372789,0.461048408275404,0.0238452365777275,0.0024127054830594,0.000170653695008761,0.00326920891618094,0.0118043794896106,0.0286497906235107,0.0591126866237298,0.112189722739435,0.19995187621086,0.333625596575629,0.509020845915823,0.689299531796443,0.821204768285354,0.884504606197463,0.901125654912355,0.900817534960408,0.899657580446222,0.89711517651912,0.874209136296699,0.795372089079158,0.63643638759604,0.434628525904394,0.261003462626283,0.145970044367304,0.0793268183198735,0.0426689507978897,0.0228957065025594,0.0121945687247602,0.00645730664488712,0.00345689305921341,0.00196315075731654,0.00132605423742692,0.00127734361476178,0.00205377749505645,0.0048540592063903,0.0149254723088484,0.0606134257662891,0.338158596971216,0.499978469240103
0.0117070756115984,0.0162567794501929,0.0227521230134582,0.0323876359502993,0.047432061248582,0.0725966448913452,0.118699571134981,0.213481526153344,0.428090461152888,0.804172313404713,0.694675061896122,0.309194200190076,0.14236116486796,0.0730914002905379,0.0397645298739399,0.0217071770740525,0.0111427094006824,0.00480842871791973,0.00127993092858534,4.13695222210585e-05,0.00116690777274906,0.00527569258843055,0.0136826764529289,0.0287230590404534,0.0543512000126885,0.0969352564758938,0.166009831411985,0.272866320307101,0.422921859871,0.594686748196998,0.673190425156105,0.810376651058667,0.645250572050999,0.44163956186975,0.866056026709724,0.89431767422807,0.901006378155115,0.902266915009549,0.887510204004664,0.832172847615624,0.71600463741818,0.550620058498586,0.381751822884045,0.246841066303967,0.154344092715054,0.0955376600554837,0.0592054529709034,0.0368731766211133,0.0230782866652588,0.0143336876497892,0.00897056204798788,0.00558524257007928,0.00344804390869114,0.00212898433959263,0.00132669928536589,0.000858129482579052,0.000614591882072232,0.000536146399246091,0.00063097317856648,0.00103775547798947,0.0022808568244501
0.0204623179763715,0.0283452292568158,0.0396063810457085,0.0563796332101218,0.0827975436539801,0.127524280441436,0.210272377760431,0.376528264281863,0.687695201154119,0.879254031471412,0.534023324782743,0.253511248756389,0.128269734768717,0.0699281767493977,0.0396715995395382,0.0225598271690509,0.0123184298128992,0.00605634046607061,0.0023393976447699,0.000450999616700573,6.10553949894924e-05,0.00108014873726869,0.00359710850299286,0.00785894019466042,0.0142798476629583,0.0234685574071854,0.0362928520713161,0.0539292618561213,0.077961233530993,0.110310319848633,0.152659122034658,0.202738814019109,0.23077165316515,0.0545239761665958,0.784058491825165,0.655464732071337,0.222909644971242,0.0104108388282207,0.0731805782051049,0.250392543930417,0.453300911406597,0.639449095627486,0.781905817132159,0.871525231870473,0.91456312998152,0.924630937026106,0.9158402217987,0.899149095235623,0.881136752106586,0.866082788298955,0.856030059325244,0.851868919747944,0.8539561610968,0.86184620963491,0.874600404949765,0.891065885994723,0.90797671468975,0.921553188369768,0.926286914612519,0.914926328268087,0.880353505144353
0.0205116946912621,0.0292595397375487,0.0423747065593945,0.0630478767225796,0.0978513276904027,0.161502109718184,0.288744477407213,0.547339644333311,0.872520121501944,0.71432179188512,0.374434571519181,0.198541529522806,0.115273812870558,0.0718182997747912,0.0467827302132473,0.0311522362697347,0.0207708390305638,0.0135536625069631,0.00839593742921086,0.00470679525137688,0.0021955427549785,0.00073873809572833,0.000221627616983251,0.00167959958890942,0.0851212935128879,0.694369149940425,0.477034774383478,0.119605016791157,0.0667540856755352,0.0183962922985042,0.00394861026279636,0.000197742784558589,0.00304177800580001,0.0126702473001293,0.0309521225021464,0.0614497616266708,0.109666734948159,0.182539357656091,0.28746469602061,0.425969034277565,0.585605137099171,0.736180164123087,0.844694890739729,0.899037215144998,0.911779909923883,0.903872652565151,0.891413991255367,0.883813429654046,0.884546620511388,0.892721976629972,0.904049540045608,0.912198440431133,0.897690820958284,0.844105389008152,0.741330556169172,0.600486519708916,0.450271015350341,0.317685574995522,0.214904996375239,0.141166392434367,0.090475589054969
0.0100836757627894,0.0137853212135812,0.018929196677679,0.0263256079478219,0.0374674877164914,0.0553335118484612,0.0864934264058045,0.147308556974424,0.283140468225923,0.597197198909313,0.852929561857498,0.43120707044098,0.179047409252921,0.0855663270394031,0.0451332824981782,0.0248568002356971,0.0135931313982709,0.00696144034087614,0.00301413089711295,0.000841917393923073,3.72909149339353e-05,0.00048078319007712,0.00226017004255387,0.00565321826037097,0.0111564369369697,0.0195531435109422,0.0320507993500465,0.0504651751922142,0.0775588264699809,0.117402903061331,0.175579625241742,0.256413329060381,0.339110145328072,0.156089454657326,0.729496524272231,0.443006947587466,0.071295876861415,0.0239712003609207,0.214022714248022,0.479227149242325,0.697195775302779,0.840985198369838,0.901098946958926,0.917178452668309,0.914692081613335,0.908710893800802,0.906015440666293,0.908878451148134,0.91576887037355,0.921975910635583,0.919339573370809,0.895032504390399,0.842358932847489,0.753199780821217,0.636453816906137,0.509793182655031,0.391142842201077,0.291151157745285,0.21272716545935,0.153646727628913,0.110023160930359
0.0042351259905077,0.00567753298689139,0.00760669300717585,0.0102527646095829,0.0140103769994404,0.0196029282144505,0.0284801689024704,0.0438846211125532,0.0742751716294083,0.14657418993493,0.36373279548042,0.810534192630789,0.327281466066186,0.101183829410077,0.0407277907632699,0.0183461869714175,0.00825072112593848,0.00324869703241732,0.00083355526418738,2.9508318544477e-05,0.000498052981096707,0.00224490526137874,0.00554052157243819,0.0109479104913322,0.019434110898966,0.0326104723023701,0.053114532332586,0.0853004578467585,0.136152357157018,0.21576759677318,0.333289236755846,0.472105603364215,0.481642511943268,0.112523936423638,0.396612141447287,0.32008810625699,0.17386489743965,0.0590934241870932,0.00345412255419369,0.088474694166523,0.39625783388517,0.726263165350094,0.859348874553362,0.880238050709428,0.878758428205696,0.882617058344784,0.892261561497054,0.893605977244031,0.86129190364075,0.770637832832859,0.625501983706185,0.462249600208875,0.319705281709629,0.213760174023912,0.141404657047472,0.0936195225096719,0.0623418756189035,0.0418586061885573,0.0280770766387366,0.0188670620718381,0.0125828747592844
0.0325448710443928,0.0477800999035692,0.0717035543544812,0.111433761170994,0.181975047611321,0.315321201656774,0.563326264053639,0.867795994272466,0.813309067242866,0.497766378459898,0.285635049432859,0.173643269020138,0.112201359647859,0.075767499583764,0.0525183880731163,0.0367459350294467,0.0255063143607937,0.0172211058271953,0.0110895866612082,0.00691434491788625,0.00579257077003941,0.0308286096094789,0.634337694440496,0.379459061427414,0.0627509228613779,0.0127992417560747,0.000865717629809965,0.00343138317064039,0.0209929153325162,0.0629347043289337,0.147158772050726,0.295498731315897,0.506221028516267,0.71423870752292,0.838236578304384,0.878279982212283,0.882663880938894,0.882394668745706,0.877437521526049,0.837625497815621,0.714918435522202,0.50980890737993,0.305580131216276,0.165672463307679,0.0866650943472191,0.0451283297408931,0.0238390611857958,0.0126133901875245,0.00675132699645945,0.00373070518974318,0.00221102545374347,0.00151867479196398,0.00134505689692094,0.0016626011315561,0.00280227381887855,0.00589114235378691,0.0146587301705014,0.0425199450165561,0.151366202351784,0.587896460896822,0.456807359329966
0.0522738859537159,0.0776430795100661,0.118122255446807,0.186202523939062,0.30640224683768,0.517572794948392,0.808668021422061,0.910881782576523,0.666503538552345,0.407440565691479,0.250639854164999,0.161815306607103,0.10918555271084,0.0760186705491163,0.053903418773504,0.038426919632052,0.0271572322953879,0.0187028119652813,0.0122643196723291,0.00742732771005489,0.0040870930567892,0.00266573674060944,0.0126150980946597,0.490077399587408,0.259087810587512,0.0157173830866453,0.000278159863819067,0.00537028362105755,0.0203923059201511,0.0462098690483573,0.0885801421157841,0.153169429117726,0.246371537745644,0.37068767346906,0.51824371426695,0.667204448739745,0.789736758833133,0.869400572044272,0.908606497413522,0.92155620609338,0.922406932388582,0.92091478524319,0.92074816905099,0.920078661092688,0.911041653532424,0.878943156612012,0.806850630863525,0.687488271907181,0.53563352064967,0.383409241650469,0.257569342038917,0.165453933679421,0.103149458442855,0.0627279276209856,0.0370368173043536,0.0209442053678027,0.0110506822722597,0.00525743072627465,0.0020248272641394,0.000341106748395156,6.1906369284326e-05
0.00361393795139833,0.00480956331198384,0.0063896876264486,0.00852877779119774,0.0115232164838323,0.0159110804009916,0.0227594031010846,0.0344315949239912,0.0570506750407099,0.110288948809071,0.276287414389233,0.769960721019456,0.306824624751923,0.0803766443695228,0.0292112506449897,0.0118802828371375,0.00463036529262151,0.00139531997282562,0.000151841121992032,0.000141920253142484,0.00110287566522123,0.00301928011907076,0.00604616917615305,0.010495736647946,0.0168713048632309,0.0259341151336204,0.0388316385639872,0.0572632203517515,0.0837733945467936,0.122058978783648,0.177261027395933,0.255423559522145,0.359847011943818,0.477116826827296,0.522402043010532,0.0435878788054164,0.622285511298654,0.541744399726343,0.372297475951921,0.187673189434205,0.0361570527104269,0.0441546492796509,0.394691001692826,0.760841371750503,0.869016461278293,0.872710829080487,0.862956904621353,0.863024359715913,0.874596351200097,0.890974014134508,0.897312542265485,0.868720762144036,0.793483903352455,0.662182707273765,0.506547142250955,0.362984379835915,0.250200837099944,0.16945776249702,0.114103923690268,0.076695250709265,0.0517203164198462
0.0133559661590163,0.0187990521287626,0.0267537881368617,0.0389046965175835,0.0585935809369092,0.0931140485621785,0.160153263891732,0.30585919028163,0.621220272621958,0.873643741687469,0.505849638321405,0.232937738383372,0.119329581314492,0.0671678107401658,0.0397371272379197,0.0236882894138192,0.0135602888351947,0.00689625358150587,0.00259185525694643,0.000327996915991028,0.0005048694783295,0.00465219411163844,0.0168041118110051,0.0472513736597705,0.116735024851472,0.137408693170545,0.100571290433743,0.128319010432466,0.0653028735085884,0.0220863255296601,0.00352363891017432,0.00208193642360926,0.0233658818311975,0.0831238530320842,0.206099659083417,0.406049179206271,0.6375944082385,0.805867350116809,0.877699851679415,0.894209673803054,0.895885425518203,0.897700365584347,0.894346275076999,0.862334606133048,0.771610430642182,0.616397250533438,0.437434646966776,0.28504745078465,0.177942287492766,0.109956717589614,0.0680061439843878,0.04233234151831,0.0264927501403727,0.0166207478031709,0.0104090925772982,0.00648540712914608,0.00401646465808236,0.0024674720795841,0.00154682424671666,0.00104522696680738,0.000850638595150735
0.00432299039149028,0.00578928608338428,0.00774968843164449,0.0104399186273153,0.0142666439002877,0.0199811773975537,0.0291039003264633,0.0450809467173395,0.0770642579831814,0.154892504046979,0.394701166112223,0.823934942897544,0.291967322962584,0.0932358192911518,0.0387879907032493,0.0181748137525934,0.008689809568904,0.00386338489206778,0.00136134752771486,0.000226580067188307,5.14615258544359e-05,0.000691540215394431,0.00215766588859905,0.00457823154241888,0.00820167831667269,0.0134153147075934,0.020796582802621,0.0311889796286957,0.0458424154126893,0.0665839757518146,0.0961361122543403,0.138448680848059,0.199069822056539,0.284710253971559,0.390362494465206,0.507978850433436,0.390057128875106,0.652827992788538,0.520825821169808,0.205738139444886,0.0101098002716147,0.132636156707813,0.486869007845464,0.764130800401808,0.862483204555749,0.90303068987718,0.899493427240243,0.891616372572286,0.889688274381559,0.895410869438633,0.906160408030465,0.915317091989573,0.912023112005698,0.886963968321491,0.825916592953224,0.729065065653798,0.608848903663455,0.484937760811966,0.373195970266225,0.28120894382605,0.209744797076598
0.00814677126911303,0.0110826792607611,0.0151269371761117,0.0208825597388015,0.0294442071637241,0.042970426945861,0.0661552018327639,0.110621550389363,0.209580330407182,0.460917468738526,0.852273174921072,0.481721912020645,0.181131385165172,0.0806229686698583,0.040471074620813,0.0213465700716706,0.0111240617279345,0.00530975260318221,0.00200971819731715,0.000375026958702797,6.30976699668966e-05,0.00103406824797856,0.00348646660498887,0.007871888359317,0.0149727622491041,0.0259945513946121,0.0425671469519373,0.0658223381558579,0.090511048239917,0.0761598682533784,0.0560691045282548,0.577810236847261,0.511719368451317,0.33615593851513,0.200792845736049,0.114719744374081,0.0605715357303548,0.0265108400187906,0.00682269289253574,0.000653691672677285,0.0113241383812565,0.0468789610400329,0.122652137507336,0.256881324629503,0.451854354969515,0.665257808341364,0.8211232585711,0.886155918494129,0.888434963262505,0.866916674825841,0.845168091447493,0.83273785454985,0.832953681838168,0.84452228827638,0.864979280171582,0.888464000802411,0.904533434923603,0.89551377692918,0.845238654019791,0.757280139790831,0.622999327441184
0.00951725704969144,0.0130253905276536,0.017905441075078,0.0249278608428615,0.0355109695092872,0.0524798294236873,0.0820804786982876,0.139874776560464,0.269570491347661,0.577733960098688,0.85533085285586,0.426980130772386,0.173505619579832,0.0813976972907633,0.0419997277442039,0.0223738641719743,0.011559944886613,0.00530337176305735,0.00177430272489036,0.000187740065803478,0.000310432554692987,0.00229870075868876,0.00669860678736266,0.014582837465963,0.0278281736030595,0.0496341125935809,0.0850990134978589,0.140551662183495,0.210161493644452,0.168009315063519,0.439530018878548,0.517543138707605,0.32603768314137,0.141290418922243,0.0360906147688125,0.00192089678400631,0.0493744622141882,0.204970588121974,0.4585990106783,0.70681844120481,0.848443036540245,0.893157722728443,0.8950282624039,0.889253479433611,0.889520679712091,0.896998106966713,0.903320708407603,0.889781829559188,0.83102059258523,0.711639978682137,0.54962559537756,0.387573704821598,0.257259341959469,0.165559810216676,0.105631247031167,0.0668849551880276,0.0422653103213278,0.0265893113410865,0.0166126860154349,0.0102854887698731,0.00636004036595846
0.0268580738040308,0.0380900172063381,0.0547914171268333,0.0808775389399597,0.124278349147409,0.202204039979777,0.352299383061657,0.629451903401133,0.890962071216205,0.677318305576908,0.358463992786933,0.190178955834798,0.108108674989488,0.0646702808335701,0.039611993677009,0.0241335975926919,0.0141197581468253,0.00751081879742527,0.00324675604139193,0.000811807751398443,3.27392388005223e-05,0.000993057590858063,0.00398994573881209,0.00944446806414224,0.0174044547287618,0.024982704000753,0.0155329863972926,0.211511733640358,0.747167718019434,0.749251974125472,0.359146989797382,0.0885437398168957,0.00820924084003872,0.0091799402174999,0.0581119131915946,0.144011621266527,0.274651069106824,0.436410805317668,0.607334217503271,0.754887332415789,0.854697841379301,0.904025852489933,0.916327031217341,0.909067781934988,0.895688853484709,0.884518690917577,0.879619630637444,0.882422233319311,0.892066653399153,0.9049655534333,0.913440795706578,0.905579171870336,0.863975979473561,0.774922000368055,0.641512221991633,0.48647163646775,0.339632999687679,0.234055838659782,0.149615707311996,0.0927452875490166,0.0558002321251609
0.0257083189066729,0.0367373372091123,0.053286263346567,0.0793282208120997,0.122881016451762,0.201190075928931,0.351379809951681,0.62686941199099,0.897296923900246,0.712774382234855,0.39261753454093,0.213803476523406,0.123907544036392,0.0752627677315124,0.046599402801505,0.0284774607386982,0.016453316042875,0.008336167460688,0.00308943715329988,0.000390731030129787,0.000504941264065973,0.00436248494997031,0.0137976717451423,0.0321914258436453,0.0649644678902954,0.120425357671821,0.207702029436154,0.307695985647975,0.588791897687749,0.697820362505997,0.733652450805971,0.866764519884593,0.904359851444476,0.9124189677804,0.912299481228501,0.907815678856336,0.887473112926268,0.826285329105976,0.701803864760406,0.52597378147858,0.349254846594726,0.213185886629911,0.124561093230157,0.0714622926350699,0.0406632703712779,0.0229927801128188,0.0128861479589187,0.00712231401732006,0.00386956253339174,0.00208173536467519,0.00114729792620839,0.000664328595850392,0.000468825592833636,0.000473771944278014,0.000728072547464884,0.00153056781616189,0.00381517997645603,0.010444801059508,0.0326490176028515,0.122647138714511,0.534054241910455
0.0184105897868386,0.0261891935014084,0.037789122009559,0.0559647562547177,0.0863604940030091,0.141666735810601,0.252651431721579,0.487849106931233,0.844291320880865,0.753402005091343,0.385889863284985,0.196068263672981,0.109710915632288,0.0660001177627778,0.0412987893240438,0.0260757639427914,0.0160735769288726,0.00921428302637067,0.00446381397323047,0.00139458247334796,6.47236682123459e-05,0.00120959571004604,0.00704785445064571,0.0241596583600365,0.07518056567545,0.247438559917084,0.561828078139791,0.0751301966873001,0.00264898348097341,0.00202607670844719,0.000254726292529437,0.00540833055322421,0.0199274389057519,0.0478279110681434,0.0954276411247554,0.171075662548764,0.282606542334048,0.430071321359415,0.595703423709104,0.74458001742603,0.846705072631414,0.897997304218227,0.914931154136842,0.916711944969778,0.915627314938475,0.916494015329973,0.918044075653269,0.912780193461614,0.887977762358895,0.830623242885462,0.73345726279089,0.606169118961308,0.471137243098391,0.349922055112177,0.252752873896865,0.180122659121773,0.127785858778258,0.090705249702153,0.0644907023169997,0.0458627973815094,0.0326825811749562
0.0938558019195373,0.145518507034302,0.232030679172909,0.380135421497469,0.617250865571117,0.877826264378435,0.903248467852801,0.67151057757561,0.44074917224278,0.290331253850133,0.19856907517535,0.141125344619981,0.103497960866778,0.0777840628011343,0.0596402466192242,0.0467059150770733,0.037973919994502,0.0342685420549819,0.0446339323746397,0.222084464251051,0.1457925988661,0.122156675146148,0.000391632159158751,0.00667561452544909,0.0245979015133397,0.0599754151695438,0.124930580940901,0.235223220348149,0.399587317948671,0.595963758935868,0.765756625034784,0.864861813207224,0.902361159804829,0.910365456454104,0.90983576721246,0.902745362713878,0.871301773135918,0.782651926824725,0.618007395159607,0.416892964181938,0.246830313792203,0.135231580077063,0.0712990752866851,0.0367380233765441,0.0184887349029222,0.00898257219525994,0.00414068104671053,0.00176685161579325,0.000682907946624884,0.000287820412751193,0.000136937544773421,0.000153993016797758,0.000415866625386547,0.00148361239488975,0.00534463159282639,0.0169940449422453,0.0659049068186003,0.278193316898208,0.704060913846235,0.45152257017913,0.297559091520259
0.0105423905219588,0.0144871739774201,0.0200274446289164,0.0281027189645564,0.0404843336941999,0.0608055444270013,0.0973868698332875,0.171828717314322,0.345180394884436,0.721096329035463,0.761280896426446,0.325718461165746,0.14026500809101,0.0695029552196389,0.0374728083901426,0.0208446251902929,0.0113972812009275,0.00576530609248644,0.00241123363751556,0.000605717005038322,2.19762634419042e-05,0.000569549945071666,0.00232948614724247,0.00553686652832444,0.0105978104095304,0.0181340041649019,0.0290898533280194,0.0449765868112655,0.0689000651448384,0.0899283703945987,0.13448657279027,0.192060109503947,0.269268239475197,0.369692229591084,0.492573537874267,0.626487464721278,0.735290377069776,0.604764274854611,0.655072980771401,0.219736161156706,0.274306840893516,0.759019149581986,0.885532080603698,0.911345179975035,0.911436855081431,0.908909830609279,0.908676285681646,0.912644761080937,0.918550502437631,0.921348831892631,0.913365999208293,0.885345098533223,0.829600878043546,0.744808968780313,0.638640115204422,0.524917552733541,0.417114594476388,0.323960333528948,0.24812874123658,0.188618353613832,0.142584284092519
0.00228466764089023,0.00300816051115678,0.00394585429892251,0.00518654833994569,0.00687668645307201,0.00927290950893827,0.0128607745299132,0.0186544438702472,0.0290902165380293,0.051255203599208,0.11275969828618,0.364739947547644,0.59738971658937,0.106193321429545,0.0310801340534429,0.0116756234126603,0.00456428079108641,0.00155477929029846,0.000312339664591422,1.19822969675471e-05,0.000336449195152185,0.00118077237866055,0.00255179575834751,0.00453495301435175,0.00728953861904846,0.0110669088413255,0.0162385669052308,0.0233527801616802,0.0332312706556815,0.0470974275486351,0.0667982851839408,0.0950195284835887,0.135337146431239,0.19089199469582,0.257464402161489,0.29704980842272,0.172031521950438,0.0385236956965329,0.229750426135418,0.248650998548905,0.206913932151481,0.161469514068632,0.124074413955557,0.0946344169681971,0.0713241749391727,0.0522137383041752,0.038180088996166,0.0256866218003486,0.0143712832556265,0.00572478152451272,0.000791363265899879,0.00279647388239981,0.0191037488432814,0.0653095538511863,0.17133426779203,0.378943069321427,0.651294874464255,0.828915340593368,0.840994885980109,0.778299030808446,0.711252241009875
0.0367137822657464,0.0527321770752146,0.0769730105033158,0.115459045614587,0.180150887166865,0.295231992758992,0.501972561799641,0.798099363214092,0.894789926342604,0.617913561275569,0.352796338796492,0.203805587880075,0.123279342425344,0.0770443850591364,0.0486214214373407,0.030147792187066,0.017680098529536,0.00917710217107295,0.00361641484211049,0.00060945150056906,0.000259497315081098,0.00316186537771485,0.0105200483294993,0.0243276296898915,0.047346272996636,0.0823836156443626,0.116323774749769,0.370346786789276,0.508338065486596,0.103358620401011,0.583481065554167,0.766658148034345,0.863628041864095,0.901426926261824,0.915991610210478,0.916019478530322,0.914071692870881,0.909554738049087,0.890206021790874,0.830734069618577,0.705251316843493,0.522370199253559,0.336338900186439,0.195252037473656,0.106793585083182,0.0565597491821555,0.0293344782940154,0.0149262171848362,0.0074782868004971,0.00375115896497505,0.00200529590105836,0.00130186630921617,0.00126608301350397,0.00201924460179601,0.00458843428176114,0.0128139541768335,0.0407706503341307,0.150437110287598,0.563675238624137,0.577544182782255,0.314345072090263
0.00654592079005608,0.00899930113832649,0.0124369042771381,0.0174245721884688,0.0250146329670705,0.0373380628803384,0.0592142536731477,0.103238105223952,0.208182814154933,0.495020159326168,0.82122014274164,0.366238850830444,0.138259490246876,0.0633829374843634,0.0324544096432002,0.017214362336875,0.00881453819064431,0.00393279340203981,0.0011926843935817,6.95174503293586e-05,0.000539931330168355,0.00303749315406533,0.00863327671155436,0.0195675186911947,0.0405107478099185,0.0815851297203096,0.165041558433432,0.331949760583512,0.575515377856464,0.485803085881879,0.0666983856661658,0.0743016419508321,0.032512881725474,0.00453010550832608,0.00588045468749826,0.0550831697609965,0.185200636639506,0.412559397854759,0.665518369975991,0.827790633581948,0.887228547093253,0.899009896368722,0.901044627280369,0.904153360722278,0.901026237387186,0.872202422882308,0.795366180601666,0.665941883612083,0.509955186777301,0.365029476620753,0.251756583395404,0.171374155481793,0.116888441817994,0.0803785269941569,0.0558535242218493,0.0391794909992647,0.0276761681997344,0.0196338089242131,0.0139633743531688,0.00997624008160084,0.0070081380815283
0.00189639944644037,0.00249795288507084,0.00327799487280877,0.00431059080240179,0.00571783177151717,0.00771367679190458,0.0107029805521161,0.0155319556356724,0.0242358719268957,0.042767382109131,0.0946440678185825,0.319375687216165,0.614293832925189,0.0934822701635526,0.0269217806422811,0.0101236300072476,0.00400177914252723,0.00140390625992894,0.000310902675686215,8.94286065261476e-06,0.000218464079390445,0.000837767905220856,0.00185434669198077,0.00331271887047031,0.00530534935675747,0.00797577416260117,0.0115297393734081,0.0162624172691618,0.0225894842825868,0.0311071865328892,0.0426945069934991,0.0586493579085181,0.0809513656811963,0.112608740462684,0.158189378848644,0.224122576641932,0.31696367457547,0.43031780233705,0.466020501423824,0.112311946575422,0.501317545150079,0.314988263032634,0.136845483360606,0.0262800627327469,0.00847380006003185,0.115154414229468,0.364813136795336,0.660420206398963,0.842325654902968,0.892367058755511,0.879662741063496,0.853838495664728,0.834031972887753,0.826662762113264,0.832314369963814,0.848415672294173,0.871628957441833,0.895804294535647,0.911457533178393,0.906224501761432,0.868315091836765
0.0586977404151231,0.0885967447892806,0.137458812534021,0.221630549165906,0.371950377344442,0.623951673611991,0.890519683248854,0.846041863577509,0.566826076181436,0.349028705542905,0.222160083340333,0.148747434387992,0.104012830528838,0.0751633336146141,0.0556573183829471,0.0420219306107975,0.0324076599454357,0.0260195148745716,0.0233454733977048,0.0295425447103519,0.0998357542321675,0.507496273516043,0.435153179679914,0.229769410302979,0.0142737359807946,0.000393566090216387,0.00719164320265155,0.0261018524851617,0.0623451616516054,0.123906415752102,0.222032522149674,0.363898749099381,0.538851400656366,0.70889626587525,0.83008787841853,0.889558389659712,0.906651429160169,0.906449737288743,0.904536240336574,0.904149490421611,0.896030806044312,0.855590824648066,0.751578085170716,0.578798307891573,0.386232804443157,0.23114583267976,0.130179100070816,0.0712306860835457,0.0383091419116023,0.0205511821579476,0.0107880977834052,0.00562993408720185,0.00300889721356193,0.00180400150639329,0.00146527625444271,0.00194818767233142,0.00439574304376974,0.0142249427841987,0.0604125227386319,0.352061939206649,0.49066578550059
0.0513073885868345,0.0760522901387932,0.115439821897096,0.18154927937795,0.298302543859886,0.504641579208358,0.795587262376597,0.909577550380956,0.667649536213266,0.404956699754156,0.2466777095096,0.157787545876165,0.105478674269958,0.0727633522703094,0.0511155019778214,0.0361180683314426,0.0253689583521759,0.0175309486365827,0.0118972644150417,0.00825692932172059,0.0073278910726398,0.0176832932529718,0.260848233253821,0.410769155537686,0.670736487024598,0.158835372866189,0.0105488957035361,0.00281056348307008,0.022964682357556,0.0657217300649618,0.136224967842357,0.242744568739752,0.387884157487061,0.557537038860226,0.717415128734352,0.832175423909428,0.891558498898708,0.910496730548437,0.910070058718348,0.905972358772632,0.905192697373214,0.906628421900369,0.899500167986365,0.86035347609937,0.760690683159031,0.595005042517574,0.406210641088365,0.248745878856958,0.142577531229147,0.0786169035126481,0.0427169775494235,0.0227738274764072,0.0119971943577684,0.00636515734842745,0.00362837500526174,0.00261255212210304,0.00305344080677773,0.0066008551968804,0.0233433779156278,0.127230259726833,0.645906056430314
0.016441834469167,0.0225954430672755,0.0312459229309533,0.0438628975584189,0.063190015591007,0.0947904721103861,0.150986325850814,0.261320950585766,0.491235607801737,0.837417321884513,0.723312735265542,0.342939192023387,0.159945472529592,0.0812770545449962,0.0433984007101819,0.0232037337718508,0.0117113778733851,0.00505712742007822,0.00145329517180174,7.48228433912543e-05,0.000613568744475607,0.00309747232661684,0.0078311889900989,0.0154048788852107,0.0267471846140178,0.0432398995749084,0.0668142999580952,0.100070233082538,0.146011852823028,0.206621718427493,0.275994361900865,0.303570530054748,0.0428138219603086,0.813585549148287,0.778086550255853,0.523414161369511,0.157651137694758,0.0167441128940521,0.292480300790715,0.643792412347863,0.832954609885267,0.893624658859255,0.898495154397594,0.886265099184638,0.873923868545618,0.868397950309961,0.871649777276336,0.882582224040664,0.896381185795009,0.901721469893056,0.8792786323323,0.804602676534714,0.66800499235805,0.49504596780407,0.330264959634519,0.204520433542596,0.12096180722409,0.0695262206337048,0.0399663918472372,0.0238017337898736,0.0171421893362069
0.0411765422860714,0.0593198668613154,0.0869600827227086,0.131247501176935,0.206520700700092,0.341297248744788,0.5773159778981,0.863225436983183,0.843185841639323,0.534297773503322,0.302137409155815,0.176501400678834,0.108078945985059,0.0683135223490872,0.04364387367452,0.0275240864932077,0.0166109438666139,0.00912579971883709,0.00412050446218719,0.00113629525519512,4.23255816349033e-05,0.000950842552330273,0.00412120813504947,0.00960112078421381,0.0155093131770333,0.0102611371754944,0.277861773407851,0.515501686260169,0.735209052389583,0.306398505057038,0.00550430142784852,0.0741671347388204,0.216086550689012,0.386099429532675,0.559316158038596,0.716165801040739,0.828533412030496,0.892609089645726,0.918311538348153,0.921174916531196,0.91471422994162,0.907746143692318,0.905023077092625,0.907624261893672,0.912516886952176,0.910884740489934,0.885402987757342,0.813462974219379,0.681536883457229,0.508796845512631,0.340029565246131,0.208510865949795,0.123021803554596,0.0691054440298411,0.037981057404314,0.02073494173793,0.0117632491609906,0.00793640387382558,0.00860227678513069,0.0213264335539708,0.135857479105584
0.0257717162152737,0.0373564943900048,0.0551607198721938,0.0840289557120469,0.134147721888203,0.228306562192668,0.415243752231224,0.737142211428253,0.893428680933905,0.586190312252404,0.316038287183724,0.179098395848528,0.108975143552072,0.0696283287308656,0.0455241797691035,0.0296480629492469,0.0185782516283966,0.0105702282142174,0.00479231063071042,0.00109458965753087,0.000211391588512441,0.00489310788414734,0.0244645970794153,0.0954774667793942,0.284380620673414,0.033175977409211,0.0266692775783043,0.00332714648288734,0.00319124276855361,0.0276823039146509,0.0872243237471013,0.198936268250626,0.37203564921581,0.579551614399552,0.756295067005297,0.859317090632981,0.900650914205721,0.912115719763357,0.914556520469177,0.913125767564395,0.90038413585381,0.859266476431895,0.771864088138198,0.637283998865494,0.481468542314918,0.338898452785738,0.228713675013172,0.151451348166815,0.099879699379629,0.066117043095435,0.0439306877477208,0.0292831252630982,0.0195160838581871,0.0129499720318868,0.00849947937853921,0.00550407376524322,0.00345115144685283,0.00207286429493937,0.00116346676805868,0.000593605318290315,0.000256697688650119
0.00786604688848292,0.010638809293374,0.0144264150517304,0.0197695321217216,0.0276484656110992,0.0399872600495179,0.0609688516614674,0.10098460672091,0.190214261110213,0.423506553697644,0.832832632716422,0.46383465087527,0.162858234921311,0.0691450611634264,0.0332874571246767,0.0167700874229818,0.00824250711429473,0.00361032257652206,0.00116001600183192,0.00012312272803913,0.000162108039669847,0.00117157745334928,0.00319829262681837,0.00642006407571143,0.0111490786197259,0.0178679613608094,0.0272886848718118,0.040467241464644,0.0589358632249838,0.0849273465725943,0.121490076377428,0.171851311626901,0.234331389933376,0.27125373645708,0.0498180330008009,0.616477337922186,0.513471152603921,0.269818516849521,0.102304857565191,0.0187482642262319,0.00504626091534599,0.0445155884761459,0.15432784988731,0.324757084846535,0.530592862244931,0.72072947706405,0.846364388200133,0.900326884859097,0.905334597719927,0.88740358622254,0.863919267671109,0.843578625781515,0.830459412973114,0.825749816977096,0.829575310515116,0.841175722367745,0.859076698804512,0.880511810408041,0.901331783531353,0.915147865671646,0.913526085473206
0.0272683632760839,0.0395522800455822,0.0584117073808399,0.0888680129195718,0.141253615031257,0.237852301302545,0.423490915391063,0.730420420461021,0.897345659656207,0.632121884144852,0.357515755637893,0.207538503883518,0.128168243885728,0.0828108823339383,0.0546761393176329,0.0359119162210759,0.0226472435190027,0.012908233379434,0.00578212816928087,0.00122988540567675,0.00041481493020583,0.00714399698645996,0.0320770077832114,0.0843326094556402,0.224225019983238,0.176350299712091,0.0155184875861194,0.0158069875091527,0.137981044667149,0.400799423436673,0.68901648619517,0.839874207431429,0.881216370299215,0.88877361392891,0.884386644836864,0.845533070120147,0.731595524948827,0.542125402063972,0.34567401003177,0.201425965191572,0.113629981541246,0.0639873135472949,0.0363520453369516,0.0208579689590215,0.0120626949434703,0.00701109325849696,0.0040968714264822,0.00241948205535849,0.00145447357883413,0.000928142613274996,0.000661193805404335,0.000564738864646203,0.000613996828161313,0.000854072732163131,0.00144550727643138,0.00280751940130429,0.00604881611786921,0.01409618027846,0.0367683433468841,0.113810441180236,0.428183761837367
0.0152162446691083,0.0208909550038486,0.0288519738492556,0.0404458307825837,0.0582011690874136,0.0872714072351633,0.139239172237093,0.242584290103443,0.464656997935142,0.82263699505302,0.718277280585308,0.331066573338515,0.152024409791916,0.0769916910368394,0.0413109386570813,0.0223858904030812,0.0116023352126163,0.00529562519109142,0.00175942115640105,0.000191874447596498,0.000259802559646402,0.00192018205437146,0.00535050697054707,0.0109364973360268,0.0192969589489429,0.0313324681889572,0.0483187885077563,0.0719587976470958,0.104424064164396,0.147902074093751,0.202280365971586,0.250851508411347,0.134552782935847,0.760391332541968,0.840997830353766,0.611854930671978,0.0712649591032372,0.110030399953954,0.438294623401145,0.694231872076996,0.839326626086046,0.903507391805824,0.920670248620407,0.915576759881283,0.9030817982697,0.891369779671578,0.884805900455466,0.884963802383646,0.891770414615424,0.903438290361486,0.915952635444713,0.922406144076606,0.912044334988707,0.872936035354023,0.795941376327615,0.683314684123821,0.550506925540958,0.41877503723243,0.304237014474101,0.213608995743478,0.146072353934488
0.00121881912534806,0.00159926383349026,0.00208837863499966,0.00272874152208163,0.00358916399343201,0.00478709473044632,0.00653772755230886,0.00927300973878234,0.0139728799531257,0.0232968631356821,0.0466569985455214,0.135559283558189,0.664360431190667,0.127963190052046,0.027292225602495,0.00909343289361751,0.00333110130147118,0.00108074736352321,0.000202265331917137,1.05166871623997e-05,0.000259531270895886,0.000874688650384854,0.0018690854339172,0.00331926376357556,0.00536708412446136,0.00823924283723158,0.0122942171809296,0.0180977086516525,0.0265705372126588,0.039276328905353,0.0589695772728979,0.0906562765679178,0.143630892823653,0.233602498472684,0.373728935299076,0.489894215647322,0.120252654926244,0.11904876358131,0.120405095015614,0.0752732960882287,0.0445757263878767,0.0225934274014565,0.00840153153535088,0.00191856483014622,0.001432414457913,0.0140950835413698,0.0440499810900254,0.116167844517427,0.257334782898316,0.476760423659183,0.713290189304403,0.853190339826447,0.880251787520883,0.85500760060043,0.825229488039235,0.808627203976676,0.809025159184798,0.824805980496231,0.851534593457017,0.88102422345497,0.899812040283801
0.0151719345881462,0.0212697277658083,0.0301269819346669,0.0435599788479191,0.0651410349612322,0.102566644260692,0.174116316950562,0.325647992728208,0.638920475346385,0.875832075032082,0.519818932099678,0.241935700317931,0.123228844971448,0.0684542149085299,0.039776193757403,0.0231888327320046,0.0129259006476937,0.00637771417543633,0.00233051782412379,0.000304896435981979,0.000324282112242823,0.00290362497714822,0.0092301246060486,0.0215829078532557,0.0441729005361644,0.0842701243384012,0.149571883572114,0.188620853378305,0.402234122393622,0.51068379938012,0.161428308227144,0.00834363417864425,0.051435344314424,0.24560691977794,0.518737371134256,0.744371238758682,0.860597718735153,0.89890253819625,0.905483820199088,0.905870877857168,0.907680669496645,0.905736549332554,0.884051226196523,0.819888155118553,0.69906805075929,0.538564936757144,0.378901205298167,0.251079421412311,0.161390187059068,0.102640235634347,0.0652047223008288,0.041454184240649,0.0263123343968733,0.016922172311074,0.0106573899606422,0.00665247025861424,0.0041039193632919,0.00257333749619803,0.0016172276270557,0.00111233578242307,0.000961477997489646
0.0114513528395352,0.0158111505328638,0.0219751953750468,0.0310131449828901,0.0449267974587566,0.0677982218461157,0.108809871479426,0.191097118422166,0.3754422716447,0.739097008478833,0.764199195728932,0.350147714332824,0.15554115403247,0.0774636282965342,0.0411821848123234,0.0220811250486891,0.0111803776400835,0.0047893884461105,0.00129230621927299,4.4028242463133e-05,0.00097003339538889,0.00445109653450971,0.0113713919841457,0.0232757257525857,0.0426921181617103,0.0732125943074092,0.121093277072848,0.193327434124914,0.297182144509568,0.43412112583023,0.590928395969413,0.737168479820093,0.838964628620237,0.894863908709469,0.901357352806837,0.90440639047922,0.912058859537531,0.91123110646964,0.898697963231214,0.896187057382022,0.85488206490284,0.759705985230782,0.613346644925242,0.447905797608721,0.302333353977929,0.194789934623544,0.122882204562418,0.077037555922649,0.0482724855924704,0.030270933518203,0.01884506281305,0.0117369785646436,0.00723760144908563,0.00439935267086758,0.00268151623497517,0.00161116925508561,0.000984300114197057,0.000656028632314122,0.000540846362001851,0.000646694330258891,0.0012070647548785
0.00920005518054388,0.0125578951898311,0.0172103481262189,0.0238759145113134,0.0338717307246722,0.0498086819848878,0.0774273946360001,0.13096664755675,0.250572182294069,0.540935986451191,0.863110833761862,0.450259172772132,0.180161894570149,0.0839310642591935,0.0435476415869274,0.0236816254342601,0.012798114268962,0.00646525683516522,0.00274243669171665,0.000731329571778441,2.79846520727764e-05,0.000504937012327739,0.00222521035372252,0.00541514004605714,0.0104744758961546,0.0180102762420563,0.0289097623348059,0.044421193778171,0.0662852535583189,0.0959128349557216,0.138683204148599,0.19612937063974,0.272584814812135,0.370496805510863,0.488075562355536,0.614444729929904,0.711312226963209,0.505992421368051,0.820475198860516,0.133537689896659,0.784169519227756,0.901459948760501,0.919536223819431,0.91842652710119,0.915701989873462,0.915427717429991,0.920145169418212,0.924596545346452,0.923413357728287,0.907861429769511,0.86830382976037,0.798617076866221,0.697235273966781,0.584062072222222,0.46911327652288,0.365074883598188,0.278565888746455,0.210336701281969,0.158313113251794,0.118437332272886,0.0880922345442602
0.0831721004903284,0.128780143786325,0.205452940952171,0.338590310148922,0.5610824231482,0.837451622687504,0.916477477558745,0.700496355946916,0.459175073259037,0.300439757152699,0.204795160263296,0.145705224662151,0.107556827982157,0.0819090480294652,0.0642563130756612,0.0523116885529397,0.0455244512798041,0.0466041082372053,0.076785704474993,0.436320423175171,0.165507278599168,0.485827220617611,0.0058761110414753,0.00187022192033473,0.0142501885771981,0.0421441502988535,0.0972353443547246,0.198824539154774,0.365162037414248,0.580432216918086,0.767879675835213,0.863369876459202,0.887464417186651,0.887114759187412,0.882225179359298,0.854278832850622,0.748850944610875,0.537358876446012,0.307011089172158,0.151726820954602,0.0709082366599094,0.0326594984402944,0.0150115319573272,0.00692591960720554,0.00326913467218477,0.00167863903449461,0.00106444657663628,0.00098041135260004,0.00137628216835524,0.0025988083641574,0.00567666802806712,0.0132623428187386,0.0324822949197554,0.0844382456029674,0.234213848332716,0.596028702827649,0.732013791521215,0.498118543840537,0.347066806281945,0.271393852955489,0.231637590953772
0.00197709062335317,0.00258508438492314,0.00336203128479684,0.0043726724934445,0.00572121193523117,0.00758506944095687,0.0102881741629395,0.014477247897352,0.0216152451128984,0.0356259139851841,0.0701537543136042,0.194898570442032,0.689163465769228,0.160990335381049,0.035403912074319,0.0113415877844664,0.00382147333959781,0.00103300387334083,9.99167701224451e-05,9.89571000037587e-05,0.000696713615701622,0.00178536379113748,0.00336485243810996,0.00550197158739774,0.00831866711072919,0.0119933095341865,0.0167765285403103,0.023006908079149,0.0311464777797405,0.0418243179074658,0.0559148581671006,0.0746207144541475,0.0996030260388534,0.133159638937362,0.178324760014917,0.238888404081965,0.318696496418086,0.419388579512288,0.533784417755153,0.624331782418642,0.409643564053412,0.7931223031773,0.77793090408293,0.651991690297286,0.411861751660951,0.0863106010827442,0.234452461767487,0.789768407903059,0.868140242970663,0.848098545752145,0.825609477494257,0.801300835016659,0.812353401060341,0.828273174097585,0.850992746087365,0.874649206540721,0.900390038519629,0.912140521280697,0.895186563199222,0.841518312106934,0.751354682374071
0.0070963474815674,0.00981099434326385,0.0136575115251996,0.019318114927983,0.0280856565127984,0.0426493675396601,0.0692712461740736,0.124851928594491,0.262428017736399,0.62240958569061,0.780719083983154,0.313409112168497,0.130340992870245,0.0651256476222136,0.0362482305145739,0.0212087913612682,0.0124549940838441,0.00697427664394923,0.00341252686014952,0.00117429600325133,9.98184780077527e-05,0.000446999696676586,0.00316187691507572,0.0107348905021782,0.0290752083003895,0.0611673888867144,0.00754131392472364,0.0830942782419303,0.0554142403519379,0.0315935589534721,0.0178892842196459,0.00968656764718236,0.00455086672138758,0.00150476181985569,0.000142253874244306,0.00049211298006743,0.00295093780329341,0.00841446370195575,0.0190303843706429,0.0294208516475967,0.0558220731074172,0.0963142470189687,0.159579070132684,0.257510505115215,0.395760677087435,0.56626634685023,0.732620016645016,0.847375622464011,0.893476834847205,0.887662904248889,0.875077935646408,0.858250233427159,0.850924018535281,0.85570268263865,0.870662472959025,0.890157115218352,0.903539881221632,0.89475000621458,0.846435567347044,0.75089741489171,0.619844731456378
0.0102129590392131,0.0139745738294644,0.0192125722677709,0.0267572175904532,0.0381345148221725,0.0563784197375935,0.0881742004206615,0.150112608948331,0.287822274326298,0.603547988067939,0.845095440673194,0.419729538313376,0.17189280778098,0.080226156695523,0.0407413859361843,0.0210949669769925,0.0103778069037155,0.00433426940586449,0.00114177787098553,3.83783924818754e-05,0.000831823055706959,0.0037410799049871,0.00940177800936004,0.0190115549316558,0.0346089820701317,0.0595977819427701,0.0994012989717468,0.161658523572523,0.251089596529843,0.33109748497105,0.0909665144379224,0.562195741251667,0.475017110050772,0.258251334700616,0.0858690739046858,0.00817756036929657,0.0515401971178526,0.280422530226654,0.600941326731763,0.807079525890272,0.873554040686431,0.880100602399051,0.876091785106623,0.878264768282415,0.885907998124731,0.885215315014436,0.848487578465945,0.744337196455642,0.574608982720464,0.389848950900188,0.242378063006289,0.143387355078591,0.0831972345337899,0.0478960584716024,0.0274498013098355,0.0156885544414792,0.00900107960702155,0.00539603480051614,0.00356560530512944,0.00308427343100019,0.00438492100162278
0.0513877905892235,0.0771710220927129,0.119069645148363,0.19109707876268,0.32118256196142,0.551457714276338,0.845485694215544,0.878892440676788,0.603178244299181,0.365518394139439,0.228224520406422,0.150683598923802,0.104448223512741,0.0751614055442927,0.0556631477585855,0.0422339251457879,0.0329318731873835,0.0269514075950376,0.0248611626670644,0.0320742489097984,0.100112246170145,0.584318071378426,0.435348710330923,0.489722240856057,0.0456641210392846,0.00476876054475915,0.000556872697086101,0.00802379449756098,0.0263992307160582,0.0601699175528863,0.117642555506884,0.209271294017851,0.34314272616747,0.512622038911981,0.684754274711668,0.814628579886088,0.882483443843637,0.903461496537301,0.903493034203582,0.900316150903989,0.9005627323251,0.898703925717004,0.874534159678049,0.795976213738321,0.643261771286165,0.449466347447105,0.277772401936351,0.159516328884359,0.0881986535802669,0.0484399218796433,0.0261561686332983,0.014012408972068,0.00749635331456684,0.0041230965431755,0.00253327751523532,0.00198221627339937,0.00261705367368577,0.00588199970574661,0.0199073606662626,0.0983039610054869,0.594688461373838
0.0271148301246733,0.0396664175206553,0.0592379925369378,0.0915117986093034,0.148606626865249,0.257651726592061,0.472974059461425,0.80386300252979,0.85529463817444,0.528132067727277,0.290856098017934,0.170385426235288,0.106801944882528,0.0700839469904571,0.0470055094802864,0.0314269745765499,0.0202767929576078,0.0119568619163743,0.00570630559780703,0.00145511318327326,0.000187513827103052,0.00570467960505903,0.0317152219027726,0.0990880551253935,0.174507413238853,0.0399872765219823,0.00234194994810973,0.00839090473925145,0.0543438578603071,0.162793213545857,0.354302152939451,0.59320516075716,0.780083876001092,0.869178700133332,0.896817507002688,0.902535860557184,0.898319910646244,0.872209680558144,0.799137485728607,0.664036091656527,0.491327858489528,0.330261552713548,0.209756714989351,0.130313475143887,0.080788181161347,0.0503625270050672,0.0316339376458856,0.0199755186105577,0.0126464566667383,0.00798540946276701,0.00500510412551163,0.0030990779701219,0.00189288167025755,0.00113307281798995,0.000670755201998396,0.000402870485215307,0.000256795472980971,0.000205123936213302,0.000237860609786218,0.000426996773769151,0.0010818265280183
0.0290093282127323,0.0424325933706162,0.0634200146439005,0.0981879917977665,0.160057007512411,0.278715482828454,0.510187338324148,0.835454099088331,0.823706890620279,0.495584369403386,0.276845566330201,0.165919816606399,0.106933755157601,0.07280591392509,0.0515115997451287,0.0374079453293306,0.0276431504253055,0.0207103433184088,0.0158541087769954,0.0129445753169991,0.0131861105715117,0.0267440568792644,0.213907117211491,0.687336911824718,0.312517892245523,0.0518599413285082,0.013344716743609,0.00299190287553668,0.000146657331153304,0.00138411599571702,0.0063987567317856,0.0161595389501711,0.0326048834202556,0.0592502459408358,0.0992988037128166,0.16100228655706,0.250314976659432,0.37156354553042,0.519291344396909,0.671852736534576,0.797264660896055,0.874710755965872,0.906893800013411,0.911528394403473,0.906344481756837,0.902173813318398,0.9036278521815,0.908962872140259,0.910257297795961,0.891226229434445,0.833155203267126,0.722681236765083,0.571755763624623,0.414576802538286,0.281351487625296,0.183039361602322,0.115851214092948,0.0718615924848943,0.0435135555316298,0.025476417936264,0.0141269559673994
0.0174604431525771,0.025061958694156,0.0365532322577456,0.054837399349417,0.0859472158202073,0.143638696050711,0.261539425697622,0.512081242557287,0.862494275797354,0.730644520435641,0.38332025331386,0.204945705512274,0.121309505227986,0.0778026877562257,0.0526480207776909,0.0368163423830164,0.0261436754654996,0.0185282667419001,0.0128372081714789,0.00845990277728434,0.0051599847018877,0.00334779290276743,0.0118173022948993,0.179277763491735,0.0557020416465579,0.0161646743161889,0.00631107629454779,0.00205548742939648,0.000247792932051188,0.000316881429358996,0.00250256072632749,0.0076156845067198,0.0169245666530413,0.0331516200301215,0.0599698068231066,0.103318358205115,0.171576832797276,0.274188747768857,0.415498749566527,0.582535603437561,0.738751406428874,0.845804273500283,0.895529244642053,0.907966483630987,0.90679900024557,0.905752943305861,0.908323472182599,0.907789923254682,0.887720361122492,0.825299790952339,0.709565984815435,0.554681844848037,0.399052993065664,0.271504100449072,0.179408445163149,0.117234316867375,0.0763175045525213,0.0494640226330343,0.0319784665183589,0.0204255148709444,0.0127467908463386
0.00724578995015631,0.00984700161097376,0.0134213142410578,0.0184911266267212,0.0259992464411003,0.0377925964975747,0.0578602031561072,0.0960280229283368,0.180525516741158,0.40030852582821,0.823260015410858,0.508803344242833,0.181283062720804,0.0775054195366395,0.0377331212692955,0.0192881344068398,0.00963480234195857,0.00428404222312135,0.00138201618927511,0.000135023918575159,0.000255476328333716,0.00176945264108874,0.00496823960575062,0.0104501886165938,0.019258346198884,0.0331217486308848,0.0549111613849316,0.089252884872473,0.142896391139959,0.22067992276355,0.288405806825646,0.0643286221405763,0.521674978726737,0.392907507975795,0.210906528723069,0.0762948067547103,0.00979075325787032,0.0121873534573545,0.0992879796917777,0.290288482846118,0.547336424421764,0.762585680334816,0.870737016776786,0.898925671898205,0.894830973251477,0.886617392299014,0.88542930096672,0.892708208298707,0.90362445535963,0.90608747063154,0.878011700455082,0.820601413452485,0.707766758693252,0.563545369423697,0.419499747718772,0.298199518395057,0.20643135323924,0.140809778665407,0.0949406835278602,0.0671989364213608,0.045272203653221
0.0128307402390568,0.0180511545808895,0.0256889566275527,0.0373858079128302,0.0564341976240494,0.0901151782511231,0.15648059351554,0.304337885370049,0.633050366433051,0.864823533030319,0.466147905032934,0.210323001158971,0.107576348690899,0.060790959506556,0.03627968970815,0.0219831817552383,0.0129898791087222,0.00705523297137614,0.00312328470527058,0.000766782799876422,5.66715568395913e-05,0.00173057878063166,0.00798593794876729,0.0252819989947708,0.0754545055240756,0.240789024790045,0.581458261735835,0.160514673503772,0.00604455313034605,0.00500318026434566,0.000387154108962523,0.00103769590777656,0.00726084546864194,0.0213577573168818,0.0471374689118293,0.0906010852890803,0.160054379027194,0.264462274173825,0.407095541235436,0.57422659410574,0.730650661581542,0.840452195342004,0.894566244926219,0.91014850103527,0.908830283786927,0.905523913763051,0.90622589851911,0.910001330813193,0.909317829835986,0.89359745310881,0.845100871411988,0.754234663550147,0.628355618198164,0.490494844856733,0.364423807869403,0.262881791109188,0.186964723231477,0.13236442031255,0.0937465327967083,0.0663637962170108,0.0469195098790165
0.0294977837931435,0.0433922978436662,0.0653304351029186,0.102116727086022,0.168534653894078,0.29773715382627,0.548953761151159,0.866880937235922,0.782908843668837,0.455523574179456,0.256313500790678,0.155767629172631,0.101778426317019,0.0702449476658215,0.0504619569132152,0.0373831040466555,0.0284844726216875,0.022540651643814,0.0192870472798655,0.0201818747673256,0.0356339759235558,0.176463928595551,0.686238431832045,0.699744600062451,0.215285839131352,0.0537009798760365,0.0198607305309181,0.00639497496982648,0.0011197989300063,0.000244834759937088,0.00326536559239535,0.0110945002956237,0.0258668724400163,0.0512708188394833,0.0932822141222924,0.151117537811528,0.25326814536263,0.391387570937528,0.558197762984736,0.720440572710887,0.83706762791649,0.892894236825385,0.904651748775883,0.897748250156475,0.890218139048331,0.890044518375671,0.897336541619809,0.903996682082167,0.890694264721817,0.834216439374599,0.712445167709228,0.543613390152729,0.373862560931964,0.242177492442504,0.149795918377486,0.0908108675487729,0.0542179808163255,0.0318318778144701,0.0182543642783218,0.0101597989858422,0.00551099312456786
0.00515174351871022,0.00695486056006439,0.00939961780187977,0.0128098511808601,0.0177553255815546,0.0253182482608323,0.037753203947575,0.0603955406971845,0.108081527970655,0.231013904260425,0.591159271414018,0.694141017066308,0.214478075407599,0.0783851913266389,0.0345889255359151,0.0163546399615229,0.00751313702226799,0.0029405261900891,0.000702540944609138,2.19355991061816e-05,0.000650075949142384,0.00265329193970539,0.00636319508742765,0.0124175301003184,0.0218925060595117,0.0365221001603919,0.0591079832831283,0.0940882819860951,0.148295545985729,0.230969240608463,0.34919146638787,0.483221391659323,0.44868169582843,0.485557583904307,0.528454678556174,0.306832326775353,0.0726399318655239,0.0302398942501586,0.335344960200809,0.725849953434468,0.865877246284867,0.889445076355306,0.889046411282598,0.89168082441969,0.89906689930479,0.900433048023325,0.874992825996183,0.799807801375312,0.668994337557663,0.506482237276523,0.363524993542652,0.247221889148394,0.165276876947644,0.110217871117847,0.0737938034325355,0.0495894805774679,0.0334469515909363,0.0230508164140286,0.0155258497711405,0.0104255403876159,0.00692265023458398
0.0100038185982066,0.0135729751559676,0.018467771939485,0.0253987553118071,0.0356531300936569,0.0517463773492998,0.0791152661387602,0.130963574054687,0.243706110078393,0.513362153968653,0.861990764506628,0.480869475415803,0.185175013864971,0.0818061444268101,0.0399005187081466,0.0200111060139458,0.00958969981802131,0.00392762298784146,0.00103795931747731,3.89845161036539e-05,0.000584020581879597,0.00263462946187806,0.00637449663893326,0.0121921953923769,0.0206992962983601,0.0327898228374428,0.0497009066779203,0.0731018503214537,0.105203402411374,0.148743113861694,0.206935292436922,0.277934144358239,0.37128281558237,0.475862840582022,0.525759287334023,0.742157312983706,0.843764239004959,0.817734291638973,0.759379696865952,0.905829167091432,0.920095603901485,0.913490610719619,0.903015543728589,0.895438658595654,0.893468220561938,0.898914043728094,0.908046056349461,0.91640469197656,0.914290639358923,0.888255546205152,0.824200973821061,0.717783591842572,0.581649170858317,0.44237910026135,0.3191096178108,0.222647214603728,0.152130948163907,0.102528384564996,0.0690245646474786,0.0456586279163326,0.029910353955304
0.01717418869348,0.0239056858950253,0.033582158304196,0.0480859614128673,0.0710661958332802,0.110229334946093,0.183335378474198,0.333096617385083,0.631330322720762,0.881555465534043,0.568770849662215,0.272967639935884,0.14034171307177,0.0788045260266138,0.0467644882781437,0.0283850306497296,0.0170751082296685,0.00979223131213722,0.00503605557605024,0.00203027642178824,0.000409604081362822,6.03039709876389e-05,0.0010635806495126,0.00367822682254755,0.00833149373709244,0.0154972819558493,0.0249815041323857,0.0322815237376128,0.0152605926083995,0.283353801632233,0.771562280385041,0.631990439145575,0.287786279910346,0.0949551548916764,0.0204953748785036,0.0009502826911961,0.0129988185940341,0.0489421318617197,0.11628512734972,0.205312099962849,0.344610169758862,0.506921703522587,0.669476512605185,0.800294361618207,0.880191486333451,0.912105911987332,0.912622322529045,0.898731030385467,0.882334144031181,0.869809481509824,0.864411097688276,0.866542090460972,0.873715213011626,0.892528426208058,0.9085391410839,0.917210198006361,0.907620632161288,0.867178071414456,0.786796947508379,0.669494390512763,0.531679550981086
0.0339501997438388,0.0497226850821933,0.0743449513720116,0.114946576533234,0.186397936664352,0.320038475957254,0.566195197293959,0.87072393106646,0.827953790926949,0.510929368011636,0.291679806633213,0.175235090094012,0.111331099309965,0.073433375255062,0.0492105693139284,0.0327153814035625,0.0208987024267725,0.0121533193190966,0.00570678680732984,0.00144737680574534,0.000144916933396363,0.00452668257049258,0.0230177440601551,0.0890998127505236,0.308888547098098,0.0604055760573716,0.0171496985149393,0.00125245804265347,0.0285861237845225,0.103599164684491,0.241701350201899,0.440347168175752,0.650134019787723,0.803153881116223,0.880333185627097,0.908177691159865,0.915685111840006,0.916620159786073,0.9109396005468,0.88774652685983,0.8297996660116,0.72506131295686,0.5824255259773,0.431624192206247,0.301357453383112,0.203499094935419,0.135499925694523,0.0901018622434079,0.0595491978416393,0.0398744311134718,0.0267162718399596,0.0178644905212141,0.0118759833005032,0.00780046763105009,0.00502290124557117,0.00312618005463281,0.00186041656716911,0.00102920713546011,0.000506521611176894,0.000203035275123708,5.28780104459702e-05
0.0071176386596235,0.00961171958048367,0.0130022079089884,0.0177520362037821,0.0246848983255712,0.0353862494385345,0.0532064521134794,0.0861780709666654,0.156750903532286,0.33630954298684,0.753406207208673,0.607003022955854,0.21006077536587,0.0855674533848834,0.0405715814602136,0.0205536903180782,0.010381634800021,0.00484094340060013,0.00181065929529785,0.000350412398499609,3.80704925303094e-05,0.000717858796129232,0.00239678045922985,0.00520807434163483,0.00939998476581624,0.0153496747590066,0.023587339551561,0.034847707211993,0.0501149518460014,0.0706938354538548,0.0982976250791837,0.135243602965439,0.183143133627257,0.246348751239813,0.326108140519157,0.4229555865596,0.533537196889561,0.648728278425421,0.750592984761075,0.812180720514673,0.891471075289838,0.74930376391109,0.872444985789374,0.918282577584309,0.915459163831212,0.906837683122441,0.900963432851819,0.90047494764435,0.905394141880884,0.913852675023307,0.922841814563417,0.92557987596322,0.914281034667212,0.880464267674843,0.818027312830732,0.730175707545716,0.624158817103515,0.513509653796026,0.410291148419391,0.321309745925363,0.248331606321999
0.00848195667664202,0.0117308051796975,0.0163295151384161,0.0230826524635723,0.0335088817025982,0.050730610434428,0.0819339109650946,0.146031389501662,0.298979089291773,0.663047378522074,0.779028138817912,0.328764092966245,0.137955385987966,0.0673590822413087,0.0357087697050636,0.0192545861041151,0.00984073365192223,0.0042400020757023,0.00111204850439049,3.73083927423683e-05,0.00125487951545956,0.00577790242284719,0.0159554992503951,0.0369150864239407,0.0800078964109143,0.170327515138946,0.35023838645593,0.580146685220352,0.303623363554236,0.108580889806228,0.0924884456623836,0.0408762723649215,0.00711280851580971,0.00577383479201823,0.0680983329262907,0.243772526441585,0.525416586766361,0.764322517218522,0.867343394213745,0.891351422288382,0.895550559449624,0.898230854278839,0.890361246061867,0.846149430876225,0.74023844387819,0.579885177242581,0.410085484449963,0.27165289182712,0.175078264600678,0.112188200344509,0.0725149573296491,0.0473354728935802,0.0311952951199594,0.0206905054083359,0.013783782012276,0.00915664307233557,0.0060449098480891,0.00394196719226696,0.0025297415252786,0.0015911829174365,0.000981905241271123
0.0455448313356369,0.0673501021260282,0.101981131587119,0.160121916714497,0.263556917534488,0.451955101776748,0.744211817005858,0.914600344183457,0.693381105553807,0.415479398919079,0.248822206804654,0.157248782245965,0.104440517451554,0.0719152422813589,0.0506508899254225,0.0360666564331988,0.0257112748159918,0.0182430829152329,0.0129849203706913,0.00984757526170967,0.0101674530927738,0.0277853794304792,0.348146914686738,0.501237761273119,0.727840537524248,0.204962945448118,0.0297685811794031,0.00189965072104017,0.00396768935867813,0.0225929154158581,0.0581407084555394,0.12015041182389,0.215895478256824,0.351121499101607,0.517498324575022,0.684575216838776,0.812857321797675,0.883435989288714,0.907243773045352,0.906944683285131,0.900925668947933,0.898654666824109,0.90166967482078,0.902765908233972,0.883284210284911,0.813546458897348,0.673434106081879,0.487278532580047,0.312282520007393,0.185294606329578,0.105298791119693,0.0585300103774418,0.0321018922451953,0.0174528167378997,0.00955309457861306,0.00553157141443875,0.00382806849202701,0.00399939783285243,0.00777904847795955,0.0279780248149021,0.187974411683312
0.0785165374119234,0.120939784003753,0.191847429574774,0.314815929893758,0.52383227084091,0.803571159890252,0.927315410639146,0.734846415067823,0.484130825886785,0.314814466345178,0.212979557115264,0.150631601600444,0.110739826567881,0.0841348527188155,0.0659438795735875,0.053672055958684,0.0465732198867244,0.0467585047774175,0.0699443044651188,0.305884560662037,0.234033650698943,0.427823473228764,0.0330232843284124,0.000541928271191,0.00460905649541937,0.0203598406069714,0.0529764973453714,0.114765181941757,0.224006886103151,0.394555309258648,0.604736312736218,0.781322987871006,0.870495662395225,0.892722223636063,0.891943740780534,0.889645936834915,0.875913799378948,0.805949974907459,0.631387052809474,0.395462887075237,0.20764940724236,0.100411364027769,0.0474124883946199,0.0223147887054971,0.0105545704043187,0.00509442370626751,0.00262239016096961,0.00158992691187096,0.00130345385677346,0.00161562266984916,0.00281131860023366,0.00597964946304009,0.0141316546791692,0.0359734348529593,0.0995202196545536,0.298210845131396,0.70540328691648,0.613774704920068,0.383948269936281,0.273578621035056,0.219324243586103
0.0105704385586839,0.0147499403452527,0.0207758649613806,0.0298361808730409,0.0442576885708626,0.0690365595860237,0.1162436184439,0.218768550326521,0.464998088318929,0.848110593730401,0.590083531493744,0.25260636081183,0.121511055464912,0.0663083505035474,0.0389970140804997,0.023706818726286,0.0143496230530788,0.00827343710708258,0.00420880918103531,0.00157285144372393,0.000197434198977726,0.000319501526574846,0.00283955322162929,0.0101909818378144,0.0288413303345299,0.0710180764695856,0.0470147473595049,0.0809161755603878,0.0430476808330741,0.0237858891391211,0.00887050078185343,0.00184466965199528,0.000105673975128763,0.00223343306916673,0.00884278920088828,0.021279215307364,0.0422046546627266,0.0772216992804948,0.131280901859645,0.213059593145058,0.329891904104209,0.480647573898306,0.645206018625449,0.785840660668731,0.87238521128484,0.9051544127259,0.90493903896606,0.893422982143324,0.883999972576349,0.882243768732937,0.890105504752148,0.902089551470976,0.910210429880072,0.900592614780977,0.856787974097025,0.768749074686583,0.643501694520946,0.50421011880503,0.375313479834014,0.27014931528457,0.190451802392751
0.0117922007175074,0.0163443753604639,0.0228196131910527,0.0323916135571804,0.0472927381671748,0.0721508314677919,0.117631901230537,0.211124732867397,0.423832451350164,0.805385473633397,0.708584309715868,0.316587155532563,0.146403726525975,0.0760183325036445,0.0422214588620917,0.023878614171187,0.0130469493546332,0.0063696376330031,0.00233615522573615,0.000325266266824286,0.000269564104885058,0.00260359433991519,0.00843177426789197,0.0199698762994843,0.0414766624615141,0.0806371523149785,0.146475365946425,0.199074266198,0.0839562678101422,0.435491891717345,0.22995223882958,0.0893665745749783,0.0195436999214403,0.0020010988850456,0.0437914375331224,0.169197485292054,0.388440501383817,0.638497309270151,0.812326331479609,0.883686954958896,0.898098242968825,0.896790662632003,0.897805985733819,0.902279004533497,0.898699023411245,0.86379567201647,0.772154033478412,0.622339159366251,0.451005883802235,0.301926993070888,0.193752459052581,0.122187829546406,0.0768070763404652,0.0484871067563288,0.0305468718471148,0.0192192841755232,0.0120304221919305,0.00747694872386129,0.00461606152438065,0.00288941085071547,0.0019238448150101
0.0110545890517646,0.0155811711056065,0.0222037487006565,0.0323218261438494,0.0487113376839486,0.077408286265997,0.133129123854088,0.255584162904972,0.540070440800751,0.879755866153975,0.559066671178466,0.254519168054802,0.130045140111395,0.0743825663711535,0.0455143359630848,0.0286460319869892,0.0178377156345242,0.0104088248595869,0.0050984854606746,0.00147790112643553,8.93855596500503e-05,0.00411162742588219,0.0276461506159781,0.0860500455009305,0.0470251576369831,0.0199401375667319,0.024542655612901,0.0129339389432593,0.00584809252763732,0.00164499578605816,8.59255183304209e-05,0.00194977536853552,0.009018698063457,0.0254346397092988,0.0581772159032836,0.119387631944552,0.22631219350698,0.391626447045587,0.595176143852217,0.76978922506603,0.863909540100654,0.893004627664748,0.896386591728882,0.897388094063418,0.898185238740385,0.882549767130046,0.821802260638729,0.695448957363775,0.525700992262438,0.361159368880407,0.234822124402504,0.149725041696148,0.0953993378469112,0.061221808175946,0.0396150272336547,0.0257735261825718,0.0167757598382531,0.0108633939967843,0.00694499832688709,0.00434258319668656,0.00262591098180624
0.0248174747072622,0.0352806946983226,0.0508540241801451,0.0751565033465307,0.115475069280091,0.187530383010778,0.325970225940279,0.588084322018915,0.885880572390691,0.741237584222036,0.407869063341778,0.219552865307542,0.126690829977304,0.07738678784487,0.0487872305137659,0.0309187720337931,0.0191200251665525,0.0110579560754326,0.00553230348033207,0.0019683595766484,0.000208435070019723,0.00045780808017987,0.00333654054132872,0.00998294866158723,0.0218395699649537,0.0365885156485278,0.0146770686095652,0.706981259205933,0.567379894335576,0.0949863488578103,0.00212326997260026,0.0332446915724235,0.122992247039738,0.263464397673547,0.442755964087331,0.628144861544972,0.777056600568773,0.8674728303791,0.90721317631284,0.91756805452043,0.916870421877541,0.915310906170297,0.91649850537385,0.917593013533044,0.908941315360377,0.874718087533557,0.797893650811323,0.673409342639429,0.520669598448926,0.372220636571177,0.251981695981808,0.164931869803653,0.105939198020022,0.0671541518702371,0.0420259483768212,0.025839477664858,0.0154656671848496,0.00888565903769727,0.00480505593710568,0.00237681212298703,0.00103603962621546
0.00486497611320685,0.0065926106974017,0.00895150049004565,0.0122699944270395,0.0171331932999543,0.0246706384732796,0.03728700722149,0.0608398544127616,0.112352524320282,0.252530127151869,0.664393862224035,0.574884119600956,0.1698247092959,0.0643242359140395,0.0288974889845567,0.0136776324338457,0.0061580153009604,0.00225949754960855,0.000422657204347051,5.62028648373137e-05,0.00104363305068583,0.00360302377745333,0.00830535126420395,0.0162195967440032,0.0292462000153782,0.0507478724815685,0.0866907009049532,0.147497264879656,0.249202279940643,0.40303609704615,0.549035418658627,0.241312834736058,0.265481522956118,0.255270919663263,0.143176892772647,0.05019706213853,0.00308970430639826,0.0515451434907915,0.2764453194733,0.614862889214328,0.822304818109416,0.878773555740059,0.88418439538173,0.886648774387319,0.893502827804386,0.892969632770726,0.858816124291952,0.765285525940069,0.614951468803502,0.447935417023826,0.305507026324707,0.201963687581848,0.132594449581776,0.0874758115891724,0.0582279790326961,0.0390487612150631,0.0265556339883439,0.0179904269310068,0.012180169836179,0.00819034564139049,0.00544519570629215
0.022292569102751,0.031724584548827,0.0457888641720356,0.0677948138064326,0.104467980123564,0.170552827509068,0.29982571835671,0.555144980409922,0.875814257230199,0.744413914797817,0.399520689844154,0.210956252884249,0.120475820985139,0.0731776263300931,0.0459743727871532,0.0290523268328813,0.0178926267231859,0.0102733077644075,0.00504950054344607,0.00170259442437274,0.0001332382950443,0.000647897145317646,0.00409825605452802,0.0122837951588754,0.0288925990037956,0.0618493648297009,0.129367918567606,0.270135237021972,0.45295379164777,0.0870135049390466,0.0581762447477356,0.00316383119465425,0.0229979993186608,0.107924258721588,0.254825409314774,0.447615351093702,0.642339023249011,0.789915702941653,0.87381338027979,0.909502414528078,0.920310387513944,0.922564304807149,0.923358863894693,0.92262764340059,0.914146947085611,0.886588406878765,0.827129012524364,0.729627890377568,0.602828486688591,0.468103440630648,0.346275443163523,0.248573538780994,0.175637588992124,0.123294154255386,0.0863902406968438,0.060532488889896,0.0423683389797896,0.0295448482280341,0.0204583616029568,0.013872307317946,0.00927971172953647
0.0197395573544504,0.0274284462155719,0.038448080045588,0.0548905504296749,0.0807626402912353,0.124383364062409,0.204424381760667,0.363457574823548,0.66336085077686,0.891718815953156,0.582612331944255,0.282266890844658,0.142890033347776,0.0775123421152401,0.0435293392443851,0.0242660806725949,0.0127323446636819,0.00573489171919009,0.00175401827749748,0.000111524097082726,0.00063335312660927,0.00352987203771743,0.00939199025543822,0.0192835895846606,0.0348845604837393,0.0586904675594661,0.0938588264150026,0.142104920145703,0.18925680722434,0.106605899417163,0.719718399916533,0.780910178428041,0.509217174596003,0.165632242587982,0.00667416811051944,0.10971873368537,0.386227698610044,0.661877867059122,0.826420585214636,0.889336881066219,0.898975807288865,0.890804245737174,0.88253152745247,0.881154904327667,0.887504383608136,0.89668997341792,0.895148333349054,0.859015733354684,0.760907723983362,0.598227375482041,0.414523395299048,0.259122117761491,0.151973949053369,0.0861488163205281,0.0479674909280803,0.026628727711205,0.0151228952951848,0.00942517108923465,0.00770787566610389,0.0109470829368968,0.0340106028777033
0.0337350502933837,0.0483409413316769,0.0703819350792984,0.105329787413986,0.164250536426389,0.270353948959152,0.467282245690843,0.772388187934335,0.899976145215777,0.612138478371024,0.337795885039666,0.190294518020833,0.113165199295746,0.0698752573352515,0.0437076927712279,0.0269304768955958,0.0157402792510404,0.00818537517956561,0.00327731295273868,0.000602270136461189,0.000164052962438403,0.00235356603905084,0.00800115723495352,0.0185030978018763,0.0358906718111497,0.0622863157479534,0.0940270088308955,0.0515449768415224,0.52083649987773,0.718794471162343,0.0337356529552988,0.348355960874156,0.592267243719147,0.759348365141862,0.858668845340105,0.906516790787251,0.922304670019582,0.923817382295316,0.921742116480802,0.921068485007724,0.920984992689807,0.914250561406819,0.886610210872342,0.818984886208087,0.699136733628328,0.540541636035635,0.379544408060493,0.247548613727276,0.15416288538312,0.093383788517368,0.0555265726235297,0.0324785511925922,0.0186246511344728,0.0104840919924755,0.00574167001341324,0.00313124581970884,0.00181666693830612,0.00134515774628726,0.00170403824701184,0.00417030387064891,0.0172112418501468
0.00251989072601572,0.00335416926893748,0.00445755745245622,0.00595272887364102,0.00804831342519447,0.011123932180143,0.0159318123642978,0.0241474781628018,0.0401331440196156,0.0781892622806615,0.202720944811259,0.695203246745799,0.293515704877483,0.0702757490169285,0.0257377122339159,0.0110789739757914,0.00488272192298376,0.00194508996882344,0.000551419435572175,3.84135764226542e-05,0.00013642801962313,0.00075584529205963,0.00191045561216017,0.00369304987387654,0.00627584729413872,0.00993469814439122,0.0150870286565338,0.022367613004036,0.0327673786233251,0.0478492363625769,0.0701764299978865,0.104035226160815,0.156641925911506,0.239395694797743,0.364306104671916,0.504287740670626,0.35173087863716,0.197457521628749,0.209775811503739,0.0968497604452477,0.0261532630829373,0.00131132798152785,0.0293194588640322,0.127303965000009,0.318009388592999,0.566970266561011,0.774061579119833,0.872898502370313,0.890154132590057,0.87556586005308,0.85600853189536,0.851837992408923,0.856554524723609,0.870726973625242,0.889327344809041,0.903012426839324,0.898353023961231,0.861202170291209,0.783712048584515,0.672598425948018,0.54721987608552
0.0291375523309502,0.0422157480721625,0.0622932768080485,0.0947875191843245,0.150981381971254,0.255489256507825,0.457209936067791,0.776116154473635,0.880580359794077,0.571228216401307,0.312389121385207,0.178256968949469,0.108177049649639,0.068394493100816,0.0438993498960032,0.0277951115721704,0.0166967540213202,0.00889135524189981,0.00357937749497818,0.000588797314220926,0.000355038974722639,0.00414732639625169,0.0147013384313909,0.0367807248735856,0.0810055478227847,0.159337962755957,0.133803421048835,0.678072696200206,0.0307083032750682,0.147937208897139,0.462783357102889,0.717730247412497,0.8508039239689,0.899873184795511,0.913104951623454,0.915702869664267,0.913964172033939,0.899904275802341,0.855546518121927,0.761562618178215,0.618125835092599,0.455068617029001,0.310025374068047,0.201649142189257,0.128351031107085,0.0811571190305564,0.0513145669514196,0.0324607843462345,0.0205007784247789,0.0128779846976891,0.00799659519348714,0.00487625474097992,0.00289531362230654,0.00165411894988792,0.000905689238960081,0.000473902424803106,0.0002382214837746,0.000133989951023133,0.000110773774826077,0.000183048567706942,0.000530648859053181
0.0359957481613024,0.0515215353784649,0.0749154517737455,0.111942138138898,0.174145248427286,0.28528226466343,0.487826802100004,0.787570633455086,0.893154098871386,0.608349162428022,0.341178367058694,0.195072891024489,0.117614227532796,0.0737640141802625,0.0471161163132403,0.0299583805791659,0.0184391714515189,0.0105363157911232,0.00516798751995249,0.00178558324349602,0.000180515920663203,0.000381710209127766,0.00254891097676676,0.00663430036893154,0.0109223373492861,0.00671121330881607,0.126018649691878,0.602193959707431,0.755316916232124,0.551912643238446,0.0957527188938076,0.00272338944988345,0.0459032994968337,0.153172969657436,0.302542646516108,0.479388629050446,0.65236498977263,0.789217219947664,0.87354416323296,0.910478429566012,0.916846974640105,0.909194141983606,0.899181468719457,0.893232652607107,0.894030613935057,0.90082659720474,0.908555256942058,0.905858065825401,0.873095504438657,0.787874577067198,0.64244090388586,0.470598333428495,0.322383563941351,0.19957453640064,0.118322758035788,0.0684787399703336,0.0385495905786905,0.0223482801352696,0.0142312320206271,0.012446837645394,0.0231902675153786
0.0299345255125366,0.0423542089890097,0.0607314451652689,0.0892309121983333,0.136156457559461,0.219031534605057,0.374204429539958,0.648480899012704,0.899873361386172,0.707474207334451,0.38889617406819,0.210271194701789,0.12070219298315,0.0726972163559111,0.0448390185650248,0.0275775962325306,0.0163787096970911,0.00895754647483776,0.00411040702197025,0.0012255987251362,6.18436172745442e-05,0.000643971756967561,0.00324102882955916,0.00838613773164808,0.0169317417296631,0.0300213633090924,0.0485455799767218,0.0688114881446493,0.051500600458236,0.568740867628046,0.771177947069644,0.367527522020967,0.0295173548472279,0.0173665884584139,0.103048126278578,0.226877182905645,0.378600897723339,0.539408011318884,0.687718882795777,0.80433556521205,0.879709003497939,0.916794117816082,0.927024614737365,0.922291344520792,0.912253670731896,0.902913256597414,0.897923266724421,0.898608900738343,0.904684941866161,0.914003042902307,0.922059495858682,0.92024616761916,0.896002399382947,0.846568067713886,0.755317932193365,0.631327890968393,0.492944661828871,0.361846243185856,0.252434601683544,0.168609915139631,0.107712843033933
0.0143161462104178,0.0203195550809598,0.0292131182759175,0.0430159678455451,0.065802748007396,0.106623672947868,0.18766659675693,0.365027754836984,0.71488952370621,0.842143937150794,0.459202142721944,0.223812710706585,0.121289388874273,0.0716766644976354,0.0444628933565805,0.0279229167474983,0.0170392968339228,0.00946705061222668,0.00412953493282993,0.00080415120112687,0.000408103931399844,0.0068443295972968,0.0348622752312401,0.0881148625958769,0.0182876771374956,0.0644380171505872,0.0355154063590901,0.0154866413427297,0.00458704849161584,0.000325013148948463,0.00337633394215584,0.0188460636270376,0.0569359427735595,0.135993545853277,0.279310143223475,0.488931182385489,0.702739527102266,0.836161382628418,0.883890457623573,0.892553121418151,0.894259968963534,0.893202837977668,0.870295191491687,0.791419752321931,0.639887065260132,0.453287959206854,0.291018919889446,0.178147326998667,0.107676114352873,0.0654152240868834,0.0401212752209257,0.0248080630932619,0.0154194577555889,0.00958287902883192,0.005928842936488,0.00364144786620763,0.00222144307632914,0.00135720818863811,0.000859518522813062,0.000609729019085311,0.000559226974994107
0.0104261642781845,0.0146290428514221,0.0207298247258548,0.029962029559089,0.0447403632301323,0.0702357175664574,0.118850826784269,0.223844097632088,0.471597297907208,0.854589230827456,0.627455853187145,0.282498525694453,0.140437936672958,0.0789862669863786,0.0479916946825191,0.0302790881621724,0.0191405364415506,0.0115985725343147,0.00623076747809049,0.0024198651383307,0.000248049167356397,0.00123295735066115,0.012509934968794,0.0727052884499566,0.29717031446935,0.00590842605325005,0.0264626507098739,0.00789969762743968,0.00441418754639134,0.00146427877568096,9.8315763877082e-05,0.000771742911078519,0.00484263519300053,0.0122232296270752,0.0280115283902117,0.0558842621605167,0.103718746638793,0.182768286361991,0.304953428438831,0.471237704649099,0.653157271639612,0.798170770963512,0.876174081921091,0.901911509747629,0.905244028638324,0.905216319912225,0.906886449633354,0.902186793657056,0.872153776678574,0.794722795634785,0.66470154021638,0.506881020504742,0.359464624668941,0.244254463761106,0.163087101010674,0.108453420727775,0.0721262645708464,0.0477188320851342,0.03409852306554,0.0229044620971522,0.015526499138966
0.0196434217748338,0.0282359629510366,0.0412972243360802,0.0622556663589071,0.09836955068138,0.166507981717839,0.308049682175414,0.600899087822649,0.897636382473605,0.626535746004625,0.313347897270776,0.16685909463336,0.0977555677716102,0.0611953319756755,0.0397554743102081,0.026110685673914,0.0168429408016511,0.0102275003836147,0.00537527818757234,0.00192607709654207,0.000123136449884608,0.00179693379527446,0.0160589444646602,0.0980115712103968,0.053149998757653,0.00922892640496403,0.00475117661890139,0.00106941052847871,7.94447814013096e-05,0.00154298724424993,0.0126853267409984,0.0116516662507178,0.0280976967191231,0.0527173151044282,0.0906337607096421,0.148049769353543,0.232098246753264,0.347979069970831,0.492443555196582,0.64638043726891,0.778202550751993,0.863764568408466,0.902326997710053,0.910571363038902,0.90639166330165,0.901976028478473,0.902229091432361,0.906678537843217,0.907844698323573,0.897566016789857,0.855500150162527,0.77011061137063,0.645134525219586,0.502942504756161,0.370223792820738,0.262499532206538,0.18247765365861,0.125703013461941,0.0862522967453018,0.0590591288808879,0.0399819512389593
0.00919853949410248,0.0127291946414033,0.0177394367428346,0.0251237952799024,0.0365813124899722,0.0556274332525389,0.0903959105833794,0.162291219065254,0.333061678417593,0.712885373310407,0.762874923714617,0.33209149276455,0.147656945494756,0.0761951719377051,0.0431721511671243,0.0255903700696374,0.015233873095294,0.00870603022288168,0.00445109460505291,0.00173852410771534,0.00028718510808601,0.000150098963738103,0.00175703103563555,0.00611691619947959,0.0151612742071705,0.0310964637527726,0.0422301777472852,0.0183565173740215,0.300578300580357,0.166361735240128,0.0833058899619197,0.040581024246688,0.018584364490805,0.00671026665550908,0.00105209972368152,0.000686766795382475,0.00652450680596741,0.0197281105881546,0.0466966483113285,0.0937024050193369,0.171472575940933,0.291134111160497,0.454687523311499,0.637668957305147,0.789784687140392,0.874823506200395,0.900226795759391,0.895307966442367,0.884138669900651,0.878655210941728,0.882652669536887,0.894420081865384,0.905682622775859,0.902540063058128,0.86564361624719,0.780395653039562,0.650971574111754,0.503013333267689,0.365670844424631,0.257485472318145,0.176375941512951
0.00529953855305231,0.00723083407599131,0.00990242063137585,0.0137209840953199,0.019427092882462,0.028487650391781,0.0441250985122898,0.0744916329578088,0.144268840417039,0.341447897306242,0.802499731020621,0.468394032269851,0.156403918645411,0.0669927625751989,0.0334752945614172,0.0178832389981436,0.00956548749440049,0.00476498570883276,0.00193773995089085,0.000430113299519397,3.46297748080428e-05,0.000875994444221988,0.00347944666000415,0.00909996519344523,0.0206207814043596,0.0451750216803781,0.101691465138406,0.235485994852205,0.40061224815262,0.0173278937999266,0.02804074012095,0.0303506113693454,0.0159844040413683,0.00611394609517701,0.00135022175485345,0.000193651841300944,0.00256793230571652,0.0101609841107602,0.0258262529515797,0.0515069737765619,0.098257765906917,0.173730305203619,0.289735242205054,0.449982711298513,0.632811586314096,0.788048868473117,0.875743538747565,0.901136777283267,0.894643934877164,0.881732606290547,0.875504929414718,0.879587222066368,0.891815509411272,0.904585929683786,0.904186083250072,0.872472715565971,0.795505216956272,0.675648122995313,0.535320370838855,0.401821130424664,0.290736122447228
0.0129302142706143,0.0184137342791873,0.0265866920231226,0.0393662533403778,0.060662637725,0.0992826650581964,0.177271767626893,0.352421592198334,0.711218660154818,0.842622576379741,0.453207600147591,0.224005964957298,0.125247300098021,0.0774877343748411,0.05129750736147,0.0354189297089232,0.0250026261270592,0.0177148208020967,0.0123381216873115,0.00822616439546774,0.00512092462439271,0.00340920815278777,0.0107736084675169,0.159574710021338,0.056120225657906,0.0198792898920475,0.0095294353782843,0.00456680220970345,0.00178698753274456,0.000340529875155228,9.80815400479759e-05,0.00130543130614997,0.00456525886576249,0.0110296182947427,0.0214934959125224,0.0383824288766316,0.0712419949887218,0.121801778579842,0.202429857753188,0.32361738955763,0.485650915607841,0.661941915634748,0.80280949510946,0.877711332982984,0.89955509824717,0.898318644170146,0.895383377395979,0.898215942409053,0.902544872556545,0.892537168100325,0.84620911251399,0.740751683902376,0.587092408679179,0.424737217571757,0.28880971971451,0.190259742482376,0.123596341663647,0.0812370172650514,0.0540698166827109,0.0352257964397041,0.0229379758761952
0.00942990020432038,0.0127846750353852,0.0173813584009602,0.0238844304475041,0.0334969045591741,0.0485712070306795,0.074181084273444,0.122714630247407,0.228652924809734,0.487517817501017,0.860413363403777,0.492592071338906,0.187342664897768,0.0825620349706901,0.0405788027861792,0.0207316279950241,0.0102930965682327,0.00453536495130034,0.00145083237005215,0.000143714538435287,0.000240839629133391,0.00166642080083376,0.00455810214411954,0.00925244329756938,0.0163145585277425,0.0265993540753533,0.0413597516379412,0.0622999821228001,0.0914605524433184,0.129917161724979,0.171065731077381,0.165893387697431,0.0401998152790608,0.749328274990175,0.713585928379201,0.493369580775575,0.288906158949918,0.12080546878255,0.0269932625521571,0.00343953572551546,0.0582091559307228,0.20274879319322,0.430671329907264,0.667020896805714,0.827067100449077,0.892452122386001,0.897700641618419,0.879267976894846,0.857862535292779,0.842507677962632,0.836736428171873,0.84083388116758,0.854709932979184,0.874925827775891,0.896501948452857,0.911083811907417,0.905754063359003,0.866388775335669,0.783750979495881,0.663147851972196,0.523824020499024
0.0182825115231765,0.0260177747450113,0.0375432303934147,0.0555602268794041,0.0855779439447568,0.139841067469074,0.247674201393891,0.473774213840125,0.82382249622975,0.769453508921649,0.403845970051903,0.205219913739349,0.114144095492031,0.0679861227208275,0.0419181021876496,0.0258561101247246,0.0153160742228789,0.00815651755256151,0.00336976407985015,0.000631874565118791,0.000217377611989239,0.00322005703687173,0.0122647816727339,0.0332749969436878,0.0785237733007001,0.146774922687208,0.097594251528985,0.311690465255736,0.0802818201217775,0.00588929109933942,0.0167743241097605,0.107527139968667,0.292644589638963,0.540046265974237,0.749685530801644,0.859518346914156,0.895940513744168,0.903804512506285,0.905449048971884,0.903001660334873,0.882327757680166,0.819250892468376,0.696582242118441,0.531306045898765,0.367860024044415,0.239411970963228,0.15150791654778,0.0951584432665028,0.0598478832870609,0.0378511327695371,0.0240351575476429,0.0152715754379862,0.00965704406518576,0.00605782182914228,0.00375767303004907,0.00230103126348263,0.00139927899467662,0.000865417383971159,0.000580126878753835,0.000479829834917435,0.000584823155057152
0.0107479530518985,0.0149007718648164,0.0208155881702953,0.0295740233177024,0.0432451905329979,0.0661415540064005,0.108297216348795,0.195924865861218,0.39944599793786,0.778393008874537,0.707448948000032,0.314721795032385,0.14571856156263,0.076778449610886,0.0438962776231477,0.0260324235207837,0.0153911665390019,0.00865458761112948,0.00428776711345247,0.00155777838335898,0.000193849741126687,0.000263329417145498,0.00221238949105542,0.00707233973599137,0.0168938787872047,0.0351118006501928,0.0614372725519682,0.0316897256948828,0.293107343038183,0.246010647718799,0.108359245470031,0.0441960017351391,0.0149667404497793,0.00257428152221563,0.000886696058138412,0.0101567190338839,0.0327288671455383,0.076270124918449,0.150149575743591,0.264870714889147,0.423217499118664,0.604836701766486,0.764231401471635,0.863146114662072,0.901514425916573,0.904327308567056,0.89580052893224,0.889563342226599,0.891134412781833,0.899609642973876,0.908598478500647,0.906620009491601,0.875601303647552,0.79984300160501,0.679126239993164,0.534448435931692,0.394804652668706,0.279430267741495,0.192514959052154,0.132197708885876,0.0899172957665174
0.0165718031903888,0.0233451621933939,0.0332627420500987,0.0484468604523903,0.0731066107633675,0.116372779230768,0.199883243752282,0.375753269813121,0.711427682201616,0.868244503764758,0.501695503796275,0.245605478290311,0.131431660320998,0.0764712068616019,0.0467649179179453,0.0291017679809945,0.0178295185123423,0.0102912113739844,0.00517474425360212,0.00186582679406345,0.000203394692421108,0.000447949625188775,0.00344699811892069,0.0111585421927443,0.0280619420501622,0.0651763900071746,0.15161608104778,0.339801503898353,0.134044476874623,0.0963450136809877,0.0326315067012974,0.00261307179524365,0.00595562550542582,0.0391082909053747,0.108801577184599,0.225059426281284,0.388848007222264,0.576240936967384,0.740646769861972,0.847605739003516,0.898336791642493,0.915026802137297,0.918298944754122,0.91911887479739,0.919918825700399,0.915869024934528,0.895806117121853,0.845140145234241,0.754044810078296,0.627962919433551,0.489667898853922,0.361853171949455,0.258463763101027,0.181500378488823,0.126601015025924,0.0881673977330122,0.0614090446509516,0.0426707346657283,0.0296453674837288,0.0207569057708304,0.0141102009164715
0.00157858116181969,0.0020558283080811,0.00266125004324216,0.00344218384378427,0.00447405567764922,0.00588407101450023,0.00790098295386959,0.0109738122198559,0.0160913054927036,0.0258260460670981,0.0487100882495842,0.126535302057665,0.544434482183917,0.197123799259802,0.0352829638923911,0.0106290836623581,0.00353186568272622,0.000987295743092087,0.000120313116909843,4.94209819193014e-05,0.000459209862467323,0.00123986179186582,0.00237407482313154,0.00389776611345752,0.00588765108029321,0.00846117956910298,0.0117844687113862,0.0160866469905116,0.0216898732806186,0.0290433719197033,0.0387895418754899,0.0518562788380056,0.0696205134774899,0.0941079322189929,0.128320349031992,0.176449272345313,0.243510662221763,0.331918472341019,0.427447860042963,0.449207263987408,0.0891348986726128,0.304389376438628,0.360506065846136,0.292651519190387,0.213447030289493,0.151525877562635,0.101054550644353,0.0613877280141219,0.0303811655826462,0.00855893226808117,0.00123350699825489,0.0229723773867602,0.107238356824148,0.304447245105274,0.600327479558318,0.820294905936674,0.864820710448522,0.821442969419922,0.765282341058951,0.720447848232007,0.69093642168892
0.00568581284330746,0.00764866764581983,0.0103004079377357,0.0139894458582996,0.019332218515413,0.0275079737444127,0.0409964445020022,0.0657383005003461,0.118513113830881,0.256787694235707,0.650300030705929,0.638156743821613,0.195082460630752,0.0735004679067188,0.0332645705010266,0.0162285998855095,0.00787283181428592,0.00346945038924391,0.00116427680572239,0.000155699088765385,9.24210954416138e-05,0.000851110245390723,0.00244817507867602,0.00501183444442643,0.00877896060249166,0.0141189022455524,0.021575849644857,0.0319537781497936,0.0464247436126765,0.0667429345222838,0.0955099730674237,0.136576996423526,0.195189388793525,0.276148427641813,0.369757921779598,0.343794860990326,0.3768215786345,0.507552451368957,0.254942276915442,0.0610787043190523,0.0027348374183878,0.0643546099680802,0.232007256995978,0.466900195657982,0.68943076202531,0.835945859761026,0.897354633632603,0.905747863030835,0.892157721752316,0.875055730503523,0.862783152764997,0.858486371595135,0.863413782750456,0.876216382186376,0.892928090377258,0.90886382845402,0.916223128763854,0.905126104188584,0.865459710084957,0.792568189129746,0.69102207267833
0.0235907175175277,0.0329033559823516,0.0463176175490765,0.066425340281586,0.0981747535457302,0.151660374305003,0.248613647034134,0.43301263114864,0.737142336307371,0.882788280690883,0.576319667619523,0.299037268570177,0.159892923508329,0.0904235984883897,0.0527148796895029,0.030603099484779,0.0169425163105626,0.00832778981467214,0.00309495794423186,0.000476968192854769,0.000253903675947815,0.00262457747519774,0.00819854057503036,0.0180668903868043,0.0339557721139659,0.0583540843650387,0.0944522191362156,0.144538119858519,0.198736902485998,0.13647450496894,0.712713248728501,0.82303141658444,0.491602645915855,0.0834796020080962,0.547526155623061,0.789591321686887,0.87903770505595,0.904920202670306,0.904563154383017,0.898998639436829,0.896937192746276,0.899971104501393,0.903620017614511,0.894589898923259,0.849923923493604,0.744716156469849,0.579769196855022,0.397594302638296,0.246835935365942,0.144030735775229,0.0811648714506645,0.0456193271465487,0.0252792118956208,0.0142317629011583,0.00851003332477577,0.00593012859755383,0.00582723865126604,0.00938917360947105,0.025504394996323,0.113937163058871,0.61398833486907
0.00867531529101353,0.0119399154046614,0.0165373742730994,0.0232604187891259,0.0336110861560706,0.0506957937996712,0.0817278679514053,0.145963885556436,0.301662928783169,0.677428978143687,0.754251907927451,0.30262261226057,0.126577108030657,0.0623074950780488,0.0336700948481675,0.0188588935626529,0.0104110826518876,0.00532128804880772,0.00223855587995648,0.000548524611947655,2.36600394369224e-05,0.000711347257016476,0.00293652433962653,0.00742705156916919,0.0156081671731452,0.0302311484236327,0.0563180754240601,0.0988401204953259,0.113762377484896,0.0931371704778576,0.231366180186363,0.109179746773236,0.0517624369975288,0.0187314683161352,0.00424632139392597,0.000278015617542495,0.00559383304711079,0.017320796439017,0.0441371701741156,0.0859859329177728,0.156915307828616,0.261650788730474,0.404491093564331,0.573249249092166,0.733593403232386,0.846648044098427,0.89908052850107,0.906752840411832,0.893501552525343,0.876856340715606,0.86575534664038,0.864162311530962,0.871996635618241,0.88690993606381,0.903479679650715,0.912364078744011,0.900487887290569,0.853643226642786,0.765377934866896,0.643902466331492,0.509878026103005
0.0271045915073587,0.0382223999907445,0.0545697908850084,0.0797065493645255,0.120651182306546,0.192163289427222,0.325854342613576,0.573625928779397,0.870570160855469,0.769829170685874,0.430164259179146,0.2260141050405,0.125369150475189,0.0728028395020633,0.0429957674446618,0.0249261825815667,0.0135150451682441,0.00627962891587103,0.00199778741692255,0.000144332953847547,0.000656174819618819,0.00385778252474988,0.0104788992943093,0.0217571442966119,0.0395631891727133,0.0665654658364571,0.106047874695837,0.15996366771117,0.216713677642095,0.109893180474337,0.64266538331501,0.771915931715118,0.162009402597188,0.699666727573187,0.847757206831669,0.901530820314367,0.913690489291208,0.91392325919112,0.909484080710691,0.907954771081318,0.909083689962747,0.905362238909736,0.880313849088282,0.808781939799672,0.673609919587287,0.494330113703907,0.321632224654872,0.191926967964798,0.108879941476384,0.0600771355253598,0.0326372706371597,0.0174858222478379,0.00953318707996028,0.00552835724971582,0.00382182357843285,0.00396806574567183,0.00659816330323816,0.0175729205589716,0.0686604989055441,0.384427671271098,0.470142809323201
0.00900150947565745,0.0123395809252399,0.0169999656192583,0.0237375950343441,0.0339526609774445,0.0504612059358272,0.0795687856221337,0.137265033813564,0.269532555529519,0.589820370683965,0.842943236360752,0.398700105230633,0.163224741937486,0.0781475460063588,0.0413764122359066,0.0228341062151938,0.0124514008885393,0.00627683053727339,0.00258654106169069,0.000598693792553602,3.31101388654056e-05,0.000941978377217338,0.00369372669783242,0.00905545254472695,0.0183080289112838,0.0331042228055678,0.0529338740804892,0.0578332235424961,0.0133312501837784,0.517626789307071,0.426792175841415,0.272443831647951,0.145021334435184,0.0765516140111252,0.0371140137888021,0.0142689480079647,0.0024600378842991,0.00138163144398234,0.0139857491259548,0.0475961030949287,0.112124387257776,0.227650451236258,0.400072369178653,0.6056469831838,0.77967276634583,0.872284342856107,0.893626338940137,0.881357388493712,0.863556886347759,0.853337951351474,0.855334254277285,0.869207983570744,0.888256238661327,0.901603451075667,0.89078905843956,0.834042700184171,0.719766278335514,0.577834792844128,0.424190040856108,0.294318981283491,0.197272272954903
0.0154428117266278,0.0216858735395108,0.0307875421806003,0.0446600978247285,0.0670919952629925,0.106317644888174,0.182061354906458,0.343807070524521,0.671785501747546,0.870696553494501,0.499392851544204,0.236213001415935,0.123130159866057,0.0701685794117163,0.0420786245194088,0.0256285657681532,0.0152830973457621,0.00848372968259173,0.00398725800175033,0.00122563435890706,6.32192627015341e-05,0.000743313629022289,0.00393947869130418,0.0106849121795395,0.0204328546171883,0.0160956845753727,0.198636288572437,0.579953021829848,0.284856241230793,0.113726207505534,0.0424909575644071,0.0124552950310514,0.000947378548781089,0.00424147329464247,0.0223452174869908,0.064756127670525,0.140448455207065,0.261533187728288,0.430012155034966,0.61999331796384,0.779456164764218,0.871500372133194,0.902989254155769,0.902640179306149,0.894459092928871,0.890627607055675,0.894993760669123,0.904120199033282,0.907290279422255,0.884893302393636,0.816461856109536,0.69120462187362,0.531491958053121,0.375759749654131,0.251268275424873,0.165956809948531,0.106032558742548,0.0671374750519885,0.0420536543384058,0.0259247134462119,0.015618821205115
0.0183920146379308,0.0257671654953989,0.0364552947644086,0.0525830486880699,0.0782489639197473,0.121969665558934,0.202825286658033,0.363819211260616,0.663250345421328,0.885026262280253,0.593701193253962,0.300331575426944,0.158413004640783,0.0896147326893915,0.0527481915332219,0.0311235586789624,0.0176048914857597,0.00888011321469351,0.00339559301852571,0.000533634549543599,0.000319985700849551,0.00341214239945868,0.0112888584742261,0.0267130052576307,0.0545099695615564,0.102409298998751,0.179837375645401,0.266944233092853,0.151544717342914,0.785028262209889,0.30686829075761,0.0818991351156581,0.562159048822083,0.813026902463576,0.88296333697725,0.895712775381363,0.897661536288847,0.899051798463894,0.890423228616106,0.84642301652759,0.738484009612847,0.568557734985455,0.385423512063381,0.238614791809922,0.14104375201052,0.0819540510339042,0.0474419467281861,0.0274707522369283,0.0159204022991086,0.0092251760268909,0.00526734512864237,0.00309588511088785,0.00189569573377351,0.00128889014017265,0.00106134813537319,0.00119409542043995,0.0018811739098614,0.00397268534311078,0.00997862088823404,0.0302245170288863,0.117427425531479
0.0143777083198027,0.020404205245231,0.0293268941927913,0.0431617423824445,0.0659663167498344,0.106723826140443,0.187306008336967,0.362966303741651,0.711980593279845,0.860412524420713,0.479608903212043,0.235480175248163,0.128402385862967,0.0765627186925004,0.0481482457274768,0.0308891775190323,0.0195187547765947,0.0115477545324063,0.00577163981540524,0.001777631466124,7.81906590197204e-05,0.00355140851179899,0.0244458477912961,0.115148165180204,0.0922686543371379,0.0317116265874386,0.0231123738848017,0.0108025117208318,0.00341054348385274,0.000222063309092006,0.0018154424638207,0.0105604433189009,0.0314645735854192,0.0736391762509009,0.151692795704716,0.282733925848239,0.469091877905073,0.669653702254098,0.815844830626828,0.883374167560316,0.901633014453443,0.9041320736335,0.905201573212593,0.901553021355242,0.874315663765742,0.796807072837369,0.659399080662679,0.490725221562495,0.33584211755434,0.219834084345457,0.141514543783435,0.0910858989592531,0.0590097611152566,0.0384840623024468,0.0251940252306361,0.0164924878060621,0.0107282760056418,0.00688677076953782,0.00432732074668587,0.002585880675561,0.00148836606983289
0.0564966220192951,0.0838201375402675,0.127300190660032,0.200083366648032,0.327314603980938,0.545451547873697,0.828590948294517,0.901434394959904,0.651189897711554,0.398941709944717,0.24570264847528,0.158103332995341,0.105839543741107,0.0727647408038185,0.0506804989924382,0.0352611441653804,0.0241257823567783,0.015930674921755,0.00993415242091382,0.0057930779820852,0.00352716246044636,0.00483876863986242,0.0642618374361039,0.379612614781563,0.514222419810259,0.229602703658846,0.00390880816683938,0.0157144424354626,0.0623992674674186,0.139533010088748,0.253517134611477,0.404960368028803,0.576520337385764,0.732519361372165,0.840960807792641,0.895849698479096,0.913405139886463,0.913906464981595,0.911022465617404,0.910342246616436,0.909006715450641,0.893861862747135,0.839492195507054,0.720514952696735,0.542813081547696,0.357385631858086,0.212513167665394,0.118886961612361,0.0641960437785023,0.0338102431019374,0.0174381643205536,0.00873088223198074,0.0043361397165906,0.00228957306183387,0.00156045759778748,0.00185681662623566,0.00421594815383736,0.0146924777397379,0.0685952704968801,0.417212270705037,0.468477186075627
0.030919908788057,0.044430102185142,0.0649397119796532,0.0977307184513434,0.153630430042857,0.255951075519729,0.450425080778637,0.760347529778308,0.887544429957158,0.591307616669064,0.324078204221968,0.184136232681068,0.111560473827233,0.0708657604735329,0.0461955244310262,0.0302635362185325,0.019469956794918,0.0119281057276995,0.00661825775137668,0.00300256102879036,0.000835594838196795,3.42894427438757e-05,0.000432553390858798,0.000962489899798177,0.00143654409265102,0.316348227958133,0.659636581444469,0.718359217507883,0.234523033174778,0.0460105703998121,0.00273544402593587,0.00742794246743063,0.0380185434234344,0.094079489291183,0.182096229350754,0.30490858932191,0.458041733909538,0.621265510506627,0.762809547755658,0.857910329881899,0.904080159647377,0.915498058120048,0.910020282755554,0.900974197880502,0.895616084147383,0.897043868286885,0.904192203790547,0.911231707760529,0.906436735886001,0.871132299587467,0.788223746878729,0.65388637858283,0.492658455168104,0.340998164157477,0.221457338232197,0.140241815070016,0.0849863599048727,0.0501423259700863,0.0286743694839206,0.0157781016898337,0.00847932576831987
0.00380300771941559,0.00514427155577683,0.00696983799904242,0.00952818268519441,0.0132596089262867,0.0190050841030295,0.0285401369203863,0.0461262652105197,0.0840109271043941,0.186608734248585,0.5318703161704,0.681800699216823,0.188051616865657,0.0679372709651193,0.03076135756536,0.0153100493758578,0.00767935922108983,0.00354580830913291,0.00127132915434819,0.000193066906058177,9.47044421865933e-05,0.00105327852724515,0.00346038683993336,0.00821504441707753,0.0172596987833602,0.0349634566196096,0.0718217160728949,0.152930025094845,0.308850806211088,0.293097814252307,0.0137494406807482,0.0467973117434572,0.0339720250598599,0.0200767724411369,0.0106851533529383,0.00436068339301045,0.000889739759117801,0.000214974597841668,0.00314854982136118,0.00932939856898965,0.0237832217014256,0.0494446036015166,0.0946945431678654,0.170732343429883,0.290630620028656,0.459768680196266,0.652162584453024,0.807306135329605,0.883037607891802,0.8937661388142,0.87773962380385,0.860441511800166,0.853339881048942,0.859324867554757,0.875683068735607,0.894959425116259,0.903692291772692,0.883151509164795,0.816781543935609,0.703765892552554,0.564366415734989
0.0148055973077818,0.020559438055228,0.0287965626950605,0.0410843633681362,0.0604521430554701,0.0932970596870721,0.154526674548561,0.28168355775463,0.554866148862264,0.874528036116637,0.597651380939884,0.274768325000286,0.136093477239858,0.0745726229989473,0.0434713903717658,0.0259861329718126,0.0153816802414269,0.00864373475639231,0.00430017901923172,0.00161465932051334,0.000251721737850855,0.000125434010591547,0.0013448923042081,0.00419632664490979,0.00908705435931551,0.0162315804541175,0.024025341709888,0.0221620162353818,0.011799361738744,0.609598659510886,0.711842642748708,0.463398142024368,0.224704338316505,0.0994810378110642,0.03862212378003,0.00988649735949442,0.000577957177132798,0.00677533349714051,0.0294874337932269,0.0729831937322877,0.146234979285718,0.248489451330629,0.392807891196193,0.565232096090823,0.72687306839381,0.841960761958841,0.897657012884277,0.90708765658451,0.892321736030718,0.870482265254449,0.851424380075854,0.838799835881131,0.837602552971514,0.844406164724686,0.859124926621609,0.879278210069888,0.900213921225362,0.913768580611937,0.908437767044078,0.871126013753927,0.792438703475325
0.039219353571592,0.055864058783797,0.0807035768555974,0.119461658903845,0.183218044607779,0.293685476467455,0.487050775267788,0.768202626522799,0.906065843903035,0.673022560758923,0.395964779183003,0.230057918919198,0.139197565420455,0.087176595160384,0.0554527350115053,0.0350381131355985,0.0213600253471617,0.012014440233542,0.00571721206038142,0.00182790190250636,0.000129942025402095,0.000731035105405875,0.00400206247131231,0.0103810132516118,0.019370692915936,0.0245392374243107,0.0044810089908048,0.638784062562063,0.784674313822575,0.689708279978896,0.25808400829478,0.0370890599771838,0.00721274378087377,0.0749347842277371,0.218832977996984,0.411029582002279,0.611067685297477,0.770227450415787,0.863768620398892,0.900219864976303,0.902716370183428,0.891700840510446,0.880030885002482,0.874440143590224,0.877096355942101,0.886372053201927,0.89446724871837,0.8829852498895,0.825385178437667,0.693755807395193,0.505235762316834,0.320195372070931,0.183722230238579,0.0991468076296418,0.0519983888025361,0.0273880903798995,0.0156057224005578,0.0118184545510463,0.0165289603233293,0.0564250231158225,0.45161384085531
0.0263534570929796,0.037552062980554,0.0543008407591709,0.0805760314442338,0.124398188315879,0.203020598503095,0.353639071518806,0.630008922211611,0.900497082531103,0.710634730290334,0.388335159617566,0.210264127522825,0.121387961428853,0.0735983070407343,0.0456249998818937,0.0280660580597119,0.0164924910137339,0.00869668087103109,0.00358434937978594,0.00071518267231979,0.000139643955628304,0.0024007426328364,0.00862613947870897,0.020329970173453,0.0359212327351183,0.0224676305588255,0.614393168487045,0.73648236872141,0.307045763865761,0.0506935537657775,0.00286955766503198,0.0627518754347731,0.213282995366708,0.43704334950578,0.666246002096307,0.82061813859199,0.88607849759072,0.899679901357179,0.8968889032821,0.895455029356479,0.89778776103098,0.892565730170643,0.851675642180631,0.740650359923286,0.558235939404428,0.3626397566827,0.212221236045214,0.117758756418783,0.0640060040809385,0.0345417313191663,0.0186491732323802,0.0101830066314758,0.0057861925758525,0.00365676470547873,0.00289357162693819,0.0033105675902707,0.00578705860723296,0.0144988944590785,0.0490653059502862,0.23226280972436,0.644699978593468
0.00723925461847749,0.0100162249901101,0.0139556543309094,0.0197610232334247,0.0287682668896466,0.0437639815320017,0.0712610006452715,0.128915766085186,0.272234022106168,0.642006058699161,0.761875366082273,0.30283561358304,0.126522731219381,0.0630770374971635,0.0348052541128853,0.0200260153174245,0.0114126990895707,0.00603883317954355,0.00261551444101004,0.000620515922700871,5.53606264018681e-05,0.00157753954077734,0.0073113656637719,0.0238899795794234,0.0750950080687419,0.248488410866588,0.485940354552866,0.0246317590109015,0.00741930066126885,0.0068653409135029,0.00329435529565775,0.000785232476785071,8.22172571815252e-05,0.00179251134711839,0.004999425116079,0.0137900736748963,0.0290679396373573,0.054357116025344,0.0954860070084745,0.160944516185832,0.260928242653358,0.401764386087435,0.572728048312581,0.736162076512782,0.848010790533032,0.896273300302912,0.902790787122461,0.894206618776009,0.887297984450927,0.88890496865922,0.897584819722914,0.905146327317383,0.896609830773929,0.852512424515291,0.760024197993933,0.627301502777263,0.482127493583019,0.351930151410752,0.249312910462897,0.174135246765427,0.120016394418253
0.000980602485796903,0.00127697412078907,0.00165251834319465,0.00213596871085024,0.00277277558672968,0.00363858607000194,0.00486813439930128,0.00672139870513842,0.00975979781392117,0.0153992214643126,0.0281660548277663,0.0692975232150448,0.323580966336564,0.229847870257471,0.0302496230629154,0.00850461004311978,0.00277416944641586,0.000786233711098899,0.000106034034971827,2.75396563093714e-05,0.000307859629138237,0.000867091576766327,0.00169849634595424,0.00283925003851507,0.00436331929074107,0.00638542180170697,0.00907376871808813,0.0126722849018497,0.0175440659016947,0.024233108569652,0.0335792886191663,0.0469267178017312,0.0664595207166842,0.0958197836567833,0.140963728192885,0.210417792795052,0.308493189702756,0.388772848786287,0.161580626363871,0.209168087628621,0.260375606131331,0.179887967191849,0.116292880863453,0.0708012112106852,0.0391137640135045,0.0172741786772207,0.00398940963997359,0.000954440529568778,0.0151054243403514,0.0542892802020831,0.163212828347565,0.364604503969221,0.63208490388975,0.824655789195662,0.874161803644738,0.843272830401002,0.799721355082326,0.768667680561219,0.755047592678639,0.758484585578601,0.77676218712386
0.00423946270432208,0.00566500468217735,0.00756283838572827,0.010154022869442,0.0138177448753067,0.019250106596532,0.0278503886689774,0.0427662902601312,0.0722972875015823,0.143404797283508,0.363361706050226,0.809728473017698,0.284489313551718,0.0850349027848034,0.0332344305071863,0.0143495661452563,0.00602037161160919,0.00207792331797246,0.000365550288151657,4.73706426807173e-05,0.000822370487069893,0.00266304539859222,0.00573277505945317,0.0103710935004636,0.017130041017664,0.0268448033554803,0.0407700264196535,0.0607435122156419,0.0894761060891151,0.130803885378744,0.189866515164986,0.272318832708857,0.380438718788101,0.499058444391149,0.518879891529187,0.229574942899476,0.743057112419197,0.572980984314928,0.333639558195462,0.0372705796750675,0.238479089845818,0.726844031801164,0.870256688757803,0.88271696072287,0.876246391272772,0.876011152907855,0.885107316084618,0.898194444369921,0.902537030217922,0.878409959958087,0.805241249834786,0.680731972895849,0.530151799448902,0.385649824535889,0.269128792674279,0.184186078272915,0.125229993699369,0.085158810297198,0.0579707178365308,0.0393368383183105,0.026766059359962
0.0275573208434426,0.0390905746796249,0.0562030955992359,0.0827839406353684,0.126558254958945,0.203826555184301,0.349011595151099,0.612607314225676,0.891420561368758,0.744530033861481,0.416683043394035,0.225014295724006,0.128622717153529,0.0770409712413304,0.0471007115828955,0.0285026175880565,0.01640579058814,0.00840348090687937,0.00329612188051197,0.000571701121075998,0.00019868498263041,0.00258121510943443,0.00862794047214616,0.0198745395908723,0.0385025879757919,0.065867456818833,0.0890175916279265,0.0319399326876967,0.698684112185133,0.749257041668357,0.0827126247951567,0.122360115248202,0.439431126913672,0.686611216454564,0.834368501026397,0.892747009326598,0.906025112283353,0.904387187572024,0.902564919810419,0.903352989780133,0.899019227746911,0.868438450610412,0.781498633286264,0.623952677426086,0.431995840342509,0.265351829068928,0.15150837179884,0.0834405895906752,0.0452184454497964,0.0243901938151976,0.0130737022769859,0.00720086890538998,0.00425780819276092,0.00299739214380149,0.00291865170348098,0.00453375337783928,0.00998985811963742,0.0295965015876899,0.115167969580625,0.532681542609523,0.458247633250891
0.0185915340025696,0.026732605920828,0.0390695322738997,0.0587459494952234,0.0923230136186597,0.154715165243982,0.282034993742,0.546835499085488,0.87658675414817,0.694899743439299,0.359140444764963,0.190697830359052,0.110972533225259,0.0689387070847857,0.0443080915003194,0.0285517371869598,0.0177439693491327,0.00995872758799672,0.00431639719000974,0.000768357446149239,0.000626208695719988,0.00927834864710782,0.0473225221429775,0.0989481414876821,0.0863337404770588,0.0458340247607818,0.0154140280641687,0.00277324865286429,0.00105730931137184,0.0142666388124571,0.0536715234046091,0.140655396669576,0.300615435480498,0.526104240347709,0.735965593524766,0.852214962710979,0.889953435311985,0.897188064024546,0.898172260636996,0.889393544532131,0.846401294909859,0.739616229879263,0.571871021899724,0.392596452410872,0.249514430647498,0.153346870762667,0.0937210138095023,0.0576561263116119,0.0358115929573556,0.0224207922279316,0.0140960741709632,0.00884171886766847,0.00562074417967864,0.003487995943383,0.00214805146312126,0.00131578168944106,0.00081287413555267,0.000529355583107244,0.000397295511805071,0.000394874851040426,0.000587324551349747
0.0194072359431564,0.0268646144380942,0.0374820090254616,0.0532197367061043,0.0778251926400074,0.119078242340207,0.194512799971165,0.344963305660689,0.636903393769143,0.891978715208418,0.594531721958316,0.283613831391389,0.141612382250053,0.0763003561181988,0.0428579623284042,0.0241136222443651,0.0129695821913318,0.00619560014974797,0.00223549171501356,0.000330890586554918,0.000167739553250995,0.00171991565195952,0.00518472877543436,0.010974005430278,0.0197336687342,0.0324017135807698,0.0502578326107731,0.0749837848749666,0.108684645401033,0.153541862154207,0.210247979254775,0.264712870302731,0.164824487382252,0.669164407003183,0.795866135177608,0.389411744291064,0.290442624199994,0.646961963552951,0.813149829010597,0.891428663757501,0.922753037078893,0.928247286254137,0.92046036963754,0.911376641961355,0.903779563339488,0.90050196294789,0.902727500053122,0.909770937430702,0.919009037944194,0.925407117234628,0.920472362210404,0.893360086921648,0.833280035313599,0.739136503401641,0.616431514848149,0.484463219667339,0.36192700145939,0.259897561581251,0.181242471270573,0.123199644942058,0.0813938256125414
0.0155444010522757,0.0216731715959449,0.0305063288322054,0.0437870690269073,0.0649122455238641,0.101115708732346,0.169344421042426,0.311700386576086,0.607583221029335,0.879853286755448,0.559970952164145,0.262749062135589,0.133821010969452,0.0749106069107724,0.0444285852727977,0.0269700778533194,0.0162124472980291,0.00926573018016527,0.00471036968797536,0.00183603849164211,0.000322336542438601,9.8270347465988e-05,0.00126945062280363,0.00401428771949635,0.00820494010097051,0.0118659817654988,0.00699770572438532,0.0348485369938925,0.6135946081266,0.720452657207891,0.519562532025895,0.29553959966178,0.163220741562598,0.0868031146300008,0.0430738648915031,0.0176804328158804,0.00403752935043365,0.000555277708836564,0.0083493450234719,0.0313966234903989,0.0770075942141438,0.155917369764216,0.279139878726734,0.447781136591381,0.635834256887659,0.791285653858783,0.876621635505059,0.89759653386967,0.883161213203494,0.858169828212812,0.836003750958223,0.824085318162843,0.82261193303901,0.831895563391249,0.850305496711406,0.874192566417107,0.896623118890971,0.905982537422489,0.887560768893579,0.824589337218215,0.714044214922071
0.0089104289488974,0.0123895531896735,0.0173653718370694,0.0247670703581557,0.0363821639393156,0.0559712978836774,0.0924296567534885,0.16982655342746,0.358804938800964,0.758770994565536,0.691914291933768,0.28566297919689,0.128100486507811,0.0664073652504629,0.0373952119976153,0.021718380896939,0.0123965873205849,0.0065293030060483,0.00280507416887738,0.00066965904769007,4.55657600478147e-05,0.00130887329730597,0.00552151549675597,0.0151377270951978,0.0359446344666615,0.0827418483040355,0.195956007983105,0.458269723691511,0.700779692117107,0.284774402782786,0.00575593777744166,0.0088851106913488,0.000854063824271536,0.00440833214921309,0.0290670812158241,0.0886436673989485,0.201707780403791,0.377995952311998,0.588364743966389,0.764037524675717,0.862444346970998,0.899633780634672,0.909258065228085,0.911562283637446,0.911740245611907,0.902687143089347,0.869195571936215,0.795433473142506,0.678826555084975,0.538136964470673,0.402209691966425,0.289594920122109,0.205215047729769,0.14504954425629,0.103098734226376,0.0739106891561883,0.0534700768868101,0.03902654656027,0.0286984981354548,0.0211561594856289,0.0155898067150251
0.00422847335263533,0.00560424381028403,0.0074094516398346,0.00983341527008687,0.013194823074987,0.0180660273743673,0.025561174831957,0.0381014694142194,0.0617456497318874,0.114990753471535,0.269426963054589,0.734276316216001,0.414549516621457,0.108129709864381,0.0388283577505604,0.0160126839350413,0.00658394058591985,0.00230322616132437,0.000461448696319021,2.12045790031815e-05,0.000568725999449777,0.00197324919276678,0.00426356286704536,0.00758440203252629,0.0121953894260422,0.0184835422765616,0.0270051484170208,0.0385439107697616,0.0542143475318777,0.0755755557371959,0.104788126178009,0.144761554362282,0.198934701605364,0.269961923533318,0.353995140043999,0.417721136726154,0.271449579898298,0.500006935097039,0.687727784897742,0.568414881144672,0.400593854880128,0.240696641708711,0.105366170141167,0.0170390780192068,0.0225679370136067,0.202493183171227,0.534652174410177,0.796642583667334,0.88178572980392,0.876485987126646,0.849274261085444,0.825907602081886,0.81357737151495,0.813475903247103,0.824597776270482,0.844930354623319,0.870826342699303,0.896368377097167,0.911812594569062,0.904450385761363,0.861820148317275
0.0285110080819809,0.0406101973016441,0.0587103567254587,0.0871484036315461,0.134712227240472,0.220287930215206,0.383549391971757,0.67206701645247,0.904391087028795,0.671909241457921,0.36577389756148,0.200999488506035,0.118039159252593,0.0729965770119625,0.0464517080035351,0.0297101279178811,0.0186032118522142,0.0110091790620096,0.00578383705488847,0.00234490135629925,0.000447668374062588,0.00010184217780698,0.0015355083191063,0.00512152618180705,0.0108579556051323,0.0151491681631808,0.00334774905151129,0.630684454348626,0.72621535904177,0.256925429880959,0.0387645350517079,0.00112400397238587,0.013316816154689,0.0472843907070128,0.11759702942337,0.193613383986194,0.321611933542642,0.468929030411869,0.62209493500157,0.756386882338857,0.851761656265718,0.903542854940122,0.921461529400712,0.919678431192786,0.910657101686575,0.902202602655273,0.898754292834683,0.90152501523338,0.909251728304121,0.917731495292072,0.917511365194775,0.899089464493154,0.845495810211018,0.748124579456924,0.614632381249726,0.468166231344627,0.333930244222273,0.226113399746779,0.146391281842276,0.093165004663528,0.0584074342195365
0.0134723748324031,0.0189658095827442,0.0269900236978178,0.0392330036619384,0.0590316015198515,0.0936107603439784,0.160323363006357,0.303927666785201,0.612361406017597,0.883757005988221,0.540482154494683,0.253452691083448,0.131193013762099,0.0748339674264397,0.0451925719700349,0.0278429354664754,0.0168537788940082,0.00952065662828319,0.00455411511324762,0.00140763245798757,6.56458550977782e-05,0.00111772736165866,0.00622220113544725,0.0194815708996199,0.0517435401927663,0.135044249698303,0.348857025424171,0.719019351700757,0.544623770990002,0.0033546098564078,0.00699056246462867,0.000350723280220153,0.0101415963933643,0.0495903352688561,0.135605763982462,0.284320926623956,0.486393421814764,0.686104753931752,0.822122588362388,0.886500456101144,0.908551007119437,0.914325194136998,0.915388353755055,0.910136133951534,0.887756740049009,0.83299963524745,0.736550014853472,0.606730055014098,0.467884444063831,0.344010920640323,0.246402838085931,0.174766849213805,0.1240431839273,0.0886157252300464,0.063834350491415,0.0463622809032612,0.0339270227731283,0.0249740871683871,0.0184692333531258,0.0132240239012947,0.0101405974018977
0.0201786586506594,0.0286733226899135,0.0413226615382231,0.0611062808387335,0.0941133761353903,0.15393835991707,0.272952649382487,0.519020083364702,0.863317454080191,0.741371548039916,0.380660725680174,0.194253434080004,0.108365526993202,0.0645643190574588,0.0397782018089309,0.0245681290279804,0.0146902280438282,0.00806665505183891,0.00366541983220554,0.00101644200116004,3.86546556930987e-05,0.00100027330011285,0.00460912374793955,0.0122827614365616,0.0261287280048039,0.0517043291380927,0.0987858055070429,0.186435057706383,0.350519811387286,0.614622382165745,0.785781162791348,0.457160732069199,0.022819746835125,0.00138863417043159,0.0357363686213992,0.159548469382494,0.35699038960377,0.580034207357786,0.758411694070401,0.86103651386028,0.904237625601907,0.916926371312168,0.919226540848957,0.920141950313255,0.921402528336306,0.918613261173361,0.902838511077495,0.862612509007527,0.789332878132129,0.684156470827735,0.56098232710669,0.438615968328495,0.331835767076829,0.246317218600922,0.181314929313095,0.133338630776445,0.0982973129733443,0.072731406768504,0.0539526296674068,0.0399300299236922,0.0296919134696252
0.00349084031128372,0.00462060768725065,0.0060986665049136,0.00807565831536128,0.0108032833535001,0.0147292097875234,0.0207181547075437,0.0306220435681694,0.0490115652496249,0.0896525554628851,0.206443124625791,0.61514341891447,0.455440533717947,0.10482023085149,0.0351899675879541,0.0138275568014648,0.00537475056260755,0.00169833022261284,0.00024461576912084,7.14810119047171e-05,0.000823193216078157,0.00240873660091673,0.00488864112363148,0.00844314911177326,0.0133678813456338,0.020099383193797,0.0292545888229827,0.0417070146468523,0.0586678859786701,0.0818116114695915,0.113441439398887,0.156605367351144,0.215023713285128,0.292522037839246,0.390944332249384,0.504868639586408,0.606934422229734,0.561486180910498,0.662132710522705,0.813686261756835,0.711462540191008,0.479042729896076,0.0921595442760087,0.390478739212219,0.830095595555042,0.8700707759207,0.859025560163763,0.851945678400884,0.855290660740755,0.868813888728743,0.887681511220967,0.902153934847354,0.897284985078887,0.855171533385825,0.766422925075084,0.637804099203962,0.49568678635622,0.365819412095866,0.261465648296141,0.183764637908996,0.128272057579814
0.0044883474691971,0.00599608346457682,0.00800380508854064,0.0107466977506356,0.0146292041149529,0.0203959712171837,0.0295490117900156,0.0454805842048523,0.0771723466446339,0.153856069531894,0.389771882300798,0.815383656144874,0.280110519292805,0.0865117581866087,0.0345968486545983,0.0153261499808368,0.00669898874645137,0.0025208195513212,0.000587347359797351,1.75044794931505e-05,0.000460496613330916,0.00182488024459806,0.00417846887818622,0.00772185668370704,0.0127885695517993,0.0198771483081944,0.0296996848851977,0.0432739578254532,0.0620151722057821,0.0879108332091774,0.123649132888179,0.172767331624103,0.239397787263525,0.327229856120898,0.433116145355982,0.547887067448001,0.557447572602127,0.764042296775419,0.832037911392663,0.612306127527013,0.098246148654596,0.460244918115435,0.837528149031083,0.895992276976709,0.892839324507565,0.881931822148455,0.878541878854103,0.882867603495997,0.894194753569293,0.907853188630258,0.914843577105502,0.902162499977634,0.856990089754849,0.773502698554799,0.656379153325433,0.526246031133755,0.403963922390028,0.301395482861198,0.221553936470575,0.161819504812003,0.117959852578168
0.0107166454107143,0.0150434781540043,0.0213252812781293,0.0308343306542743,0.0460591801869368,0.0723393315178738,0.122510431560344,0.231006815349569,0.486343753404565,0.860380627031694,0.595848039492865,0.261817433560019,0.127512409557713,0.0695060563170157,0.0402392567379053,0.0235496642570997,0.0131737150514689,0.00641426671554665,0.00213472150744102,0.000135807469230321,0.00120273418237386,0.00794986989423566,0.0276783524913385,0.0817103887466042,0.232162553166492,0.541414771485161,0.557976985102892,0.0140570534366303,0.0397806489454932,0.0177631621048184,0.00258373471514502,0.00428035151259176,0.0419631933505239,0.153559970609949,0.37498252989346,0.645342261692705,0.819789154468322,0.880123373424063,0.893540230294294,0.895685939487314,0.883331854038633,0.830059582317114,0.710755352396769,0.539877030865093,0.369500174840876,0.238097843088176,0.150294498214507,0.0949868127297286,0.0608644727020586,0.0394470749132647,0.0258724392446864,0.0171192114085763,0.0113878501823802,0.00756634625503156,0.00500202466889567,0.00327918919671879,0.00211430294815287,0.00135172094655296,0.000832847316622217,0.000500910272480092,0.000297740905152243
0.00184218785407638,0.0024175600852932,0.00315799553844997,0.00412902492568268,0.00543704192787225,0.00726501487127921,0.00995098329152179,0.0141796786559163,0.0215286789566773,0.0363339213763891,0.074195879792503,0.217668678200282,0.741893335601067,0.140839422239923,0.0346121867909887,0.0121597370922746,0.0046316891289087,0.00158792912455328,0.00034642376776051,9.84206616994536e-06,0.000237198344435253,0.000904149401215133,0.00198995332949034,0.00353693597094575,0.00563807269951388,0.00843841292632577,0.0121447738837357,0.0170511934183188,0.0235661931817672,0.0322661627343623,0.0439833669567341,0.0599184461480127,0.0818256783374739,0.112289158698134,0.155013389430306,0.214843948490865,0.29626710975756,0.394555281324913,0.446971790553166,0.0954977946288458,0.684470673077021,0.56918210006795,0.354444932648144,0.153109726551193,0.026972506450929,0.0230236617457193,0.226632264312783,0.579255568975471,0.817420279715606,0.88101454924419,0.873005296512037,0.849349420810541,0.83296185210058,0.829175085509693,0.836516877160666,0.856304154217241,0.880475922248112,0.902051704649734,0.90953693198055,0.889410568970929,0.831124846493375
0.00658159281665265,0.00881642743502706,0.0118094817350031,0.0159280295129403,0.0218095311574312,0.0306436566147212,0.0448523531979218,0.0699607281950141,0.120567716126285,0.241625049455649,0.551394225696645,0.778066968678757,0.298003985605848,0.109312352559573,0.0483507362021096,0.0234363375608248,0.0115012452912451,0.00525964506468183,0.00194827825940221,0.00038135641880646,3.51270917738024e-05,0.000707149761026057,0.00238305591396786,0.00519070856265178,0.00939017895000907,0.015397256862677,0.0238279130268978,0.0355863087558195,0.0519601263846978,0.074776293279148,0.106416528628794,0.149308349658085,0.202573650935803,0.245345602365016,0.153411004138819,0.362326578324291,0.663226251273522,0.523804226533596,0.329170456124288,0.180056894991049,0.0757646239611108,0.0181130834011027,0.00215729767901467,0.0377148576509065,0.135960397049008,0.320233515925646,0.552323566436277,0.754450122538527,0.866930298651518,0.897745188496957,0.885120193947667,0.859086197976528,0.834233472430269,0.816666478836906,0.807777105973821,0.809933368848678,0.819916830245144,0.837300203046463,0.86005117421566,0.884826438816721,0.906496461049329
0.00302625427481746,0.00398530928161417,0.00522999941478794,0.00688068541736438,0.00913752127677351,0.0123548474740427,0.017210768219634,0.0251482983071816,0.0396942581874242,0.0713992050824137,0.162099628212245,0.51823807578525,0.500304943796412,0.100658518611125,0.0322410490550555,0.0125751499055897,0.00501912103123106,0.00174387999270697,0.000368350043313363,1.11767380042231e-05,0.00031219691930699,0.0011286202308823,0.00242457706782842,0.00422734218736485,0.00661015139222806,0.00968733978632644,0.0136151671086514,0.0186035441775312,0.0249220848882108,0.0329218933863435,0.0430573208550995,0.0559303216618975,0.0723245549183491,0.0932687838553329,0.120127614588644,0.154666531938291,0.199172167028982,0.256058062690872,0.320426950819891,0.410131715359546,0.504217808298261,0.620469489827619,0.726401501405377,0.777459605436192,0.842156172765609,0.888821967288131,0.782880030234982,0.136069996043979,0.842839613946761,0.883348133871713,0.861501848733081,0.838341216697287,0.821543110106325,0.812523329545057,0.811586443473454,0.818199600239586,0.831497238479676,0.849533846422201,0.869610340468714,0.893983750338408,0.910508282480437
0.00688824483320445,0.00933009353296264,0.0126653979393168,0.0173621267727151,0.0242559454143713,0.0349617839886818,0.052908015801055,0.0863563122692438,0.158490075431871,0.342984051947817,0.761442897336023,0.599304428741433,0.211768149619115,0.0882366806204275,0.0427837118320659,0.022239694137057,0.0116143098769466,0.00568802727944615,0.00232313357540927,0.000572225153707407,2.0474365098258e-05,0.00053904084962104,0.00219445792364556,0.00522817633477185,0.0100854064309814,0.0174880224034911,0.0285851079708846,0.0451778318243617,0.0701342770343528,0.107937083946914,0.164967532732231,0.24608460721304,0.323702732350866,0.111889826208363,0.544676268729189,0.359051040434111,0.0987081156166884,0.0569729629009571,0.00314857696694668,0.0675075331708282,0.229428287503413,0.462288628890491,0.686974063557755,0.833367783365163,0.895778755751308,0.908008359427411,0.901496147152576,0.893448805037546,0.891395655295909,0.896636106937223,0.906507961123376,0.911801313174391,0.911182866775998,0.884923559199421,0.821777458577519,0.721362086966639,0.596838585883008,0.468714403707853,0.35429827295709,0.261294009237914,0.189952536771047
0.00185882437957982,0.002435257231044,0.00317380915162283,0.00413668370318597,0.00542375427840099,0.00720402816088462,0.00978381246586226,0.0137689491918702,0.0205048134466089,0.0335213873086909,0.0646162866695757,0.170333092563591,0.642956104173575,0.215065420264507,0.0448343528404185,0.0145380771278929,0.00520493901220509,0.00163985711604534,0.00028582491280365,2.22343222079531e-05,0.000448833759655726,0.00143993070912935,0.00300460874392333,0.0052423833612092,0.00833716564959357,0.0125718141722389,0.0183698603487838,0.026351219336819,0.0374353958188315,0.0530147449346778,0.0751905624980017,0.107166537054998,0.153620344042572,0.220625258466577,0.3125558982225,0.417217494571563,0.447938568490701,0.0645045045785674,0.414802353988514,0.431629204264894,0.330768133058282,0.228450407966903,0.144319327192616,0.0766399247959043,0.0250053446812936,0.00196717545362704,0.0485954136091118,0.24860431989075,0.593997140863283,0.823324765614498,0.864831909963331,0.842650868669957,0.821086657074415,0.816238870457846,0.827803570316573,0.851998606864894,0.88048463196764,0.898693362941856,0.886602171572133,0.825769843603529,0.714241043764074
0.00749076336761544,0.0101172711577722,0.0136890569761341,0.0186895660592811,0.0259741073432094,0.0371716106308912,0.0556903389442433,0.089590128328553,0.160922475629967,0.337658241364484,0.737959329445944,0.62467627476185,0.218032711220348,0.0862807975561533,0.0390431260832262,0.0183990599084853,0.00821510871053839,0.00299686814587622,0.000575300162100841,5.26275092040697e-05,0.0011173237893496,0.00379698755775649,0.0083796145591803,0.0154133694109637,0.0257723492778644,0.0407421741475864,0.0621908164725122,0.0927112119081464,0.135802412281161,0.195302057952856,0.276511980936374,0.381197663417866,0.506389403291788,0.639440426773066,0.758088239968552,0.833192809427017,0.667292365897446,0.876580359199246,0.723949980237475,0.759740840612278,0.901279603068292,0.903786237733006,0.904847866825703,0.909228531203111,0.910022570372832,0.892799851775204,0.841442522478692,0.74023980875196,0.596108793873241,0.440382485310647,0.304360143651862,0.201860295451177,0.13104743673901,0.0841189860717199,0.0537045237235051,0.034145150577515,0.0215140673911353,0.0133990556623398,0.00824800248779561,0.00505543206227655,0.00317933369695152
0.0212580399074359,0.0301432631564336,0.0433408778845924,0.0639309599765837,0.0981978898548808,0.160128803145817,0.282755497104023,0.533131625983355,0.868732246968634,0.730649365010863,0.37425387152984,0.190724492727825,0.105962739470154,0.0627350154321827,0.0383352141315236,0.0234392295138046,0.0138441763423139,0.00748649009915704,0.00333197218389659,0.000891059241242173,3.4054301675936e-05,0.000927538676183584,0.00407458637031768,0.0104557927324997,0.0218567917972339,0.0415711708250798,0.0756901594162129,0.132843509306388,0.240859107959651,0.428972156586115,0.62313047819967,0.0253846154358171,0.0601564277275961,0.00253245944501703,0.0304843176800564,0.13171677607345,0.293818263595009,0.49102989911351,0.676939172702518,0.811493284608835,0.885613147977896,0.915638743071301,0.922421416006166,0.92137048737321,0.920335782781875,0.922069875378722,0.924711565400154,0.922557395995364,0.906199556229442,0.864098930288637,0.790204376215957,0.684250070977642,0.560652807670956,0.438025175734975,0.330457152904443,0.243985994623367,0.178017150600902,0.12912212671369,0.0933998983573076,0.0673125638440776,0.0479407171634153
0.0138623536870152,0.0197542783373111,0.028572584750679,0.0424607061189277,0.0658772236126288,0.109129474115623,0.19881033787293,0.404773880983276,0.787571244611329,0.750570844466082,0.361570119288066,0.176443833536377,0.097565640311805,0.0589835859984964,0.0375480469456947,0.0244144251225275,0.015725237502724,0.00962003590628554,0.00515805821110448,0.00193897290660451,0.000151668863926173,0.00162010997372084,0.016296045486674,0.0942171281122278,0.00129326524519896,0.00531534075223792,0.00374141407115379,0.00206400788386369,0.000210698204993886,0.000319161370226891,0.00238669235269216,0.00731785841510731,0.0126860496019229,0.0261893997887004,0.0470322930771779,0.0793691914675896,0.129148359420743,0.20397537933172,0.311317520104272,0.452404660986619,0.612352920645569,0.757474256130677,0.855352911355767,0.899349039201778,0.907298798968751,0.900775149843965,0.894646477202087,0.894948238304662,0.900583556607416,0.907692132777297,0.899390646509676,0.858128337495793,0.769805713599476,0.639389095333361,0.492897813834637,0.359098850339457,0.252840190146304,0.175255332386173,0.120816261442159,0.0832325112761374,0.0574297370583626
0.0415602088082447,0.0611317145613762,0.0919133316660601,0.142968483022413,0.232734744092925,0.396594006425054,0.669515444963869,0.9079192344377,0.764509304201279,0.469002265224184,0.276663833317913,0.170747597765148,0.110310252864682,0.0734015775907316,0.049335989603228,0.032762137171632,0.0208616575012023,0.0121225317687327,0.00579555899435037,0.00167909790185542,6.52389957881883e-05,0.00161678977415081,0.00519708990541917,0.00974575795102024,0.557317829934677,0.367019841095294,0.00388613918167725,0.0880565702278576,0.268238802848971,0.508760421860243,0.726038313079044,0.84836538556203,0.889943872991703,0.897457280704314,0.89655104914713,0.885545686138594,0.836059930741835,0.709714068110923,0.510997499830878,0.312685367996654,0.172589749506762,0.0910669029753446,0.0473502293444097,0.0245019661920993,0.0126337290218741,0.00650195498667825,0.00336935601346759,0.00181642733850424,0.00110305444498588,0.00085392519573848,0.000950236711266593,0.00150558996111019,0.00302644085420663,0.00693042027446641,0.0172222046159564,0.0465487950906414,0.141002580742956,0.4566096135249,0.704886294599698,0.409892862145984,0.259762763010618
0.00254097294820451,0.00335462692269332,0.00441306686213858,0.00581858155535098,0.00773949284349058,0.0104699489012793,0.0145638789848865,0.0211695331840175,0.0330100799128921,0.0578330837293659,0.124413619392399,0.377183790751751,0.69972076843205,0.14039644749572,0.0421226872253928,0.0164098146446668,0.00682758854509723,0.00262440037602732,0.000728766130044262,5.10538726090981e-05,0.00016789249017294,0.000935379845517515,0.00235862936641804,0.00455072709151648,0.0077314361390376,0.0122596938669396,0.0186879987168012,0.0278678306564243,0.0411331997417667,0.0605631210964472,0.0893823786363396,0.132120191746422,0.192856893386242,0.262670266372202,0.259461486031709,0.0116055217270198,0.336908514941904,0.338199032342751,0.24640770154013,0.168815072278126,0.112412325655929,0.0719529102533478,0.0422737343210908,0.0215701728069732,0.00671039832860097,0.000560384068344298,0.00803602127910581,0.0407002867590718,0.120825749401727,0.278054315259309,0.515399530716271,0.746051261934873,0.861488681079889,0.870938446259272,0.840174606562064,0.807778528358856,0.787486690086379,0.782163753827125,0.79089908211541,0.811807075047018,0.841409062971485
0.0170689730424411,0.0239487780520616,0.0339555587930114,0.0491371832627766,0.0734856407507961,0.115475052504165,0.194661461268205,0.357293079070573,0.670934069995594,0.881218470303219,0.547038263464914,0.266150858152095,0.138410191160577,0.0776449395004979,0.0453080825112378,0.026417635820897,0.0146571346748627,0.00713470383922632,0.00250787114373796,0.00027084975073228,0.000513659295339448,0.00393459891141941,0.0120868100134297,0.0279079197586071,0.0567009939577859,0.107071981554734,0.185231449420217,0.213120568981503,0.600287019102061,0.580996473009865,0.162680007308631,0.00965035863162542,0.238492227131118,0.600917911454749,0.813670043795942,0.88136956296942,0.893496701125466,0.895181596108643,0.896573927004654,0.886128635137182,0.835589880687632,0.715234207916959,0.534991779361707,0.351935351859195,0.212980685821489,0.124041823302308,0.0714061414099049,0.0410794918586748,0.0236885002293361,0.0136626870061976,0.00791370475390797,0.00462380188322109,0.00278185949077358,0.0018024182897259,0.00136488599854576,0.00133013795205266,0.00183771779751385,0.0034471008736173,0.00830011561513738,0.0248864684850945,0.0987532180881727
0.0327449015077701,0.0483678790228444,0.0731570079084638,0.114909885220268,0.190395781961772,0.336017603830703,0.606920725850072,0.89773526371727,0.762318576540513,0.445983027026788,0.255703349381234,0.157033149992365,0.102707927616553,0.070250121791934,0.0493782146415657,0.0351062736838069,0.0248351000253421,0.017139425156733,0.011248330776865,0.00686477846218107,0.00449690756133602,0.0158935660934852,0.273319828873555,0.0922730035225779,0.0127421536841485,0.00177973636844264,0.0004114823102754,0.00499089230211286,0.0176777779115152,0.0427450940755702,0.0879160530396905,0.164416955136758,0.284042848382161,0.448073049000612,0.630267670975608,0.781079823812245,0.869166982232829,0.903645668481126,0.911264487058167,0.91176737405092,0.911499146823565,0.904449319275792,0.8728012982568,0.793060907782284,0.656695902967743,0.488951320043865,0.333597315833627,0.215540465043372,0.135962388726722,0.0850285478301228,0.0531070736924942,0.0331200828765484,0.0205602076988543,0.012613193207036,0.00757968506739446,0.00441650363189975,0.00245489203963143,0.00127860781735085,0.000611030930080301,0.000262716950357494,0.000117794583872748
0.00655686679460796,0.0089200687342971,0.0121729285284732,0.0167953655145935,0.0236541628401939,0.0344476122867482,0.0528451787197687,0.0878918841613705,0.165701139899375,0.371003865256102,0.805538652418703,0.53361263534928,0.190213771353082,0.082397008939323,0.0413411910277803,0.0222292142334452,0.0120680154365648,0.00622242697974996,0.00276047811555995,0.000822872050732056,4.72933583377365e-05,0.000365820006932494,0.00194388673010139,0.00520640198053147,0.010934644771208,0.0203797250432892,0.0350406561370874,0.0537518506955263,0.0543868873563335,0.0156324786739349,0.434566769319586,0.36806292002921,0.219147291702974,0.125492287934838,0.0722850441440595,0.0405239747007497,0.020957827622141,0.00848649851687873,0.00171749685514764,0.000515713935318136,0.00624936696522031,0.02227398504744,0.0544701972549094,0.112923479068949,0.207046802949997,0.355787713139079,0.545427840282364,0.729751271073377,0.849879245768955,0.89169009751995,0.883861121454092,0.861653004151338,0.841504086019441,0.831299346871848,0.833162809716879,0.846469460203811,0.867997448536088,0.891740184514685,0.90687479007458,0.89755802803757,0.835125650282742
0.00665520750010637,0.00895014135781768,0.0120466506855288,0.0163464917274826,0.0225569067992187,0.0320215637361943,0.0475373003248095,0.0756981199493554,0.134610823652693,0.28283567844316,0.670058755246439,0.680338909401939,0.226985633419717,0.086667609678296,0.0391283573688743,0.0189022998959861,0.0089892816600033,0.00380048136889145,0.0011452197612838,9.15509734338611e-05,0.000255797180359217,0.00154438645458922,0.00406293759868745,0.00809478099792656,0.0141292388793374,0.022923868775018,0.0356210086016878,0.053856510277236,0.0798284043425823,0.115758566952775,0.160750634413681,0.196564043148783,0.133030951264763,0.11772753477446,0.543762220685728,0.496776164390283,0.368953348596317,0.251819750316361,0.162933129801884,0.098141503323979,0.0511502534825282,0.0202881169792621,0.00291916308249176,0.00542348144536418,0.0412090140541357,0.133304041459202,0.306253025894717,0.545791596728714,0.761007911976657,0.86774738607945,0.880261299335196,0.852493569520361,0.818014904197411,0.794510361117572,0.781221883114681,0.7801905488481,0.790802454758362,0.811462274976243,0.83972299098684,0.870867085420719,0.896660177552461
0.00600889777037692,0.00806815571976743,0.0108430628747887,0.0146942567685073,0.0202606139370156,0.0287667947560593,0.0427988990232393,0.0685692433558307,0.123783840937814,0.269499543591916,0.678169940204644,0.604979214664814,0.181221247137829,0.0678717450020599,0.0302494903232196,0.0143732365580835,0.00667752795241642,0.00272250918178406,0.000763503626805291,4.54081603484507e-05,0.000235888611202705,0.00121391942629523,0.00298400785486146,0.00564126279950079,0.00936605626727754,0.014425345052074,0.0211934535297252,0.0301788897918549,0.0420783672035328,0.0578288871985366,0.0786966568029202,0.106408450690202,0.143241154765607,0.192144622012428,0.256510931637234,0.339154421844984,0.437981813819453,0.521370699931615,0.452063461129271,0.736913307615714,0.665153767050845,0.28470046236334,0.0148399275311816,0.257886243477529,0.639501937610563,0.838354966704513,0.902873254548757,0.907578836472905,0.891481498175722,0.873347431577105,0.860118089427035,0.853587369392818,0.854869025110138,0.863349861711407,0.873741748242262,0.894241914830719,0.911774799452265,0.921920304180691,0.917608406834715,0.891321817866668,0.837598726871131
0.00654616667629797,0.00882339111801723,0.0119078082948505,0.016204864171859,0.0224267620675505,0.0319190996161611,0.0474730976830715,0.0756342307537623,0.134286115284647,0.280721720475778,0.660599585209911,0.67866641300844,0.224962661066076,0.0840923192440748,0.036706906709122,0.0167798190665241,0.00722200196243514,0.00246623851589057,0.000381243832237605,0.000110653627810242,0.00137694025656184,0.00423852584252259,0.00901839601348727,0.016313958566015,0.027076633084107,0.0427209593346145,0.0653262687173749,0.097824199779537,0.144213245690978,0.209373971180638,0.29788705787128,0.412068542156228,0.546061896687397,0.67980957058823,0.773143036812992,0.396578782719032,0.884347200130065,0.816877947345361,0.324977491274856,0.864178716641877,0.884789540625152,0.884561780291211,0.891797520017367,0.901112463791342,0.90079679534036,0.871219230257887,0.791010857910119,0.655494064911217,0.491979425278073,0.340807551591733,0.224491162073355,0.143546287738865,0.091405722284721,0.0579626012716515,0.0367049271568823,0.023183033411155,0.014507054890575,0.00907970610996494,0.0056822048531841,0.00363462926988883,0.00251776110795106
0.0210971267086984,0.0305316540504913,0.0450070609780236,0.0684555802946333,0.109222280855353,0.186512556812469,0.345451389651537,0.654323221164622,0.900357876143485,0.618151828426512,0.326210661226795,0.182834597245168,0.112106658466202,0.0735022602117639,0.0503465501477976,0.035343840384557,0.024979946726317,0.0174169047744969,0.01163561537664,0.00706169853798506,0.00347469799852773,0.00113532966446124,0.00419850972474593,0.0940994484543064,0.0253353861456193,0.009641014133577,0.00294958536507976,0.000413094259110226,0.000264880254305924,0.00259932275180819,0.00814066132376411,0.0180604767186741,0.0362102319074299,0.0661202447522581,0.114314603138293,0.189457629762458,0.300150644825942,0.447511175479552,0.61347874784503,0.760236874039553,0.855754005039283,0.899018041595353,0.910271530322675,0.910415895813677,0.910354255273362,0.911394530586545,0.904846714678972,0.873345183530055,0.79640367987016,0.664981612706903,0.51081302846938,0.362928112550587,0.24568368690913,0.162313488780344,0.106295512825708,0.0694228353276209,0.0452395745850437,0.0293642696096399,0.0188511449809,0.011894859635267,0.00709210691271675
0.0177738393539875,0.0253586578573267,0.0366703324019572,0.0543131186675993,0.0834867857201835,0.135428924336723,0.236023938081745,0.440761258651608,0.774553981827605,0.830373164365192,0.48818090085598,0.25721304551144,0.145501317143504,0.0879312366225148,0.0550291688655109,0.0344568444221481,0.0206538645107884,0.0110005626911167,0.00436007468475475,0.000614458765070341,0.000816732598731397,0.00802409868124744,0.0295004930455187,0.0823368673188719,0.203061069750229,0.436704047945316,0.552547267871484,0.350901589667136,0.0126133280996851,0.444385749658504,0.802484643184412,0.873958095514993,0.886185912722338,0.87531380741503,0.815834794962335,0.680110551706129,0.492408395958969,0.318093010918768,0.193490690251099,0.115786518386065,0.0696152072755487,0.0423704242615684,0.0261032722261297,0.016240987922708,0.0101716225914619,0.00638720907457673,0.00400745491762304,0.00250784898306962,0.001556675754184,0.000968169392173575,0.000608244240010927,0.000385167655558501,0.0002677547532392,0.000209110036457724,0.000204678858946722,0.000256700232941955,0.000403819759620022,0.00074953010280303,0.00155348287645624,0.003504434467339,0.0087525609894068
0.0126860263562804,0.0174909977020125,0.0242637657422178,0.0341545601674154,0.049295361123507,0.0739755264713018,0.117655368348214,0.203352251422594,0.388156444398698,0.73732022328844,0.800936649292073,0.399789142297264,0.183190681437614,0.0927611496587372,0.0502334828460627,0.0276423437565436,0.014607365079746,0.00678192206843306,0.00224387642698288,0.000207571394141691,0.000571218860562649,0.00382533318182877,0.0111979440026213,0.0250953401408031,0.049943837706671,0.093574938131589,0.16750902790321,0.270127866807492,0.224247258448875,0.427946229174043,0.408881148232989,0.201702717117746,0.0614873718085137,0.00302271614099899,0.0627918338846602,0.28307520484784,0.590339959745654,0.798231604519074,0.870476737135376,0.881416626296706,0.881027554335951,0.884725341508432,0.887250271389983,0.866528365667665,0.787845437758412,0.634750645111957,0.445014515765711,0.2798156708392,0.165792797786946,0.0960858632649305,0.0553732886536074,0.031883850768266,0.0183684956988535,0.0106029033412436,0.00618008156203108,0.00374177741359395,0.00250322658522885,0.00203766740589563,0.0023490004792932,0.00415544826925915,0.0110172157569933
0.00423617110337803,0.00571360235932595,0.00771130592880246,0.010486852137166,0.0144889163348272,0.0205588756279133,0.0304236375492203,0.0480808031610736,0.0844309374863233,0.176020907933928,0.461577635757072,0.781192715378837,0.248700090218402,0.084416621761972,0.0360599600602716,0.0168586039980761,0.00775524700289807,0.00307323406746674,0.000758297280003851,2.3719368254191e-05,0.000671425850714857,0.00288743421398824,0.00725569897893146,0.0149491721898903,0.0281567928431075,0.0510076449251147,0.0913725448044875,0.163815141581978,0.289839156915118,0.465197746229912,0.497817085150981,0.0194751961495442,0.198779659212295,0.148180719830831,0.0889220572599022,0.0431819585508035,0.011228352228556,0.00189317083440903,0.0404731972434682,0.179623476999516,0.451635024276964,0.726646039948516,0.852239693662688,0.876194633793897,0.877189996420511,0.882869322470382,0.889372054252741,0.873355870186729,0.801613002282603,0.661334676872495,0.486946199012301,0.329914269059969,0.214547053400385,0.137930933071872,0.088784887190565,0.0582514004836766,0.0390443810548522,0.0257953145477621,0.0171076586308356,0.0113308370643509,0.00745592065856926
0.0176524658796507,0.0246862566977289,0.0348774063600855,0.0502991523933249,0.0750237868057334,0.117786222176396,0.199046508381685,0.367805947762997,0.692654510001788,0.869789000423297,0.506064895120644,0.241072211435419,0.124653680341419,0.0698183526681949,0.0408243779208353,0.0240119531772314,0.0136292668083897,0.0070153710634236,0.00287829970992205,0.000619424985315445,6.02164851083994e-05,0.00135042502960369,0.00497898840566244,0.0118709381286536,0.0234914188436082,0.0415971139635398,0.064712866477181,0.0599962950852487,0.314114813780748,0.738434133624687,0.440648929341804,0.128159097740528,0.0159600190451198,0.00670995505188561,0.0611107218932759,0.172733757708661,0.337195580326011,0.531653712721447,0.710865679747953,0.834635930729155,0.895535209010358,0.912691810635537,0.909275409110108,0.901456061131654,0.897338490235488,0.899874713415939,0.907267068654366,0.913235027513417,0.905295198190307,0.866444630636653,0.782091940456514,0.653402845696687,0.503241419182021,0.361917957568246,0.248255580785557,0.165293423059665,0.108057366151235,0.0696539273778885,0.0442319697839064,0.0275311255260771,0.0166938446791238
0.0175326237515035,0.0245474955081905,0.0347138123031389,0.0500891425528386,0.0746887760444504,0.117051119147134,0.196933031015992,0.361019927773974,0.67617369777562,0.884850252262501,0.550441387219819,0.269170495989498,0.141221697190318,0.0804360927040941,0.0481417571726594,0.0292908407687607,0.0175042920311512,0.00982278054513437,0.00477581779982321,0.00165035640865172,0.000167807803361896,0.000374209830521195,0.00262668856988381,0.00767545334563034,0.0168706245386349,0.0325434011825659,0.0587861757467387,0.102639588458952,0.176105513591593,0.293749005928575,0.373114867105351,0.333140729443664,0.205214955798222,0.013749871274553,0.0297536840519663,0.183773162232567,0.398894685593605,0.621358377794208,0.783261584465641,0.873309723589855,0.910665635709167,0.920756210414053,0.921390220420778,0.9213667937477,0.922956128900775,0.923753928906848,0.91594112391883,0.888207660031043,0.828722851066443,0.732693839716399,0.609066924350309,0.477815869897592,0.358135724779699,0.260420942340781,0.186198452343792,0.131955792337916,0.0930233406317716,0.0652235497491041,0.0450923580353098,0.0309891108576474,0.0235258129214415
0.021299536563272,0.0299153609904587,0.0424897894196083,0.0616779239083846,0.092721782515506,0.146851727035466,0.249727596282762,0.456364947382369,0.791820493912072,0.833947578264572,0.469039175197805,0.235335943588986,0.126962150690588,0.0731831580749486,0.0436909742785833,0.0261379542393217,0.0150825882442321,0.00792440554193433,0.00337024428112468,0.00080750069770299,4.12262215108071e-05,0.00119891839898802,0.00472962814796794,0.0114822637717874,0.0228241355363562,0.0407147122534557,0.0667323897173915,0.0928830996437991,0.0313501959732487,0.737873619926567,0.717060195676708,0.18522151374588,0.00406299298388689,0.0705267780993708,0.229968447261199,0.430265830544839,0.627148566733791,0.779799497304273,0.870801895788462,0.910519388521314,0.919702520410433,0.916290812271393,0.911180081246242,0.909915607564705,0.913290434504563,0.918112403122814,0.916540266529564,0.895050561855715,0.83787605393827,0.735910889124328,0.597299593368,0.451786334339127,0.320342346044545,0.217924709861308,0.144267768393943,0.0936539793840176,0.0594100760302369,0.0386079667545706,0.023474874853175,0.0139415394412603,0.00785209806375841
0.00466472333355389,0.00625198992423868,0.00838068489766327,0.0113155976884171,0.0155195193387092,0.0218617977895742,0.0321401778512139,0.0505517320783512,0.0887017082338738,0.186351244888577,0.493473636370698,0.744273793315472,0.223272036848272,0.0761721896371731,0.0327101608067377,0.0154728401601873,0.00734840306144257,0.00318051261894587,0.00104297980954344,0.000130027671690816,9.81778994856701e-05,0.000833361097582374,0.00236388410886728,0.00483392482921189,0.00851615255956695,0.0138455847992882,0.0214938355347467,0.0325012755750264,0.0484563312148144,0.0717538472539654,0.105593295887543,0.151998341274621,0.197954840705269,0.138348408023871,0.186100452413222,0.454301711733315,0.325088737591133,0.187272833028467,0.102054307341639,0.0454117979720156,0.0135887099103726,0.00874207121825009,0.00433162539232142,0.0253209895372888,0.0883081619517099,0.17034323260773,0.284188864608235,0.499340245417535,0.706966614131816,0.844588458824993,0.893897210217092,0.885700683388498,0.852544035044821,0.826735576258549,0.804659677532509,0.792909464767554,0.791960467097135,0.801273931160542,0.819411759180311,0.844186866008885,0.871997646322072
0.0167606886180713,0.0230949803634248,0.0320364709903395,0.0451526402133688,0.0654051149153858,0.0988839550828952,0.159263045349604,0.279680235550973,0.530575010412159,0.865078167631859,0.668087807018992,0.310499999005854,0.147696467696781,0.0766819280221394,0.0418032612603053,0.0228641375771378,0.0118868174706257,0.00538539797179086,0.00172745327445172,0.000153133050582773,0.000377974943448292,0.00243037107729549,0.00659769659046614,0.0134305385547433,0.0237994470150231,0.0389628294249738,0.0606437707872802,0.0910092978213062,0.132028670802933,0.181929465004739,0.214095023818123,0.0506419357671399,0.780906581971621,0.842011363874323,0.622014767804167,0.121697413353186,0.0651903618033082,0.388949735664355,0.675862719542927,0.834087556000329,0.898815432222397,0.912844264755794,0.905769166263973,0.893801334490211,0.885150676342896,0.883248382175373,0.888725292578956,0.899550560154136,0.910146766628517,0.910025696465042,0.88290803019219,0.811649847041093,0.691484507425448,0.5403853259701,0.390133073988182,0.265171633393772,0.173074486391693,0.110169983318456,0.0689175610360217,0.0427125105794359,0.0266795249886142
0.00424679685346676,0.005723859037492,0.00772436676207092,0.0105143761907121,0.0145653667433178,0.0207784558625382,0.0310592971992936,0.0499937013462698,0.0908117897948558,0.201516323218259,0.566671843019964,0.647520369574512,0.176291768675934,0.0636744304782398,0.0284696116652467,0.0138663483151448,0.00674195505227975,0.00297426735301559,0.000986143749653683,0.000118853712011353,0.000113618560948778,0.0009322266732322,0.00270591603234813,0.00574805463167597,0.0106261276081114,0.0183178064292087,0.0304631048647171,0.0497247326761684,0.0795914891882253,0.119129646724555,0.126784990807774,0.00656979228373024,0.269862531275225,0.243208629640725,0.157690443463029,0.101146471400277,0.0630823527727885,0.0386121649658903,0.0222814464192713,0.0108564365504345,0.00380553783327195,0.000414522118088816,0.0013814908269066,0.00782953709967503,0.0241032925335535,0.0559087253852065,0.114234416038976,0.217424905856725,0.311972634534291,0.528828604838945,0.727391984637052,0.85093561194238,0.88718385089136,0.868135865471346,0.832672677121026,0.801133068302798,0.780714638242274,0.773372894285084,0.778606922607666,0.795139033176783,0.82083385156796
0.0217483596725205,0.0312803600382577,0.0457560388003205,0.0689160269201766,0.108576885894821,0.182421298506625,0.331539282269256,0.622484157625282,0.895771746961328,0.653549565284247,0.344003818821322,0.188093145953387,0.111976706418803,0.0710025683374117,0.0467315733519925,0.0311923706128882,0.0206089494960167,0.0130588257912026,0.00753355741319243,0.00355146405040705,0.00100433661847716,3.7941519367123e-05,7.05215200353728e-05,0.0330618033986407,0.512183073983938,0.169726896090561,0.0445328789241556,0.0136108595462998,0.00193836721326709,0.000747758648845174,0.00792311238164259,0.0267085707121798,0.0626044391755692,0.125141465743277,0.226172559693402,0.372897189843342,0.55251823139094,0.722987989102093,0.839358890033538,0.892652137173787,0.905816362155208,0.904531249770173,0.903660311092362,0.906435882020694,0.906001547833105,0.884897257389228,0.819100676259244,0.694707253982206,0.529577402247995,0.370535707791378,0.244011119504553,0.155879661930233,0.0983835935051143,0.0619214333084736,0.0388847577539115,0.0241565633332593,0.014809617040362,0.00887709185626457,0.00514827861273829,0.00285953271693794,0.00152069636908945
0.0187184293741912,0.0264649254928868,0.0378866868771379,0.055523881756629,0.0844859580368281,0.135958500733109,0.236421643945277,0.445678254540085,0.794176438929174,0.806465623080634,0.431111725284911,0.213764958437807,0.115532904014815,0.0668377695921585,0.0399378238175988,0.0237483884858198,0.0134241181510204,0.00668223433930057,0.00244501108305619,0.000310573533191693,0.000373524399412333,0.00324090402377026,0.0102330263641338,0.0238125504084448,0.0484097085024134,0.091505682493176,0.160962473041634,0.214000485477322,0.570328642130055,0.528866572919722,0.101819288780801,0.040634901894883,0.28698019609857,0.587383701230813,0.791459604041512,0.880384780495013,0.906684996567234,0.910942905370614,0.911750841845281,0.91233041705533,0.904986842855997,0.872392657405622,0.793641143977188,0.662113992438096,0.500522203453815,0.348305993555426,0.229661724947617,0.147395745997109,0.0932923211461799,0.060593283936267,0.0383601555046948,0.0243118895839872,0.0153521201686563,0.00962738490783048,0.00594458462799455,0.00360693430291622,0.00214870658064783,0.00126626086581889,0.000785475320318281,0.00057267813297766,0.000607722073357294
0.00361786033301985,0.00479110013070165,0.00632975537926988,0.00839560966704973,0.0112619436732598,0.0154218155431603,0.0218412631077338,0.0326394249169335,0.0532030630779313,0.100457037619866,0.244090170569767,0.716297392396253,0.360990049168521,0.0901531302696388,0.0323136846661438,0.0134166646542668,0.0056004506764125,0.00202960852588884,0.000456154388228593,1.31988460191674e-05,0.000346069598721328,0.00132916664663085,0.00296204074161198,0.00533179017255789,0.00860429931798883,0.0130385728353278,0.0190079912547398,0.0270491252469741,0.0379299690091081,0.0527722844478532,0.0731921156468943,0.101529544794558,0.140946100828128,0.194968812459418,0.264070849870694,0.330020171077731,0.286109403381885,0.0482790819321973,0.469077249459334,0.413405802660606,0.288529587692446,0.182106749942581,0.103156158837639,0.0500817452789823,0.017691592539295,0.00132989133963317,0.0124981524713139,0.0669310492254096,0.184521811478522,0.39229124088685,0.639275475898028,0.820385149426935,0.884390965863379,0.87020128168583,0.826824361873977,0.788588903082379,0.756647449794996,0.734905876426574,0.72394639772905,0.722818001738909,0.730619976629429
0.00732859703818574,0.010146224148147,0.0141379683707124,0.0200002672911473,0.0290387315259852,0.0439143384634649,0.0706599520339743,0.124896705616307,0.252800490806103,0.574711688458262,0.843871461992652,0.404724848236376,0.172411145487109,0.0871127559628231,0.0493373626688546,0.0296639065895798,0.0181234435871598,0.010741991679599,0.00574456204105888,0.00233974299867194,0.000360751846837212,0.000432033321406225,0.00520969507337005,0.0249348188595198,0.101659305183588,0.19376506899744,0.0032298894065843,0.0114451506210395,0.0140857396938036,0.00761192658013011,0.00339050920326285,0.000879990199693479,6.02388392993361e-05,0.00133013447099797,0.00551503064752674,0.0144325891874349,0.0310030230209846,0.0602051843682136,0.110261255877198,0.193079235292807,0.321030425797002,0.49353642429298,0.676895660397798,0.814582950852456,0.881382421738684,0.898435881561349,0.897618908375657,0.897452029522298,0.90131301490668,0.900141179775583,0.876484051961605,0.804867645976862,0.678732854270784,0.52222183771523,0.373563268597989,0.256162611652299,0.17256108461569,0.115951516703,0.0782374336181084,0.0530782717148744,0.0361083112104923
0.0190364454107472,0.0266939106628845,0.0378296518992695,0.0547442381635517,0.081956623728302,0.129126461688958,0.218557248180858,0.401321917759657,0.731121985369035,0.863743928329299,0.504660218277728,0.248579243982503,0.131788748399951,0.0752257837981634,0.0447214509745147,0.0267467279805638,0.0154742686145237,0.00816849117063716,0.00349293373969277,0.000837001084466683,4.61411011372611e-05,0.00133787665656701,0.00532291649028798,0.0130338022263579,0.0255684706766791,0.040637460435079,0.0298184930051244,0.403052276960981,0.784882309094046,0.511087548695529,0.175162719146676,0.0296986946987501,0.00253355142161167,0.0473127795052829,0.159593697985744,0.337179729351862,0.549944681533209,0.736782056903908,0.851767135493924,0.898153116914173,0.90541902769172,0.899542956304696,0.89506477798006,0.897043451486049,0.903478274874701,0.904540825431958,0.881061131969632,0.807938351382066,0.674295774266204,0.504371373634824,0.343114348606694,0.219101510830286,0.13570094559297,0.0824492855685357,0.0496281465972273,0.0296662535506073,0.0176399067727224,0.0105458220010695,0.00637899887674485,0.00445446691050107,0.00426671049890268
0.00975400302142431,0.01319513877198,0.0178923135149999,0.0245076885369532,0.0342324744034764,0.0493763871117101,0.0748637253961277,0.122526465813519,0.224569189551851,0.468428841166542,0.846622243311948,0.538066006513209,0.207851581738307,0.0914687370551401,0.0451286905783741,0.0233621149725682,0.0119371581146028,0.00559038621079995,0.00208212023116292,0.000390879339205484,5.10370393114678e-05,0.000891699176309877,0.00293024308625808,0.00633015991410819,0.011397667539614,0.0186019063366221,0.0286136860172176,0.0423842321184284,0.0612148435303839,0.0868887064638062,0.121678191743302,0.168024530112889,0.226177475084143,0.280447103726213,0.190916520224834,0.725248887457372,0.78734217757903,0.556748008728708,0.167930027095059,0.0139023513722577,0.119899149460688,0.377597916482015,0.62999978323439,0.802219152258987,0.887698294010862,0.910379221529436,0.909664064719712,0.893778205200875,0.876967131113588,0.864810376230015,0.859502214561187,0.861659089020797,0.87076238565323,0.885023214362298,0.900238006460002,0.916991967107698,0.922772588892487,0.910241827578976,0.87087346701696,0.79966519586017,0.699983478312624
0.0127295032902599,0.0176320504001048,0.0246013992671015,0.034900392939331,0.0509348038576951,0.0777003622744269,0.126721638239335,0.227446691362354,0.453756805357148,0.82778623513318,0.67909613028488,0.300971327614186,0.139311722769221,0.0718209930490813,0.0393008701857329,0.0216861898387141,0.011401027297707,0.00521645920802051,0.00166922472393778,0.000133619624324316,0.000467203318966845,0.0028903690000591,0.00798287502340802,0.0167725014897449,0.0308882148109964,0.0525873037717669,0.0857893719499791,0.134997889240279,0.205847451544583,0.303182597991998,0.427184996119976,0.568164842545487,0.705004878532547,0.811863002234681,0.882665968135479,0.887141382165273,0.925135470189564,0.924824446200686,0.922668154302698,0.922381839095063,0.923155866277266,0.919453256753387,0.899619440177843,0.848689116050702,0.756132096728094,0.62693954867115,0.483673020515498,0.352237648776309,0.247112064778699,0.170122180986399,0.116253886630752,0.0793962691064352,0.0542845327100401,0.0371596234729015,0.0254102204591371,0.0173058700684029,0.0115645929585855,0.00767753958807341,0.00499851439431087,0.00314771685023345,0.00189574874322351
0.0262127983772897,0.0378530105461145,0.0556399689776723,0.084262318885319,0.133452732106428,0.224659798545149,0.403503611554434,0.714280262360258,0.896794650358844,0.609521511726163,0.327666952684107,0.182439074373818,0.108398650237747,0.0672029520430727,0.0422237619879707,0.0260091431928976,0.0149833801097033,0.00738856182539077,0.00246372353912541,0.000163037155296385,0.0011913778701611,0.00736605991973467,0.0224819265278872,0.0536340694713523,0.113984729660418,0.201911359450033,0.335919888859542,0.582835828658464,0.0133823006267752,0.375632303828045,0.721399032916919,0.859798240068916,0.89487632364915,0.901116792469608,0.900284449383884,0.883336562635301,0.81976992058066,0.683011456754001,0.493967760090586,0.315367504681299,0.18706142127906,0.107641191411494,0.0615370626491929,0.0352454602569547,0.0202381148881819,0.0116260831349137,0.00666266365981877,0.00381430440506273,0.00217824725672654,0.00125513578453085,0.000786745068031225,0.00056926281244638,0.000528486067542065,0.00066691086622706,0.00110123007737534,0.00223478374271474,0.00510919154299464,0.0128857386361944,0.0366253191618532,0.12559724685523,0.51136424028086
0.0215029476536792,0.030273035618101,0.0431489190961866,0.0629562431808366,0.0953680214277241,0.152712251291981,0.263655017152509,0.488309902051518,0.827485484593914,0.786975838438813,0.420198964871591,0.211996338236049,0.116233130862765,0.0682263112709023,0.0416070055893985,0.0256042270544366,0.0154101710437115,0.0086981414699515,0.00427023660209788,0.00151633216020357,0.000179103852151163,0.000249410959654177,0.00194942978071065,0.00577513354800242,0.0125738066847861,0.0235727878217288,0.0395283342376293,0.0532206850879895,0.012216694554199,0.5797152311664,0.460411154317254,0.142759654933245,0.0276796531110965,0.00113040605308308,0.00955316825658276,0.0413987128227842,0.0954747991619214,0.175790590852259,0.284264274738419,0.420257795354422,0.570637526043615,0.713030272078523,0.823547843795567,0.890486831552294,0.917935814249053,0.919417326174523,0.908356160188977,0.894823027089891,0.884491338048313,0.880407135605587,0.883062839968691,0.892388545121236,0.905264843989642,0.91660388628059,0.918635990683395,0.900139122567226,0.850069135490012,0.762299423863212,0.642816731507811,0.508845506370639,0.380303293420506
0.0121365621954152,0.0165830461212659,0.0227664007485951,0.0316756413049913,0.0451503620385728,0.0668992362307294,0.105221072766158,0.180968560322027,0.350458121858199,0.707327972403397,0.796506033849529,0.359194700116764,0.151592318761508,0.0724198934208076,0.037201639232968,0.0193678977585081,0.00957199184610226,0.00405163910440575,0.00112942580165445,5.18992183685826e-05,0.000535969064192031,0.00259477369040364,0.00647926462465022,0.0126859301838021,0.0220067287751899,0.0356324183479241,0.0552387414339305,0.0830222418946667,0.121065725036457,0.167934381649936,0.201117522592216,0.0916370402615747,0.614210396104183,0.771380732359299,0.581674909342913,0.395816936056832,0.174781035815695,0.0418659277335358,0.00379748421033732,0.0762323369035988,0.267616190960393,0.527576788794945,0.748700689772142,0.86661785309384,0.899893608636772,0.892008494839327,0.872450122707728,0.85574543318901,0.847560218830852,0.849803478809337,0.861737858109092,0.880088310396465,0.899413686519181,0.907727135767946,0.886883411022149,0.81750699332094,0.700583452873389,0.548505102447525,0.396649003190345,0.269984542788731,0.17601414316586
0.000610336704597049,0.000786985479477691,0.00100658288128547,0.00128305884228408,0.00163790072236738,0.00210587819255288,0.00274662952854587,0.0036701415780776,0.00510103473794608,0.00756343902824389,0.0125531139366817,0.0259914374788986,0.0903962143919203,0.613379601555547,0.0298953694629648,0.00597050773153643,0.00153095729911229,0.000300364556837385,9.15485399090073e-06,0.000102782706507399,0.000409216455750377,0.000874597682528225,0.00149162155920571,0.00227690221981358,0.00326353304032659,0.00450131783259048,0.00605764951921622,0.00802388041391659,0.0105238806331005,0.0137277593558541,0.0178732136085324,0.0232972802676642,0.0304962425003307,0.0402046858190311,0.0535397918022201,0.0722474529817224,0.0990484600251723,0.138153902842688,0.195457537848544,0.276002738467495,0.366995361295765,0.348326349856398,0.0610377496110002,0.416246777297095,0.348695429877483,0.24955862046979,0.170056837273515,0.112602712388729,0.0703807538936754,0.0384907862598998,0.0149871148570773,0.00177091686944549,0.00783443810355805,0.0588815931364143,0.207061303506694,0.494631856138693,0.777895047552577,0.855291264333533,0.807699692086433,0.743771411057982,0.696922429184556
0.00838936851268987,0.0114898225015844,0.0158087217599104,0.0220341332549639,0.0314357206032182,0.046554634057106,0.0730322444471653,0.125142960476446,0.244114375067997,0.541466690650021,0.857848657255647,0.423965319043795,0.16895197744612,0.0795069795187094,0.0417694457277761,0.0230389825023049,0.0126602959195638,0.00653184657837701,0.00285661639485377,0.000809654223589673,3.7119754228259e-05,0.000462838483643296,0.0022233717251782,0.00566781540529696,0.0114093556984823,0.0204447524303124,0.0343434933694096,0.0555759015398432,0.0880850381158872,0.137015081452929,0.212730665900881,0.325482422238547,0.476075386897968,0.595185119094049,0.0667435023049246,0.409173269552482,0.0990415757523971,0.0173263134337499,0.250665548748556,0.576456388675897,0.788065662871358,0.88241075859466,0.910067979700901,0.914212020659627,0.914419056687697,0.916731141056083,0.919818291021161,0.916803779973147,0.896363081143875,0.845971929929147,0.758812588931209,0.641674323121164,0.513623358488716,0.393563716744457,0.293290472948091,0.215434850019641,0.157518230457403,0.115225339071724,0.0845992594084016,0.0624456151685771,0.0444876264628849
0.0268806521748267,0.0384225757581311,0.055793124558785,0.0832960478823991,0.129744701751552,0.214397215231824,0.378752973312574,0.673590555483763,0.899755706741703,0.646611231518499,0.347348659691246,0.191197402040835,0.113069879332933,0.070577785732525,0.0454286486414465,0.0294762330788803,0.0188196276292088,0.0114573247639472,0.0063229690788264,0.00285682596943199,0.000797609981573955,3.34385530011765e-05,0.000332867540349294,0.000556901039751726,0.00348651935015291,0.358145719693522,0.726745265738125,0.709733433746519,0.284917918081079,0.0821402161851352,0.0176163544534475,0.000896081959659489,0.00717312537765261,0.033176369931895,0.0819767159215522,0.1596269915046,0.273652488095027,0.422481457338031,0.589514477546256,0.741576101244954,0.847722844754604,0.899897062196424,0.912181003821322,0.90452590287535,0.892327787288163,0.884111411189268,0.883865303308777,0.891501508964083,0.903346291313397,0.90984086435992,0.89619016112336,0.840749132671785,0.73084173448402,0.577737370424396,0.413480357876573,0.284892175217443,0.182365142218043,0.113077171534332,0.068234075359087,0.0400449412493152,0.0227553081183816
0.0162539876687517,0.0224980310382323,0.0313797406464176,0.0445235675260379,0.0650324369304968,0.0993600656667118,0.162237133094447,0.289714718786449,0.556351725670235,0.877372320645483,0.62928638048152,0.291055265279493,0.141182027947329,0.0748543627453564,0.0416930899652302,0.0233456836228522,0.0124965816085395,0.00590780208711881,0.00205779020913643,0.000251984241400348,0.00026720319578963,0.00221867799546807,0.00653992667953671,0.0140329499549709,0.0259878450697938,0.0442510197717484,0.070932121033088,0.105459818954097,0.125254955470667,0.018881484679816,0.782199497909172,0.759748419623328,0.439910672701921,0.144336923173654,0.011050657512836,0.033974084434148,0.180108969487837,0.407876731509261,0.640775703063011,0.805412890671428,0.884821709003968,0.906181315782021,0.901059909322795,0.89001813167011,0.883028206176474,0.884092645194819,0.892570043814871,0.90363714512016,0.906043074644663,0.881789418037731,0.809571743500586,0.682535900678336,0.522973771671676,0.365419619929119,0.248264743210012,0.158157142027767,0.0988486642144221,0.0609943962776631,0.0373166310903134,0.0228452516235445,0.0142744392774213
0.00778384227686186,0.0106869116701882,0.0147451838084455,0.0206154956065581,0.0295095436924864,0.0438492569166995,0.0689961404058312,0.118454630569146,0.231069390086584,0.514429398973911,0.861114291926741,0.458487569295166,0.187113266085777,0.0902074523387936,0.0490903295515597,0.0284692467949215,0.0168233527810985,0.00969560231956818,0.0051274738944833,0.00220411738132528,0.000528947428259575,3.62330385417561e-05,0.00096276849162362,0.00392709168987256,0.0100167809980475,0.0199740259075193,0.0255269828018997,0.00793727234580889,0.364334018762348,0.269242165965123,0.134607724978638,0.0691337638397955,0.03652653859836,0.0183315172265285,0.0076458859076464,0.00184760784979454,0.000177726660160656,0.00311345543491274,0.0123990921265523,0.0303559037540318,0.063899312364699,0.12073284368712,0.212993040246232,0.350441173032266,0.527338387108807,0.706139492567914,0.833875422721432,0.89004290635309,0.896218474331344,0.882688785805736,0.866685820950671,0.867685942026537,0.875017085432077,0.889774451907935,0.903986292264587,0.903579500369984,0.869993787775572,0.788834085823021,0.663447642816998,0.517671212391294,0.380787773804014
0.0414926302702359,0.0599425906548701,0.0881601199804202,0.133484195697094,0.210496116399516,0.347582697219689,0.583870188985863,0.86326762129676,0.848303802163719,0.552824685408484,0.321335580738985,0.192077284765903,0.120287972843447,0.0779415588587137,0.051322943132746,0.0336832137631937,0.021521072590826,0.0129415029921693,0.00690548800429829,0.00287245334077191,0.000614015817753176,5.25452971820132e-05,0.000886582977473282,0.00133627726450206,0.00438636303812631,0.493770799711465,0.726850823668681,0.721319294325385,0.274397369260029,0.0581762583798396,0.00394806077256421,0.0108688284334734,0.0566913588156962,0.143970908178565,0.27628391921824,0.447295390764151,0.628251596145236,0.776288825930132,0.864481311789956,0.897922588333497,0.898800753644616,0.887896068858675,0.878346481600871,0.876178456270815,0.881980989397715,0.889770812455353,0.883057681490966,0.831279843380849,0.702738071658525,0.509444353949246,0.316961221666364,0.177256108517981,0.0931578188754441,0.047371357282365,0.0238254142911433,0.0124030511626093,0.00759815795367159,0.00728523400710156,0.0149116000936018,0.066834708421251,0.528199354438119
0.0216304130144267,0.0302073047399844,0.042606614197584,0.0612945683738119,0.0910504520874285,0.141848632376511,0.235952789800393,0.421335184897954,0.739587642677411,0.872248229766924,0.5312091535025,0.264993150466489,0.139314293029217,0.0779952925916142,0.0450605936146964,0.0258823593262875,0.0141088853401139,0.00675647199967011,0.00237174000633908,0.000289222759447606,0.000322761804111482,0.00265241894311951,0.00781571483589031,0.0167826806252123,0.0310620387006445,0.0528157915049844,0.0844831296211227,0.12573718779029,0.151635335411557,0.0383787181592552,0.772315286759695,0.800073088941164,0.383321992766612,0.0126729687020437,0.183357606768819,0.50735011502512,0.745015921977117,0.861370235860449,0.899949932184776,0.903333308338167,0.896695956854011,0.892272804247767,0.89394969180334,0.899541410062809,0.898801834016947,0.871355171649749,0.789208910210621,0.639764495233771,0.454090730438389,0.285046469669095,0.174077030723042,0.0979438679542629,0.0542737308630823,0.0299407607762154,0.0164644230467313,0.00978434693952388,0.00679078104783873,0.00682780359722049,0.0122025444976941,0.0412425653428159,0.274136715425989
0.014732582177583,0.0205893593689146,0.0290486122725593,0.0417917228709138,0.0620955087027709,0.0969576990077997,0.162829210574029,0.301346269961799,0.595943189421299,0.88603409435737,0.563012751763801,0.25940431038009,0.129891627944199,0.0713519337915244,0.041248098343085,0.0240906617939303,0.0136015552114349,0.0069573071817065,0.00281851836828158,0.000580584749007388,7.58266005820185e-05,0.00147019841401562,0.00526530096287758,0.0123753972401655,0.0242970988213339,0.0433282832071041,0.0730212995714758,0.118359574060466,0.185838930589445,0.282329172370318,0.410722688658534,0.558921886839065,0.636335130711291,0.831561510311889,0.33526854811468,0.634440167784234,0.86675216929822,0.913004395714875,0.922228239928731,0.923474590602641,0.92455839741101,0.925049400694751,0.9188802545784,0.895230517705108,0.841458988495331,0.750515489785399,0.628352012144237,0.495061305620491,0.371709334135353,0.270585918039918,0.193831779107066,0.138127629189296,0.0984685844428173,0.0704349736436269,0.0505613679952855,0.0363794297619292,0.0261911702783063,0.0188102815159515,0.0134222655317389,0.00944980618519402,0.00655588959522333
0.00259828578857589,0.00342276978922773,0.00449084547398983,0.0059019955965458,0.00781870379677417,0.0105220924364917,0.0145348117092848,0.0209216589915643,0.0321484300632888,0.0549858694671761,0.113267281103477,0.319306739528803,0.779777884148351,0.182545722609643,0.0517410735220536,0.0198669252442134,0.00839237583037619,0.00340762864698629,0.0011100909819863,0.000166256425321098,4.64456722235004e-05,0.000538723613560358,0.00158258905261568,0.00320649477631419,0.00550577100059635,0.00863851900567773,0.0128386057885457,0.0184297723485913,0.0258605807151619,0.0357483224339966,0.0489604967414456,0.0667026263087495,0.0906612662967882,0.123205064814582,0.167565587538383,0.22786704226045,0.308478639627261,0.398874973937477,0.505969545373042,0.419551634181271,0.740567003837987,0.770777511252836,0.497740637337844,0.129098851700777,0.130365540411206,0.635398182739751,0.856162801160474,0.895970220341627,0.885061879337609,0.864088606304381,0.855136834883893,0.855366039459209,0.863469474909955,0.87888578734454,0.896237351099213,0.911733052871318,0.915233897460008,0.893092175540892,0.837883480452321,0.749710554304441,0.639121396679868
0.0172914456130538,0.0243075045375802,0.0345626319609077,0.0502393442016256,0.075677112706744,0.120264939534233,0.206115407615343,0.385190527164769,0.715998610136189,0.85069792434399,0.488528935225689,0.24089092126332,0.129943660274066,0.0763398276479998,0.0473328243399432,0.0301089263370002,0.0191455903457808,0.0118164218475571,0.00678407437866138,0.00335002933627238,0.00117102786571169,0.000125464910045648,0.000218062905307314,0.00137318923224824,0.00261126568445551,0.000679719104810025,0.090263008931219,0.716123173069218,0.652015785102626,0.291993289921147,0.107053459565434,0.0385253517093075,0.0103808204833447,0.000895639164998992,0.00214782130103415,0.01398682269198,0.0388791909850143,0.0729289461384006,0.138214489587671,0.233307698429162,0.36249997109641,0.518539601739394,0.677532604024898,0.805342449276349,0.880627336829144,0.907411766527959,0.904203493723641,0.88959940609755,0.875720948748739,0.868436773808544,0.868436238453525,0.880592975771902,0.89613904154104,0.909586998362463,0.90935803790479,0.87955000893724,0.80541282081471,0.685707360572085,0.538295515668705,0.391682162419748,0.278559239721454
0.0116920009316418,0.0163014781103316,0.022930085208887,0.0328609844019974,0.0485810846529241,0.0753655408910312,0.125707194378357,0.232524808694107,0.479327338677868,0.855851285226533,0.627920527580825,0.27794100931764,0.134331086648614,0.0729564923004652,0.0424830559672082,0.0254329217705798,0.0150413756141257,0.0083572617820169,0.00398488815651561,0.00128540711242592,8.44943222034816e-05,0.000610612763766758,0.00364521204664298,0.0110201960693385,0.0269703697424925,0.0619362356409405,0.142621614369416,0.30696990958626,0.145836133942645,0.0901529896785458,0.0454663900980093,0.012843744725587,0.000764995778735818,0.00527756067733313,0.0282980111274561,0.0772067752580394,0.16352958740262,0.297601827247476,0.474593102580257,0.659485410365089,0.80212835166765,0.879820896927842,0.90784565230127,0.91254090862673,0.911766094416588,0.913139083602838,0.915276846245046,0.909485600775701,0.880771212740298,0.812544923122694,0.703159436191644,0.565008678646658,0.425844646480389,0.307205292372612,0.216308971178195,0.150845240431989,0.104953160219635,0.0731247088075092,0.051008197077329,0.0355423999736285,0.0245809090702976
0.0162559650480178,0.0232429844007966,0.0337234973123547,0.0502303410363589,0.0779583451205974,0.128602831900528,0.230728603009181,0.450530720645689,0.810404234953209,0.777721837753709,0.411219271945706,0.211677282929775,0.120333361033009,0.0738882802557746,0.0474357333364677,0.030873606143016,0.0196817661919675,0.0116614360448386,0.00574677500688391,0.00164453458935926,0.000111889320377466,0.00480146530519684,0.0296610972236654,0.0774179594328513,0.0721575589035774,0.047849565717653,0.0199987661993316,0.00620425958332499,0.000478990882772281,0.00274822460802368,0.017578815114819,0.055594179292628,0.136104998824829,0.283454814286548,0.497706539047689,0.710867815769725,0.839376471372392,0.884853271997745,0.894320137788025,0.895679818240058,0.887581980270448,0.845546212288432,0.73811610294069,0.567422857121688,0.385649314731102,0.242381850837888,0.147488494494848,0.0893967786669152,0.0546272017791327,0.0337300965027748,0.020993948813714,0.0131142286891999,0.00828512867695108,0.00516483908406408,0.00320507659657298,0.00198046489682568,0.00123128737215001,0.000775359025289015,0.000547214231346035,0.000475403701489013,0.000587222057872735
0.0174011126554562,0.0249113283746527,0.0361962221186988,0.0540018412076453,0.0839771947055905,0.138792324951956,0.249133121406885,0.48263355024627,0.835300386828963,0.753083951962955,0.392892211186941,0.202464251334393,0.114402701283133,0.0691492965662882,0.0431942312181073,0.0269164696934971,0.0160114943319295,0.00843484698341235,0.0032844274732694,0.000438274158042973,0.000636461667283174,0.00612013152250109,0.0225317596019918,0.0645686588720727,0.171519746925383,0.422044227504029,0.510591087223521,0.0942934435089648,0.0210946558248546,0.0123266773283331,0.154775838010521,0.449773875447201,0.724266806957678,0.853963548261546,0.892457785470077,0.901358236952277,0.897733225424511,0.871473025070174,0.800187088786176,0.672728990977661,0.511114418307651,0.35712685002278,0.237374794614173,0.154726708632889,0.100751182500211,0.0661295944222519,0.0438536838644757,0.0293856585712948,0.0198507104493133,0.0134824948009379,0.00917827440115637,0.00623820677062807,0.00421571418016665,0.00281971573808305,0.00185640562178237,0.00119737091216714,0.000741406464359669,0.000449018606100375,0.000261940572727902,0.000149365096385759,8.82338485531588e-05
0.00508264243267744,0.00684263746036378,0.00921785273636762,0.0125133567880255,0.0172627938329951,0.0244686587046517,0.0362025792752598,0.05728183602295,0.100890691709404,0.210821939941568,0.536389516213392,0.753148039276634,0.246048966399745,0.0876851111134517,0.0384088054058401,0.0183474518786648,0.00870733916899196,0.00368758915521952,0.00110802278806264,8.31794175718271e-05,0.000291294137063181,0.00173163421722572,0.00466303707497618,0.00964506008852352,0.0176736412058928,0.0304672908779016,0.0509582020691178,0.0839681865099007,0.136254613933869,0.208660618677382,0.236860262791303,0.0147774750159337,0.373418223503957,0.305791551620197,0.192113945245545,0.111812931541478,0.0592426736799087,0.0250599628986839,0.00537789624532422,0.0014518057039161,0.0202080874083406,0.0791332268414856,0.203316149852028,0.408045314191621,0.647751135350994,0.819782789093571,0.884356078467046,0.885220901531666,0.869293740689891,0.859184756307075,0.861509325728695,0.875604756403885,0.893943467191841,0.902740676552898,0.880584502253338,0.807480690222611,0.682001159158569,0.529740507685868,0.38444756028164,0.268311864494335,0.183009635565825
0.0128511004165725,0.0178876794992844,0.0251082755619361,0.0358856193411247,0.0528632193256427,0.081617260368495,0.135158121643049,0.247049704747428,0.497850722637955,0.858258300415644,0.629461079711308,0.281484595514048,0.135049529192223,0.0719690395135907,0.0406380569619548,0.0232007118913019,0.0127201597343928,0.00618270884154548,0.0022175127884782,0.000274574488207855,0.000338547835495757,0.00290011950686013,0.00914093396057312,0.0213885598851342,0.0440538275334773,0.0849285545104917,0.152458120028347,0.196206504467945,0.225408748359939,0.443316579818061,0.210041122748911,0.0555120693966966,0.0025322147462162,0.0372879248857397,0.177178285741332,0.41795617173693,0.670548201912089,0.828729665375995,0.888111634925993,0.899185303814913,0.898576714094108,0.900434258341222,0.903376565456466,0.89390410035012,0.848352788744085,0.7446282263429,0.589054008506548,0.421272208530644,0.280738782297606,0.180239403765605,0.114162309535965,0.072199649339503,0.0457331808668879,0.0290379702571032,0.0183986265326256,0.0115998735795804,0.00724951163009098,0.00450117637006934,0.00285942857719912,0.00184780346057597,0.00135097571027701
0.00169640270575869,0.00223976840704261,0.00294692876127785,0.00388657746086363,0.00517201648601938,0.00700188656922813,0.00975214277902786,0.0142085557937622,0.0222599037040818,0.0394242653745183,0.0874831397378566,0.297218564818069,0.634560552173046,0.0945573639209999,0.0272832828203064,0.0104354146674165,0.00425257387464322,0.00157795629093373,0.000402209095693231,1.83032709118805e-05,0.000153536074984886,0.000716361741758748,0.00171128250609568,0.00321185425800289,0.00535930943928146,0.00838282460763042,0.0126344617515681,0.018659341107036,0.0273267997646253,0.0400492313143535,0.0592251172846704,0.0890485661925787,0.136983255809273,0.215648178778867,0.339402885157816,0.474013637508879,0.246657732523569,0.167205782434887,0.170358867346736,0.0951988726293879,0.0425119349472289,0.0120956012773428,0.000746072991975554,0.00744960220929393,0.0494665535438562,0.144632643118778,0.316897785422727,0.553714905044554,0.76603876997958,0.869994097014157,0.881548020455631,0.860832150793661,0.841402132964829,0.831593966277781,0.836062662153503,0.852718005486936,0.876088619270579,0.896384384190165,0.898918050543127,0.867089146275749,0.791235196691231
0.00426694409161857,0.00581835304636272,0.00795485267886425,0.0109860021655948,0.0154633938419703,0.0224456133786023,0.034175276617721,0.0560308702785484,0.103296494387595,0.228764785027664,0.602234006543641,0.700302061441007,0.229624737508341,0.0905349896692362,0.0436877095859679,0.02319287941001,0.0125661997755325,0.00643665449182351,0.00273667076144839,0.000649097919279678,5.08189275287787e-05,0.00151537642639879,0.00698608535724972,0.0222581835273665,0.0666082491995855,0.209846426019856,0.549800954120968,0.41679744557165,0.0499217712426678,0.00353875181811328,0.00756672550980895,0.00522109548717001,0.00239956399425163,0.000478414278879385,0.000194069129597772,0.0024950738682716,0.00954652703702326,0.0241440048177208,0.0526774243874136,0.105867906179567,0.200261153665094,0.352437130648348,0.553902642561425,0.7436698800625,0.855352568728097,0.892035975518999,0.896136047778656,0.896246509921224,0.898496256134964,0.886714094212506,0.857500004286297,0.764702545097928,0.618699976870052,0.456932856258565,0.317497828989044,0.214679747775638,0.144370000491791,0.097647395605475,0.0664485046207147,0.0452998116180959,0.0339096936980948
0.00854988593663552,0.0118097386313023,0.0164112889345267,0.023142695670454,0.0334783420974387,0.0504123861544561,0.0807173677045666,0.141789070165155,0.283638232018043,0.620445540107355,0.82579176590504,0.385993060318179,0.163811335425945,0.0809158319518393,0.0440212403624512,0.0249144418204619,0.013918401517008,0.00717899460618943,0.00300847821404176,0.000688273560964552,5.27476070983279e-05,0.00139442975301401,0.00558056487367816,0.0144523430272767,0.0317690501507197,0.065364426767088,0.132155348870938,0.266162127432223,0.4935120908095,0.624368621308586,0.0425516010550586,0.101237632689066,0.0266382687164803,0.00162562526461942,0.0505963267181268,0.206873017978947,0.462852941266289,0.708783318289017,0.846362072155169,0.894408724363844,0.905686121985251,0.908851199504866,0.90935209526147,0.898144521816848,0.857050519101166,0.769392447840494,0.637405540743233,0.487688270030777,0.351522244598534,0.24575868516373,0.16952376051367,0.117115149374301,0.0814914352503217,0.0572472447839825,0.0405702525732665,0.0289699336054307,0.0207923163618572,0.0149678407716497,0.0107251741454342,0.00754829034576786,0.00533608484445053
0.0085815446121683,0.0115553601545374,0.0155802763591004,0.0211862938520216,0.0293073977350016,0.0417132763379089,0.0620812639380262,0.0990153652370587,0.175616810235855,0.36008026464005,0.747826052491152,0.638599553029573,0.233441024132141,0.0926300940810027,0.0416165715748436,0.0194041084953252,0.00854593750007612,0.00305673233267675,0.000563658857721626,6.10694674235463e-05,0.00116761511845084,0.00384498970540263,0.00829674544218651,0.0149497626345147,0.0244797619202476,0.0378880459392987,0.0565879626352599,0.0825327688566933,0.118368636963335,0.16741472381093,0.233403114755968,0.319207067952549,0.423396023087004,0.531399839806371,0.575595242883543,0.152155145261522,0.820066550170013,0.763219268309843,0.539666423437991,0.122807020013896,0.293687780949055,0.786857295747083,0.875150880717515,0.875316004005341,0.864391277291427,0.859413481320053,0.863925259714878,0.87655241529097,0.891967059722134,0.898442622484633,0.877117039361191,0.806005205102745,0.677672619774957,0.515241441177124,0.358488406530458,0.234418856127309,0.147550869573944,0.0908645954174568,0.0552164784030746,0.0332521606308387,0.0205543488321712
0.0554412695558421,0.0844615566286241,0.132651771492835,0.217358207782206,0.372250894855401,0.636047109345284,0.901186441850432,0.819342641487819,0.533313824741855,0.328108139588855,0.211487366635769,0.144389216261375,0.103574592577092,0.0773857445743669,0.0599678172460722,0.0483663352074469,0.041419037706598,0.040130854821481,0.0534583601021273,0.171366953600294,0.497121399090678,0.495055571596269,0.0207823763487576,0.00239810371663589,8.81351526108691e-05,0.00218601706791029,0.00854393419675827,0.020945213302876,0.0433627773023154,0.0814373800270509,0.143769224883525,0.240581063701545,0.378133527603192,0.54640857968123,0.710676219176,0.8298813544384,0.890815713673067,0.910187617029427,0.9117145630511,0.910588468119389,0.910322144633559,0.902926903840253,0.868169572948123,0.779096086744415,0.627949450192295,0.448548106793165,0.290603334331349,0.177476706742237,0.105157118461968,0.0615390335974571,0.035598032177046,0.0202609667693228,0.0112196004601249,0.00608600349924909,0.00305803980693815,0.0014195805947352,0.000598392709890203,0.000241134752975319,0.000144457425947209,0.000254484113791896,0.00114737902139264
0.00791730838942064,0.0109042854008357,0.0151034910083267,0.0212141272859041,0.0305318440736331,0.0456614161884299,0.0724360531769203,0.125739294675084,0.248928363105013,0.556837858315924,0.840025309613655,0.395085647613393,0.157564055881106,0.0735962285482892,0.0376999096707685,0.0196911401950536,0.00969239652824102,0.00393243771337839,0.000881245958154954,5.75871206383687e-05,0.00169114722151958,0.00679563377004537,0.0176589246299675,0.039049653475275,0.0808583507196343,0.163310898416954,0.31959986873431,0.547167322158813,0.587248032715257,0.038990240080322,0.158301171232865,0.0959259451210682,0.0277487180668137,0.0036462260856899,0.10270883402131,0.414870464323149,0.733137624686085,0.84885219186834,0.870489526012533,0.876152970776429,0.869939330371385,0.818826068061783,0.688094916106213,0.498122934944884,0.318672006032423,0.191178953547566,0.11271469680342,0.0667572310352307,0.0399976363912738,0.0242249741511535,0.0147802889532528,0.0091366025437388,0.00561446104992125,0.0034571848815107,0.00214118039673269,0.00135514559722917,0.000906623737369821,0.000684076336147447,0.000641778761744652,0.000820938030128774,0.00140156907812656
0.00414672668781272,0.00551947479599697,0.00733819554484871,0.0098106636841454,0.0132944939473189,0.0184493009794445,0.0266091802971709,0.0408047805058311,0.0691491535972533,0.138726077988117,0.363150628371961,0.81433454020139,0.249970067014417,0.0741121247516487,0.0291757945055863,0.0128043086303023,0.0055749654946035,0.00211391214115714,0.000518311060996058,1.75158399638251e-05,0.000284644036173668,0.0011991549148927,0.00275546590445745,0.00502763586488189,0.00815836917729097,0.0123676444418824,0.0179635219957342,0.0253737211069098,0.0351859767709763,0.0482248819216425,0.0656362157083709,0.0890272201899533,0.120667343731503,0.163666140615698,0.221923624320168,0.299041102903838,0.392402246671545,0.462891936146701,0.170235553043358,0.679249329922087,0.580656495885628,0.299770022064183,0.0884087045675325,0.00524105266211458,0.131239864418357,0.416858678042715,0.697265661693872,0.852391001612396,0.887572514133644,0.890314151532905,0.867172107627415,0.843736726394289,0.827439383561937,0.820107949936787,0.820603762335514,0.833676576163367,0.851568008919317,0.873852777571774,0.896235067929606,0.912557032202372,0.914501806256138
0.0194474012245798,0.0271513308616438,0.0382752564951603,0.0550153606941202,0.0816153223770873,0.126974297246677,0.211221692999633,0.380123651910146,0.691883030729469,0.88124771553411,0.547806013697386,0.266417164552313,0.136796157331001,0.0751052212642744,0.0425348871930378,0.0238077389676421,0.0124550658203225,0.00550855281111503,0.00157226654737909,6.60920234607945e-05,0.000926359509530796,0.00451270491820122,0.0116417335892084,0.0237045180716734,0.0428886904248893,0.0716823654048563,0.116052272779919,0.180635897176173,0.271238592058385,0.390412742914107,0.531839754288626,0.671723973485399,0.79713626015037,0.761873285907736,0.871066851180189,0.917354035579386,0.922655989102624,0.920343375412318,0.918428495738082,0.916069415608467,0.908346188349654,0.876805358871165,0.800984541505103,0.670269689899279,0.503359933944725,0.341844374184456,0.216121775693669,0.130929101060255,0.0775017887882991,0.0452158526348071,0.02605394635692,0.0148057777435631,0.00829818727341183,0.00462530935196637,0.00259814411618145,0.00164667202978803,0.00136233734343372,0.00178445803167828,0.00384649472984451,0.0121968633052942,0.0547033299484834
0.0142604047818375,0.0197363832813899,0.0275216186104977,0.039035960465881,0.0569924727802032,0.0870370132715763,0.142174196577647,0.255151227518711,0.502323461780699,0.859946162871625,0.658671786701534,0.299147321820326,0.143001604982336,0.0758317520816304,0.0428004870422107,0.0246568580746993,0.0139018436902101,0.00725933390704503,0.00316606126396421,0.000867006977934893,3.43263310978734e-05,0.000609769737872726,0.00274917315812959,0.00681945973048895,0.0134367426722401,0.0235567901318556,0.0385994414572824,0.0606550861481423,0.0928566716149387,0.137566399897644,0.204216880334283,0.294661055282219,0.400977497517521,0.343391170895654,0.756352324522622,0.459536847598909,0.0120101319026719,0.265380625028523,0.59253326019884,0.788307331857584,0.878630436811676,0.911439932177385,0.922630329560455,0.920589280069,0.917671492133146,0.917820853331745,0.921345136357536,0.925024572974149,0.922567521855113,0.904111991344383,0.858522108897248,0.771291037482784,0.679729872449979,0.556839870274426,0.435370643925902,0.328848563838824,0.242732442367845,0.176751204377921,0.127623513910938,0.0915658708027694,0.0650926117412272
0.00568545726247808,0.00770619516864619,0.0104738785452834,0.0143880649186972,0.0201716497781554,0.0292465093728091,0.0447118998108391,0.0743428447568127,0.141496276485891,0.329593140382386,0.786694491786856,0.470016339615144,0.149967689215885,0.0616118396022977,0.0295066540113931,0.0150047567516131,0.00753481110385063,0.00342779872353743,0.00118783277241625,0.000164931320748541,9.92240824644738e-05,0.000956455199701632,0.00288179020605745,0.00621554478582496,0.0115694389893873,0.0199912510789381,0.0332193151450604,0.0540134437603646,0.0856787976936765,0.124428125637388,0.107428985349825,0.0887958926971072,0.360962380893147,0.242247456076146,0.136055382797837,0.0737880575454575,0.0374616110061645,0.0161675373156367,0.00439691063867678,0.000282600737657059,0.00394779328227926,0.0171192499305692,0.0450137861484238,0.0949362701881555,0.176678106802214,0.303386575809921,0.474442748959053,0.661368628099779,0.810459405008357,0.885607140451205,0.896777757599584,0.875767694388534,0.846935934958494,0.823076773827766,0.809374100010272,0.806996088089017,0.815454413664568,0.83344231043321,0.858211677317264,0.884802843967286,0.905522691614916
0.0273581812677064,0.0393289235151585,0.0574979465945328,0.0865344074028203,0.1360945093535,0.227390718137621,0.405431349244956,0.715439225006617,0.906272788450772,0.622659707471236,0.335706836778046,0.187404493073427,0.112154254623901,0.0705807777385036,0.0455785585025646,0.0294634079090361,0.018526796336032,0.010852582207973,0.00544745501742028,0.0018798883533247,0.000150358407876289,0.000773807428985228,0.00515702702544049,0.0167001492094689,0.0441726138721801,0.110871640932357,0.303377548323483,0.655071308614878,0.156449080955243,0.00755177829736415,0.000352503391220288,0.00826608687012766,0.0399605728513154,0.100277704184066,0.197433366326775,0.335087353040324,0.502067420631773,0.667715986800963,0.79703386505673,0.874878234844095,0.910446830440041,0.921583674966721,0.923299100380564,0.923427817118043,0.924169075903889,0.922152005012546,0.9093670143033,0.874366016815505,0.806845870375872,0.704776208389462,0.58000526403604,0.452293344081049,0.338807952509656,0.247630319781608,0.178703277653496,0.128312608354492,0.092081869637882,0.0661132448231415,0.047445487362459,0.0338927645466407,0.0237925341467809
0.0775819622024454,0.119358295208294,0.189121371288175,0.310282738346131,0.517581243563082,0.799228498221771,0.926818715772352,0.729476480767715,0.474391686470273,0.304515424626788,0.203532534708092,0.142074797971299,0.102814464138959,0.0764847675963844,0.0581226193020059,0.0450117842771105,0.035763229396608,0.0301747491201076,0.0309558352400394,0.066260031110614,0.438925525097264,0.277088788779274,0.00499451595897757,0.00033914992105053,0.00518034625106999,0.0171407162346114,0.0400537750195529,0.0807417198014005,0.149048192953411,0.255900670421504,0.405190554821833,0.579669460411143,0.738375980200308,0.845152193841961,0.89685821308044,0.91397367099475,0.917109506408548,0.916292031273392,0.910089654303555,0.885352562460388,0.819854987252389,0.696183474608602,0.528095206352546,0.359365930807004,0.226032280909535,0.135910864375594,0.0797341848539657,0.046032714302283,0.0260211178085454,0.0143254068622495,0.00752402173946297,0.00365881297740805,0.00155988723590168,0.000522465917205177,0.00010046209457799,1.01105523810842e-05,5.09014810188049e-05,7.79701950858008e-05,2.9871321354681e-05,0.000198081214836263,0.00296141727861366
0.0197432307320199,0.027776625466874,0.0395428444697462,0.0575792332029813,0.0869477563294469,0.138603760417035,0.238078539652618,0.442038562142817,0.782807955891961,0.824126583994026,0.45574387238059,0.228589870950801,0.124722984638819,0.0733120793890531,0.0450537169495404,0.028129614247133,0.0173312299747243,0.0101624362960037,0.00533310712773465,0.00219273601450457,0.00045018232242084,6.56001295802914e-05,0.00120320337345514,0.00416778831135263,0.00902497243283303,0.0134233013193024,0.00487420308649431,0.332568606710488,0.752885632960853,0.454963348990598,0.141874491022038,0.0354415093509089,0.00412384607331844,0.00247245638448032,0.0200648864448712,0.0548352215232701,0.113364039090478,0.20104476106843,0.320310665035472,0.467971862906764,0.625936684091648,0.764784683325581,0.859856922586244,0.906572389220376,0.917237510088565,0.909137539584129,0.895881593333541,0.885340584106141,0.881620155072573,0.885460820029015,0.893703033909746,0.908467262547062,0.917145241169244,0.906751945380738,0.863664063574788,0.777168398149947,0.651477744872438,0.507336718007971,0.370272162173271,0.256506362058628,0.17279797999267
0.00437392372222074,0.00586347361160801,0.00785799560437291,0.0105993240581268,0.0145047397757265,0.020345055222183,0.0296790818785612,0.0460347133753359,0.0787504517263012,0.158052451989393,0.399372786011266,0.825623117047845,0.304518001221488,0.0986645051578279,0.0414370011678365,0.0196209323139508,0.00950628845211504,0.00430433978858897,0.00156233730057127,0.000280496951960211,4.69148685939387e-05,0.000743693477550448,0.00244548054230726,0.00540742664195199,0.0101043088845159,0.0173367223906541,0.0284445084536835,0.045657018387855,0.0727074050961529,0.115418388951386,0.179713313334722,0.249047035016684,0.144266934777885,0.277372586832525,0.342604642720424,0.207249307379888,0.122967043824035,0.0607324461585308,0.0237847015249947,0.00451868951436701,0.00164597444761604,0.0200626920916536,0.0716919396291163,0.174805270035575,0.344790972740264,0.563519168428197,0.759307549180049,0.867707583079902,0.89586667362701,0.885864160358017,0.86870204373015,0.857548935107449,0.860520004165874,0.872706385151455,0.8910294029073,0.907003535680186,0.906630261113619,0.873336879395954,0.795523701153877,0.677365128087528,0.53968461206246
0.00962969517351923,0.0131244195820297,0.0179581563340203,0.0248730756497444,0.0352310088667199,0.0517346877404345,0.0803345457425328,0.135790818641025,0.259351116686293,0.551360105436243,0.849488939522649,0.440950264329361,0.17688948608271,0.0823286345957876,0.0425604212561972,0.023005991289256,0.0123215152990915,0.00613612829875056,0.00253358083765364,0.000627418314965019,2.24172966147536e-05,0.000602346824357277,0.00245103203925303,0.0058365040540262,0.0112423069086216,0.0194380241427593,0.0316148846238391,0.049523451407073,0.0755376207556255,0.111581778627674,0.151140453364411,0.126192791593918,0.327937176532599,0.704944932042115,0.465046877120364,0.193073052561043,0.0677252756928978,0.00547065179753015,0.0137754728843846,0.0801391858527397,0.202840623068726,0.382435518621256,0.583205035928841,0.754556006678837,0.860555808480655,0.90337515194736,0.906905613441383,0.894152243645333,0.879618423002541,0.870310453360832,0.868931851060263,0.875838284666287,0.889039622969904,0.904662204067097,0.915117992401788,0.909953991774376,0.876935047670056,0.806655998257873,0.700554233986936,0.572784519727823,0.443581488433742
0.00260489232924103,0.0034258557645501,0.00448694309845401,0.00588606282188527,0.00778360203856584,0.0104584224197434,0.0144326185066186,0.0207811969581139,0.0320333531807781,0.0553195451059335,0.116911418947225,0.348483973934979,0.715395323430806,0.139117493618321,0.0395426308196377,0.0147017799142204,0.00576909217799131,0.00201409849294143,0.000444160064260898,1.26666995858511e-05,0.000313576030489566,0.00120153250352331,0.0026619644986552,0.00476498996344805,0.00765373900569456,0.0115500706917854,0.0167810273348546,0.0238118873263237,0.033312508355127,0.0462496839543254,0.0640471624279585,0.0887675403876126,0.12337291889768,0.171705597009473,0.237306792503673,0.316946875317418,0.373138919485637,0.211838759017649,0.287315902390378,0.494409055846158,0.394476800623037,0.297381801673528,0.198881957932325,0.123634345394819,0.0674765442579293,0.0267280141590524,0.0035523649792545,0.00761347819401584,0.0654191829395689,0.219668661180048,0.48279210908866,0.742662099532725,0.863432186289917,0.868486456910209,0.832512064108352,0.797197650449225,0.774102962699061,0.762950362358198,0.764615838211765,0.777647632545301,0.800279960119365
0.0335091381462746,0.0497204870047101,0.0756695691370135,0.119852787165729,0.200755636320252,0.358104079519269,0.644720476642023,0.904454802820246,0.715083339595187,0.413399689083161,0.240982100225863,0.151427630346186,0.101757459494809,0.072021289855932,0.0530701096048107,0.0404867829063137,0.032078887560501,0.0269626688846988,0.0256840738417231,0.0334024753366896,0.0920978705663986,0.574243205277277,0.547836033128869,0.37657747701627,0.0554651148373529,0.0192930959887645,0.00483769516437687,0.000536853625732091,0.000588444668711902,0.00445485038117933,0.0131642985088994,0.0290075895147066,0.055943418356967,0.0977912757878947,0.166361301636907,0.268298643164128,0.408180236844655,0.574073880804106,0.731385571478122,0.841856988032746,0.894172323590346,0.906030171178308,0.901568985114261,0.896713139154631,0.898151511050881,0.903436205391733,0.900601761549033,0.866060502217043,0.771418525035822,0.622924865442484,0.446894629194044,0.293559225662907,0.182713004549844,0.11144569088323,0.0666441565453669,0.0393791175047549,0.0228792513944873,0.0129817893426471,0.00714620650853486,0.00383652148214332,0.00211158625751043
0.0227594288037342,0.0318111869645014,0.0449120697447593,0.0647033268941424,0.096327547347029,0.150606552175936,0.251722523545871,0.450529030903104,0.776146231739625,0.858792874690404,0.504950041670071,0.25352188518046,0.135043902877511,0.0765849141914632,0.0448727123384448,0.0262479830680932,0.014710291521123,0.00740352941700345,0.00291733600498485,0.000562614450375849,9.24057001829636e-05,0.00156550272422914,0.00531408453420982,0.0119629791548431,0.0225037716474028,0.0383841351482525,0.0616018520882406,0.0946317591642416,0.139097945925751,0.184878221502978,0.0886975000146309,0.655901759293785,0.784138513157252,0.0829085352673776,0.21895612690394,0.513931678578398,0.715548049619678,0.836713461909676,0.899463070924825,0.923434744038756,0.927207432095247,0.921778447124397,0.915329061461712,0.91229359262756,0.913975788183285,0.91924771664711,0.924137368370506,0.920546209305896,0.896724424129666,0.839777857614739,0.742511694184864,0.612571156075165,0.471327559878101,0.343064977629499,0.239162904430718,0.16193778435634,0.10728491613707,0.0696630521414743,0.0441144775848332,0.0277428424323151,0.0164882666968823
0.0436178529551754,0.0623509537554815,0.0904507693438364,0.13450884038782,0.207171336985936,0.332340661930224,0.544637164164966,0.820607327472287,0.893318885097349,0.637453134930782,0.379059405453033,0.224749381250407,0.138312275856502,0.0877405340864063,0.0563608478692333,0.0358916157461082,0.0220290253152341,0.0124751118380479,0.00598956869188906,0.00195118513597687,0.000151768159669881,0.000699787246011839,0.00395867725105391,0.010359272926943,0.0194482557172119,0.025135653822235,0.00517779413148576,0.627782155659857,0.714259211461338,0.723263233975693,0.177877473345066,0.00522088245799607,0.0958483137585565,0.27246208311935,0.483273452147303,0.673984964616246,0.809556521633734,0.882322472795345,0.907868532266104,0.907650110303827,0.898384829038288,0.890288904372126,0.888150641025985,0.892623408871483,0.899435875205993,0.895829243177218,0.857701239114813,0.752088895258555,0.58564953151637,0.390452995924326,0.22971715594442,0.127391270401237,0.0671769568225391,0.035034310030037,0.0189230623152517,0.0118127263756451,0.0107563721938073,0.0186335606666783,0.0660944976498337,0.423482116965361,0.370412959869555
0.0228768105772937,0.0322228433175615,0.0459360860620593,0.0669769601418207,0.101208262696103,0.161131657806641,0.274877958933566,0.498537936556273,0.828526490829647,0.811971749173453,0.452320356499289,0.230690083259639,0.125620887337808,0.0724199969399874,0.0428328059251486,0.0250751559330242,0.0138741003758034,0.00670210696907746,0.00233262302392893,0.000253111578838758,0.000438132579807248,0.00330433842511372,0.00979565607293719,0.0215427921095667,0.0409137620061456,0.0693415299043751,0.0922085906518501,0.0138840927773534,0.773266634805878,0.660765620524518,0.268800776816012,0.0426264243794314,0.00758125653144917,0.108654841836457,0.318674053680513,0.571087969635049,0.768751941126824,0.869124796826296,0.898756371062618,0.897784064234721,0.891447115909903,0.890542357581043,0.895536413526218,0.897272239980589,0.873148647163704,0.790837917667132,0.634234324609493,0.439910689272689,0.273470997810411,0.157072635928179,0.087309054354866,0.0477431871162599,0.0259799372480867,0.0142090557692029,0.00808297134530686,0.00514735369237242,0.00427699711094162,0.00559568165540235,0.012512985973773,0.0459717624127125,0.289191129341005
0.0246317740391938,0.0345470320536442,0.0489939776574684,0.070996475982779,0.106501909607344,0.168080084349347,0.283525532060521,0.506378297407184,0.827669909126187,0.81335700602199,0.460606930588539,0.237053721754603,0.129967698248236,0.075616783346517,0.0454265637957802,0.0273412748421328,0.0159215155854138,0.00851859758929354,0.00378536814358732,0.00105005874653206,4.05293827219797e-05,0.000764528896015165,0.00346206712413868,0.00858463731106085,0.0166911701518209,0.0279769387594589,0.0401244846804678,0.0395386346244332,0.00703267718644564,0.666681534074004,0.816258572370695,0.707095897119426,0.425899989324065,0.19018731292465,0.060088411982283,0.0067485012598951,0.00972854619173277,0.0649687606378343,0.175698148485335,0.341590158932951,0.538205426712839,0.718648881795995,0.840885587751025,0.896749795562335,0.905471608825435,0.890985450016955,0.870234103574741,0.852686977983519,0.842608550861185,0.841906071525202,0.85053141215398,0.866731702096644,0.887342334748103,0.903985264565132,0.903485148879101,0.866900467750312,0.777879423709821,0.640850690444914,0.479923096701358,0.330804297613089,0.213775211954608
0.00429824912111287,0.00581205582729468,0.00786794110245041,0.0107386130307518,0.0149015436966792,0.0212539462330811,0.0316484448848754,0.0503855139197899,0.0892052624637421,0.187217046136599,0.487068322866829,0.792104507860438,0.267226249273958,0.0958224957053985,0.043237263948256,0.0217528483679043,0.0112190171265076,0.00548541582713963,0.00224126027288821,0.000538191288456047,2.27567234177183e-05,0.000692398966473033,0.00286383575164446,0.00729263805771781,0.01553404669937,0.0307891901701585,0.0600311443450015,0.119303584098448,0.244027721239977,0.471588710544656,0.59092786728722,0.0236318138046074,0.0649306855546474,0.041762685035056,0.020996965718116,0.00636371397782475,0.00027629115617493,0.00616575948813342,0.0299155622850418,0.0845402902602511,0.18983888571506,0.362206871520207,0.580816061715813,0.769315666867181,0.86912822455269,0.89763558601536,0.898076755254782,0.896480469192848,0.900897119461797,0.906480330208968,0.898740419577953,0.856656044491743,0.764734939501382,0.630005810902825,0.481978145174335,0.350055892708426,0.247548893957557,0.173457656488284,0.121669290263856,0.085427180784358,0.0628090404336416
0.0314664074547023,0.0461165062701373,0.069051264777327,0.107036721743738,0.174421367345647,0.302323434563733,0.544759987862301,0.860949462155952,0.827172275902376,0.504826771126742,0.286912966004032,0.173380112241376,0.111806474473211,0.0755980521920053,0.0526211312813619,0.0370628896616655,0.0259212062447895,0.0175431410531665,0.0109829210891085,0.00573576084867358,0.0017433670460064,0.000146233042334041,0.0071392085458162,0.0204058845333556,0.0166892536656409,0.00383970185945694,0.000239590328950936,0.00120992350532139,0.00699738830531522,0.0195403267940836,0.0424988410699491,0.0817145221060142,0.145463470115201,0.243033671440297,0.379104150082304,0.542779387976687,0.701808094217508,0.81997156051167,0.884880717312263,0.910221673422085,0.916448189541178,0.917082646990373,0.916814164461879,0.911065887251699,0.887229157506026,0.827322872171575,0.720342758897525,0.576719375949312,0.426596877639101,0.297683835545574,0.200997905307444,0.133652319883956,0.088399684217727,0.0584006916975141,0.0384979896549182,0.025246512950705,0.016372076815008,0.0103878701909769,0.00638101518394984,0.00369740252343251,0.00198095672862813
0.0392804365241473,0.0558671334858241,0.0806114166152237,0.119265948389869,0.183083189055017,0.294471409409221,0.491643264766279,0.779310910468268,0.9017503373002,0.639986689779604,0.362994216702608,0.205471511760434,0.121292613908525,0.0738379919604299,0.0453254040067701,0.0272777409245643,0.0154812076863685,0.00774408177841456,0.00291938944321447,0.000459047984087691,0.000210250713588107,0.00233256179032402,0.00727797205728215,0.015809842665,0.0289625221528777,0.0477573494314003,0.0715845501241259,0.0898468592517218,0.041671772256705,0.672340732704778,0.791093725452519,0.758558508126483,0.281958115718905,0.00863564612658183,0.13418902218145,0.381561875301673,0.613265454822753,0.779905988272065,0.872040224216987,0.908583102536326,0.912950221141073,0.903207420101022,0.890578887885063,0.881649737740638,0.879414969422567,0.884461677409688,0.89460628879314,0.902648904402164,0.893953111515565,0.844173678886405,0.73066168487867,0.556956107120637,0.37605967513685,0.226701397435054,0.12756581242745,0.0692571564328058,0.0378484389611859,0.0229006875251994,0.0201492562643111,0.0425354799641275,0.339646076910307
0.0156473461052054,0.021933480354132,0.031072087005671,0.0449554610291752,0.0673179820163346,0.10623768966977,0.180955571330914,0.339562793633326,0.662306097504007,0.876910245458698,0.512426581931633,0.242046609810544,0.125732603820141,0.0714701338648228,0.0428351074164742,0.0261512831002966,0.0157076802105113,0.00887361752127784,0.00435056743108704,0.00151370993264481,0.000151130983116696,0.000379114198086263,0.00269651367461797,0.00819215677923821,0.0189653388149395,0.0385042580058677,0.0671884900362661,0.0445087359413955,0.403060484315041,0.277232291492171,0.0831429369501344,0.0282706617526233,0.00308546975532271,0.0029370240701403,0.0232440469479222,0.0659132098298827,0.138942807967713,0.250513273706835,0.401837129948346,0.575661704026539,0.734827572914046,0.844837910014783,0.898802776894267,0.91380045373464,0.911200557202327,0.905489921230717,0.904088557883964,0.908315501144642,0.91470931545704,0.914549441951219,0.893554974946521,0.836843406239898,0.735387081838082,0.600133008420209,0.456783803824663,0.329401117626918,0.229353789102096,0.156283975877409,0.104924108665273,0.06977215260777,0.0458218262333608
0.00884616014960885,0.0123257239725209,0.0173083820615776,0.0247210133208199,0.0363338075417136,0.0558323258797621,0.0918024428961648,0.166978573002377,0.346722395828638,0.735609939362759,0.746002891692335,0.325168944613618,0.146664130363456,0.0759910867427395,0.0426458892532807,0.0245107539430129,0.0135930500974745,0.00661988769896342,0.00223265070409518,0.00015143548159157,0.00121752560877975,0.00851078241752801,0.0315118188774504,0.101321627647638,0.309600026616321,0.599703817083334,0.0771011537475443,0.0302585261685317,0.0258266776513364,0.0131259299715051,0.00344654350330687,0.00040775859189352,0.0103207099141922,0.0474417742749152,0.139635970128272,0.321245945211888,0.57422045603422,0.779831570359207,0.868483281711011,0.889423640561629,0.893372739999423,0.891140076278707,0.862573251631009,0.7735445537254,0.614950792304809,0.431580153016843,0.278664882900719,0.173594907941187,0.107944143539274,0.0676713544543553,0.04303290917731,0.0277076203083085,0.0179941735415018,0.011762051036756,0.00766950304522775,0.00497042866483343,0.00318043940978567,0.00199993721953468,0.00122810969851274,0.000732098058055575,0.000427466753850897
0.00543496974241297,0.00725175593640656,0.00966611517983977,0.0129575868559904,0.0176065285273813,0.0244962803405595,0.0354054865731703,0.0543356968968797,0.0917948262495077,0.181213598398995,0.442873781259819,0.821427983105096,0.292192817507497,0.0934014289116249,0.03741359018075,0.0163302913668814,0.00690014482390465,0.00240864489495842,0.000442880445862968,4.17373966123289e-05,0.000835213830694814,0.00274900074564016,0.00590254306565316,0.0105792089183845,0.0172451935054835,0.0265964605902189,0.0396541462229032,0.0578796529411535,0.0833437994883253,0.118921640507343,0.168298597900738,0.235179805225745,0.319710454825501,0.40429023693048,0.38497169203373,0.134683888414777,0.650862955116697,0.6134414167619,0.458472782761736,0.283391606888355,0.124711456478725,0.0172332188676094,0.0467686203054552,0.319025310166443,0.677424714300102,0.848999022324348,0.87623452132335,0.860152187417361,0.842234515343286,0.834670484657743,0.839777338778516,0.855674662969043,0.875570018127214,0.897912346688703,0.899095205050081,0.86205542677175,0.773518116489536,0.640475391961115,0.490733067543046,0.353540841114311,0.244801297039184
0.0227053542944029,0.0318117787872016,0.0450655315393875,0.0652376663481589,0.0978082841926369,0.154460319161081,0.261766231835677,0.474840570293353,0.80613873651954,0.817633510965077,0.453594123944687,0.227516843928547,0.122579259361254,0.0704114547337692,0.0418332435782082,0.0248923339957536,0.0142947229533711,0.00749483066625297,0.00321011280051088,0.000806487976842585,3.07097558643042e-05,0.000895335776745128,0.00363422483250317,0.00868666214079752,0.0166119192873821,0.0276975013825946,0.0401817025131085,0.0431078068371147,0.00755451099210222,0.476768921170358,0.796445686045375,0.71005288612799,0.463846085919507,0.243218897139733,0.105421983174512,0.031851817564295,0.00311731032943193,0.0100642090462815,0.0568676229693414,0.148326840670779,0.294827650958902,0.482102859821621,0.67154437409666,0.814005093218879,0.887070945593533,0.903644653183042,0.889408540629195,0.86479295031521,0.841617376744079,0.825289092025092,0.818290933990735,0.821120019612296,0.833386877589822,0.853400974936079,0.877719447341004,0.898912677623317,0.903419947931024,0.878683964698754,0.803506193881673,0.677062346429633,0.520695276934621
0.0140078073499148,0.0196617889677828,0.0278850699212876,0.0403726600330973,0.0604589274432972,0.0953414619036674,0.162218902892574,0.305187579944715,0.61100443975905,0.880757567568813,0.533663357277008,0.246410745323227,0.12514354204758,0.0697651280926158,0.0409132791954432,0.0242327505252025,0.0138667310191961,0.00717255760036259,0.00291171620393632,0.000570980995800739,0.000117502529773497,0.00196727187202826,0.00712555751749476,0.0175396847871601,0.0368661939724187,0.0719576745314082,0.135269839879775,0.249747601586496,0.436599643117985,0.594743945474374,0.103517348956174,0.170656649114512,0.0169386185466814,0.0657648839720803,0.329798029019573,0.636635853872623,0.819713641402267,0.890432794561789,0.910061200676283,0.914718961985065,0.916262820605165,0.912690015837159,0.892759872951206,0.840441837112503,0.744884084480677,0.613137811091071,0.470201820575681,0.341842279918597,0.240627075267375,0.16860156089783,0.117224151075563,0.0818820260362784,0.0575811840920673,0.0407402659886652,0.0289460505890508,0.020599240627564,0.0146045165583203,0.0105253928322394,0.00733150697147982,0.00505718300820006,0.00340856614838476
0.00923549668915027,0.0126823560028899,0.0175079196141579,0.0245063787957111,0.0351557021564675,0.0524399055712874,0.0830684769424878,0.144108808847251,0.284305001399628,0.613900587758682,0.829159401564049,0.392108014608955,0.163886796541033,0.0796437054303631,0.0427164849400597,0.0239087241692478,0.013284035343017,0.00690834349529581,0.00302935203406841,0.000845459141336799,3.46405667291249e-05,0.000588814546021546,0.00277740775131322,0.00721220342947359,0.0150396366504219,0.0283242907541928,0.0508603312507726,0.0896835356418377,0.1569445350483,0.261813949424617,0.280101427672632,0.24106795654635,0.240375445947872,0.0916649231587175,0.0190974890584532,0.00124770431591436,0.0281791848461852,0.106231005207204,0.245223397360427,0.438764878685157,0.643741268152954,0.799813816009847,0.881767722625139,0.908524018677676,0.909826892616305,0.905525444250158,0.905028832029876,0.909826149932162,0.9157876841764,0.913252433409339,0.887639888626685,0.82504779560857,0.720745550454466,0.588270094270277,0.452149543193872,0.332788794997816,0.238614992886941,0.168932614861545,0.118924051481283,0.0835372466177519,0.0586764315927568
0.0318901738629319,0.045940786190305,0.0673180493326679,0.101535367412906,0.159865748686906,0.266239190711123,0.466269538879285,0.776371083693952,0.893646443722907,0.600363498711554,0.333692860788053,0.191175045131317,0.116186554047817,0.0736791649734014,0.0476618539537969,0.0307029810992199,0.0191164369733914,0.0109868362376694,0.00532446714568651,0.00169894775478434,9.95429486997263e-05,0.000915109922329601,0.0049233788106278,0.0126767325806338,0.0183757642988876,0.039583050753003,0.670843854502225,0.52876587032395,0.0367635085871921,0.0156873213513496,0.109482324243836,0.267431997520948,0.467554905626117,0.663825767238641,0.806596492621138,0.881804672977314,0.909015344378764,0.914012092599896,0.913352578603591,0.913071748028111,0.910101065386531,0.890514801055379,0.831928106414557,0.715755209920479,0.551368254603973,0.380779549797477,0.242747495568492,0.147652303300032,0.0877330623308603,0.051366553973246,0.0297646900098705,0.0170337849412231,0.00958337584992502,0.00529262283488377,0.00290750158249632,0.00166886564650302,0.00113650483890203,0.00113261820952624,0.00199260014970751,0.00584701393876604,0.0247804772939218
0.0378082872678315,0.0562318420030602,0.0858237749055803,0.136354420465592,0.228776223956125,0.405682942966807,0.705811663611329,0.909915234899764,0.678662899742553,0.394023391772803,0.232876770490256,0.147377637007949,0.09901591399123,0.0695796054896448,0.0505184187231772,0.0376068635977194,0.0286709206878789,0.0226880515257413,0.0196895698389298,0.0224821893232228,0.0560340877969425,0.47521941759277,0.651046724518891,0.323856322082093,0.044345447068029,0.0099036208204522,0.00126117499165139,0.00050003023724031,0.00513484014615532,0.0161729340491119,0.0368556425353341,0.0668943338458479,0.123540714662977,0.209111036791554,0.332400792560519,0.490390252692346,0.658263141047017,0.795520272505246,0.875956778024529,0.905765490809505,0.908139986302276,0.902985460980588,0.901293213895988,0.904740308342519,0.906164603593067,0.887865323712116,0.823095687021524,0.695158079893895,0.5228764418582,0.35482672863923,0.224584974259083,0.136858317543437,0.081798884595595,0.0482840763981365,0.0280429393345663,0.0159285143778992,0.00875832712285142,0.00462169477356647,0.00235329479615831,0.00123442823911522,0.000861813378776687
0.00542158682835077,0.00729760706782268,0.0098286871372125,0.0133388624775159,0.0183931298710891,0.0260515339660091,0.0384872318587389,0.0607070528577249,0.106165031790098,0.21817144697089,0.53644236264608,0.7866863653969,0.279562908564348,0.102327248480407,0.0460180388159822,0.0228728865297493,0.0116054920970023,0.00556715385909596,0.0022365659470955,0.000539505394666152,1.93708141669515e-05,0.000534597822610863,0.00215409284674118,0.005138414392142,0.00998246322355896,0.0175200298759158,0.029141578357609,0.047143548225388,0.0753532088978645,0.119737744369683,0.186602151477532,0.259570875547784,0.140577172628534,0.373107312135838,0.363526080164212,0.188024662734217,0.0936366404503733,0.0300134531942842,0.00294245442072397,0.00791583427272383,0.0519603405823019,0.150856779614,0.317646168398007,0.5342977324023,0.73438041405977,0.85554626335977,0.897928719205687,0.897907646573987,0.886094326918823,0.877669099619284,0.878272398079648,0.886992722138746,0.901126519082356,0.911437450073076,0.904027514505322,0.864001668526108,0.781556182333501,0.662544315004099,0.527414383388228,0.399413934318007,0.291901039338341
0.0492982451168863,0.0740201450027352,0.114112436344611,0.182871761602811,0.306990551089304,0.529018805423304,0.828464945223667,0.89759517414656,0.631306572961797,0.383131963153644,0.23784784970098,0.155660226368707,0.106579072236563,0.075284817822534,0.054116687209962,0.0390507758119494,0.0278737246344173,0.0193544636068624,0.0129074319755681,0.00866195196732206,0.0101088845344958,0.181713489501538,0.582655687722456,0.0404872592848964,0.00130065358215048,0.00494266688320829,0.0272938386715886,0.0765220473844156,0.169538589847202,0.322794879117142,0.526186005015223,0.720260641490473,0.842803431633643,0.892900111037389,0.905699778082547,0.90713371156382,0.901931729245703,0.875579988084945,0.800055271830489,0.65688174437509,0.472834601829406,0.304107676648384,0.182882471384261,0.106764080875078,0.0617752761491054,0.0356787113436008,0.0205675700018512,0.0117810079313223,0.00666875587904103,0.00372106571125573,0.00204954708173885,0.00112666760370195,0.000650190977854641,0.00044083811988642,0.000418674532156448,0.000622351996313536,0.00134118243015,0.00357468612762213,0.011013308265239,0.040998512742491,0.204000357811313
0.0275446372159383,0.0400088594586801,0.0592876890569598,0.0908405737642069,0.146325328980041,0.252104322341401,0.462825594230678,0.798447470336216,0.860997761744266,0.521147452261199,0.279631931156729,0.160346329910263,0.0987857278173242,0.0639274937319559,0.042456528750761,0.0282853305823611,0.0184122510706274,0.011233878954132,0.005919744703112,0.00213914149381024,0.00015140330429516,0.00164929850580487,0.0143750120870034,0.0831641211119339,0.213321602263656,0.00699922103037812,0.00443555141865146,0.000432992011413316,0.000782089928609569,0.00566478135086654,0.0162055466945401,0.0346894963405485,0.0647496406682076,0.111614866462918,0.18183582416971,0.281654535047278,0.412322494785501,0.563118470622927,0.708685597301854,0.820598297220231,0.886048657734494,0.912944042898082,0.917683363215427,0.914945754284102,0.912995438544636,0.914292643160576,0.916325159160488,0.910871265893964,0.882485378300387,0.823536897431838,0.720672100641145,0.587326590406266,0.44822311659171,0.325595393686614,0.229278389889242,0.158867231938185,0.109204017614979,0.0747125783444849,0.050884906754175,0.0343805712547357,0.0229637195770503
0.016145297460782,0.0226265946834544,0.0320678866950373,0.0464693997534133,0.0698328588685247,0.110975781782106,0.191400262157222,0.365826079818665,0.713982663949151,0.843588891806995,0.438902320286598,0.202409056484408,0.104098753833115,0.0582894076402498,0.0341107422799926,0.0200900214763848,0.0114403732083622,0.00593421208720319,0.00248561151318974,0.000578543807553517,3.40735491105533e-05,0.00093344620266663,0.00362367568200187,0.00881068980092693,0.0177904394082105,0.0328944714798819,0.058383846999985,0.101518104250838,0.165903247610914,0.126629385203198,0.378121501651911,0.176441182197811,0.0386745536963915,0.00138737952575354,0.0145305478148246,0.0608934887243644,0.140443042729904,0.256250670416588,0.405753479256449,0.572365357275253,0.725629586150604,0.836906163629465,0.897513961778077,0.918150491739308,0.916533550351938,0.907327042550158,0.899218292888452,0.896726841013268,0.900604886668463,0.907438900676021,0.918423168937194,0.918968508200232,0.899300729346344,0.847508336784622,0.758236396016868,0.638502899294819,0.507077527452354,0.383555025721124,0.280062367454806,0.19942792874703,0.138990177205295
0.0187295054879322,0.0265927029320127,0.0383013415616928,0.0566245230937371,0.0872613523333139,0.143023810814366,0.255084874263483,0.492311402930377,0.843098054260514,0.732028106216269,0.370720096793353,0.187992513019444,0.105166352156416,0.063303167175683,0.0397516012051699,0.0253370246366604,0.0159510395247841,0.00958393206184194,0.00520081651675996,0.00227338751649207,0.000568791784699484,2.39272394248757e-05,0.000558745600019192,0.0014466842861879,0.000377318764434339,0.0425975230415287,0.61371936806643,0.707534472388855,0.436306186530623,0.208275062960471,0.101450637451545,0.0493234805517061,0.0228205641598272,0.00745078715860235,0.000815703952618778,0.00184058126676167,0.0119701618042459,0.034969696591381,0.0776200114147294,0.144333745740867,0.243427338750649,0.404421207710065,0.589506115397325,0.756185072687666,0.861094084939486,0.898712973608651,0.894451561076752,0.87548559524963,0.858460140308137,0.850441090270625,0.854247801405471,0.868533889381072,0.888305280320464,0.904050197599224,0.89887608608515,0.850732595359418,0.750300880551935,0.604015172988829,0.445914674298854,0.307485406367742,0.202080953406266
0.0432021413300507,0.0633361429332111,0.0948930465644146,0.147137596091143,0.239011600254854,0.406819546122939,0.683906501115617,0.909403348782282,0.741380082814111,0.444668434466362,0.25888568466837,0.158389113061747,0.101713783032235,0.0674814695224863,0.0454435018208847,0.0304993634113518,0.019959275390216,0.0123474517227707,0.00685261816244037,0.00306420504739294,0.000825021460784728,3.42646798087396e-05,4.66302463471795e-05,0.00691003299910149,0.504868929823072,0.665949974308893,0.277978337373628,0.0184361678361342,0.00375259684925306,0.0269432211680852,0.0793312186244192,0.160398986824579,0.275933110992547,0.423513228071369,0.58615024861518,0.733579075770089,0.839133557247859,0.896260292743313,0.916939442275399,0.918525397118101,0.914289850069519,0.912055099618974,0.913798953630552,0.916287542263949,0.909219873298552,0.875003226927463,0.793645736572364,0.658549043209864,0.492772790857603,0.337374063915534,0.215934162740306,0.13251530016253,0.0789879785580695,0.0459006363357623,0.0257291500056465,0.0136600053765825,0.00682485851468206,0.00306944932104751,0.0011986329799875,0.000420913509198593,0.00023591396549424
0.014703180148289,0.0204485944656072,0.0286850992755018,0.0409864358361329,0.0603899645421956,0.0933075679845217,0.154627729248972,0.281844358000479,0.555152333262647,0.878891985886994,0.606391230749366,0.279134759090347,0.137833343970598,0.0750450844400462,0.043278190419015,0.0254032897391882,0.0145694499708901,0.00771862537606259,0.00339315833154738,0.000909976730134966,3.32783932207429e-05,0.000860485539089214,0.00382177726180148,0.00976151632472781,0.0199836132843498,0.0356554163196994,0.0522174393374517,0.0262759677155512,0.508670892865965,0.686747895977352,0.378023781889366,0.146038665057273,0.0434413697943306,0.00498324862956681,0.0038349767467151,0.0354692915389588,0.107789883865461,0.230040743961787,0.402163067005715,0.597068885502807,0.763324877854011,0.864065960897662,0.902800198731537,0.905786613910383,0.896694338383639,0.889318022860813,0.889119011575224,0.896504590451104,0.906768532931898,0.908918281867098,0.885745511302278,0.819064738023074,0.701053773263466,0.549956030000884,0.398642640462354,0.270949791178894,0.185103350787278,0.119936136210108,0.0767402305185496,0.0483968794225131,0.0299851427378282
0.00501505686510708,0.0067322326721943,0.00903882729822058,0.0122222405582867,0.0167822265998052,0.0236505146120825,0.0347329964620699,0.0544020985817546,0.0944083723191604,0.193047919224109,0.485441921126769,0.803982825513573,0.277832305890874,0.0967524647840584,0.0422468181762505,0.0205107238476871,0.0101519527561094,0.00471552661444338,0.00179032354377556,0.000369489866799962,2.72355005008278e-05,0.000630988952150481,0.00224047515470151,0.00508608345377512,0.00960016720584875,0.0164921654066907,0.0268869658821519,0.042457301938719,0.0653632801466659,0.0965520093734919,0.125633630835206,0.0868186606094143,0.0922168220471951,0.448603341233266,0.375827358788108,0.243176802468108,0.170142257792579,0.107993895865962,0.0671970628454522,0.0393419016422544,0.0199760363483103,0.00727284862591037,0.000885282406641481,0.00237056785340101,0.0157481908973509,0.0488652787052247,0.115119873528456,0.232751344216221,0.412756220548635,0.627413383823625,0.800501662454672,0.878469082414878,0.880454444908633,0.851389072833345,0.819138080735098,0.795731169791026,0.784427888642475,0.785685057529664,0.798407903698099,0.820782268803639,0.849723876144636
0.0606276191205295,0.0889784267232998,0.133259735444129,0.205610151844982,0.328338895620678,0.533021714971965,0.804323761705021,0.919645055629516,0.711159133639499,0.447748690993208,0.275237557441641,0.174376998159348,0.114003000355296,0.0759745817224225,0.050773177630079,0.0333622316746083,0.0209778428533176,0.01207679362796,0.00582598571549626,0.00185276252593952,0.000115866346655174,0.00077449416361137,0.00372847508646122,0.00617781714193277,0.00689608631055971,0.346853147528995,0.477439411865942,0.302808624379062,0.0572928396738734,0.228201027908224,0.418524836822394,0.607455802325178,0.761683527101933,0.858437208001451,0.902002922576892,0.912780436447461,0.910547769313629,0.907107535014866,0.905644000767882,0.899259403067346,0.866407545987092,0.77211290480448,0.597639330016635,0.388018257764298,0.217003379210012,0.110738322007392,0.0537567493829975,0.0253243261623673,0.011848554388418,0.00572579489433573,0.00329603722796468,0.00272441653081057,0.0039260277811404,0.00893310235181816,0.0259692244092467,0.08914784172806,0.338259053741084,0.733057339299422,0.4850561342931,0.318180958345426,0.246155118699234
0.0358067845869046,0.0528490274196168,0.0798312095394834,0.125041107318432,0.205901004440256,0.358277235483234,0.628866575648952,0.898541221313346,0.768665675443933,0.46385735099098,0.271060005059113,0.167788237606472,0.109856246858819,0.0748344908664337,0.0521286915741286,0.0365161342881548,0.0252574980278132,0.0168667304934487,0.0105857294603149,0.00621452706680343,0.00459069021709478,0.0246072795315148,0.587205972025257,0.386942965599173,0.050709284817564,0.00635309258283005,0.000937250069487383,0.0150894625829939,0.0557038613122258,0.141771965540765,0.29729451807688,0.518081727565881,0.728417024188246,0.845776834115287,0.880716822792911,0.884768539597032,0.883781921677373,0.869541100099688,0.80280792450099,0.643587751263777,0.427226315730396,0.244112006952521,0.129781448172414,0.0676837401740923,0.0353738895041918,0.0186537266774615,0.00994245235154744,0.00539551959636412,0.00304628814669608,0.00187735851066359,0.00137059316863675,0.0013051028322864,0.00169075350003666,0.0028806391730096,0.00591719189115303,0.0139103744536278,0.0370136290995305,0.115611359989336,0.42294604730037,0.650176284233126,0.312773670370429
0.0128545213551866,0.0180941837860608,0.0257784909027658,0.0375867591098951,0.0569074681767317,0.0913023447098363,0.159659257399549,0.313103948043108,0.648618660774917,0.840142636977967,0.441011481378808,0.202018784918072,0.105423832369757,0.0609959396491921,0.037547288989065,0.0238074584168711,0.0151171019383784,0.00931555582004988,0.00532258866103774,0.00258709600245528,0.000856615775961826,6.84193468217871e-05,0.000243595510186117,0.00105366544704727,0.000485599183848344,0.0343972531209974,0.501665028781025,0.348814857773116,0.132146028922565,0.0497139021879483,0.0316020614928419,0.0139727185969556,0.00492725015078736,0.000985122526533879,0.000183141163471552,0.00246730778588538,0.00840153582643218,0.0192381949894814,0.037199971224476,0.0635083319435938,0.106456078000088,0.172186861496365,0.255423258487494,0.384571528134772,0.541356777082088,0.699097718445047,0.822189528668509,0.888661328007576,0.904590904538955,0.891709130541691,0.869891995203535,0.851129606893997,0.840582724854752,0.840396756929276,0.850169808880313,0.867847183196621,0.889123037836506,0.906420655184605,0.9083237668903,0.880345462059717,0.811527858554858
0.0191950802446989,0.0267191825837601,0.0375250480908814,0.0536961510883522,0.0792510692031546,0.122603546167202,0.202829559089471,0.363892210298391,0.66916626754524,0.888477707684548,0.568385108983722,0.276376085067767,0.142036416922027,0.0786948760424654,0.045478589188517,0.0264183481967092,0.0147860015174167,0.00747854673322503,0.00298908505272836,0.000605450532061078,7.75267173453613e-05,0.001487070028228,0.00522116844889512,0.0120072565119071,0.0230015976296097,0.0398021524439408,0.0640353036311498,0.0939749540867895,0.100883381765604,0.161003127034588,0.770456111861345,0.772981949574488,0.321971587822645,0.0179473958267077,0.0733933461228373,0.291772529804753,0.5390131252536,0.736715346603251,0.853138418679879,0.902526600125044,0.913109056233288,0.908037824505186,0.900822715753492,0.898261539413664,0.901821589747119,0.908600032365794,0.910234038008057,0.890828101554188,0.83034048705254,0.715900168704155,0.560691755718143,0.400175817242462,0.266489998394604,0.169382710716596,0.105802174797723,0.0646433141271525,0.0390521992063211,0.0234331247936805,0.0141264126772717,0.00904210176427131,0.00710502969417352
0.0295346671675736,0.042490395148265,0.0622181817416662,0.0939011711199725,0.148338975031243,0.249287376604137,0.445358736467929,0.765907396764513,0.885842745181525,0.56625067133343,0.301661234539521,0.168509717535682,0.100577176568841,0.06279268614865,0.0399962151072636,0.0253286825345292,0.0154559867004543,0.00864748784042062,0.00401373844990058,0.0011538913990611,4.52827618352876e-05,0.00105783714184936,0.0051490927888106,0.0144097581844727,0.0335109985316614,0.0738057179970397,0.162874166472724,0.288160190021239,0.0822727198111006,0.0477224086029905,0.00222414945604643,0.0095424765788222,0.0463406482445183,0.110562932208325,0.208315341808489,0.339400260414085,0.494868866086419,0.651505442716213,0.780542527025771,0.865058112126555,0.907129315793911,0.920794233507493,0.920541400944409,0.916946347052291,0.915309953556795,0.917276066587863,0.920529589182459,0.91917650662495,0.903013860749589,0.859875918162526,0.781225061294845,0.668677692161813,0.537956323764217,0.410062176431294,0.300300493613308,0.214192835532114,0.150236155006781,0.104199120038287,0.071474497478437,0.0482168801400678,0.0318055436992183
0.025575648447873,0.0380225629235358,0.0580210230875001,0.0923060235854299,0.156013378001877,0.284869859050737,0.547027958821229,0.876045920302692,0.750378232734018,0.425163990463268,0.243137322609914,0.15302412546584,0.104938596896071,0.077210998278729,0.0604841260328834,0.0506375084678568,0.0463218647610918,0.0491650758527526,0.0702228842543673,0.187178808105004,0.695838199657803,0.641635274181449,0.0965341174406573,0.0177765012682127,0.00589212839135159,0.00210586087597018,0.000504951697603468,2.432732437464e-05,0.000517815568897708,0.00217597532839467,0.00543610181065705,0.0110342467472395,0.0201337204444044,0.0345549109362551,0.0571525096861932,0.0920025299291028,0.14583682402885,0.226620502653184,0.341575421618956,0.489855083128796,0.651344450450768,0.787956403781735,0.870221453923387,0.900208458081255,0.900857699162307,0.894038832666509,0.891556262867314,0.896402357100158,0.902573938211855,0.893501529029754,0.846062420460001,0.738513047276407,0.581258373222391,0.415104814864879,0.276867980503051,0.177747867833098,0.112364074669617,0.0703948948927818,0.0436377178692287,0.0266659218740155,0.0159181358954461
0.0655840258974603,0.0989708246548842,0.153379853464801,0.246296651595405,0.408545001169929,0.666233532085791,0.907346149173383,0.838319038700792,0.568218796604987,0.356563308069185,0.22972470747254,0.154578609668076,0.1079720817391,0.0774873983487064,0.0566033758235927,0.0417770213387972,0.031050695159959,0.0234313920796172,0.0188143613166122,0.0192737872529102,0.0449642239488875,0.498146525073244,0.332874210017563,0.580468769541549,0.0362607263472666,0.000806215186870303,0.0162410922283727,0.0560142818614297,0.128802035764039,0.249268346445399,0.423330858198987,0.623157693780361,0.786126583753404,0.871881300623978,0.896612489268968,0.89647984142509,0.894030375480672,0.891807976360871,0.869227603585073,0.780462235991565,0.593941174931128,0.368132957533745,0.19541552579849,0.0961454144931926,0.0461760982597081,0.0220576024612427,0.0105289706862898,0.00518446917545553,0.00281040673561068,0.00190602783752271,0.00193097993591095,0.00299016547056178,0.00625656453607571,0.0154784337155855,0.0427846298533021,0.131881194774043,0.429895368128191,0.736670663557948,0.468424733981593,0.304785753140187,0.230571788886848
0.025305640409938,0.0363163209244784,0.0529743906524336,0.079490671532903,0.124549196864679,0.207299245258713,0.369717566212529,0.666870056000978,0.906290919149918,0.657475575195889,0.35506850414943,0.196977872377105,0.117716630025686,0.0744297757098199,0.0486105209434611,0.0320514733097476,0.0208067496340932,0.0128504133437597,0.00711384199239034,0.0030795457912218,0.00064109089007366,0.000157980270546389,0.0027935612205585,0.0114342156341237,0.0310862355512923,0.0229480329604786,0.2866318817667,0.0589471591366522,0.0148850350354296,0.000412338885028329,0.00661546449347015,0.0281586471749348,0.0683757739982071,0.134446854827072,0.234433873549089,0.371411410781246,0.534063481979073,0.692467003591646,0.813142252543139,0.882677334999519,0.911504250320321,0.918488335195154,0.918110559571726,0.918037880671184,0.918748597817457,0.914425101886056,0.892905173185615,0.838496665092042,0.740185597750983,0.604206913011373,0.461280525612608,0.330101008084622,0.227271176546947,0.153171190026065,0.101985629248625,0.0673392442802255,0.0439662826319093,0.0283208149962792,0.0184884953844119,0.0111849148638427,0.00623527812445954
0.00864673079291957,0.0120266757092761,0.0168726341603315,0.0241106744590627,0.0355417617244046,0.055010532301112,0.0917963772635783,0.17171394351893,0.373277781183593,0.792401430278706,0.630537347516916,0.250207990169649,0.113670261262783,0.0599033721264659,0.0343509022004553,0.0204144647989514,0.0120452734524264,0.00669758807685261,0.00319000564517099,0.0010077013901415,5.39510068980614e-05,0.000684541408524596,0.00408692334638596,0.013505793046866,0.0373623107541163,0.0789777568159672,0.00443437543649504,0.0684703356085988,0.0508886255287611,0.0234379835982761,0.0103796669584486,0.00407374350646671,0.000852485486849815,0.000117522760845437,0.00192126051625603,0.00695526900224417,0.0170360579239747,0.0291692217984586,0.0545463037714317,0.090691448180983,0.153339236617241,0.244928970207972,0.373796545332059,0.534884089272396,0.699895722258106,0.826162090083794,0.890170269180527,0.903380888361478,0.891822290554931,0.875750662585431,0.867934580096372,0.869540983372671,0.880848457232969,0.896817111066192,0.907599971145137,0.897374761958593,0.848862827761681,0.753506190677743,0.622184218253396,0.480896021131971,0.35321790373925
0.0135230470588531,0.0190843535751516,0.0272461745149733,0.0397729465561358,0.0601784566339874,0.0961604262234621,0.166359325903714,0.319030697252794,0.642924506610713,0.87827320113507,0.513261849993995,0.244024244227339,0.129032466979976,0.0751960713366615,0.0464740531258202,0.0294278718311534,0.0184476744987689,0.0109325436870898,0.00561895604876156,0.00197997798114445,0.000136357088913645,0.00137122594508152,0.0105819183123629,0.0481129579173226,0.204226959303874,0.346427443557014,0.0055275091338477,0.0135117164019022,0.00578073085664212,0.00119187565552478,0.000205863183370984,0.00358984118528103,0.0132163354718476,0.032610824556778,0.0677315628485558,0.127670661931647,0.223967218686743,0.3646263580703,0.539594542891229,0.7099538250249,0.83048368547712,0.889705328935816,0.908156546993847,0.910707136742702,0.911384475227585,0.912018611249842,0.904127028587476,0.870420361211883,0.792149934645492,0.664516821226638,0.51361655991244,0.370229380917172,0.255646423488069,0.173130218154374,0.116578411584834,0.0786060758392621,0.0530972664927302,0.0360704093950636,0.024672470210991,0.0166093569434295,0.0108859853589058
0.00552438343297203,0.00738322614079474,0.00985869314710348,0.0132356965677393,0.0179963854840505,0.0250139779466013,0.036001059323515,0.0547016910991851,0.0904761095035115,0.171161666943257,0.389886464230734,0.80965982273761,0.40745943501575,0.130516981370317,0.0516932200142465,0.0226707825111176,0.00980886075228219,0.00362229581015145,0.000793694489031015,3.12081455356726e-05,0.000860314602843774,0.00322320042226327,0.00734789129685473,0.0137300931087174,0.0231959911051821,0.0370013234161073,0.057034484170096,0.0860361861622799,0.127903733149487,0.187783957948809,0.271478366077075,0.382788835765355,0.517075544296088,0.65008721660731,0.711760657823904,0.164783085422827,0.754692605097437,0.658101971671777,0.414162999866062,0.0330502284528814,0.722931446334032,0.860924175026715,0.868953890227889,0.872158949742941,0.882072228223006,0.892611032579594,0.886500712699577,0.838689269341794,0.729574379846873,0.571139342311699,0.405450052865699,0.269030311068698,0.17201884171237,0.108597002016429,0.0681515285119991,0.0427240506008325,0.0270404327202032,0.0168869640879013,0.0105499937791255,0.00665079430301443,0.00436160254346971
0.0527788645738925,0.0790477157913318,0.121563578585359,0.194299273483261,0.324918477472113,0.554525379395543,0.846280777645261,0.880186344660207,0.60446782465537,0.3643643563245,0.225299066513845,0.146766610150863,0.0999290562676809,0.0701842829766192,0.0502299123213431,0.0362314541211229,0.0260870285990084,0.0186381356309969,0.0133485831469269,0.0103971686274215,0.0129362963672392,0.0771449759813485,0.51056030000081,0.542889339009004,0.0384333349448072,0.0016758932156788,0.00304507026280016,0.0157892063402124,0.0416696164220236,0.0853651075910055,0.154856515634974,0.258412747442943,0.398470508693239,0.561812656364031,0.716622454615719,0.829844928380451,0.891183425225848,0.913796403276669,0.916998681225628,0.915339284755873,0.914990967232008,0.914314124060304,0.902907218423708,0.861357058362805,0.767668948827996,0.61934587609734,0.447723831002643,0.295343182656418,0.183110407102233,0.110801786306464,0.0650243332246502,0.0374234624388764,0.0209551150835254,0.0112883949019929,0.00570188628754857,0.00261852043216955,0.00104319807215388,0.00034409303718133,9.89079767664212e-05,8.73301345568289e-05,0.000553111471645549
0.0309440170197341,0.0447751672094627,0.0659716910907994,0.100166191914319,0.158882494349319,0.266656534819078,0.469600807345689,0.780041779267981,0.887267977172617,0.596566816479245,0.336122068242683,0.195718996566287,0.120946572065967,0.078065910464933,0.0515083378110014,0.0339643314893544,0.0217737298857305,0.0130195411430148,0.00671199007281361,0.00244583577762827,0.000264028839001552,0.000467622590619989,0.00181614543917778,0.011664782621339,0.704017538243149,0.464793049003304,0.0919629851955949,0.0106192671281525,0.00337671261510859,0.037946773217513,0.124131135294923,0.280583108023627,0.499339511306778,0.710687784895815,0.837894912176895,0.882082768364306,0.888373425325403,0.887632250881342,0.886917089453113,0.870066303110056,0.799062317030445,0.642334992503722,0.434767749359215,0.255491592531636,0.139341246564151,0.0738241460874548,0.039567613721885,0.0209317048902913,0.0111963798021093,0.00602730268822402,0.00344359529458046,0.002200454202109,0.0017219408936911,0.00189233326302142,0.00294181783664933,0.00604987224391664,0.0150301677207283,0.0442165704270724,0.159821930220539,0.607323785912891,0.468973972746549
0.00176822246415327,0.00232676079583458,0.00304837699739777,0.00399842591532545,0.00528285201129664,0.00708341896378042,0.00973470087142948,0.0139105317288523,0.0211491198245695,0.0356137203794831,0.0718822532349231,0.204137757736302,0.748766964547771,0.171657193905736,0.0416934549175137,0.0149597106092428,0.00598714889203538,0.0022672027262349,0.000638715643495042,5.22913194106963e-05,0.00011146744670675,0.000675120341102626,0.00172789082552437,0.00333701142829233,0.00564380329603617,0.00887953922286794,0.013394598705387,0.0197199688080027,0.0286653622224124,0.041504088665468,0.0602531851845141,0.0881983614085473,0.130649645223697,0.1956441170398,0.291811232180374,0.408406184054247,0.399310355364495,0.116501932879247,0.364143832156314,0.254588239551318,0.15434040295389,0.0746940980084172,0.0241604347184621,0.00192357830470815,0.0182699507925198,0.106787693505173,0.307808612099708,0.590815380148181,0.805316292706984,0.878891544315643,0.875214368568803,0.854122197373056,0.843766917986009,0.848420449426492,0.863819949835416,0.885478630314763,0.902371890069519,0.898217015490031,0.855741772309088,0.767330270624465,0.6440788144398
0.00118278637802664,0.00153087045250624,0.00196705845507529,0.00252158776503537,0.00324178476566958,0.00420542001680354,0.00554883810677829,0.00752980674972313,0.0106901123947853,0.0163452820376117,0.0284656201973715,0.0639457304583346,0.24875902320293,0.40768105735646,0.0409367009465059,0.0103073393706924,0.00311287273387889,0.000801931152148727,8.3053504196169e-05,5.27936752878552e-05,0.000405287726443139,0.00103195897977483,0.00190454451153128,0.00303511730819406,0.00446164830190401,0.00624367691428939,0.00846295597370672,0.0112274449057198,0.0146785030637701,0.0190020062129435,0.0244432103529511,0.0313370414397197,0.0401363328662124,0.0514702691623341,0.0662184215677734,0.0856417084160161,0.111528282801515,0.14641021425522,0.193790889330008,0.258066843315729,0.343266513498332,0.447638898888785,0.542968030056212,0.453052154423475,0.467349493803246,0.648368374764747,0.542821134465761,0.361670276903115,0.19216206594454,0.058563810492208,0.00614168968557641,0.168952013679401,0.574582406241406,0.837093044029768,0.866053954253582,0.822033997505257,0.774588256479207,0.726020039216991,0.712995759204698,0.704804590378249,0.702419158151779
0.00645308635660082,0.008639420229769,0.0115649661105436,0.0155873356527958,0.0213280963729298,0.0299502311122414,0.0438317602253808,0.0684382601339037,0.118412512867721,0.240475828367635,0.576710475388021,0.761453774660524,0.257272408081394,0.0916105220841076,0.0392143273101171,0.0180409982344025,0.00809369540092799,0.00312381885415014,0.000763137898960042,2.38026732948044e-05,0.000496400582963566,0.00206164885635084,0.00477835159199281,0.00884982161269186,0.0146173424695486,0.0225863139441314,0.033465692499193,0.0482459907623377,0.0682720573397417,0.0953501311340695,0.131868815819948,0.180720061411714,0.244870924029456,0.32525496726679,0.412061430767158,0.424042048511528,0.402977755265166,0.851166101314693,0.772543582101366,0.434488683900461,0.0434745647313627,0.259856081589638,0.700118622650666,0.868273051432867,0.902652288661907,0.893660650409301,0.877464053690348,0.863997427629,0.858297160917382,0.861339126818689,0.872352246289097,0.888873878072904,0.906136675253423,0.915132653978412,0.909408500710395,0.872667460382353,0.79917970656179,0.692330818224745,0.567426042383369,0.443397308069064,0.334510119647988
0.00808366601844392,0.0110010685420024,0.0150271895941789,0.0207724665192889,0.029355021677413,0.0429924635655419,0.0665757669186888,0.112361447362365,0.21601711121586,0.482194458498042,0.849262736281209,0.436581109745769,0.165125034428355,0.0747577188114074,0.0381498828933363,0.0205118065225241,0.0109871649128258,0.0055062476635054,0.00231396134293032,0.000605259267814244,2.13280989475779e-05,0.000453873816585019,0.00197265000062973,0.0048101637261433,0.00938245248334438,0.0163433720754525,0.026616073824727,0.0413253235709769,0.0610711530536984,0.0825933114784416,0.0858852536315117,0.0197334883919373,0.21398407977446,0.484084141757086,0.423515765395704,0.308771553209495,0.213051263028824,0.14632641932832,0.0992405203596067,0.065523865864674,0.0407381108077409,0.0229446964116751,0.00981552538394306,0.00203423145992207,0.000901404525980311,0.00985702722341885,0.0355345979683686,0.0897492099845207,0.190344463320351,0.353898057247991,0.554009480303216,0.757443599515986,0.8649042631694,0.878534684435585,0.8460190480703,0.80210601219963,0.763449948169533,0.735294623071525,0.718414229116215,0.71202072837764,0.71511158310759
0.0104522240175714,0.0146147707911672,0.0206199272868629,0.0296324078662295,0.0438886406499284,0.0680930470603388,0.113226027610163,0.208025658224299,0.42772401947458,0.809720612521229,0.675375242559911,0.302127378928062,0.142950135116703,0.0758047201333651,0.0427651674203304,0.0243322139747075,0.0131030879968162,0.0059747447507489,0.00168321401627171,5.71760775182288e-05,0.00205986816687073,0.0107006143513783,0.0339531295322014,0.0933559879896559,0.243906816202242,0.529889587061977,0.532990541608069,0.0359393744479485,0.0637041932513514,0.0296560679369396,0.00414758545758422,0.0107039131918178,0.101520225652103,0.3503870252194,0.665946516756894,0.826467893511462,0.865246089774206,0.872224207152455,0.860388413085555,0.795009036145356,0.644423033974703,0.445367515509938,0.273520830975555,0.159694652062091,0.0925727510361237,0.0542635147501951,0.0322984528481025,0.0194847309862761,0.0118807334363959,0.00727948980217311,0.00447682808643644,0.00275332892661272,0.00170084110833162,0.00106643234650371,0.000696037174787128,0.000495033768067931,0.000415083663626243,0.000443184606080708,0.000625681250292605,0.0011318876959559,0.00250632757177419
0.00501246352092469,0.0066796801535096,0.00888945125640111,0.011891629448844,0.0161124123372207,0.0223282759659263,0.0320836578785122,0.0487980698066692,0.081264390502731,0.156820590012203,0.375685774102456,0.81615644123974,0.348798558927569,0.107182415246736,0.0424316675461816,0.0188076108467099,0.00835511958102131,0.00328923947221236,0.000885442989974204,4.54734910449823e-05,0.000314539623937025,0.00153830522610885,0.00373334281489341,0.00704312794227741,0.0117236477852982,0.0181571800818406,0.0268762524180963,0.0386152622620496,0.0543560171434689,0.0754002785083508,0.103466673450239,0.140708727639923,0.189733952606774,0.253141326571013,0.333497339216469,0.431162785837424,0.542331733366696,0.657329499538589,0.754575481701484,0.848388391133353,0.903389357248895,0.907619090407946,0.821494454945886,0.909449126835721,0.897952955149424,0.885254006705957,0.877638896808792,0.877122047720155,0.883772323197949,0.895662977598068,0.908914293029774,0.919460883692585,0.915188536535243,0.885665056013262,0.822841475692491,0.727468750952609,0.611096274083355,0.490452134546819,0.380265628555254,0.287855637584484,0.215337356434124
0.00900868983578094,0.0125102648189726,0.017506148398918,0.0249150928875853,0.0364957050462902,0.0559237240256017,0.0918196884093579,0.167267491549571,0.349770772352455,0.745911302090432,0.717737927056675,0.299549463765769,0.133266856277054,0.0684217437801187,0.0381243618673146,0.0218232349608644,0.0121664695113645,0.00611836639135099,0.00234702674230486,0.000358636697775654,0.000260266852427727,0.00290665021959838,0.0106033267487778,0.0292163613029712,0.0741698465946444,0.179291394793491,0.249820753492159,0.0287084729343788,0.0822004959622366,0.049619268523645,0.022284478753598,0.00670243738877477,0.00139678117845611,0.00304084789084788,0.0199035882612487,0.0611306237678118,0.143680676346657,0.28732630358643,0.491257292419463,0.700061101397209,0.83699947208696,0.889733617687471,0.898020491326772,0.896363560917934,0.898658126447414,0.902305973348897,0.891560290533543,0.840926415093458,0.731273647531816,0.575161908888988,0.41362688862714,0.280702111798036,0.185556335974244,0.121791307612188,0.0800543277041905,0.0524841760808368,0.0363883832308414,0.0240948540722539,0.0159799147642144,0.010509794260992,0.00680785248044464
0.00787860451647958,0.0107917864733522,0.0148489843303193,0.0206879999016121,0.029474062170923,0.0435099098554369,0.0678492540816405,0.115046376518108,0.221050134478721,0.48783165364974,0.851681301209458,0.456357980596558,0.175104524740795,0.0787586968636672,0.0392928554680815,0.0201587686505605,0.00983902550635278,0.00403878347511562,0.000994316898584405,3.28925202350014e-05,0.00109495331414708,0.00462186470737832,0.0116619742023851,0.0241786318830198,0.0457061143147036,0.082460414779839,0.145043297108801,0.249096902228408,0.405810522021463,0.570204382313715,0.392286202899453,0.412865424885253,0.349388518691009,0.132245378689564,0.00778759085111451,0.288929875538831,0.716617067589282,0.854956721486714,0.878119126169863,0.884280632023574,0.886315897376984,0.864801571709255,0.786610166029596,0.636601174910682,0.452775731982353,0.29214913870208,0.179416660354357,0.108519551223638,0.0657269108742373,0.0400466797970819,0.0245200446222636,0.0151771898454038,0.00948432654963303,0.00583984890581881,0.00360504614771795,0.00224769249020664,0.00144934467775257,0.00101622214436099,0.00084781827232773,0.000942618930092558,0.0014979017617723
0.0150071251436234,0.0209982815481344,0.0296589106107082,0.0427057752196728,0.06347054892774,0.0990109196622566,0.165755476199821,0.304341053837923,0.593468633508739,0.882717821112323,0.583112624798224,0.274454654092317,0.138468014781438,0.0762654765182629,0.0440602947674181,0.0255962301112266,0.0142456389737931,0.0070367357619213,0.0025929215138596,0.000357453885355874,0.000306341375048637,0.0028864220767829,0.00910486515026794,0.0207404776309614,0.0406805127632511,0.0736336142638567,0.126209091850582,0.206885667452627,0.322897459416452,0.472073982723906,0.627884695684975,0.651257389914054,0.838377691848745,0.748351741131933,0.90294270203605,0.918248732588033,0.919599694040054,0.920446245506342,0.919308221673537,0.907764024744435,0.871164789059158,0.793936354679583,0.673175862311313,0.527248265715509,0.385645748322031,0.269479266341904,0.183779737874649,0.124292224279354,0.0840691153006899,0.0568580150279452,0.0387813578310214,0.02651538288652,0.018128796648072,0.0123524136053671,0.00835575538450949,0.00558358874532739,0.00363323790714081,0.0023162155797494,0.00142147474576319,0.00083149946924637,0.000460213758942941
0.0183471694202867,0.0261005363759379,0.0376345378181997,0.0556196707579414,0.0854712103717719,0.139126331399925,0.244995460332329,0.465689283868893,0.815178730262615,0.786756738050137,0.419243414456228,0.212636121644392,0.117598661241401,0.0695113708716758,0.0424217926943412,0.0257858016110253,0.0149331496687983,0.00765187505605621,0.00291819422081841,0.000412422997089371,0.000385548393945515,0.0037452474308762,0.0123739046399027,0.0297839299405476,0.0622722476440637,0.120470586402383,0.220437328555322,0.377726546402006,0.568098365823154,0.25807218063964,0.378726908232959,0.26031705640984,0.760714352353212,0.880326393091682,0.907965918471751,0.914217218908724,0.914075548127448,0.903422882056902,0.866918920418781,0.78770747433948,0.662292778836611,0.51156440890724,0.367997149481871,0.253029356081305,0.170204286225504,0.113833664877853,0.0763611451795719,0.0515263907953122,0.0350017625422243,0.0239007327041364,0.0163574281364686,0.0111886007501727,0.00761573227876402,0.00513115539431294,0.00339411113774021,0.00225543050746005,0.0014141424993912,0.000852453427958319,0.000485890229906184,0.000257220738913221,0.000124954744848009
0.0162321514169375,0.0226688731284768,0.0319622086559135,0.0459608068866469,0.068267902928653,0.106557962136969,0.178762904587365,0.328862368684806,0.632832274148925,0.879242099979779,0.552371678483653,0.261717871607915,0.133633629400826,0.0744266076077626,0.0435706600499412,0.0258248900584608,0.014886577500286,0.00787860535622442,0.0034164820943163,0.000863686206066747,3.72989804911684e-05,0.0011130125415393,0.00463732763963821,0.0115428584504952,0.0227445448239412,0.035555431648873,0.0230860459294905,0.278472937559975,0.726539729894864,0.476722308837663,0.218164236047985,0.0759317526431992,0.0165798330542381,0.00111277700341392,0.0204948321137771,0.081831966288628,0.197137738934961,0.371130775940488,0.577346047763231,0.755741717464715,0.8608214985527,0.898093372683542,0.899085794731219,0.89012957802275,0.885180786673501,0.888595665748275,0.897769156145468,0.902203505587132,0.881745885419223,0.810166887237566,0.676429319825558,0.505800688245844,0.344213162658285,0.220260040526496,0.136250323639699,0.0828297307691371,0.049819559968569,0.0296757976390279,0.0175577383174337,0.010569874802043,0.00673854731066384
0.00447994361921311,0.00607196766507268,0.00824274439910127,0.0112879493535656,0.0157283757129565,0.0225499738840318,0.0338087228948169,0.0543376501258055,0.0975457944574274,0.208727419479503,0.544243647266409,0.742285053029203,0.239888690520825,0.088446718352796,0.0401577186798854,0.0199504557930021,0.00992569259433644,0.00447434091000275,0.00149512490238549,0.000160678752637035,0.000266824372367298,0.00205633430053612,0.00631131683063572,0.0147556487995306,0.0310528506700567,0.0633095390001559,0.129983305214436,0.267784726965767,0.482597114275003,0.422029445799357,0.0327141346645445,0.0809423130172151,0.05519196238928,0.0298657222613805,0.0117348736266363,0.00166240293320511,0.00264954031842983,0.0233741733730095,0.0819892085499303,0.20796787197092,0.420390105028963,0.664512202867567,0.826787067923909,0.883246252785895,0.890019571658579,0.889592761992874,0.894648508823802,0.897682402800908,0.874921702092124,0.806286434470853,0.675832472489049,0.513880859179145,0.363093061746961,0.246890583811244,0.165801429258374,0.111653056942244,0.0758111437602689,0.0519713235847275,0.0358944358035665,0.0249105928361963,0.0172967599076432
0.00882981418864547,0.0120824264638739,0.0166085028319462,0.0231197969973794,0.032920775284038,0.0485991408444132,0.0758545369507664,0.128919938468815,0.248171105042457,0.539738855458723,0.849848024264162,0.425013151346649,0.165831877318254,0.0750596424810059,0.0372325047071162,0.0187967367250765,0.00891075691994517,0.00346275575182284,0.00073679441614239,4.69386517022763e-05,0.00125929464042059,0.00463883676066148,0.010846943567162,0.0210561374500719,0.0371421539562721,0.0620308893561871,0.100073917430903,0.157222230944762,0.238627620737023,0.353690946806741,0.496862540031468,0.648080096296976,0.758646910886428,0.836559593867686,0.891876090712821,0.401669678023249,0.894022987869576,0.90209280624096,0.902813209060005,0.906601269353047,0.903674887611847,0.875539681848755,0.798946445465525,0.665180405969095,0.498861122548933,0.342520230226695,0.222492462266667,0.140758729972764,0.0883027886027566,0.0553403474820056,0.0347512413081261,0.0218174361184892,0.0136600885900291,0.0085073563025078,0.0052521310115245,0.00324493022487742,0.00200943153402435,0.00129559566441964,0.000935409118310519,0.000859443305407057,0.00115839928328724
0.0043892202088843,0.00588806317964117,0.00789763757250046,0.0106640285305772,0.0146132252565041,0.0205356731839276,0.0300408855149953,0.0468067209365423,0.0807135242755826,0.164398735364152,0.424405181333387,0.807132787453707,0.263449007283083,0.0852830329249924,0.0353170202003272,0.0161471320343025,0.00731686336942469,0.00290151586358168,0.000757874647227331,2.9700320075342e-05,0.00039406929187724,0.00180614984015836,0.00441868482887378,0.00857327338766764,0.0148479487061877,0.024152662894968,0.0379157374586289,0.0583451240044615,0.0888929010970624,0.134821126124138,0.20355342764227,0.302788554861255,0.42791988892819,0.499294609526164,0.0498532828731676,0.562795992712505,0.395075222875439,0.180969312523633,0.0298461079062641,0.0305379067267908,0.265005580003133,0.624236690721938,0.831757145449016,0.889451361695997,0.891385517028639,0.88518503574143,0.885965415522115,0.894797424266032,0.905329176816429,0.904175446255478,0.87204204590215,0.797270455243091,0.676326898907197,0.533592336037468,0.39778460482597,0.28631632771818,0.202765108126455,0.142872362468955,0.10076817270985,0.0711484149662335,0.0508501130302552
0.00574824679798889,0.00777633585154087,0.0105407511441305,0.0144249375398937,0.0201139079704535,0.0289341930171263,0.0437189333200143,0.0713874653482628,0.132004282751833,0.295091340781412,0.726655857975309,0.55300882320291,0.171993663057137,0.0672679812262094,0.0308114537065109,0.0148891486790518,0.0069488795943072,0.00277504822682658,0.000698860969868207,2.28894259274527e-05,0.000491324960253461,0.00210179298175969,0.00504344275360525,0.00969971378309178,0.0166929435205149,0.026985080968552,0.0420198934603162,0.0639514002961257,0.0959837856126797,0.142742484378514,0.210418280510528,0.305878577078014,0.416595094231683,0.539520339216492,0.343142433734606,0.737665182641212,0.557693411451777,0.160313024952538,0.0609157333597455,0.523836921043025,0.811312109927111,0.891478049511026,0.902040911998252,0.898098616592037,0.897092972451546,0.902309995055096,0.910863104673051,0.913654152069603,0.896896010341896,0.845194881417298,0.751033974988886,0.624180424347926,0.488042148612625,0.364876942911035,0.265610473609665,0.191077961024787,0.137019513210959,0.0984220999562508,0.0708911305764744,0.0511910427647011,0.0369878338994381
0.0412860836826712,0.0616692849567865,0.0945353286927923,0.1507557040709,0.253159053482912,0.445084261000494,0.749229711124477,0.913268585533783,0.67140565233111,0.398383099352961,0.240197562003171,0.153897389431713,0.103938310417321,0.0728564951105528,0.0522480166548964,0.0378338432424018,0.0273203119646079,0.0194698660564571,0.013766825641326,0.0107440009910624,0.0184140192898101,0.370766368543155,0.473126628863411,0.0371486030352193,0.00439740766535323,0.000512819103647615,0.00886391260448392,0.0321456141658646,0.08035676492321,0.169814336470862,0.316991901455789,0.515307662758089,0.710223671028269,0.837363493235986,0.890006978453298,0.902843104465892,0.904069967254386,0.901209451095917,0.881686152894518,0.816453510161294,0.681817525188254,0.497914611963211,0.322945352717467,0.194822729833406,0.113998543038722,0.0662061170058849,0.0384974936382742,0.0224124089084259,0.0130562894635906,0.00755977387170398,0.00435244275330273,0.00250321124079128,0.00146631939741895,0.0009202658532513,0.00068441715403035,0.000691745215129892,0.00104554407938487,0.00218923394774822,0.00584576443204002,0.0192563071660487,0.0837228201060908
0.020059843294024,0.0277934111442173,0.0388156522185288,0.0551655495282701,0.0807374389323135,0.123590627475928,0.201762838741506,0.356532189977503,0.650818417727481,0.893348982628081,0.59487211622622,0.287291136029225,0.144568718784151,0.0781534043761929,0.0438892769921813,0.0245857277298295,0.0130747287739863,0.00608590499599549,0.0020468864657426,0.000218988731240876,0.000336088525077041,0.00245520425341007,0.00690903945022925,0.014314085781405,0.0256311983965777,0.0422311261910014,0.0659649535018971,0.0991399802233042,0.143919442442473,0.199033267618617,0.237139804572508,0.145082322032729,0.726417816371671,0.826127835888233,0.4039162771888,0.171023616485042,0.59871528419215,0.80216352844609,0.888523090543123,0.915291120845927,0.919510671228355,0.911926626868337,0.903139680286088,0.898534629301305,0.899870111349953,0.906513881644591,0.914440404038254,0.915468717476533,0.896081957800099,0.839166102658861,0.734612557395433,0.590402439275633,0.440861929052281,0.305728153183854,0.202106379117126,0.12957600516341,0.0814460565210342,0.0502998841334774,0.0312104323777638,0.0193204803714808,0.0127688140043274
0.023280790174527,0.0330381881469475,0.0475403750660699,0.070138392529266,0.107586066596324,0.174556531823338,0.304178309205716,0.556733294177874,0.871656532185409,0.746246892557017,0.401243672142793,0.209782684394312,0.117803546671281,0.0698988970321521,0.042522630472843,0.0256600380039068,0.014728136810925,0.00749275479816097,0.00286888284165324,0.000437513232638501,0.000282172423830607,0.00300925703503287,0.00987032531620888,0.0225878953726425,0.0394706790653485,0.0249913863802034,0.496757148166677,0.632625885122953,0.297723174480726,0.0897014247202861,0.0140166252501055,0.00376640410541282,0.0471132836767945,0.155361457199183,0.337898047811189,0.564297911126842,0.755759067400379,0.858527930210687,0.889375999861128,0.888823285566914,0.883972444510964,0.88518423108441,0.889343753128673,0.878475170344655,0.818196070914432,0.678583129921075,0.481484374097749,0.297841329282051,0.169045386944959,0.0923334662581102,0.0496830541523692,0.0265925228064576,0.0142789592063462,0.00782840478988755,0.00461211237102881,0.00327309510958519,0.00329097865057453,0.0054636373864478,0.0143628237578236,0.0564341433356732,0.349248234335291
0.0367641511347114,0.0539171729020097,0.0808349748951481,0.125546954391467,0.204916663880508,0.353912298255841,0.620445755078171,0.896357409547341,0.771916978358545,0.460153374778161,0.264574306546744,0.161491381498368,0.104565157385423,0.0706894759352114,0.0491136445324558,0.0346005057793099,0.0244291327197283,0.0171257918394388,0.0119060115211341,0.00846746444964333,0.00717680028888726,0.0118863801237519,0.0779689872680788,0.670293449270421,0.690873373605655,0.562719127971035,0.141535151306954,0.034121553397126,0.00576438131293811,0.000514153844765927,0.00889371608927211,0.0314116847241122,0.0729738889738916,0.13981488469937,0.245844448911397,0.392166328873578,0.565235848194284,0.727869612949648,0.840839709513971,0.893637908956112,0.904624002312378,0.898074898781901,0.890803189642873,0.890299434946201,0.89641854903458,0.900255309396363,0.881144999260427,0.808175401518509,0.663673894199303,0.476046068169631,0.306511161811162,0.18305031721904,0.105250854711858,0.0593622766243943,0.0330514893626084,0.0188125727194628,0.0107428049402705,0.00674961567744034,0.00561206769845764,0.00834932197416082,0.0284107626121568
0.0317212918240761,0.0450749685945959,0.0649634375402466,0.0960345097911495,0.147561616015924,0.238988563350518,0.409186692864857,0.695883152163267,0.905912429672795,0.675800807654491,0.374673141262017,0.207294863041986,0.12145646951256,0.0744407993080778,0.0466583756084747,0.0291693902965126,0.0176533841406266,0.00989262814313128,0.0047171953737572,0.00153501074476361,0.000117324195992161,0.000504826217430372,0.00296732939203751,0.00795720208901954,0.01582875903286,0.0253498011609041,0.0256687855875672,0.038074631930736,0.631567621236595,0.772540497413851,0.4013714807004,0.0405575297602327,0.00830618582588772,0.0753248286650581,0.191924114057846,0.342455803700636,0.508609561608099,0.669901335841782,0.796408713243192,0.876400005515586,0.913990696276841,0.922898002770082,0.917403023567265,0.907801253293341,0.900662410316534,0.899006114433187,0.903346660061087,0.911523252981988,0.917823485384844,0.91186520126605,0.877916720401321,0.800320470111544,0.67927579179366,0.528217350389225,0.379188361945492,0.255382382956514,0.16392624808467,0.102032183839961,0.0611459075408805,0.0353791849990608,0.0197142556945206
0.0243808404298089,0.0340048692648434,0.0478800794546349,0.0687409344205464,0.101869305750878,0.15825288759466,0.261988513847562,0.462032768425039,0.781310862991655,0.863368966451299,0.516571699046576,0.260930800033001,0.13847188782641,0.0777875286811531,0.0449086199377346,0.0256951379450073,0.0139091162342112,0.00658637757766204,0.00226569851906509,0.000259050969886336,0.00033742122851581,0.00260033141593935,0.00743776930868769,0.0155432708013116,0.0279776569103899,0.0462292992349426,0.0722741205211065,0.108562268660151,0.157484231434625,0.219163100997454,0.272621796122712,0.496597184588083,0.629445626407299,0.753736952603299,0.405426821770887,0.758468689982417,0.864557000272247,0.912166945639874,0.928430594118617,0.928193313698488,0.921084335165338,0.914890978431854,0.911662497996832,0.913097273959452,0.917916229466347,0.921497976417137,0.914774451914605,0.883204863211282,0.811656410230779,0.693997058878777,0.545178427301173,0.394989489432545,0.268487301350428,0.174830044358276,0.110374802419664,0.0681016758272659,0.0412712424760313,0.0251791092574347,0.0151168517302681,0.00960604665260281,0.00753452015508079
0.0282569245996112,0.0398639856582804,0.0569239638167781,0.0831519787247864,0.125885508349693,0.200490661821602,0.339641997409127,0.594311874266626,0.885229473100616,0.767028394599284,0.429726782249092,0.228446544175467,0.128377132908279,0.0756527856987466,0.0455177143135476,0.0270909732927339,0.0153101399628386,0.00767242734471805,0.00291930124781491,0.000473746395739707,0.000197957694696148,0.00230445654869484,0.00735405451835215,0.0163083499497607,0.030641279080342,0.0523997769104017,0.0841049876086634,0.126576754101886,0.167988296723875,0.153137953249581,0.562299369763672,0.735052174652184,0.187796195256499,0.594457035966826,0.772131739025271,0.866673740511656,0.911261080123825,0.925885334020158,0.925883263068372,0.921531496245986,0.918564848487129,0.919037019780917,0.921218949772133,0.91877813026682,0.898935088942255,0.84445530968627,0.741259361381688,0.595140205422484,0.435453246915677,0.295028477931074,0.189499693887622,0.117705002817903,0.0714715959672073,0.0425271869476731,0.0247272151612418,0.014519069331763,0.00820696984294871,0.00474468889502201,0.00311926035390529,0.00299656514966099,0.0053063296832013
0.0075531546267735,0.0103058969012338,0.0141212714647206,0.0195934795688155,0.0278183361525316,0.0409911974126434,0.0640064942617172,0.109398137736886,0.214633968415189,0.493594124046118,0.846641121340531,0.398907257522105,0.149701200018224,0.0680775171209836,0.0348364981210548,0.0187233527094431,0.00998020120406747,0.00493661156417391,0.00200852678708313,0.000473687041931373,2.05151659566437e-05,0.000574993674662125,0.00224245179463835,0.00530789315178981,0.0102869033252265,0.0180488060469953,0.0300324967103814,0.0486928660239264,0.0782744662364959,0.126258110941087,0.204538947875261,0.320254026971344,0.364504208444771,0.129954065698205,0.23451845954699,0.0940797019721557,0.0189379544795968,0.00122378514585433,0.0262934409866519,0.0963472630640539,0.219608518455131,0.394363473674796,0.592329560955994,0.761372692961982,0.864181923884081,0.904535796582865,0.908015417381679,0.898198545008703,0.888905839799736,0.88588845286914,0.889922082025044,0.901250154497328,0.91226954791297,0.91489042921173,0.896937630725255,0.846957026045219,0.760487181693744,0.645591298009043,0.520121085596206,0.402058601199116,0.302006405570625
0.0116256001449197,0.01592955223294,0.0219384856920041,0.0306298808956511,0.0438209951623461,0.0651690462151338,0.102830242769601,0.177176944574885,0.342780548879371,0.692392761026506,0.812230424511181,0.385163898288614,0.166942494184638,0.0819296389310499,0.0436091683198641,0.0238878542826008,0.0127783948271892,0.0062183330014557,0.00239074253764237,0.000453907881178243,7.27300132274255e-05,0.00123476015929897,0.0041938435328363,0.00949300442310894,0.0180551606318535,0.031290249881678,0.0511146763010463,0.078949595767384,0.108574926995565,0.0829880357893833,0.31830856989609,0.746698222296131,0.55696328731745,0.280895471123303,0.11345692360806,0.024532383197142,0.00269106867260561,0.0168946721192546,0.0982156106065703,0.252964880765115,0.46151056385883,0.672022791484254,0.821620014583303,0.891282007794244,0.905168089956487,0.894431623785924,0.87948071220768,0.869970684339293,0.869713003466844,0.878501546048661,0.892144722092834,0.907603097331946,0.910248917596982,0.883421849732435,0.812902376783504,0.697024674275236,0.553885389405318,0.411046044718262,0.292154056291371,0.199947345636716,0.133368720008785
0.00884410883146249,0.0122357621952616,0.0170597911962824,0.0242029747578863,0.0353743807783762,0.054191918351051,0.0892984412085275,0.164489378819692,0.352201749678213,0.76017058549915,0.648834897021518,0.25390676638722,0.112035288369125,0.0575892642014296,0.0322769412919565,0.0187611898761667,0.0108365029528083,0.00591886476396786,0.00281204041414902,0.000947091284124077,9.03612192029417e-05,0.000225325522991439,0.00152071954854056,0.00432255325841976,0.00903180141731574,0.0152451101758661,0.0175043885993778,0.00208286323021555,0.240175527246873,0.458243683251497,0.302462673136336,0.170458085541868,0.0982450340372846,0.0589365269857124,0.0354112143252545,0.0204242951071119,0.0106401785611191,0.00433928933524317,0.000885958165752958,0.000266444177617636,0.00302961411138649,0.0104115045762003,0.0245905838681531,0.0491734853777128,0.0915347995203865,0.15886158932781,0.263458667754295,0.414185471634438,0.46048429812999,0.728551535430186,0.85027217324135,0.89199585913808,0.881474264015521,0.849612590991897,0.816337127815289,0.790671507199069,0.775445692423475,0.771296528514367,0.777604588089366,0.793354885110074,0.816980853886233
0.00559443143148789,0.00746643184006529,0.00995986580795189,0.0133719105751067,0.018218934998764,0.0254637583682284,0.0370792541730919,0.0576093119446951,0.0993637216583313,0.202987619158306,0.513087331139093,0.774273043278865,0.240951827167436,0.08133502081704,0.0340315313785198,0.0154995360812301,0.0069541306348997,0.00272983361149436,0.000716314067854865,3.16379503590715e-05,0.000294909040769791,0.00136608631997523,0.00324368598064825,0.00602542155927075,0.00989714827064598,0.0151466096378522,0.022180081252458,0.0315671997989143,0.0440981142241108,0.0608894722364617,0.0834850459687534,0.114034606066209,0.155330361517696,0.210450814436732,0.280280110010167,0.352216055537133,0.341484568392455,0.0702734377243747,0.64921596363258,0.532225026548056,0.317502555331923,0.163258984696612,0.0431524234131286,0.002534395069594,0.0331984966774288,0.186745786395857,0.426370634816442,0.674031110450576,0.835389279601501,0.894508918899848,0.892235579161722,0.864724351618329,0.833475058462822,0.807473823999602,0.789589293292926,0.779941446606074,0.779885356194519,0.787273526212012,0.801648804515756,0.821899277304406,0.846374561649027
0.00359780882506151,0.00482472375984359,0.0064666753433158,0.00872042928964068,0.011923689159902,0.0166965818109636,0.0242846436366417,0.0374875886167695,0.0636768601497332,0.126870523913911,0.325523129489991,0.806082621088566,0.305562598814178,0.090165064597676,0.0357864333843593,0.0160299640330131,0.00717457670796272,0.00280468547598711,0.00070194940169316,2.26969594142903e-05,0.00049307149384408,0.00216304535079129,0.0053591442137129,0.010756985904632,0.0195824341202523,0.0340529888292557,0.0582151137208783,0.0996206913270719,0.171816907637673,0.293488036587376,0.453778000338528,0.443828052754188,0.0401953096720659,0.186468941750235,0.138358714472351,0.0832475664461564,0.0423443249321989,0.0140184733072988,0.00102573353048528,0.0119390265009398,0.0702172377662377,0.214689191355716,0.462249963726027,0.718576036301834,0.855132292377116,0.886111724021879,0.881718241824376,0.878884973263922,0.886315496962959,0.896735345112015,0.89552231149807,0.85405540016957,0.754896691415858,0.608934756589005,0.453158705704143,0.319891827461432,0.220215305339798,0.15041601585803,0.104159311023987,0.0717569037310312,0.0496522677737021
0.0304378602682486,0.0453236431886855,0.0692885060330558,0.110404093691766,0.186535677841173,0.337476559532031,0.622417462626785,0.900101204235263,0.717260994478628,0.41323666981481,0.242043237867482,0.154143460312711,0.105808473206063,0.0771826462338135,0.0593143586898746,0.0480210227095344,0.0415130825219416,0.0399452715162134,0.0477687532078452,0.0942075377529398,0.460109338880418,0.627342684205119,0.146484432845617,0.0178069537360206,0.00487685290929615,0.00125465199085565,9.07236229976871e-05,0.00037270941225916,0.00213556033814371,0.00585619318964866,0.0124167792464281,0.0232467630062066,0.0406240391861875,0.0676614754485425,0.108280444105801,0.172207811125125,0.265515049100639,0.393065935179805,0.547600908372948,0.702324218068525,0.821224750608834,0.886093606927399,0.907336744554282,0.906758123575292,0.902194410613592,0.901860058041263,0.905816003318574,0.905038380382002,0.880396929525788,0.807716924533858,0.678503779742176,0.514255368449051,0.35723362067741,0.234375852474763,0.149261022310697,0.0936477249116356,0.058222137283815,0.035802546899753,0.0216411963615762,0.0127910654439419,0.00739923011812879
0.00500974280929143,0.00666788326730805,0.00886204311464572,0.0118385905195381,0.0160184093587562,0.0221701111918427,0.0318278671889279,0.0484080368288804,0.0807770104026804,0.156944593483235,0.382317719950764,0.823386845138828,0.316718827808058,0.0956657109834165,0.0372928730482857,0.0160871560754672,0.00680562792989425,0.00242907321719815,0.000494370751264074,2.25989853153412e-05,0.000619901447233872,0.00217163057964705,0.00472804198257334,0.00846999946338913,0.0137031220060831,0.0208833564332614,0.0306580911028195,0.0439457756967566,0.0620229465856036,0.0866561158880433,0.120267902322931,0.165948300030875,0.227110874194208,0.305384958361253,0.392088392384192,0.42562232388506,0.0906513174273909,0.767900084733731,0.713689313527255,0.518677978986747,0.285904136329562,0.0698098993057905,0.0192078949233758,0.272671316680177,0.647368445114216,0.838587169772174,0.88994266675498,0.879129157435104,0.857495981579499,0.841217138676975,0.835078019904503,0.839578410728992,0.853353581555555,0.871698396736909,0.896464761059016,0.911539606340952,0.90702559944263,0.870042256628753,0.792544891722359,0.679641199548751,0.548664321847654
0.0116135970156549,0.0157778799632033,0.0215004296114636,0.0296114886283491,0.0416007039081959,0.0603393582774827,0.0919021689306195,0.150567701253465,0.273172143584768,0.543708654553094,0.866362522936762,0.54124714504676,0.224767779789035,0.102010934459009,0.050464456357915,0.0255830251149671,0.0124011404182986,0.0051585089066599,0.00140458450187305,6.25900659209009e-05,0.000729346139048772,0.00340608924851708,0.00840514871322712,0.0163550725043921,0.0282482154428041,0.0455414334394777,0.0703106289399079,0.105343414857483,0.154201597440942,0.220864644432706,0.308083915490375,0.4161986427445,0.533119536522972,0.596778336989439,0.776679740497629,0.885593377104456,0.824052339748394,0.324297205109482,0.878174512680426,0.903150013615625,0.897771705630247,0.891663648123164,0.892842648392369,0.899240377098104,0.90708636394188,0.905915146925042,0.877477052740383,0.800675873334045,0.668638223782386,0.504372800659076,0.34779226475766,0.225212576461555,0.140411225258038,0.0857942442610895,0.0516977161218659,0.0319696941623257,0.0192016309520434,0.0117551158085814,0.00772788878335914,0.00613434096799831,0.00710112468399233
0.00520311315204223,0.00693903120012927,0.0092438740378081,0.0123791044812473,0.0167879011581006,0.0232751093672815,0.0334286841213223,0.0507423179350159,0.0841124247165415,0.160784690403742,0.378174947844133,0.814067242575121,0.363106156799015,0.110350668204682,0.0425014947545086,0.0180465945710181,0.00743525315325997,0.00249808053660214,0.000411355674015384,7.08705165612239e-05,0.00106222543578306,0.00331123478737559,0.00695981432093271,0.0123365525809634,0.0199736633604214,0.030654379881386,0.0455104307454264,0.0661134744529542,0.0946456484404582,0.133981505152745,0.187727616129566,0.259827015273093,0.353240360433608,0.462010829995788,0.591792501589699,0.713634373830113,0.798947044639573,0.562461853860189,0.895008587152733,0.871441445699877,0.737440666418353,0.804144451648593,0.875801335940268,0.87383519731588,0.87616981979687,0.883446840304252,0.899175274782032,0.904142838046857,0.882783214797707,0.814425988951653,0.692004312981301,0.535999614787655,0.382710390654674,0.259851452938387,0.170535807958287,0.110241504514982,0.0706346856532104,0.0454817168461669,0.0289191243421232,0.0181607827837173,0.0114866179098462
0.0857875534353979,0.129648631584372,0.200524337334571,0.318471236069704,0.511128610825579,0.771564669632386,0.933235896098326,0.804152392281567,0.554395950332338,0.362202857885001,0.240970869445651,0.165441666487104,0.116601592283608,0.0835748837524184,0.0602503901962641,0.0431644146566731,0.0303109454444589,0.0205575370419636,0.0133990052999235,0.00905974039861166,0.0115144832540093,0.205636651200554,0.13328423040403,0.372409186921293,0.0212540244561542,0.0905829567379684,0.200652516937892,0.36805083460812,0.573880206982273,0.75569922959718,0.860359654588535,0.896861208734969,0.902377855874006,0.899941509714756,0.886257645578362,0.827936925453177,0.677447617267315,0.449776199972749,0.244406560007683,0.117581763114187,0.0534517549486085,0.023498297725474,0.00999681200406144,0.00409719848578487,0.00164440277411986,0.000759225793473904,0.00048351295424941,0.000596123784707719,0.00124628887525848,0.0031235221309077,0.00825586338476388,0.0216914669390609,0.0575453612464064,0.156898045042038,0.418685618992713,0.762206195123991,0.674592793858771,0.485573396752403,0.375201374424718,0.315271882899482,0.282371889713069
0.00937584447774913,0.0129228337638885,0.0179280092276054,0.0252627732645323,0.0365801559940892,0.0553006694588639,0.0893580312094973,0.159786519438528,0.328395847650012,0.709982138335161,0.744547807188738,0.307889462850163,0.131876654736836,0.0657091719883526,0.0357811175476799,0.0201688232907968,0.0112186515405881,0.00580912150666603,0.00251962265852928,0.000685399893634791,2.69048804075287e-05,0.000505319275893387,0.00227960982368165,0.0057214571113878,0.0114858383027186,0.0206709968938966,0.035104157594854,0.0580116787371563,0.0961404157471043,0.120819609521446,0.227041000010488,0.372035191533148,0.565430549719878,0.67740641161178,0.117889221821811,0.10148414600908,0.0191926963320106,0.0146333710341981,0.130140386844537,0.328508088912284,0.578705082416848,0.768769545171645,0.868396087764079,0.903688615097757,0.909453782286513,0.907601975522929,0.907496066169001,0.911307382647059,0.915555138283676,0.912241603465203,0.890426450368701,0.838369355878172,0.751095964615031,0.636527168868324,0.512226119041176,0.396260989683283,0.298817538321195,0.222305378431114,0.164454650578259,0.121497660886153,0.0895074423394356
0.0121438638978703,0.0166993588713578,0.0231120697379563,0.0324930382736164,0.0469494148873998,0.0708427698194926,0.114240051531884,0.20324012711384,0.408152273407891,0.794822662383082,0.70002277951095,0.296543601306309,0.131678955682293,0.0662212163680696,0.0357660467296738,0.0197181093409263,0.0105557251338474,0.00512535564514412,0.00196497217550514,0.000377218150547383,5.24078359056059e-05,0.000911377784065038,0.00304364004332214,0.00668848165572466,0.0122483498535441,0.020322538511586,0.0317796993873675,0.0478411451250589,0.070224396101097,0.101413659578842,0.143437940753039,0.198642435224361,0.27907044324444,0.380633096655828,0.497186903165184,0.550715981559992,0.53049055065192,0.577846166672261,0.0635089772552729,0.179457834748106,0.562018207607503,0.7871225441726,0.883714106086992,0.914037484032203,0.914292311149989,0.90757718843016,0.899889233870251,0.896469240553372,0.898822478356153,0.906064211399132,0.915440731880396,0.921232361961293,0.919305999338308,0.898071308180698,0.850380256807484,0.773645741690859,0.673152474467252,0.560980791014494,0.450722000726568,0.352319264664425,0.270301457352394
0.00642905932725429,0.00866330738563343,0.0116827632135601,0.0158731070263372,0.0219024379346261,0.0310098007740817,0.0457011931008902,0.0716497881357673,0.123620625918103,0.246124164684929,0.561130078354252,0.787857653477896,0.314629320547828,0.116810904347848,0.0512925169535581,0.0242514887539812,0.0112467722597641,0.00453394465936529,0.00119179191343061,4.8407831467631e-05,0.000705709186365639,0.00321112608065151,0.00797659596645616,0.0158164157153831,0.0280895301588921,0.0469743806459118,0.0758368367706108,0.119763400279322,0.185856915688225,0.282268605914973,0.412778089826507,0.562026327443856,0.66652623147888,0.227215065360184,0.691368295556118,0.577314259981128,0.250212019569743,0.0946140455635207,0.724926872059206,0.862327870169452,0.876260486424435,0.881338797930666,0.889625253679514,0.890608030891493,0.860714401845141,0.772446638628538,0.622629877438667,0.448755311949088,0.297669615449158,0.188750227000423,0.117581906640094,0.0730457804598207,0.0454633252908163,0.0283616233152846,0.0177048000898712,0.0110314991999372,0.00686980802830889,0.00430199636131407,0.00277021629308209,0.00193451361465481,0.00163094563022485
0.0121421196289747,0.016933051825568,0.023829454227928,0.0341748355249913,0.0505856275355789,0.0786277441557737,0.131528132648213,0.244128980308081,0.502479510759226,0.867785903072059,0.608498590517996,0.270481667174507,0.131895109666022,0.072032229224011,0.0420826809792111,0.0252435374361583,0.0149524986396359,0.00831765746096166,0.00397228780359744,0.00128955460674031,8.89777509090405e-05,0.000560706293813215,0.00330447790938188,0.00927006550742076,0.0180416039797955,0.0149941852980205,0.110079603977925,0.508762649301065,0.294780653122602,0.136010262564843,0.0656360900485059,0.0289478432916026,0.0106766702171423,0.0018041388472773,0.000849441600256593,0.00917834532285989,0.0306897683216927,0.0683712422722329,0.144308140024559,0.2641271515484,0.433019216343317,0.625623987563747,0.785930731554151,0.873701978035001,0.89836054081273,0.892567772520684,0.881823854810026,0.878069972528467,0.884282796678919,0.895762237844882,0.903220313390459,0.883253520543895,0.81256193461707,0.683017842244467,0.515353991282317,0.377158356367161,0.251359635901526,0.163149118416381,0.104452600337056,0.066238639698772,0.0414994371547634
0.0281774156781577,0.0395513018645263,0.0561357053267996,0.0813739612709932,0.121951464575036,0.191671072598723,0.319591356029681,0.554506542125586,0.856400107901294,0.811449137252178,0.470411794590211,0.247068850872321,0.135789657451005,0.07802327117183,0.0455878958050588,0.0261368755110985,0.0139974400881578,0.00640349224548283,0.0019855806379499,0.000130058875736175,0.000704017279305659,0.00395231816315322,0.0104867276370181,0.0213508640877505,0.0381126061927279,0.0629894886742206,0.0989557514818065,0.149603201367201,0.218747649417374,0.307740040944145,0.39882109407833,0.561542078848744,0.685384510314006,0.791232039270611,0.867882324373839,0.910022667469051,0.9266454188327,0.927775140604607,0.922869624487195,0.917874356910741,0.916767288864708,0.917371472807114,0.913918887512069,0.892593746859902,0.832092622605479,0.714734830792756,0.54832984900877,0.373842616002007,0.231736468060706,0.134960343294169,0.0756113953139562,0.0413297905247873,0.0223194103967411,0.0121446590046949,0.00709544175383553,0.00519467027618134,0.00594251078028686,0.0123494086848051,0.0450397873069203,0.278844679295779,0.476900542640547
0.0398889850257916,0.0602110781417334,0.093631108498315,0.152248225458531,0.262268373605538,0.473377662413466,0.792924937361374,0.884949182740899,0.598327111836692,0.351401730148325,0.216656584496808,0.143701201378423,0.101513735944313,0.0755622768895135,0.0590043121746539,0.0486047470583652,0.0433059337760351,0.0448427395855871,0.0656738881045904,0.214236869201432,0.534876957176984,0.653005032847324,0.0719863205150272,0.0128569108356502,0.00308930720202993,0.000304993563976476,0.000445941315302025,0.00324368908478898,0.00960511819705577,0.0214179828987456,0.0419179256630122,0.0752673620295202,0.131217093020173,0.218407829514999,0.34569431374645,0.509364901474659,0.68021701935136,0.812875452880051,0.88327262045378,0.90460704066953,0.903961765508013,0.900552661809757,0.901947558599992,0.903573775592824,0.888145762596637,0.82628180296633,0.697005752361535,0.519403547446503,0.345911761236531,0.215926087304035,0.130226980638937,0.0773725464901016,0.0454128378808155,0.027440181026932,0.0158284840573498,0.008961626354368,0.00492164286787685,0.0026102068989876,0.00135991632749973,0.000769293650831803,0.00063103569282946
0.0137068335169467,0.0187704184790591,0.0258286000128321,0.0360051994081885,0.0513538025626497,0.0759369095700356,0.118531882692254,0.200006689101772,0.371467769124774,0.702620513041401,0.831548989179603,0.433748479955886,0.193548222669601,0.0944955460476434,0.0491575055430281,0.0258233131188921,0.0128473352095494,0.00543934617977626,0.00148402807786903,6.15814098897342e-05,0.000892479763973232,0.00412982637765402,0.0103193387303499,0.0204434068489698,0.0360421938191142,0.0594134229485188,0.0938181143350204,0.143551608165965,0.213602269850635,0.307665528836568,0.424261251708379,0.537982556085393,0.330689735371662,0.852207513794822,0.848238723756276,0.213311432426029,0.863468853802164,0.902906675401947,0.901729397843423,0.897200393995593,0.897328635981619,0.902242231763305,0.90627138005377,0.896258684745132,0.850942949734122,0.750393568405245,0.598026946811321,0.429069151671747,0.283331655357415,0.177728316025471,0.108504912644332,0.0653518049656693,0.0390403419713837,0.0231239035696582,0.0138800680695618,0.00833482330108375,0.00520543233283124,0.00365669773076305,0.00332190636335346,0.00471353478302011,0.0112008513184657
0.0130538386849201,0.0185778618078725,0.0268294134444934,0.0397910439355647,0.0615712272859028,0.101625139204976,0.184274045102971,0.374653206335004,0.750821746062942,0.772389536480562,0.376705393626453,0.183342391146877,0.101971089612296,0.0625776504212869,0.0409342543765962,0.0278410822591495,0.0193325586480903,0.0135079434112766,0.00939655705950677,0.00651817602684625,0.00474909881277123,0.00468249069932665,0.0126289573450635,0.136889297183718,0.555417640572831,0.245642858490217,0.0668706738681213,0.0286027072423392,0.0127146536450993,0.00730800044462096,0.0028506419254317,0.000670334563016715,5.05263864780325e-05,0.000916013823172819,0.00352219509306272,0.00843384737433426,0.0166204946397329,0.029713966696352,0.0507167083646355,0.0735839609786887,0.117860399436612,0.187341479296296,0.275595931152774,0.411060713425987,0.570778797917273,0.725942190832488,0.839415523805873,0.893380667641846,0.900306226095507,0.88402282439152,0.863989544597617,0.850366296522256,0.847160079476907,0.855064422827416,0.871680444562793,0.891480839256934,0.904556029168497,0.895556055270776,0.847981353138425,0.753487436306108,0.62119326795658
0.00682052869097319,0.00926006843534949,0.0126087025952579,0.0173543318538795,0.0243784318247894,0.0354100146898826,0.054192819971272,0.089989598214584,0.1696913037001,0.380697293499599,0.812781480809405,0.509546191813619,0.178480880447907,0.0763943746982821,0.0377305550627912,0.0198643242093818,0.0104832269371664,0.00519457329480035,0.00216465904907497,0.000565036909117914,2.0962122713437e-05,0.000398945782011005,0.00172093006902616,0.00413862330051702,0.00793486208294422,0.0135542167429118,0.0216551370919758,0.033210890251685,0.0496318941893028,0.0730052743232385,0.106386902651965,0.15288198870005,0.221194256796856,0.315425807632986,0.440691334854477,0.575921548723715,0.559101723399409,0.403027539896985,0.316404781089786,0.0235222901169861,0.12694847714088,0.489117522439814,0.757777459930556,0.875168489091426,0.909440690986631,0.910491423736154,0.90423447144783,0.900774242127486,0.903365315907507,0.910687255403829,0.917140840434341,0.918696992917394,0.902817198272821,0.85815799178971,0.78050343517779,0.675253483913531,0.556943772017803,0.441930195035449,0.341326821091204,0.259551677299516,0.195807177456655
0.0202701621459732,0.028486739630699,0.0404804502784883,0.0587788599020746,0.0883832780031818,0.140011740154736,0.238367482974368,0.437952051798085,0.774706108966651,0.838783431518386,0.470145385054536,0.232449057936306,0.123693627427926,0.0702618883052011,0.0411575411725554,0.0239360636169653,0.0131806989424543,0.006344384473797,0.00220411924450764,0.000241872826001525,0.000397232874080616,0.00299461029892615,0.00877170458412674,0.0190030548163605,0.0356789403422729,0.0617545586516334,0.101411793050816,0.159992546147186,0.242447326665537,0.346441132162156,0.359508733332049,0.702676935695159,0.724001679492912,0.725247712251505,0.869865920185272,0.912532804250065,0.92337497225874,0.922028599643166,0.921667511618538,0.921804368563977,0.921549817672272,0.913153128587854,0.882862696118292,0.814681819978815,0.700685008610178,0.554395363047257,0.405641184345441,0.27989540509015,0.186402197943681,0.121792892085467,0.0786935251589024,0.0507383280565463,0.0324760815978741,0.0205853481134446,0.0128659732507653,0.00787419863486644,0.0046741733397887,0.00270595553535287,0.00153516270610032,0.000900562649120723,0.000643652814383203
0.0423463172967492,0.0631319248016529,0.0965549925118993,0.153456488527205,0.256301258399692,0.446833750835173,0.74546830362751,0.912149920008911,0.68161280842467,0.407602264014657,0.245563390991569,0.156333265809532,0.10442087697646,0.0720220789197691,0.0504506829046366,0.0352798552860734,0.024127425774265,0.0156846702010927,0.00929385524956865,0.00479672776184923,0.00273289952627554,0.0171726755512803,0.598313849971996,0.374423849469793,0.0233257421620785,0.00131215813132621,0.0259602629936342,0.0952698969170207,0.234541992237226,0.453845071272926,0.687084712371994,0.831040418078085,0.87957262522836,0.887593448938788,0.885783233301596,0.864848504099799,0.782428510283087,0.60581055891313,0.387205139623774,0.215224172801762,0.112468880339367,0.0578878910090643,0.0298709864167816,0.0155013719427502,0.00808856320752131,0.00426690596772621,0.0023334906807664,0.00137674651848154,0.000960632024561191,0.000881198569390147,0.00111837206109821,0.00186609352244673,0.00368615937339884,0.00807887602367266,0.0192761907909768,0.050275155036378,0.148044347835972,0.469002422381969,0.696813898177788,0.393229081652423,0.245933431318901
0.0158225546226571,0.0223839666834623,0.0320913976749476,0.0471663353222018,0.0721379655258778,0.117184096826678,0.207462324712115,0.405264066833825,0.765487137806675,0.790064232377282,0.404580304023172,0.197746541066317,0.108113766654667,0.0644749919138705,0.0405447228122115,0.0261404457837611,0.016845159412657,0.0105393857053569,0.00613684281214381,0.00307343228603364,0.00108840258130586,0.000118541862691617,0.000180112953390658,0.000815749206171839,0.000298823088527226,0.127899341446274,0.527909237082866,0.230287210279807,0.074160632070862,0.0299965756936076,0.00996832125493485,0.00215115567557521,0.00012647002291167,0.0022126663358258,0.00863075477596412,0.0204426194630697,0.0398037680559552,0.0668349884760624,0.113273263595014,0.177840747710499,0.259917189024341,0.38465003429856,0.532161209730812,0.683187973368491,0.807042487316405,0.881881833817724,0.908991434034851,0.904989058434173,0.888121935129655,0.8702271921344,0.860316202526214,0.859949720228317,0.867655137903684,0.882453663753834,0.899746506035688,0.911279310052974,0.904815192907728,0.865539149556673,0.7839140189415,0.664080909112042,0.525286883358379
0.0104682035252532,0.0143312565060309,0.0197099040094956,0.0274601895707955,0.039163239651407,0.0579792187922118,0.0909126890166818,0.155451907115944,0.299794787736169,0.627777104011083,0.838365557425651,0.403424793148742,0.167162357481513,0.079166929443248,0.0408041459244115,0.0215331442540397,0.0109173389630589,0.00483780721293592,0.0014998425471316,0.000114633475532562,0.0004108557472829,0.00245001931758572,0.00657420150805312,0.0134242169387701,0.0240247597358847,0.0398984736698513,0.0633059716325181,0.0956142823716112,0.144201510721232,0.210964981957274,0.300257434171678,0.412833149696262,0.542363030118057,0.672629036959117,0.774167795877273,0.852924514004724,0.893628639949846,0.475851955868435,0.91061084926337,0.919635914834645,0.917614270620646,0.917018397328375,0.91959676200294,0.921635762624902,0.913976772441256,0.886488525091008,0.822935581623956,0.719300392502655,0.587073616337748,0.449809528136616,0.328640188190894,0.233056424849433,0.163032932138226,0.113242723502128,0.078551424372083,0.0544596148414594,0.0377073475842684,0.025993887259223,0.017776575097644,0.0119971787984837,0.00793431333547948
0.01006029786718,0.0136412472556909,0.0185429136259979,0.0254560778131733,0.0356102044372302,0.0513546291861163,0.0776200502972777,0.12591624758594,0.226446194304093,0.457529001849935,0.828818561733897,0.600526678439351,0.242248759330495,0.106000150243452,0.0514147289696457,0.0258532694522897,0.0125470485761571,0.00528755046126989,0.00150237660997166,8.24750836547875e-05,0.000623412018288681,0.0031452362871511,0.00800708326993868,0.0159360626513707,0.0281204768388571,0.0463900545042184,0.0734953874115501,0.113398428836166,0.171298915990319,0.252494962832099,0.356333344035124,0.449515101807988,0.267494641206552,0.734645914526582,0.711857125086893,0.473762282015587,0.128971302602438,0.0589427179779371,0.512377588947864,0.807909056637026,0.879136564083653,0.883287711404667,0.87748260264376,0.877663680949029,0.885672600040576,0.895380970723407,0.891607009063448,0.848986895199675,0.744450246651881,0.583209385428216,0.408763661837717,0.263722342043404,0.162274022896251,0.0975669810413052,0.0580006241493717,0.0342416434233032,0.0204107662522807,0.0122572877843672,0.00770637218878099,0.00559096338847438,0.00566577795676292
0.00864193436263744,0.0121186151629623,0.0171725873697998,0.0248461758741587,0.0372080107287475,0.0587841360774657,0.100823551414764,0.195523046150942,0.438528141006098,0.848531127174555,0.544486399791829,0.22358294784894,0.108101948081657,0.0600919964477633,0.0362603803940083,0.0227758223179122,0.0143731530519212,0.00874135665760744,0.00477546779703346,0.00197242795861144,0.000289964579440194,0.000488886256884389,0.00590503466913998,0.0276483318169087,0.00889793554697391,0.0225151782594397,0.0158688932039596,0.00963112903030932,0.00464750709120846,0.00192078143919908,0.000456555744638006,3.4405195369612e-05,0.000716600898307884,0.00278357827785197,0.00678575171344215,0.0137776005278141,0.0264759909363589,0.0353614717658587,0.0612783884820147,0.103048107079549,0.163275446901593,0.25291331239513,0.379372260913191,0.538009164655062,0.701251084332402,0.826339326644914,0.88975647362043,0.902839781532803,0.891119815960425,0.879740703381033,0.874581099385166,0.879874931483387,0.892835598025856,0.904835721201785,0.900378170144408,0.859675627515236,0.768814438829504,0.635695903374191,0.488436055254539,0.355751524133921,0.250610851285626
0.00971298232352875,0.0134385341531831,0.0187325871478554,0.0265574582583711,0.0387608562395313,0.0592226030981441,0.0971018655599165,0.177118752252777,0.371511926118508,0.776385021021925,0.680057808979291,0.275442291472269,0.122189166280691,0.062533346097177,0.0346952548071518,0.0198274249617966,0.0111461525602501,0.00580501974007709,0.00250609007810501,0.000651460450954737,2.45438258732658e-05,0.000687489633101642,0.0029894442619405,0.00769280999832837,0.0163055854640521,0.0318299168098693,0.0606212994031474,0.116934144443667,0.230948010805666,0.411198815435401,0.162444665352739,0.0886915255785796,0.0371405784485421,0.0115105953374921,0.000504317525632608,0.0111920622306269,0.0448382304327439,0.108092807978336,0.210620292041745,0.357406356239211,0.535597148384088,0.7073040702008,0.830626236891319,0.893008173388455,0.911165499611175,0.908958491016078,0.903097419316576,0.901430052365521,0.905578324386665,0.910895571615976,0.914610391354936,0.898972220708805,0.851489729097537,0.764404876201881,0.644517045720654,0.511979317451463,0.388205052120737,0.285499463148602,0.206527198832224,0.148106280203975,0.10531127700462
0.00425069635133749,0.00565894570641118,0.00752081586157149,0.0100418552025642,0.0135700006134053,0.0187337775170747,0.0267638706496033,0.0403504278775932,0.0662532118787952,0.125075341562406,0.29421012025616,0.758805738284483,0.431376652746582,0.123790891988109,0.0478665545953343,0.0215739474916693,0.0101394849639104,0.00452502868124426,0.00166420968490982,0.000338038352001619,2.16642637743007e-05,0.000500001138792965,0.0017219663529264,0.00374294534925623,0.00670418522895952,0.0108373759505761,0.0164733767621793,0.024072056750827,0.0342587384141126,0.0478925003534179,0.0661293391294345,0.090522570190377,0.123162567513401,0.166769432196512,0.222484221507509,0.296800243296798,0.391884512047457,0.502525791176645,0.614496181928066,0.603508651757909,0.85870693651203,0.844814739221186,0.353869621178111,0.523593685789319,0.879193150785167,0.909802478647398,0.902490576955861,0.890590885869918,0.883170939599724,0.881858362277047,0.875197191850681,0.899276256573841,0.91384043374262,0.922424236514029,0.915559430821263,0.885262082189165,0.830399164902143,0.743196214013706,0.635964743317773,0.523162510960423,0.417496960644001
0.0361242534488809,0.0522799115874991,0.0770490545807639,0.116994563057883,0.185406245532583,0.309464949349933,0.533658733190273,0.832988038896092,0.862280209079121,0.560225717556882,0.318067998939443,0.186271561131294,0.11463698074105,0.0729334129583786,0.0468923361291488,0.0296802328190944,0.0178408319618447,0.00957496162270289,0.00399155700877778,0.000791693508811761,0.000174259119007216,0.00288050265844647,0.0102884428327663,0.0240170113515107,0.040481588495934,0.0154754129703653,0.550872002362529,0.626304085752121,0.0177570104163018,0.250399532510107,0.522517154560348,0.734605362595245,0.850897435353397,0.894008708136977,0.902740435335745,0.902431846917093,0.90037306715489,0.887457906116609,0.837092921464658,0.716869378672414,0.53040550177305,0.337547221767597,0.193143465165904,0.104623340057427,0.0553114535528242,0.0289169369038715,0.0149872003723255,0.00773533324978162,0.00404544312490015,0.00219843182857919,0.0014155450419309,0.00123577535290061,0.00162327654132283,0.0030425486589381,0.00714498633682818,0.019118743526854,0.057737046999011,0.202037085618283,0.641950250407488,0.53161979406181,0.295413342059813
0.0226500279269117,0.032584510855327,0.0476664509668773,0.0717738407345249,0.112971449944273,0.189338825161987,0.342095791260585,0.634413678700382,0.900365432442215,0.660571061195736,0.352572984032483,0.194544882320314,0.116468800339024,0.0741421133945353,0.0489546885024289,0.0327762031376735,0.0217315904435168,0.0138428009027976,0.00807467222484683,0.00393756349161809,0.00130977131490056,0.000225154033956826,0.00198173975671811,0.272719105255291,0.320169424419495,0.172170987512274,0.0570955996834202,0.014501468483589,0.00159294606289065,0.0017992125393557,0.0144076318692353,0.0449509697968942,0.104340451975853,0.20793136122269,0.366769200387685,0.564570538126482,0.744295217988226,0.85327623698743,0.893482152998641,0.899152773795905,0.897480117386473,0.8988154994269,0.897659614844723,0.873061240362326,0.79260609228799,0.641623274968567,0.455430463652415,0.291391218069002,0.175968910467777,0.103767094371441,0.062318011941004,0.0369956088772226,0.0217656231362311,0.0128229795914976,0.0075533889163798,0.00448706424553882,0.00276454071124135,0.00192253330481982,0.00165275407647181,0.0021528839141547,0.00480410793366224
0.0503208317118534,0.072866608215122,0.107424770519553,0.162993629151788,0.257020678840426,0.420600196204472,0.679895193095529,0.910091016397527,0.798120243014691,0.504386938038929,0.296783340081952,0.179723809209872,0.113069358500186,0.0729418868761242,0.0473634552358243,0.0302869919409066,0.0185184468936788,0.0103184568154682,0.00474918111683697,0.00136301692290922,5.59117667733097e-05,0.000999339930028657,0.00457874009360898,0.0111774671629633,0.0199801628090999,0.0216343185886532,0.130192393254062,0.359391263018171,0.593417975106395,0.0471127160806139,0.132648870168641,0.31237741938143,0.484872664650617,0.643226657821944,0.771293887132262,0.858527140854359,0.906223930607018,0.924736884567189,0.926787879377938,0.922421353498402,0.918408665611162,0.917602687757796,0.919149763133195,0.917324943414374,0.898883838730865,0.843800428943243,0.733321900759995,0.571943888748606,0.396990082765046,0.249779364729357,0.146769126730861,0.082279488087686,0.0446743389668807,0.0235043517155039,0.0121629306646232,0.00652380618979115,0.00425914650844701,0.00474535863590105,0.011584336724272,0.0565257325298492,0.473076588698468
0.0140841081123439,0.0194123040698551,0.0269319432015127,0.0379562323037579,0.0549679730599806,0.0830717500901343,0.133877504500609,0.236437459676869,0.461359118223203,0.828705116374732,0.704905399546385,0.320033872879898,0.148126122017189,0.0760485060133118,0.0415043535722257,0.0229438541966663,0.0121953895988094,0.00575947936929489,0.00203057441886494,0.000267822889611566,0.000219092899640201,0.00196302201200297,0.00588244463593396,0.012709586035892,0.0236414646292454,0.040427343874864,0.0651675344297297,0.0979916276420222,0.122686125917262,0.0405818315144229,0.638957854617141,0.738844549945562,0.469556983371512,0.27069678248297,0.0980267857876652,0.0157463429278261,0.00585634809616955,0.070330873114542,0.220136546570952,0.440613682486411,0.666737066633545,0.822686331709637,0.890804963548821,0.902045157742613,0.890577517552358,0.876812689978743,0.870112810431452,0.873264225672106,0.885020747347099,0.89968219655664,0.904794603037076,0.882325324253666,0.809618920428892,0.680428321852087,0.518504021929774,0.363073787061585,0.239483165894032,0.152321420021411,0.0946782142560273,0.0579305597529488,0.035133805822756
0.0117296889263514,0.0159879325328257,0.0218867376725195,0.0303484178140456,0.0430806004931241,0.063507578789837,0.0992521198426975,0.169419297433719,0.326326329844475,0.671163838488027,0.814372773472491,0.369398126813737,0.152307183295652,0.0714688055434875,0.0361954332003279,0.0185993318878417,0.00906322410299377,0.00376552655473196,0.00101338034273089,4.02401971581291e-05,0.000539043612067451,0.00247858381679693,0.00603314253459383,0.0115721660778245,0.0196872059017339,0.0312455906994898,0.0474938453434642,0.0701344916312601,0.101413016185268,0.143848412502039,0.198493529322674,0.256254378583994,0.243830652412833,0.332586742656715,0.820030802554467,0.727134603490486,0.421240187193384,0.110919887929159,0.0070333331596466,0.152373002667236,0.435078583970403,0.692111558804596,0.811877711699421,0.898783733749311,0.907854408780716,0.89471268632296,0.877403493757863,0.864240422164106,0.858437961755232,0.861137917057532,0.87163112883464,0.887831706133423,0.904214835855273,0.916553851585562,0.911571011149407,0.876651385340963,0.803126693080073,0.692663699517622,0.560855775328738,0.428856688616851,0.31288606677582
0.0144911085023073,0.0204292012754428,0.0291241624942389,0.0424274843665468,0.0640082222055771,0.101839135842551,0.175022244125713,0.331585940262638,0.652041266669756,0.865030492515257,0.50672297658732,0.239996115385274,0.124734704961451,0.0706738486732784,0.0419045347940404,0.024968925480236,0.0142705242843088,0.00726465670662427,0.00278326733490196,0.00041493305104535,0.000316046130225503,0.00327105493744802,0.011021433690032,0.027037596239015,0.0564806579536094,0.112271448039583,0.2162678663775,0.388406081199146,0.525821975153753,0.369556640700025,0.337917872864072,0.0177373787320416,0.376551511666014,0.729365892110573,0.863267047326691,0.899081965889697,0.90737421653666,0.908268270544032,0.89778899945335,0.859230119380876,0.773776304543401,0.639598990401054,0.482944048444951,0.33942685134333,0.228804860071526,0.151560509027383,0.100202691502733,0.0666408594873073,0.0446629434203751,0.0300126328583394,0.020381341803986,0.0138628493688177,0.00942063291439492,0.00637320929246106,0.00425764021797537,0.00278143245211235,0.00179310175015522,0.00112301315202478,0.000679059243802542,0.00039649126889484,0.000227650350303207
0.0324056733694778,0.0459908593119911,0.0661614632408597,0.0974976448568916,0.149017889337114,0.239289387238792,0.404726471981245,0.68243103918521,0.909388839827574,0.713649743109442,0.40394766358818,0.222761422194692,0.128785077484116,0.0772988548362072,0.0469793762119588,0.0280216174423062,0.0157093766136674,0.00766550012237303,0.00269965557277761,0.000306815054160686,0.000458447448910503,0.00354524511268911,0.0104129334593865,0.0224901642911875,0.0419455808008239,0.0717883796455052,0.115950408306058,0.177690482323422,0.244298259057358,0.431484449133579,0.565516364463878,0.584908832297137,0.784020966553314,0.867741774578738,0.909102829149912,0.922851403690618,0.922988024843792,0.91990780316334,0.917901032776365,0.915705926505807,0.90383993267959,0.863472208466651,0.769955917339892,0.615030704897538,0.431051007891947,0.269209807106202,0.155555033858269,0.0858009205682795,0.0459964192783337,0.0241491636591068,0.0125068823754199,0.00648117923266895,0.00359160958146951,0.00243839651909418,0.00251739694883888,0.004400828898166,0.0116674993428822,0.0409665880721151,0.187072171180412,0.682810831039758,0.365319767632685
0.00689873845723105,0.0094459257470847,0.0129975161627849,0.018127489863798,0.0259012208882444,0.0384803616317638,0.0607518250172116,0.105491284118789,0.212061496580621,0.504267771519685,0.840829666946851,0.361884540293209,0.136423624031904,0.0630830585799196,0.0328222683202596,0.0179325445532815,0.00971807688449354,0.00488524472323022,0.00201205760866037,0.000468464314511843,2.55456671727833e-05,0.000733369199577035,0.0029258863165463,0.00735783992241969,0.015526307397132,0.0303288691353533,0.0567594106439074,0.0960158691045598,0.0742914387976613,0.133393808466242,0.201053563733162,0.10867563923544,0.0548802314095906,0.0266874172855148,0.0112630725616578,0.00310811309979952,0.000183644473345344,0.00233207552019258,0.0108164552609101,0.0254254999850774,0.0544863364234783,0.102225186577703,0.174900573488196,0.288722829107311,0.442610600680463,0.619218222466453,0.775265762998337,0.870462889105058,0.901166718963972,0.891397637091261,0.870803749632842,0.851953903932001,0.841673488409122,0.842730100660347,0.854379845501959,0.873745785576386,0.895092667452721,0.908754669216393,0.901198826214401,0.857738725580861,0.771377694516041
0.0366434034390438,0.0550237883089467,0.0850039082154444,0.137149682078307,0.234542634302028,0.424142622865771,0.738934982106596,0.904702668340555,0.642153099081474,0.374751492249172,0.227705531902057,0.149389683564138,0.104836132551055,0.0777818311573329,0.0606737869104306,0.0499387890765655,0.0442517172921353,0.0447410579041757,0.0604720871025623,0.164343888845382,0.644139439821607,0.508575502984919,0.0284414111304812,0.00481914472913633,0.00106300002039301,5.01142523101642e-05,0.000516123420411673,0.00251973433260853,0.0066086218280836,0.0137771377158825,0.025721067798427,0.0430149786150881,0.0731168901156749,0.118305294872311,0.18635569686131,0.284661504095111,0.416198285903197,0.5708733914202,0.720417199610708,0.831580029961766,0.890763521229899,0.90998079701175,0.909721206820668,0.906074018840952,0.906185457337874,0.909050244420564,0.904833614562765,0.874190154453609,0.794444972611209,0.658609566027313,0.492932842165884,0.338731797736296,0.220447471192253,0.139305872071288,0.0867437558004596,0.0534088895331621,0.0324395499570488,0.0192615385222965,0.0110181132529209,0.00594358032009986,0.00284821647345599
0.00872261956270579,0.0120161667973299,0.0166548358786093,0.0234330564634094,0.0338485380327599,0.0509780109648766,0.0819019255411535,0.145287485708504,0.296744500249512,0.660883517594059,0.775343608710357,0.320724666040704,0.133023157172299,0.064515617138096,0.0341546312366063,0.0185378871346299,0.00970354188455585,0.00448189877807504,0.00148724834218177,0.000142155748345939,0.000331845381769872,0.00231023348848454,0.00676841592272613,0.0150875155557883,0.0298724344987212,0.0560861669593567,0.102996941534738,0.184784546292475,0.290333917595252,0.0984397652908027,0.318822517403746,0.208820627264586,0.0911147158850207,0.0271016670722823,0.00165588290341887,0.0162038635392129,0.0862349316996477,0.233629823353855,0.455520476183632,0.683766582818236,0.832193415173268,0.890200837210096,0.899778716554058,0.896471846121912,0.896523749530781,0.902502946486921,0.90764051789423,0.896312168592435,0.846972861782097,0.745497042720369,0.601474611172354,0.448212996012123,0.315925949292355,0.216069640062895,0.146102570441063,0.0985786283583375,0.0666024448442698,0.0452747083255204,0.0306045441395494,0.0205737882761369,0.0136466760693441
0.0235219592936066,0.0334820222219762,0.0483317966746412,0.0715550272785291,0.110204821682805,0.17965274002497,0.314490319901056,0.575189421956003,0.881624036173096,0.73106692500804,0.392413421163148,0.207257773274331,0.117572311548727,0.0703808306673517,0.0431472555179577,0.0262128861044902,0.0151310007657523,0.00773068097792668,0.00296647666366882,0.000451620323293281,0.000295726050854429,0.00311491273119594,0.0101953610908556,0.0238202319318852,0.0476018908117347,0.0879488119639133,0.152669517515801,0.242664115273736,0.164553063721266,0.771352424471652,0.120433282701839,0.413884878260338,0.731230058994805,0.859622669473662,0.905824163361831,0.91759189120815,0.918989277438524,0.919207084489223,0.917017477570265,0.902762787646678,0.859682917419076,0.770488812104612,0.634559216851169,0.477059775931982,0.332528495069311,0.220652132252724,0.142753897341848,0.091423935718495,0.0583357948858287,0.0371388743547227,0.0235614499457977,0.0148337997401096,0.00921555538055029,0.00561315577172493,0.00330246200976222,0.00188941443322836,0.00104226641856238,0.000566699712564957,0.000330415521031743,0.000260096733287004,0.000378124614537559
0.022942972885541,0.0326742841130578,0.0472404301344144,0.0701697319351642,0.108721489362228,0.179057868309649,0.318462199225411,0.591797278988806,0.887051099983333,0.680966257955319,0.353712772427561,0.187141395132996,0.107540890596079,0.0657004461264737,0.0415319176562412,0.0264774902268824,0.0165674308091466,0.00981380195024482,0.00517982970815601,0.00213599764171363,0.000450286462393687,3.9337770126546e-05,0.000678173910559447,0.00106998262823299,0.00209550969997694,0.285157369283199,0.762043115497138,0.671290663492669,0.306505839667732,0.117146801358494,0.0424566133300958,0.0116062757228236,0.00114176943908956,0.00326171056220378,0.0188695669486119,0.051489736260298,0.108553016304126,0.178096027851341,0.305411907480936,0.469274672507561,0.641725075488114,0.786099178728657,0.873868352144756,0.905989753437691,0.903404942111456,0.887452236286054,0.871938642155018,0.863933801019681,0.865808657131233,0.876852168833533,0.893461254559882,0.907161810118559,0.902244966048583,0.858709438050548,0.761017400160489,0.616486101742767,0.457044481316957,0.314864718509571,0.206141290940719,0.130171351083611,0.0798010192041383
0.00211116779591305,0.00276375938441869,0.00360066953868053,0.00469462135422489,0.00616428187178749,0.00821452106824152,0.0112263019292154,0.0159783202425371,0.0242884727251667,0.0412563974365023,0.0858213170906339,0.261943042355957,0.680221217218902,0.118554627208777,0.0300804071246752,0.0103587588768558,0.00371282804328684,0.00110673533000248,0.000152772646910337,4.20569865202156e-05,0.000466564148716518,0.0013149177107364,0.00256955557495719,0.00426894252485967,0.0064948800370205,0.00937173645022623,0.0130733295012885,0.017835304225826,0.0239830535465867,0.0319589522645264,0.0423790911251181,0.0561065702237797,0.0743829228033031,0.0989700404178931,0.132395984604717,0.178103780889233,0.240287987525351,0.321943863842038,0.416499802384622,0.47375609932521,0.206235565133623,0.476585166041273,0.527390711198455,0.401970751564404,0.26449071390077,0.14785307834482,0.0616188502038397,0.00995814027789214,0.0121122818792087,0.115018656581563,0.359291737109256,0.662342060471882,0.839147150379789,0.872479951318432,0.840276946068613,0.79716640982747,0.761387893108641,0.737712212302908,0.726040279132238,0.724831407142992,0.733226388206464
0.00774502294012532,0.0105108460798933,0.0143037958779319,0.0196730310958819,0.027612440764574,0.0400675919829288,0.0612514403330822,0.101563634138039,0.190887504887792,0.42166565687412,0.832171067647036,0.483755940398336,0.171472331585636,0.0726504600818577,0.0346908760051679,0.0171615673267155,0.00811087531760377,0.00324586780045538,0.00079920281187826,2.47925483889355e-05,0.000666752852630221,0.00277105701551048,0.00663188325585919,0.0128161255615502,0.0222454191268349,0.0363638378986024,0.0573532274921107,0.0884573982973994,0.134113999999641,0.19873090968814,0.278430109276445,0.31003883223227,0.0977900045192173,0.731379126686331,0.600411773892731,0.362136982290511,0.119113739726487,0.00529865723263267,0.131971042105402,0.451537014148877,0.739562408518331,0.864652982353103,0.891256950750192,0.885642343495943,0.878379381541234,0.879029322678396,0.888378985601305,0.900527635423613,0.901953881437487,0.872122224629791,0.789768497667918,0.656730593409293,0.498023375576624,0.351194649933029,0.23666135011048,0.155720892109162,0.100878945342118,0.0671481288264166,0.043231606187199,0.0277212651936713,0.0177024948694613
0.0094595793806669,0.01300901531963,0.0180092769200663,0.0253317752527776,0.0366394395907739,0.055401728606627,0.0897637861935672,0.161681744834911,0.337082007871598,0.732002698678695,0.693947625243298,0.270569348856381,0.115223454086468,0.0571506865715027,0.0308552117080714,0.0171614480355951,0.00935832927469406,0.00469750653793432,0.00192393664200499,0.000448611953430591,2.08452283727107e-05,0.000603421742294971,0.00232798736547681,0.00549679393899302,0.0106078779030324,0.0183295326919412,0.0291548479497219,0.0414730939666173,0.0430279302059568,0.00577605331189428,0.343678525392173,0.552575547233077,0.393300466039114,0.232460771300374,0.132055396200166,0.0762049119217437,0.0410789864345485,0.0196473157849182,0.00694527764298724,0.000912484182617331,0.00134882243439193,0.0095057159510055,0.0287826366150338,0.0542535524527031,0.112432238920822,0.201887407398842,0.332420777097045,0.497316055666003,0.663922210124768,0.812412327352183,0.885809415819617,0.896439971775325,0.872771146599668,0.838164404430741,0.80569520874217,0.780728341382874,0.765185378680044,0.759048180088831,0.762010434907981,0.773294957319565,0.791999424173106
0.0322265136180679,0.045536445601765,0.0651926226575264,0.0955794437003623,0.145315767149288,0.232219021321549,0.39190233723908,0.664667540196725,0.902377962596319,0.714966945449987,0.40024405387009,0.217828277924635,0.124704319639436,0.0744100394498453,0.0451742400603471,0.0271129668497817,0.0155013857179242,0.00794443819286547,0.0031983678286822,0.000650023270611508,8.18299222892024e-05,0.00157312339671494,0.00547168312655624,0.0124087446078901,0.0232767663095938,0.0390240289290747,0.0594490878072187,0.0775349617056603,0.0553323232245657,0.177264650772279,0.791060478857863,0.756206603549751,0.487952298067582,0.19927166825559,0.0413595439696476,0.00407607645776691,0.0543963886812145,0.187873399438036,0.379855175148798,0.58705616484351,0.756329662317979,0.858510040984052,0.899507067785526,0.901801690188787,0.886602856178724,0.867557003958178,0.851967290523925,0.843718429645124,0.844139298349092,0.853568835012789,0.869558996377862,0.884319991465723,0.895433135809219,0.874529846585473,0.799299866887491,0.659039692301573,0.479138137235107,0.309390596846531,0.18191014943693,0.100395738237731,0.0532568622184553
0.00115201046931604,0.00149001614115675,0.00191256520931907,0.00244786102669064,0.00313946837861474,0.00405810872229094,0.00532509167413055,0.00716441343267648,0.0100311920743914,0.0149785519192342,0.0249598202984597,0.0510982265059358,0.161038335118664,0.713673468153209,0.0724867941315007,0.0159386774440939,0.00478609884253392,0.00136180767135573,0.000224518458942649,1.39642051648405e-05,0.00029054455728685,0.000900277361346912,0.00180061127990391,0.00300352525648152,0.00455589863391849,0.00653432565722576,0.00904714594254164,0.0122416497781548,0.0163154708751824,0.0215402802393836,0.0282860315558935,0.0370694924163573,0.0486187694062425,0.0639879626756879,0.0846974851995714,0.11295346554285,0.151930803789257,0.205921628945948,0.279732486212965,0.375155914709562,0.477184044566155,0.497573114843837,0.0315421301440965,0.586845584439962,0.541734452635214,0.414325402892628,0.290063734399848,0.18306079980966,0.0932395989835822,0.0252926738172762,0.00606657874596358,0.121600416728735,0.462243027944065,0.784703407253755,0.85952921727466,0.825077677719849,0.78044762949526,0.749300283842289,0.734776523241129,0.734589782459724,0.746952030045206
0.0445485982866779,0.0665746330077917,0.10221337907444,0.163469186118533,0.27546487210147,0.48366712359581,0.792956034189676,0.899376007595493,0.625148312256711,0.367015658256895,0.22206355621867,0.143029068743874,0.0971417774039319,0.0685897045689276,0.0497455404809296,0.0367043446920287,0.0273591528895383,0.0205582489565464,0.0157915557939459,0.0134370362476451,0.0188271477376183,0.162602701280768,0.122972816419058,0.00715185277071808,0.000786604302275233,0.000155141298955739,0.00208037993812194,0.00681747330176597,0.0129870273446478,0.0263962678867395,0.0460314325108379,0.0757050163992486,0.119673587155477,0.183143937315884,0.271301341576243,0.386416986115412,0.522926549476678,0.663710659541696,0.78411625382469,0.865968887806678,0.907362538577058,0.920011942028092,0.918273478392125,0.913524810436445,0.911659509714752,0.913888604490644,0.916556122119876,0.910304976785393,0.879694837161087,0.809286320907774,0.692709890578533,0.545886286666014,0.398991239164629,0.275707009586899,0.183697974190104,0.119547096802725,0.0764096324140627,0.047813972386486,0.0289360597261918,0.0177533798074187,0.00959567173825555
0.0496041655312086,0.0734810351599505,0.111381427260629,0.174703075866544,0.285859393473553,0.482302923376784,0.769611525089005,0.920760976662385,0.708810951543444,0.437154966330161,0.266185957126555,0.16901287176815,0.1115421516439,0.0753983888625356,0.0512681513650777,0.0343258903333063,0.021965666927799,0.0127722753512847,0.00605808703563011,0.00168775375502013,6.91819386866436e-05,0.00214699320892557,0.00753053895201281,0.00339492041352914,0.386669696612742,0.362186030742524,0.067019326066336,0.271851192445554,0.515810553609012,0.729621421582393,0.851282269945215,0.894722313472836,0.903423262333356,0.901962376036367,0.887140979284196,0.830402065875933,0.694955082444972,0.491902725586948,0.296301349644618,0.161287841266468,0.0838685036444275,0.0428229073030834,0.0216265466779525,0.01078594990766,0.00529328277344657,0.00256771035284194,0.00128176437408478,0.000717761400356858,0.000519613882392247,0.000578408228585577,0.000983376373963047,0.00211907978633608,0.00512611611131516,0.0125858701573393,0.0331370123771043,0.0937605160438389,0.288801942972244,0.703962523520462,0.594094490388411,0.367536616883373,0.261203817256337
0.0163203909846499,0.0227279869089451,0.031936747880891,0.0457164393848233,0.0674702665269245,0.104327074926169,0.172634877543811,0.311964599744206,0.596479613957352,0.88240179223283,0.59352508797361,0.278297268355385,0.137885026863779,0.0740465580873198,0.0413946739200874,0.0230039245773814,0.0119961041730839,0.00530460228537483,0.00151779180220236,6.42164776191587e-05,0.000903109983329182,0.00444091518010055,0.0115919993339697,0.0239479405882339,0.0440758644872159,0.0759615139202122,0.125383845450567,0.198435355378089,0.300237154519009,0.394359758198998,0.399044869534748,0.84220778739839,0.511746429521594,0.337874969788086,0.7996457372473,0.887078892807137,0.902164345300607,0.902046273556054,0.90267659940867,0.904520107070262,0.8963119772062,0.856280128393524,0.759104064620592,0.602748774247334,0.425150101185507,0.273322556290965,0.166442658312691,0.0988273497788392,0.0580846977911528,0.0339669318472737,0.0198172117110597,0.0116273725377824,0.00676032365982548,0.00400362165603233,0.00251178808172012,0.00181191286809346,0.00170795239656202,0.00233088164802364,0.00469924149441562,0.0131192792018325,0.0502166961007292
0.00240791329789288,0.00315694801504771,0.0041186256230642,0.00537631318936883,0.00706497900174355,0.00941608829487725,0.0128559618490607,0.0182449652438292,0.027556435393273,0.0461737484980865,0.0931560663587224,0.264339015013128,0.732485876983801,0.155055787300783,0.0380583664456098,0.0126793946148401,0.00432910519133306,0.00115483427684184,9.77762247832705e-05,0.000151439327178362,0.000956921457079546,0.00241533958821393,0.00456218149471171,0.00752714728075065,0.0115279389796577,0.0168901635871234,0.0240739038244631,0.033730736209195,0.0467798275322252,0.064540244370307,0.0888753833833208,0.122435484504891,0.168820768138452,0.232567704705538,0.318031044287202,0.425462334972457,0.540100554272244,0.603395009528513,0.327622834359343,0.438863173907493,0.573017801888941,0.492554985921343,0.371660891327804,0.250197007322756,0.130337555185951,0.027086500681048,0.0355741709715167,0.387629444398009,0.779209685000642,0.854788336957741,0.833691996125391,0.8126569588113,0.807728882432484,0.817333851657982,0.845465653415675,0.875166994223355,0.896905143040088,0.890887636441464,0.836914661413871,0.728955982339718,0.585980691116528
0.00538042941253376,0.00722660592001834,0.00970826269094094,0.0131320192718489,0.0180255862719725,0.0253648695304447,0.0371155558778063,0.0577282634569097,0.0988632966915604,0.197276654771943,0.476878110114975,0.813458729731772,0.301848715006717,0.102144635979413,0.042471142285831,0.0191419763687892,0.00837614766646589,0.00305870073633857,0.000615337172085504,3.9156213283312e-05,0.00099983432459606,0.00354971007003422,0.00804817795230546,0.0151949811306673,0.026166810640336,0.0428389751552674,0.0681966355602958,0.106861050513597,0.165721209137363,0.253712236774063,0.377867966884125,0.528379530429714,0.640823169173608,0.386201231904181,0.46805926450389,0.489957135329235,0.319986036770655,0.117641725760129,0.013578995646526,0.365563940300923,0.765077109986433,0.858480015029382,0.867704252200908,0.872051264538929,0.881407322451475,0.883064322101322,0.849087850491234,0.750375136744737,0.588800289820775,0.411810986720702,0.265644609290738,0.16508483347801,0.101197116491522,0.0618989893125928,0.0381218355061409,0.0233839617758908,0.0143148535411728,0.00875979866690947,0.00536875816339303,0.00337439036811799,0.00230845124351219
0.0349024336283399,0.0524002730127981,0.080958265067855,0.13072572449454,0.224145679332741,0.408335623863166,0.723434523914349,0.901762720460047,0.635734984872,0.365188089814643,0.21931319347849,0.142570702156511,0.099215252755283,0.0729960886404125,0.0564203812986016,0.0459741527639194,0.04034029619611,0.0405485329603965,0.0550697619947275,0.149693292675189,0.665227413332286,0.589523065863412,0.146502566695064,0.025276014287075,0.00754732078414463,0.00199898940231438,0.000152351474018176,0.000583835614793669,0.00342150780467752,0.00957062835108968,0.0207572676535142,0.0398743324578548,0.0717249618495699,0.120451167629625,0.200709219767424,0.318370297093211,0.474172728210795,0.64580164578464,0.789565218155142,0.87334348882467,0.902493010250789,0.903264400216336,0.89830876739881,0.898242412886339,0.902566996040608,0.89878128193401,0.861245170420307,0.760586954282713,0.597095755275522,0.415805794714874,0.265620111622801,0.162123581087833,0.0971140536492566,0.0576097241340125,0.0339954132206245,0.0198227751219472,0.0113310251334415,0.00629641724293562,0.00338280397388239,0.00178285177311728,0.0010110148260201
0.0101824474334466,0.0138611979338073,0.0189339582777339,0.02616092694321,0.0369259845313472,0.0539502017080929,0.0831297777277591,0.138857440203521,0.260561963348324,0.546529119642316,0.868696711615863,0.47586376084978,0.190958746846576,0.087529550408182,0.0442985521114632,0.0232480077672304,0.0119023604711197,0.00547550677681007,0.00190875137078559,0.000265377792056578,0.000157119216597036,0.00151156663234396,0.00448622680289055,0.00945230292007793,0.0170231854995924,0.0281147088682496,0.0440623650395966,0.0667320518158247,0.098713109518051,0.143371557771591,0.204695826286108,0.285536381065958,0.37284397329258,0.395990601960399,0.741791939356465,0.848965432435684,0.555861663171313,0.0469539585139535,0.574986141305888,0.82317444241704,0.900465580882234,0.916147633641006,0.909895889395285,0.903236666405552,0.898851346456258,0.900575015506034,0.907759262505706,0.916745461654588,0.920287516077523,0.907403618873592,0.864711611006419,0.781640650240305,0.671033858537401,0.53937878463565,0.411879637791717,0.30319984961512,0.218229084466934,0.155012001259932,0.109198364338117,0.0759312468700947,0.0528748458115209
0.00817264918642964,0.0113657117365286,0.0159248041465395,0.0226845469341429,0.0332329925519642,0.0508640544246178,0.0832286099177343,0.150627221162661,0.313004869809555,0.690355091024912,0.769393202489477,0.331934750516736,0.145931472322443,0.0746558844471047,0.0417334278973919,0.0240864824173404,0.0135714659874474,0.00688432976649229,0.0026167032699772,0.000343891515278392,0.000511427177286814,0.00508474095207551,0.0201269796064253,0.0658771078957146,0.216216294898931,0.524032975679893,0.253983023812027,0.0129004767124313,0.0206020690978744,0.0108336819721985,0.00403421326630538,0.000239586281176255,0.00364392388771871,0.0208088780646518,0.0645767193668841,0.157067540706475,0.322621391348449,0.548945150671977,0.751386709081603,0.858536981075372,0.891593835472562,0.897868538716662,0.899739803243023,0.89442131390144,0.860756098606988,0.772820174409894,0.627910323750875,0.461525082813634,0.315559310506791,0.209187781831809,0.137618804330153,0.0911372498373013,0.0610814357280914,0.0414271205567354,0.0283599107033224,0.0195016771373958,0.0135828476296478,0.00957462358035227,0.00656357134585844,0.00444997705546104,0.00296790225866051
0.0149829597314943,0.0210124964810663,0.0297902435759512,0.0431479287543393,0.0647120306649884,0.102356778669512,0.174934580062935,0.330124600802706,0.650117726182583,0.86932853424184,0.507591236772118,0.240388708382315,0.125882058842751,0.0725425560000439,0.0443704305560396,0.0279174645368672,0.0175689774688749,0.0107142518017413,0.00604669680357453,0.00289503004635574,0.000937784747341807,6.99624244307354e-05,0.00030104733615016,0.0015084774167529,0.00248700041083467,0.00046004202481693,0.116570525072073,0.684496230177849,0.589711471834611,0.291549951783256,0.129346947691981,0.0609754860292179,0.0272865142062446,0.0114647747436198,0.00233814846511849,0.000341853037055469,0.00498795286504459,0.0177249748694698,0.0418454080727847,0.0825088824806629,0.14448930682772,0.241461556126767,0.378037347388626,0.543585516964364,0.708419632375591,0.831461396768138,0.89253847121826,0.903448648607026,0.88852997990062,0.867134202504237,0.8488349066755,0.843377281489749,0.846589459656338,0.859531199299027,0.87936771532453,0.899900857002241,0.910743785068883,0.896674322002104,0.841864938156079,0.739274155394779,0.603322134428022
0.0129381529972702,0.0181440038876081,0.0257158285239946,0.037226800968506,0.0557980025206279,0.0882384774223019,0.15116106699081,0.288958968911685,0.598016682511463,0.880090343069676,0.505787890166467,0.226123198756988,0.113803956544411,0.0634407797061431,0.0374437829866857,0.0224931669268503,0.0132296148664215,0.00722122401253098,0.00330932696150977,0.000961522796423056,4.09125118429201e-05,0.000745994621400931,0.00369801200452415,0.0102299825387581,0.0230715963711818,0.0480788225384258,0.0986697410359197,0.207212451112665,0.43590493880181,0.732506060688402,0.673198746432955,0.0018149363023442,0.0045625662391093,0.00083054543939662,0.0177569268045414,0.0675870677703547,0.163683857799111,0.315093318254875,0.507821601732874,0.694234446141917,0.824597855032221,0.88935482984652,0.911296834244342,0.915106245110144,0.915560277457665,0.917062007662518,0.916391002994232,0.904558613859801,0.867148931026925,0.793740028714123,0.684515348589454,0.554166037818047,0.42567798703458,0.315780355277369,0.229922232400074,0.166260013157059,0.120311857294362,0.0873935121509203,0.0637607639361079,0.0466089565933636,0.0337968729710744
0.00674412916871136,0.00920078205777209,0.0125998948928806,0.017461093584242,0.0247324514494658,0.0362963833071516,0.0562910241881042,0.0951473867862373,0.183657777058487,0.417710899845291,0.808619604538251,0.460190510621871,0.166679056235051,0.0734601700380489,0.0369574983661394,0.0196569727751896,0.0103778957711327,0.00505256364118379,0.00197432307141329,0.000398362833143034,4.76588905008986e-05,0.000944135214085806,0.00338580593322442,0.00802847254643914,0.0161206677359179,0.0299861905485655,0.0540726652336574,0.0969009758441855,0.172657859561243,0.278073593865122,0.145279712105813,0.221131700516995,0.165964811611988,0.0837572072327596,0.030257770599004,0.00602527656422466,0.000978018946337454,0.0168912913840748,0.0629445241866078,0.152733537789594,0.299262865849622,0.494780790639718,0.691312654590676,0.82812909390423,0.888954564652903,0.900845091435767,0.894746560098345,0.889033142467769,0.890676226834226,0.898852762732135,0.906888692040081,0.903833819018558,0.870983407180928,0.795001989312276,0.676815404382042,0.537094639038628,0.403000322462798,0.291467336531282,0.206528622667675,0.144460865074901,0.104712262478355
0.0165590054463198,0.0229769931900059,0.0321405832365157,0.0457586485737259,0.0671073104572497,0.103025574527318,0.16915370214526,0.303495500262265,0.57999598326437,0.879542922710038,0.609069819075857,0.284165527330915,0.139519232169512,0.0745763019457917,0.0417345376860994,0.023406327097866,0.0125005219750128,0.00585588264251591,0.00198457300327211,0.000213589600234953,0.000338193371594065,0.00248896737796245,0.00710453784413273,0.0149664855554483,0.0273022669468593,0.0459004704903544,0.0733155909504686,0.112126164325795,0.168076596862448,0.24391902647626,0.341596978478024,0.452761976781398,0.529725085885054,0.739333414358083,0.77528546750911,0.842908123945177,0.906465833654009,0.924139625644065,0.925181759282914,0.921291074138962,0.916989184577331,0.918978171307435,0.921342567315246,0.919387087940851,0.90236479969767,0.855206026473766,0.766110951054609,0.637758629198228,0.491668171285634,0.355276254853433,0.245385345877498,0.164356373922967,0.109082903090837,0.071645326827389,0.0466661933599598,0.030090438912536,0.0190891814078904,0.0118739193145757,0.00757818942619784,0.00452252605212376,0.00271507483637922
0.0132071852126315,0.0180029480479123,0.0246314514999671,0.0340914942149333,0.048184628187504,0.07040917596583,0.108201190763002,0.178970229326946,0.325892864847522,0.627584565105809,0.867754842054987,0.503403873729666,0.22031656267438,0.104601061998099,0.0534389755173749,0.0278319225775738,0.0138804299534483,0.00600979487075779,0.00178429410014519,0.000117177475986356,0.000603899274109485,0.0032620204408958,0.00844237404443802,0.0168412138605445,0.0295486725613607,0.0481772521030767,0.074969049745934,0.112946982413599,0.165771826875582,0.237067667477168,0.330424674039048,0.444344585531265,0.570956659490848,0.691024682353421,0.801166249875649,0.875448040244315,0.911603625512845,0.923504866745174,0.920093784522231,0.912367617379266,0.905810296634877,0.904117345567527,0.903962279016614,0.912498557077698,0.910153344753753,0.884259468288547,0.815089102026263,0.693232252929004,0.534792794087675,0.376538419333761,0.247891486054033,0.156481013870987,0.0964581299545338,0.0586091364081671,0.0352459777992916,0.0210101898875058,0.0127108659361228,0.00784294170279481,0.00531862782726405,0.00465065960149488,0.00667544163101222
0.0779860064582448,0.121191434800255,0.194490955596426,0.323906279582853,0.546279804309146,0.832208051364721,0.911031728183128,0.678718052437305,0.434105994637662,0.279771702360605,0.18904153656693,0.133884047158444,0.098631615355637,0.0751397228215452,0.0591374474770755,0.0485289856756314,0.0430022231886631,0.0460823830653186,0.086864516687165,0.555164221284648,0.234790400253933,0.100302152507463,0.0022496452777034,0.00114561462393344,0.0083939414856765,0.0249823954849421,0.0568880786755188,0.114638001612841,0.212720812895275,0.362414835524956,0.551682867776696,0.730304697318405,0.845620909999452,0.893795382018129,0.904811709773402,0.904951541206446,0.902228162094087,0.885471951863962,0.824858434627702,0.689130149031989,0.494077552906397,0.306879027979771,0.173902111367964,0.0943933071604008,0.0503095193357527,0.0265096068701543,0.0137604203556979,0.00699324894631258,0.00347097536038987,0.00166611699859102,0.000834606650742219,0.000497420046838295,0.000460601249100297,0.000768564990524584,0.00192424377702836,0.00605874873244258,0.0204401098452882,0.0800772041237255,0.373830230141007,0.614170197792757,0.308366475704538
0.0126788148626485,0.017562117298488,0.0245232145867564,0.0348576290795544,0.051060137654111,0.0783950932328481,0.129220135400529,0.235757215191213,0.478337380338313,0.843910645236735,0.621661369047406,0.272692185053361,0.12958034441422,0.069051759798016,0.0394223390743922,0.0231229743605216,0.0134018613609784,0.00731917664552741,0.00347059853876674,0.00116929869589056,0.000115210492330685,0.000250440663094555,0.00170847814746086,0.00479532175900638,0.00990838495143561,0.0171035250697741,0.024010697579131,0.0181802446286936,0.0258849992819308,0.600827971385373,0.651233109962263,0.432165677828041,0.238199379665325,0.126125399994577,0.0652834724136758,0.0305286010450109,0.0107405262179306,0.00181493042618015,0.00130658525221776,0.0110725863742022,0.0344867004513045,0.0772593512445274,0.148429281301526,0.258204467405783,0.409752119340483,0.587498171553243,0.75080371972239,0.857869751451794,0.899252614623425,0.8953720394388,0.871657639223784,0.845117483679514,0.824325973834004,0.812631503017338,0.811010287699126,0.819089853019542,0.835731422217239,0.858740434261279,0.884211208434723,0.90571968189376,0.913021699968274
0.01405791742672,0.0193746290246947,0.0268812405866493,0.0378959892253614,0.0549196516211086,0.0831185441064899,0.134324453179496,0.238411425123206,0.468247761082313,0.833637473269762,0.677811649410715,0.301607471322391,0.138576326427657,0.0705937637448137,0.038098412102866,0.020716355636156,0.010733519920932,0.00485778051499131,0.00156153214269941,0.000141776173064381,0.000332256849521252,0.00215089910096231,0.00584358993717084,0.011885959179659,0.0210181141860453,0.0343252063744972,0.0533192793214291,0.080055302894628,0.117309129338651,0.166018437943712,0.234330591070204,0.320725969789068,0.421850825721093,0.485122245164539,0.729647214337095,0.834118326649901,0.303662032050603,0.751671804847782,0.886329612921156,0.92096541189303,0.925422157856846,0.919935691773577,0.913410708661446,0.910302849141544,0.912149163145297,0.918003445715866,0.924078561426522,0.923592225803537,0.906307991244356,0.860856215283422,0.779667668494378,0.666451636649134,0.536757651471312,0.412127096994229,0.304829858325159,0.220194038615019,0.156723482948824,0.110539672693157,0.077362391305409,0.0535108033080915,0.0365860047763371
0.00599111471541417,0.00805440007044381,0.0108338716934728,0.0146834647777667,0.0202215645627624,0.0286121442428318,0.042249941024361,0.0667002813537099,0.117003707192828,0.241592840701048,0.583218476094268,0.740772393898519,0.254491123292759,0.0932817398556929,0.0412100766161493,0.0197169433902626,0.00935248084050574,0.00396786970211479,0.00121227285644898,0.000103883392190923,0.000246473965264229,0.00155088224562844,0.00413944147690268,0.00832609542298469,0.0146518790191732,0.0239627931113041,0.0375635500129717,0.0574139174574417,0.0864440621726006,0.128746463079979,0.188798257266983,0.265189560843639,0.31377287705021,0.0539567273344706,0.660905982375022,0.577953933171323,0.351585028297781,0.170030967480775,0.0415729712072006,0.00444446682949047,0.0926092631463474,0.325728912764691,0.615275888337761,0.812000599995416,0.885792330888403,0.892999833381659,0.880816491885592,0.870667824727269,0.869647860973984,0.878279652714195,0.893300410073163,0.905974449742201,0.905494323793806,0.873295727181897,0.797561692603611,0.680255241577526,0.54161394274959,0.407726992772204,0.29520090338837,0.208523084906715,0.145050223487598
0.00444555218249703,0.00589526834065111,0.00779954085456294,0.010359327023843,0.0139126022626387,0.0190645571535123,0.0269924423828445,0.0402310332344597,0.0650743733361232,0.120307472422937,0.275243926854903,0.715076350556872,0.466049270880906,0.128405462029341,0.0475783328782097,0.0205739973444197,0.0091869356033303,0.00378442810765854,0.00118371486922479,0.000136251795660775,0.000116388060311525,0.000916143270831863,0.00249480733301255,0.00492059310173272,0.00835054060137634,0.0130376869410888,0.019342167118829,0.0277675823377793,0.0390068400678471,0.0540293284740205,0.0741632249694724,0.101259866048537,0.137805720574586,0.18700400926835,0.252234887335241,0.334545480888216,0.42141787857599,0.420971086843217,0.359264370426338,0.775522060897853,0.62385667564295,0.354645721065356,0.114136156615493,0.00599282718470097,0.162789741620283,0.504954843181553,0.773476240605522,0.881984880177814,0.895494808820166,0.880727050041967,0.858472898550396,0.84152284544163,0.833484293860878,0.834834885840495,0.844787996861029,0.86047950591777,0.883099722141148,0.904218669846155,0.917856993453169,0.915177834906425,0.886842234002437
0.0128613150462791,0.0179302573355747,0.0252428441486414,0.0362617524441294,0.0538657420481573,0.0842951182478947,0.142668154318761,0.269370703077097,0.557833825083642,0.869689219857846,0.521026927070551,0.228336378194819,0.112560733195467,0.061859129923928,0.0361894102438294,0.0216817907222841,0.0128262420843512,0.00716223612960412,0.00349349296478319,0.00123366634893131,0.000142334637658915,0.000215358453589593,0.00166583109328168,0.0049346966748572,0.0106031790747639,0.0184708098416057,0.0218784405336582,0.00385671145723296,0.405803611852019,0.452968567863397,0.228455694968255,0.103976253912478,0.0468233632421227,0.0188623692935197,0.00531746888252354,0.000408429472962938,0.00214071560013657,0.0112706201462502,0.0300209312622615,0.0547947606140051,0.106514829677392,0.183238901404643,0.259508645116587,0.415532770701426,0.580534839534044,0.735347458645015,0.845762599629545,0.898051692677459,0.90473166237253,0.887218756574247,0.860851465062432,0.843888204170243,0.832831919112138,0.830682533340261,0.838088787535795,0.853803605260868,0.875076692743227,0.896925541603129,0.911170050147742,0.90631503502087,0.869024301135474
0.0176193368298993,0.024450764016648,0.0342253217166331,0.0488017737592005,0.0717704184555347,0.110687297278507,0.182938972828799,0.330379544864543,0.626086751782529,0.883858169996789,0.566853021394107,0.26607700351366,0.133488095916691,0.0728833014582943,0.0417543155638434,0.0241643633478836,0.0135558861943727,0.00695317520107188,0.00290215313624967,0.000692418149479177,2.96416437684179e-05,0.00088939018166279,0.00346921406067124,0.00818008283447789,0.0156475014258284,0.0265965049424011,0.0411749780172573,0.0558851852203936,0.0504453100015284,0.0180940077634406,0.722231919820983,0.788311561079424,0.605177892143896,0.34061723865546,0.15713873579222,0.0542162869078261,0.0083490759003245,0.00432866127129154,0.0399490148787716,0.116834103310913,0.247338261756738,0.42960882430992,0.624098264056565,0.782869336406149,0.875037733336655,0.90611791383581,0.900338874650096,0.8798007126634,0.858058525806367,0.841968587905219,0.834159974063402,0.835265559143766,0.845385136512439,0.864159328277187,0.88589305421633,0.905507803069131,0.913364860625945,0.895655818427822,0.839173169235626,0.738390743997944,0.604505887057101
0.0367790047123221,0.0538541452537563,0.0805163876250874,0.124485727892167,0.201731384764049,0.345110196747642,0.601248297352878,0.886929310841868,0.806273580341707,0.494552047062697,0.284873552795677,0.172550472990361,0.110311700748932,0.0731888591955046,0.049424200686267,0.0332819715350915,0.0217893631676905,0.0133475609216838,0.00712023223176167,0.00277607175866491,0.000393544321563035,0.000301195729128205,0.00118855178306635,0.0481513881162545,0.654220946108231,0.312430861724356,0.0127934596119341,0.00517299225252727,0.0478216164729225,0.136566371269615,0.282306835862138,0.477528038421373,0.675013936431345,0.815631767872806,0.884143532800135,0.906061780849749,0.909927907408516,0.909919204775634,0.905693417076723,0.883168681079354,0.817698371313776,0.690276682267054,0.517402261137202,0.347205246941259,0.216323559385891,0.129667940471857,0.0764947736798029,0.0448325488791849,0.0260916035265371,0.0152185859526894,0.00867320999296092,0.00487207710309073,0.00269810147948734,0.0015006699552286,0.000890359766460455,0.000647758589901796,0.000692779719458054,0.00123794957339528,0.0032299117015896,0.0108800694674448,0.0472175115885863
0.0427453080744093,0.0609448013099912,0.0881552479680161,0.130747284409864,0.201100852109635,0.323255899012596,0.534357094311856,0.818240664414676,0.89402340313535,0.621253840778478,0.358303913902042,0.207374533643793,0.125005889670894,0.077688976930437,0.0487710332564915,0.0301760603128643,0.0178023191315706,0.00948254970811955,0.00406361266744121,0.000978660866145762,4.70485490696076e-05,0.00138725376697244,0.00538741780493037,0.0126871697181439,0.0241043535881349,0.0401168750238899,0.0581297918896869,0.0535702204452714,0.422888460810111,0.470184604158751,0.682322499631954,0.049769617482121,0.22981696961658,0.458346581884436,0.634414908753897,0.767217120543166,0.856553402710128,0.906302292313914,0.927245951642421,0.929637526146613,0.923500506803329,0.915763225132245,0.910754256194977,0.91045453316371,0.91446837092107,0.919265644689211,0.916770526400451,0.892409537051302,0.827270376276083,0.709658614830718,0.550883801757817,0.386304638190456,0.248905317613285,0.150952280428335,0.0880344104183415,0.0496844940961431,0.0276754568692228,0.0158969291860124,0.0109407166992592,0.0128820255712603,0.0418577676426754
0.0233279341101689,0.0336426113230191,0.0493535546636873,0.0745568208777863,0.117793738551771,0.19822068211384,0.358989867068865,0.659546656598042,0.897735772921246,0.635670356749893,0.337418679625491,0.185344134891311,0.109656708925474,0.0682969490083099,0.0435049727062468,0.0274934793083138,0.0165686343748626,0.00890142295358665,0.00364659632445816,0.000627312138621307,0.000343773089057035,0.00432704100732688,0.0161463004918787,0.0440673050403689,0.108113208786411,0.257272209112958,0.558714649539712,0.681781411307551,0.0678221253839879,0.0050596946249424,0.0436995374418837,0.224843741893493,0.498073406319246,0.730279120401026,0.852391042955857,0.897529348327384,0.910806286434991,0.913872071779799,0.909119944746507,0.887057391414581,0.832294022114305,0.734398016944597,0.601036633440731,0.457802678334849,0.330531419009159,0.231536469137392,0.160209768253664,0.110813880243295,0.0770975384503381,0.0540722437265759,0.0381903744676218,0.0271451079317192,0.0193816550340943,0.013861291578566,0.00989786569135414,0.00703018134175343,0.00494407957015155,0.00341014831985669,0.00230536118722023,0.00150532211681412,0.000934352554059934
0.0357101490660684,0.0518446947761768,0.0767473767692757,0.117308436316188,0.187764903284194,0.317838527125632,0.555637236997488,0.857249766977173,0.834207501447005,0.518103987596622,0.292968783280475,0.173939288447217,0.109475230908191,0.0718836184822041,0.0483448563421664,0.0327155115843593,0.0218479414266943,0.0140408890345584,0.00835083752070881,0.0042719861014243,0.00158179492997258,0.000228357664635155,4.82712324837746e-05,0.000113538282426897,0.0843370336101312,0.663170976362007,0.359024208750678,0.0479439389990687,0.0039499283675935,0.0019599201652151,0.0154196341126577,0.0411067387501716,0.0833995909802357,0.146463304431301,0.235785554775268,0.353959364686129,0.495487609985579,0.642822494753694,0.770463934078832,0.859011435941236,0.90543867161778,0.92087603557127,0.919755514459561,0.913992595447892,0.910391565593997,0.911583911578158,0.916225417478036,0.918430457117553,0.906695336755842,0.864686211901556,0.77488965648487,0.645645603357354,0.492100561251952,0.347369396353213,0.231584769653014,0.148188110050909,0.0916788452346413,0.0554737021184609,0.031829802473222,0.0171589398841222,0.0082879320212864
0.0298983484517466,0.0428275039009516,0.0623293259817242,0.0932155401354742,0.145220890313892,0.239018145007054,0.416228586529139,0.713719534101856,0.906894201945952,0.653326908510223,0.360835924455887,0.201483689933156,0.119222960730002,0.0735419409257036,0.046129500269357,0.0285862697825036,0.0168468927113646,0.00885134491887587,0.00358096904601307,0.000656060500976111,0.000203204644478686,0.00288281094730615,0.0100106548577698,0.0233599924939548,0.0411747506363693,0.0236167041408753,0.671017587813578,0.734289307452795,0.221453151059694,0.00692834267277333,0.0572045270838186,0.241508252260943,0.49276852483457,0.716767493154036,0.846418951629108,0.893569691400834,0.901087067975314,0.899095073166055,0.899405829390926,0.898754198820914,0.87802503176329,0.804138353456142,0.653186658117093,0.455814161741636,0.279206783145636,0.158277309456986,0.0866611705171718,0.0468889603209616,0.0252672180602553,0.0136518632010759,0.00750756061678668,0.00433515296623755,0.00283599807914761,0.00237584459445595,0.00285577644669483,0.00501571125624296,0.0118053869960766,0.0348769680793397,0.130631720826952,0.558051918311619,0.471958959848271
0.0101776848989115,0.0138888500888849,0.0190307222830938,0.026400389507604,0.0374644042070462,0.0551430903451791,0.0858891106507013,0.145815658050205,0.280008882439896,0.595289014438101,0.848069816749115,0.407127138846578,0.162969491827416,0.0751748433618141,0.0378514612186149,0.0194711176501958,0.00954430113857675,0.00400013188783427,0.0010895368439475,4.39220167147602e-05,0.000595921622442089,0.00279407382938378,0.0069464295138865,0.013637640427216,0.0237945081827183,0.0388218469649939,0.060752150482062,0.0924852137119869,0.137858349431259,0.201266964608304,0.284886359879484,0.373234794097944,0.313601755739927,0.805429190211119,0.832475377020044,0.529249984232957,0.0227978620623771,0.399861888507008,0.765551116397794,0.882349070339797,0.90648431363164,0.903195995429323,0.896529099371353,0.895065203505804,0.900247374534554,0.908877856509959,0.912611127344058,0.89658360437685,0.842714194697657,0.740175039283945,0.597925163422399,0.450216780415205,0.31802457356591,0.216660879854719,0.144832930145192,0.0959480549402778,0.0632084224753073,0.0414310798064948,0.0269927544540143,0.0174385895830339,0.0112069098614612
0.0139090938600291,0.0195155819118533,0.0276881723534781,0.0401547899066377,0.0603646424865269,0.0959185523241851,0.165441742530922,0.318297306629176,0.648781563500081,0.866082049231309,0.468360810056726,0.212433506371975,0.108522858391122,0.0610473902354558,0.0362161096738088,0.0218145924545091,0.0128431934799646,0.00700418812441167,0.00319366313475234,0.000906750147894261,3.5050434943697e-05,0.000845115055896429,0.00416116981280578,0.0119386841426853,0.0288591982645994,0.06675419940095,0.14895044414198,0.135093928538464,0.0991066188291841,0.0514006429819326,0.0172374401581095,0.00205584778954386,0.000536269441128114,0.0079784598231495,0.0268419242820656,0.0600705527217013,0.113859705381448,0.195806403592531,0.312337004160769,0.461628008145459,0.624852470785012,0.767911287537442,0.862455471876954,0.90556504207946,0.914180507193865,0.907642288275881,0.899701447312043,0.896974937247852,0.901018536862676,0.909679961211364,0.916245317516767,0.90888017097461,0.872992565322392,0.797060567013683,0.682627504340954,0.547517202984477,0.415608848692922,0.303466486862638,0.216290121711535,0.15198584045171,0.105286666579371
0.00365024587331485,0.00484617350506081,0.00641908509659879,0.0085355898180974,0.0114755446102895,0.0157402012729633,0.0223018231278387,0.0332641600905746,0.0538623617980917,0.100004198261983,0.233839710723737,0.672651995645008,0.440656257906268,0.110686218910221,0.0392611259251773,0.0162834312248306,0.00683162049557762,0.00249817944416387,0.00056854272499969,1.66490033423577e-05,0.000440981970821514,0.00172477208286092,0.00391521752458451,0.00718897130942633,0.0118500501476915,0.0183606753769336,0.0273925380120195,0.0399233954456651,0.057355468361371,0.0816998898230755,0.115829807712522,0.163684738512902,0.230116138207085,0.319377269570736,0.428495263655603,0.519909917226511,0.295679597221317,0.72353102047362,0.695331828391639,0.466146216892507,0.18619107725903,0.00813181126968831,0.2741965620178,0.704834638396852,0.867526713361798,0.889280310975276,0.877146717988857,0.866221416947564,0.865101513129267,0.874521164995084,0.890809856305925,0.906053890844588,0.908599091890412,0.883419406832425,0.815701643796051,0.706664829999768,0.574044420344996,0.44230224627633,0.328738234210273,0.239530403498878,0.172883080213802
0.0216651945276034,0.0314693911785098,0.0466276454002436,0.071433074522705,0.115136788842784,0.199322509743749,0.374426227026603,0.701846768973575,0.88178659201777,0.55960010521503,0.294723491878871,0.167753701689884,0.104559935307705,0.069736449845218,0.0487625512341967,0.0352360018834421,0.0260701876970715,0.0196945491578851,0.0153602065136527,0.0130002025350248,0.0141482307995125,0.031201347284312,0.226530659392656,0.672813998591179,0.18260693910555,0.102788400972885,0.0292370095002951,0.0101060560222719,0.00337596949291924,0.000498678257584898,0.000275690011251579,0.00264471889044163,0.0082655535841734,0.0184989580100896,0.0356067667770994,0.0632623522679013,0.106740152497251,0.173186090464276,0.271748807521301,0.406265708544298,0.567123887004806,0.723432740042591,0.837254045666597,0.893201862627859,0.905557836243263,0.898305737046446,0.888874671499921,0.886278272830593,0.891886890886977,0.897819902027859,0.90396222737169,0.88077525102496,0.807704162404155,0.680175682539896,0.521807594844993,0.369940937221456,0.248671769139859,0.163121950453235,0.104580438531897,0.0659433134851423,0.0407291117232326
0.016954045369168,0.0239294030024454,0.0341715617328447,0.0498986861070202,0.0755222833612533,0.120632380642566,0.207925144057396,0.391377091024434,0.731784697224112,0.853204680532007,0.480863640917217,0.235461854440562,0.125753484135995,0.072508996329154,0.0435473823954275,0.0262719665614002,0.0152754173837663,0.00803274014407504,0.00333822059831062,0.000696924680912967,0.000102694616889228,0.0020140081186713,0.00748937510481036,0.0184969802628572,0.0384442029905451,0.0737902684037051,0.134774716910702,0.237945912451011,0.40133751796384,0.599289584958227,0.28606003344766,0.330566235592614,0.0111737143558889,0.35028199459408,0.684434467597195,0.853327634784743,0.904010411578177,0.916869610466355,0.920013682829111,0.92077499568511,0.915253241330088,0.892392299334955,0.838059561828655,0.743251359547714,0.615397584446063,0.476999359061392,0.351773079379127,0.251619240832363,0.177734690468813,0.125304271670848,0.0885408632073694,0.062952879019434,0.0450334817289082,0.0323686160498837,0.0233355776004633,0.0168236236690766,0.0120846674456647,0.00860840026992308,0.00610488971163381,0.00421883918138631,0.00283789579941266
0.0226059619432529,0.0315399338451958,0.0444469389680066,0.0639143282124953,0.0949974097256406,0.148329997435588,0.247853443982989,0.444290871889106,0.768378879407796,0.848812071081052,0.493707998576865,0.245910735364611,0.130371839160649,0.0737594158749515,0.0431982197910066,0.0253265919226917,0.0142959033129315,0.00732118740722216,0.00301628750762222,0.000684194616137998,3.97712765965133e-05,0.00106869377710688,0.00398105723454575,0.00920089555694215,0.0173692582630476,0.0292321797839116,0.0450875347343114,0.0620051373780501,0.0604070295996611,0.0228088837085774,0.743802859599079,0.818705675678531,0.644780466899511,0.265001151005246,0.049798943126698,0.00360947300250693,0.0613126139485796,0.172132643519998,0.359299958509082,0.432441523318948,0.676048354896917,0.814788034181286,0.889207805953965,0.915086106109406,0.912184858714533,0.896860138242594,0.879381963772954,0.865764906431174,0.858694525968443,0.859418999668905,0.867722220709404,0.881491249360226,0.897399059528478,0.913276794208437,0.915184089430786,0.891615174672398,0.829844081208012,0.725750949735972,0.589901985241839,0.448212231420194,0.319803163465139
0.0207670437706177,0.0292918236964223,0.0418132440231725,0.0610558358733948,0.0924285981782944,0.147579125828426,0.253185382781413,0.465767340392871,0.80335135510469,0.8292509798736,0.469729671031979,0.241470721033481,0.133918562736648,0.079655941905345,0.0494158743829061,0.0310890656053432,0.0192619264645369,0.0113055002632842,0.00588104013120973,0.00232462872182496,0.000392337003705671,0.000183387612997716,0.00218936318389036,0.00749909164279469,0.0182407962666804,0.0381782097674439,0.0696056008957814,0.0532731105408935,0.519750609844095,0.246713085166442,0.0622677619947235,0.00390122687749567,0.0070405853259463,0.0410844407031915,0.105644722498388,0.20826116087758,0.349205231775811,0.516550904537528,0.68040407367537,0.807055858400298,0.881644191761581,0.91297566671256,0.919549264790995,0.916819321748734,0.914309323750745,0.915492334288474,0.91919500410887,0.919507742612159,0.90546324477581,0.862559273939624,0.779078075787007,0.658664245748748,0.518208728462077,0.383788378522243,0.272124301445307,0.187768945166475,0.127346261602052,0.0853226520248843,0.056499857444241,0.036830917159834,0.0234048364866394
0.0542882994438957,0.0817691272975969,0.1264945248975,0.20320060649258,0.340257975662558,0.576082815503276,0.859481682772782,0.878609675681208,0.611306090945963,0.37689433822742,0.237374087443288,0.156516800908839,0.107203209253166,0.0751821548493523,0.0531547043995725,0.0372177352474124,0.0252028291765672,0.0159060347959268,0.00875101329930803,0.00366510844280248,0.00101715369980549,0.0051727809537992,0.389867574894796,0.24169639814335,0.00928975247787206,0.0864852587317753,0.241810839974869,0.478127054673154,0.713235543090563,0.845482861440644,0.886530763261927,0.892292053717428,0.882361496252622,0.831239271031288,0.693131426500038,0.477629687531018,0.275639990122938,0.143953062174998,0.0725861414698011,0.0362808743345226,0.018053805816599,0.00890448254453378,0.00432433800041589,0.0020686262818139,0.000993569031153994,0.000513940288773651,0.00030621603628921,0.000294400339367338,0.000440952734689427,0.000880522416220285,0.00197958298201693,0.00460588089410902,0.010986449137041,0.0267765272709169,0.0689118378759222,0.192289757063836,0.528041025036277,0.735247832098028,0.484696300916124,0.326662212373329,0.252051309569284
0.00578293073116046,0.00786589332929606,0.0107292114418075,0.014789300744739,0.0207942540930733,0.0302009274212427,0.0461371344761093,0.0762702952390256,0.14278868512245,0.320544349712113,0.755141285911175,0.559575791071305,0.187781630037979,0.0775499356691011,0.0373847601666874,0.0191836959489422,0.00971774181145644,0.00442374066021796,0.00148688827382086,0.000162208533661217,0.000253672841635866,0.00195972504227763,0.00593211569436204,0.0135585189726642,0.0276076623388793,0.0536293253109671,0.102194229563233,0.18502033473139,0.234170011188806,0.0195191333070991,0.20515506177924,0.14322907499301,0.083951194821267,0.0519053876686347,0.0241442857858798,0.00808534626348164,0.000715892051853711,0.00386708483849565,0.0229040300324119,0.0717647122492258,0.170107638337964,0.33844282254535,0.562332639211077,0.761748344752355,0.865248579758082,0.888571472082598,0.881152899417458,0.87357629056378,0.874921130253754,0.88716159669282,0.89835636801241,0.883389815291906,0.818260763542174,0.694090045269858,0.535177839377206,0.382318172835964,0.259380716311529,0.177282264429818,0.117706832215351,0.0782988778878072,0.0520753585800382
0.00318058507296369,0.00422118645199676,0.00558976363768421,0.00743194815419056,0.00999306178438624,0.0137140544374123,0.0194544636435002,0.0290859077239675,0.0473178072847232,0.0887589264758842,0.212942470400152,0.65186283628278,0.41047072852802,0.0987095882427848,0.035181613873305,0.0148621131636427,0.00645783202839636,0.00253712989190566,0.000703585057351275,4.44653765411145e-05,0.000193341729709563,0.00103094827351339,0.00257979605517204,0.00497105399874192,0.00845183808064086,0.013412117530174,0.020445605641685,0.0304556840098032,0.0447940023569213,0.065470885874855,0.0952413458750674,0.137012188101669,0.189795452056685,0.231178036529822,0.162297368407438,0.0273951162796236,0.285601767215437,0.316378229087338,0.256451229075204,0.194798326540307,0.145227022627241,0.107370912735683,0.07822986641475,0.0551046303024458,0.0376111265761103,0.0223757408300047,0.0103122427634375,0.00234912922830432,0.00108117787908688,0.0127757055258278,0.0509781092282558,0.140611502285913,0.31849885827478,0.576792412237663,0.787842657522515,0.862017778101254,0.832732538450658,0.779529084823155,0.73444156969999,0.704894189770765,0.690828543815354
0.0243852655807664,0.0340893908617076,0.0481558143592891,0.0694340868200276,0.103473719095627,0.161860211488412,0.270182931754209,0.479353715567506,0.800300363162311,0.837787575308679,0.482876530234224,0.242402360248323,0.128248850178494,0.0715228937499516,0.040691630710786,0.0226851615788062,0.0117241143143848,0.00506497940875957,0.00137226923244565,4.84682928899934e-05,0.000949761430018239,0.00427586460960759,0.0105488674713315,0.0206613303387935,0.0359483483214723,0.0582913155687706,0.0902259831093924,0.134808809843235,0.194984277714852,0.270658622845379,0.340532588147296,0.412737836868354,0.711488720846804,0.803873380958398,0.48317898143096,0.836195014124897,0.902740221453014,0.920195603817237,0.918850584782529,0.911605983876283,0.906573336573962,0.905644187399181,0.908682042851124,0.910787411243331,0.899937144632784,0.856555767995152,0.759283722757744,0.606185178272859,0.430440532206638,0.27639466655678,0.165738101597653,0.0952182094691534,0.0535958134147287,0.0302602426978188,0.0170865354373648,0.0104206462783986,0.00777951795593828,0.00903980974156957,0.019914399935911,0.0877128151450963,0.589819207856357
0.0418028677919348,0.0609395385666491,0.0906664200017623,0.139377453560299,0.22419335701068,0.37870045814002,0.642511401763421,0.899690689325291,0.778679619231301,0.472478333851522,0.27230870078162,0.164515321859554,0.104475836710114,0.0686637730592458,0.0458733817275691,0.0305874164122696,0.019923417527539,0.0123089078095936,0.00687546768210368,0.00316451491854907,0.000958108480263957,8.4103494463999e-05,3.48330054045701e-06,0.00290051880125295,0.281375190206853,0.531343479532834,0.738662879021034,0.299521208144215,0.0347274041454344,0.00188253471739115,0.0310456902656999,0.0914549671211979,0.191205625076363,0.328754927677695,0.494622775781963,0.661261805984786,0.793978849668382,0.87391756459035,0.907093907179137,0.912087134420488,0.906415679121862,0.901038514772244,0.900810846331968,0.904787848239126,0.904878064274689,0.883299625034778,0.813452226021842,0.677900521341077,0.497768574989817,0.324472363185296,0.196745859185589,0.112785139988912,0.0627118467559954,0.034270592207896,0.0186094286056917,0.0101718735431538,0.00625689167691623,0.00531418330577998,0.00782823063012746,0.0263787323404826,0.189946571970624
0.00502819705201549,0.00670866754076397,0.00894292644467868,0.011991284065552,0.0163018511598136,0.0227004245898069,0.0328531994980582,0.0505214475228171,0.0856293507790051,0.170037640594197,0.419853760466416,0.810241396129374,0.29678839318679,0.0949597811800846,0.0388462735524808,0.0176963408526114,0.00809736658442133,0.00333830187166476,0.000997538386886045,8.56673633550968e-05,0.00018480838704677,0.00115057175092533,0.0029998705871423,0.00587181992296609,0.0100313014691852,0.0158891691742575,0.0240574981750164,0.0354289443770614,0.0513159621968476,0.0735841092291405,0.104793033102209,0.147857410278207,0.203678917796402,0.260205098116832,0.245458587595379,0.0154690756528649,0.477883478421573,0.486979254230583,0.358899042892029,0.257310602095503,0.163789145119298,0.0965875074997969,0.04884384705459,0.0161311652687395,0.00133272776839391,0.0117167092069826,0.0685548789933142,0.139818645949055,0.343389141067668,0.592281030959172,0.791649684865934,0.876944903727016,0.877241137261666,0.843876969696699,0.799224880899202,0.783078310081436,0.766274719466442,0.760123199597428,0.764235714800854,0.777607285066701,0.798971819199934
0.0204359987056946,0.0291300338806978,0.0421291973195977,0.0625346735891306,0.096681000955368,0.158580278277004,0.280955623608426,0.528465989552155,0.860654066185103,0.751806550792436,0.404457828043008,0.21443633840935,0.123935498938685,0.0767918809494112,0.0496690006246407,0.0327177997923137,0.0214116256737893,0.0134916679603379,0.0077782525448958,0.00368086526471598,0.00102042116406901,5.21668762511948e-05,0.00174904694737567,0.00830954588452313,0.0185221943983126,0.0412112515445876,0.207169317553859,0.0541973978192909,0.0140017921962036,0.00194431070575265,0.000921995679355423,0.00787004123166334,0.0252612157522583,0.0566563804145273,0.108709997181579,0.189897408778573,0.307459379700196,0.459376156988807,0.624669852629143,0.766999199707239,0.859197500837965,0.901622474696904,0.913000678875513,0.912421505062505,0.911097527265921,0.912893755737338,0.914364205025261,0.905172385608099,0.868994117983402,0.788523147912644,0.664853991603398,0.516557189155946,0.374542485779441,0.259090650747905,0.174554167708857,0.115947015324487,0.0763970853144391,0.0500151915801695,0.0323554170226095,0.0205854911761961,0.0124132994435616
0.00353264494140681,0.00474543842345619,0.00637718944767564,0.00863431148459735,0.0118780463818632,0.0167891308481216,0.0247767209529289,0.0391604350645289,0.0692497351900936,0.148258427686885,0.423381704274274,0.754245728538325,0.193830109658162,0.0630733966889482,0.0266561475289331,0.0124601747143456,0.00581515442014828,0.00242438782672414,0.00071537845829256,5.16474639225466e-05,0.000190558266105668,0.00110185444330961,0.00291469317148394,0.00593583801373558,0.0107235362982422,0.0182586531986654,0.0303060659294212,0.0501442892432543,0.0840660812928122,0.143839160929596,0.24451346995204,0.334657266781532,0.0323939083132876,0.149640382868094,0.109791073398744,0.0721663668265125,0.0343891873025324,0.0129961218593752,0.0025188407504625,0.000402547710222984,0.0066432802195894,0.0259579434531513,0.0681057314866694,0.141609568695501,0.262808672221368,0.437712798314851,0.638385707714012,0.800168877214811,0.87899193073543,0.889763369299412,0.871115497038292,0.850653901595986,0.838062643912797,0.838003952560403,0.84983408784867,0.870077315793513,0.891767102664291,0.903370627614839,0.889356285096727,0.8354913552667,0.738714254161056
0.0207103461014343,0.0289026899158444,0.0407335184359884,0.0585607190787695,0.0869797133077402,0.135660641772496,0.22648079395215,0.407870185774594,0.727353758715159,0.870372348469951,0.52836194372636,0.263568432626698,0.140060301717879,0.0801002621399075,0.0478975890877826,0.0290496749591317,0.0173077343856478,0.00972000439623365,0.00478778011382999,0.00174848627787206,0.000243508722423849,0.000183824342656994,0.00169026757998969,0.00508632783896916,0.0109158995813775,0.0198975054867816,0.0325352483707561,0.0466504363666143,0.0432998400831931,0.0926502542492737,0.747337754459612,0.694784287477984,0.247612028530117,0.0342903382811613,0.00288933185295111,0.0408897619179048,0.120220939054274,0.234464776956451,0.378337037374094,0.537947451318315,0.690094515663284,0.809633724182333,0.884202237993016,0.917347904427302,0.922289742436181,0.913019376468623,0.899610402979489,0.888612189882645,0.883202696773013,0.884604546838268,0.892406847035719,0.904370550672231,0.915139149055498,0.921364751585799,0.908101011128113,0.864412726052805,0.782416648170594,0.664916494857624,0.528448589697816,0.394633862897796,0.279417419148916
0.00550156213677205,0.00738066870608127,0.00990123932945012,0.0133740643993507,0.0183382112899222,0.0257994427724081,0.0378076339608292,0.05905843684636,0.102125727441937,0.207541171736237,0.512605041380519,0.791625012097449,0.269410830914527,0.0932231208198457,0.0396382551117207,0.0183271644735351,0.00833234908123909,0.00328588550745721,0.000836633470902903,2.87770061958845e-05,0.000507125098464238,0.00224021060130173,0.0054335185399172,0.0105349938071466,0.0183034843246037,0.0299628335579619,0.0474258415887389,0.0736601655388836,0.112986798602664,0.170406095913082,0.245218430605586,0.296206968842439,0.0952189636243001,0.412174559854677,0.464656262872421,0.359501955603443,0.22780379355123,0.127167701307379,0.060087212131284,0.0140201232368469,0.00322906762421245,0.0519237167945428,0.201863398834432,0.462872978768585,0.723016026852338,0.854850088754244,0.879325137033252,0.865392027043178,0.850849489174843,0.848149577083803,0.85863480698233,0.877653097350091,0.893721630050235,0.886773986319536,0.83132147351001,0.715065889387257,0.557451958149964,0.399481557835433,0.270370762680042,0.177103993529096,0.114000914562886
0.0230300176729462,0.0327910273576171,0.0473164306524451,0.0699172447304119,0.107154692156394,0.172926918274019,0.297515336327207,0.534535334453416,0.847738343379638,0.805544270055495,0.474123065572765,0.259014872710843,0.150013558149413,0.0918566880967569,0.0579808620815315,0.0366587410956973,0.0223922551933104,0.012485562813614,0.00564033092776196,0.00141135854357624,0.000117628861335686,0.003078554996558,0.0133830634764761,0.0375421371187151,0.0869006244217712,0.14947690095027,0.45949969927071,0.457486759764354,0.041665690044086,0.0576517710266451,0.350685685370921,0.672598329492856,0.83691114727924,0.884530977416674,0.893838220048412,0.895114635170897,0.882844657227178,0.827796549401938,0.698987841398184,0.511372786628632,0.328395997023749,0.194961789002792,0.112144173560993,0.0641200601522111,0.036790265973293,0.0212132761235697,0.0122767231768202,0.00712038982172166,0.004129054490137,0.00243362547372476,0.00148704739903078,0.00098820379911328,0.000770885014512864,0.000769176832640482,0.00102216393276888,0.00173444033796543,0.00354184192809726,0.00816552013279272,0.0212419594815171,0.064810220558139,0.250294161447121
0.0225990882279435,0.0321238779478237,0.0462888027347595,0.0683685701784731,0.104964254323343,0.170370383930461,0.296941748172828,0.544477818007283,0.865248300852574,0.768276943854998,0.424761171495463,0.226674945464158,0.130318389521702,0.0797787469236942,0.0506800893890794,0.0325505480458741,0.0205528855849335,0.012282115391221,0.00650254575168243,0.00261871030293028,0.000458082603215287,0.00018885393302165,0.00220154120562259,0.00609479782487713,0.00444298260905545,0.187437315442277,0.741813573442575,0.449262583701565,0.110934550785173,0.0163203858718102,0.00109412295810429,0.0216902167680856,0.0825147532984562,0.193698788449677,0.360881256790845,0.561628969365175,0.740118273024658,0.850748030571001,0.895761831625544,0.904622670586219,0.902435432896954,0.901987195233897,0.904336931662144,0.899827226725371,0.867206662148851,0.779353294834471,0.629335294539948,0.451429472731358,0.29443359354713,0.181612380759164,0.109239788824587,0.0652705648626622,0.0385745521689203,0.0226959741346231,0.0132928964898357,0.00778365080040939,0.00464514828978964,0.00303764071718668,0.00243903260120843,0.00292985729845711,0.00627042126821003
0.0189065689896563,0.0261548537325285,0.0364659776293554,0.0517176437028311,0.0754719362005976,0.115054779699449,0.186821599645923,0.32876553011641,0.606882829609285,0.887055169898347,0.626594996096263,0.300423663359807,0.148327516921445,0.0788301737776453,0.0435529900412017,0.0239658089885329,0.0124446657750977,0.00556824503974348,0.00171086205318864,0.000118967518441384,0.000531065344533557,0.00302450388495446,0.00797255019665096,0.016064191983075,0.0283884278771747,0.0465250550772451,0.0726830119887733,0.109618609235357,0.159849241853135,0.221177105666553,0.26054676402807,0.050594465761474,0.808121289973564,0.824072209887809,0.513947082574601,0.054909811984699,0.184493072952206,0.579681071869205,0.801950332471433,0.885423484416034,0.90347291518127,0.897800834215289,0.887918951721412,0.882446202508002,0.884199757526555,0.892148954092898,0.900681064408061,0.896710502443735,0.858926722125214,0.764155176009946,0.610223187746406,0.429612490451167,0.282880805750592,0.17052724330661,0.0991921863618395,0.0563727673379224,0.0321475562399073,0.0189232549072291,0.0128515329710295,0.012820388629004,0.0282413306562466
0.00658869724042003,0.00908277551563335,0.0125917528833048,0.0177049547069762,0.0255198320910323,0.0382589263942623,0.0609374385751862,0.1065611523717,0.214571783532279,0.504343096463355,0.84674667469849,0.394727887048533,0.155236028516026,0.0740800650031848,0.0398306652944727,0.0225997471514674,0.0128236456908424,0.0068377868799218,0.00306818237314218,0.000848059028194159,3.28640677103354e-05,0.000961217973796859,0.00473637630906682,0.0141606631077624,0.0366780103086129,0.0944192806341106,0.25678639137117,0.603235028027471,0.370053930580747,0.00753168752162344,0.00990377579691799,0.00672920435979019,0.00126535330936687,0.000772419966002158,0.0087172719255001,0.0307178222571793,0.0768051238896604,0.162488566497176,0.303739799365481,0.496416891954519,0.691433750784271,0.824920932240545,0.884497117568941,0.90124607307175,0.904574632470949,0.906110510794896,0.902500177059718,0.878866090643987,0.815269493009951,0.703182326773029,0.559934461387782,0.415091069526641,0.294685426564864,0.205181416018908,0.142501210221765,0.099525637592298,0.0701755008293597,0.0499621785652461,0.0358687606946872,0.0259210951594397,0.0188063352149481
0.0154095652274609,0.0217723988090287,0.0311305649120088,0.0455288040704549,0.0690488537932952,0.110623152028858,0.191695973118091,0.365214845824299,0.703580658302053,0.854854572276344,0.481133843108399,0.233051423734399,0.124253312960567,0.0719849881910652,0.0436440148403103,0.0266898294682702,0.0157918296686559,0.00847824855500956,0.00359411956759117,0.000740826620025241,0.000163135563776779,0.00300507741397366,0.0122017519617023,0.0347407957007788,0.0842857423296587,0.121113762577807,0.242535866815178,0.188181819027453,0.0670583323053406,0.014279790896442,0.000904256979307552,0.0233892678567593,0.0979103461659958,0.24894182728331,0.473530119581448,0.697520907969452,0.835352722401242,0.886854220507905,0.89793512096008,0.899981517955716,0.900340947092092,0.888526568430704,0.838988881172199,0.727903608529431,0.563643760261365,0.391948426607671,0.253930591683913,0.159133916396166,0.0988952779504505,0.0615524460215514,0.0385808925670085,0.024264818529357,0.0153612123114195,0.00965801426997292,0.00604006453836021,0.00375185650079785,0.00232810767227748,0.00141832318136216,0.000943125653758211,0.000728313843509633,0.000769338441053866
0.0104682817282738,0.0144111955245782,0.0199681188231847,0.0281033648473758,0.0406480284910649,0.061392954212251,0.0991237530377168,0.176985401613624,0.360998550050164,0.750336661493038,0.724540853069064,0.300360951494991,0.130455081616782,0.0651643834029113,0.0352854835234871,0.0196347786773948,0.0106936534632428,0.00534124192106766,0.00216007385115754,0.000483001365155361,2.91582341864351e-05,0.000758111995278284,0.00282268307550992,0.00657719708137378,0.0126342371603267,0.0219940903294141,0.0362556456233542,0.0580393054308226,0.0916763164019929,0.144431300903935,0.227716973229712,0.333289003426612,0.431185756102232,0.110180081465385,0.277698398150349,0.0651102580544608,0.00223911049470078,0.0579700315545402,0.201234006565705,0.401430761757056,0.614201965048873,0.779412822161162,0.873670852260881,0.9101910618735,0.914869940452356,0.907846013358655,0.900961559955979,0.899141723046042,0.903502297792334,0.911241892899381,0.915413215416568,0.915475171465118,0.890464729547081,0.833369602255083,0.741845756165022,0.625321445652678,0.501383226974176,0.386592525462804,0.290242191826606,0.214289751087579,0.156544456813451
0.0331066919586463,0.0478671532853132,0.070499163444979,0.107102079916032,0.170267055595631,0.286896802700269,0.505708339306053,0.819301228062668,0.862742887139355,0.546925654348831,0.30410597253701,0.177098875379386,0.109740191287759,0.0711524583144908,0.0473403738956221,0.0317315175149983,0.021015999073722,0.0134315143012572,0.00801235808204112,0.00423781209397993,0.00184401584063874,0.000664145488722939,0.000663787111764614,0.0106830698994012,0.330995872236877,0.69286087056774,0.784553712949702,0.407074720198619,0.124490388048813,0.033128262722235,0.00428721995262326,0.00217208945702237,0.0195858488780614,0.0588809113616049,0.125313717922093,0.231182445267188,0.377068100915226,0.550264223629643,0.715560439277761,0.834185641331125,0.892659302738995,0.90604233605457,0.897690826367156,0.885373252848541,0.878511441507612,0.880864456176172,0.890879781835022,0.900344709244718,0.891839390316547,0.836636381269195,0.718172617254475,0.547580394963784,0.370091815448433,0.229958205982794,0.135568304068088,0.0786869434421578,0.0446097803623915,0.0250158531079594,0.0144445021651211,0.00954822294010528,0.00967014774767631
0.00714784514731588,0.00975721213905113,0.0133669304536374,0.018524346154588,0.0262224198388353,0.038417516314897,0.0593611978943975,0.0995882622533278,0.189420466383606,0.422182180608215,0.835885590562975,0.499549423988312,0.184468716874672,0.0814633189451844,0.0408875387035102,0.0216354206831185,0.0113185919527576,0.00541113044441835,0.00203118840800842,0.000357035967195836,8.89518904317283e-05,0.00125511957896955,0.00416508980559339,0.00945768502689185,0.0182492208131644,0.0323921655762876,0.0549734333590059,0.0910790982000123,0.148960610271689,0.240569329093284,0.371960823119683,0.523599738415487,0.26059026271195,0.486650753919894,0.190706570571115,0.0422726665412992,0.0628735811585728,0.375124592407779,0.690955969472307,0.848932069776494,0.897307263554728,0.90546083581845,0.906244747137479,0.909325026924879,0.912692151938706,0.906176130758496,0.873654828632195,0.79990104794895,0.68323666573322,0.542988342269574,0.407451354824054,0.29391289552054,0.20818047780908,0.146786781373506,0.103757352742866,0.0737438735498753,0.0527432589616821,0.0379156333359142,0.027321965374301,0.0195932587917554,0.0141020639922631
0.00312860868020481,0.00412871008064825,0.00542971030575219,0.00715827386500599,0.00952416575565649,0.0128967819574632,0.0179790033293379,0.0262482462003707,0.0412742728201394,0.0734992432333664,0.162890741499179,0.497517006609192,0.572572258545469,0.119242340240714,0.0375128879634064,0.0144139166242926,0.00562662925549407,0.00185726416918812,0.00032641682589141,3.09003334136717e-05,0.000587137402602191,0.00187990158989399,0.00394159614107218,0.00691365130887495,0.0110437460426977,0.0167140282800052,0.0244809658498557,0.035156648689236,0.0499219008033849,0.0705179991523461,0.0994451268119517,0.14019547777929,0.19694244413285,0.272263679536378,0.357171971182585,0.393888707754269,0.149679151360386,0.314414060855861,0.474547746369768,0.405893209179291,0.303481931614387,0.213971160875046,0.141186156958348,0.0825814063538009,0.0364176088851503,0.00757742521194303,0.00701092988118731,0.0750969148968893,0.271424996108325,0.581060869418047,0.809569000876497,0.866918745291624,0.843958023260086,0.808825631395447,0.785838660077719,0.777452957836283,0.783787643813943,0.802800594862716,0.831383169973904,0.864289645225153,0.89276353045088
0.0365671536237753,0.05223390318262,0.0757812286709552,0.112911527035698,0.1749611799806,0.28504349110023,0.484079545205558,0.779746158682917,0.897347928366479,0.622282098763947,0.349855713287393,0.198846410272564,0.118709421154038,0.073424713532919,0.0460437890513754,0.0285317986203183,0.0168980169431418,0.00906132203267858,0.00392716358918575,0.000969660379029458,4.25450970849382e-05,0.0012966896950195,0.00512590540913105,0.0119552658439274,0.0211813930754667,0.0259946790481949,0.00486056438812032,0.572450890819769,0.798249803596826,0.656391737539937,0.290980686278559,0.0781932120581813,0.00643142733922477,0.0122009985886993,0.0753706422816924,0.194905796601521,0.363975340209474,0.55662588496521,0.728076164043129,0.842066428436782,0.894232676879091,0.903592939328862,0.892458208208372,0.87662349916653,0.865072803769877,0.861877681034898,0.867898326351742,0.879982018273089,0.892351968415508,0.884214168931048,0.823632429789019,0.698966355041801,0.512104435092236,0.326354572485727,0.187541049472262,0.101028860401015,0.0524630381781655,0.0271472781697417,0.0154077934427336,0.0131293226621995,0.0313871398455771
0.00857919084547103,0.0116158606084366,0.0157608485429388,0.0215942176774653,0.0301556095133154,0.0434538527850122,0.0657616239762169,0.107357650878847,0.196658984763529,0.417378775055852,0.823846582822556,0.553084144997609,0.202315450539402,0.0852650716225571,0.0404563089649688,0.01994800743523,0.00944712315514608,0.00382760343552896,0.000992774160185032,3.49477396196177e-05,0.00060859817404718,0.00268928294494961,0.00648654171933705,0.0124315383436223,0.0212043011120092,0.033808914428743,0.0516479483496566,0.0766635587690808,0.11142362510147,0.158701715493508,0.222888496430169,0.306473824379865,0.410338887407375,0.530164091125626,0.653991900289737,0.761826464012334,0.806500487613545,0.881737293523234,0.881045005887718,0.581931064451611,0.861835953828841,0.908243708726186,0.908238873361907,0.905490789803161,0.907972473928722,0.914661520267088,0.920706172145999,0.916947932092575,0.8911852897405,0.831574031033847,0.732337940136253,0.604817957718838,0.470730856668356,0.349800575004674,0.253899850829295,0.180592621048272,0.127407543129832,0.0894032064649862,0.0626912328367453,0.043774361309224,0.030349430097827
0.003643121117971,0.00486425567507952,0.00648659521322274,0.00869524058951815,0.0118053910877919,0.0163904818241833,0.0235892573646673,0.0359275007781192,0.0599262144795373,0.116353020559217,0.289400330080229,0.765534156846273,0.340325216390082,0.0945423490976467,0.0360125349222246,0.0156404440449736,0.00681052239980465,0.00258599996579586,0.000622283287177571,1.92558764915027e-05,0.000443061035385252,0.00184214759711799,0.00435923621527759,0.00832187011023973,0.014292337732431,0.0231721839458853,0.0364077980787221,0.0563059537781256,0.0866038921172464,0.133253723885408,0.204940847370016,0.310509985427251,0.439299317938038,0.465036513102814,0.0623150498282905,0.409446158164099,0.284227969809617,0.177049644052383,0.0714029465621104,0.0101512882110856,0.0167444123290967,0.146582441577622,0.427242852106857,0.717265082759766,0.858751340839574,0.887399931455801,0.880571616992736,0.8747086122374,0.879181059873257,0.892059677870799,0.903282490160714,0.897274216252122,0.851407890372437,0.753904325624286,0.616310761406989,0.469359727357873,0.34034356811761,0.240495182870438,0.168181115143335,0.117509252043512,0.0825080619115051
0.0205933841946377,0.0296290653952164,0.0433375538906572,0.0652273620403728,0.102604672534111,0.171929594976079,0.311876791395862,0.590929136736379,0.891244700122369,0.683213869355235,0.360827168975092,0.195694159400381,0.115532015381909,0.0725888783095143,0.0471670606325382,0.0308180077068792,0.0195731136381116,0.0114446021001798,0.00546607514121871,0.0014172290752626,0.000175276626264076,0.0059643062961217,0.0393709505171968,0.228461219047431,0.0172180146424925,0.0506942075585244,0.0104016035989713,0.00151437702664109,0.00120260576186288,0.0118805000002705,0.0398110407743879,0.0967155214295007,0.199238217716773,0.35942207624755,0.559659442260314,0.740638159078332,0.851234280121874,0.896069692207438,0.90777667683685,0.909822361557444,0.909299677042292,0.898380823095038,0.857929510117336,0.767355692085813,0.626141984940195,0.464802076008641,0.32121955624383,0.213372276733381,0.139029895653185,0.091018435475611,0.0598223259264721,0.0395656210751799,0.0262803957751174,0.0174678065757656,0.0115698416933533,0.00757040138030052,0.00488100148785785,0.0030642662573513,0.00182818971183275,0.00103717069917857,0.00053885592226555
0.00886784485911073,0.0120812030492885,0.0165222836171281,0.0228697432879456,0.0323686150701987,0.0474945679890563,0.0737035970945991,0.124685704134917,0.239853799806495,0.527588783160458,0.855759838550882,0.422976654513106,0.162945000967185,0.0738916419363182,0.037200457714789,0.0194084530625157,0.00983273513920269,0.00442765337488712,0.00145682687844321,0.000154392402530748,0.000230937422070007,0.00169511217921883,0.00480245485529308,0.0100811529079669,0.0184278677428271,0.0312371763637266,0.0505202120697487,0.0784172617779244,0.113156620876755,0.125628987868899,0.0127011561767824,0.586880829599137,0.577900428079011,0.370859711006341,0.221872310138603,0.112777946805771,0.0475064955954522,0.011576871257582,0.001086178545734,0.0209150367211595,0.0731087078556075,0.194498832518698,0.382341588337891,0.604978087366606,0.786137498588184,0.877134273355418,0.895465489354487,0.88086690010829,0.860480251711953,0.846813410020494,0.844289720809151,0.853104126864638,0.870857916141671,0.892042395542281,0.906755309843362,0.89932781762119,0.85262514603167,0.756975393835169,0.621519337403351,0.478424279390582,0.346166298787572
0.0060561678331573,0.00817427839471719,0.0110539636889818,0.0150908886522353,0.0209922502525344,0.0301277127279688,0.0454207012045502,0.0739968017953117,0.136389839162762,0.302727119263787,0.729831963695245,0.561497522324043,0.179908725469293,0.071821185136551,0.0337931239821969,0.0170352669643648,0.00855754751785734,0.00395253549148041,0.00144446140598054,0.000255125263319716,4.74313789842827e-05,0.000718449957350474,0.00232367074849089,0.00505777999123464,0.00927251032063244,0.0155308966535543,0.0246758773301425,0.0379224032404533,0.0568025197488699,0.0823735961130488,0.111128484660201,0.118175048628614,0.032627179076003,0.177300710428562,0.400855826897584,0.346434183479708,0.249354659471909,0.169648651650866,0.119060233593964,0.0795398791479098,0.0514750334856349,0.0309961918640553,0.0160654695689143,0.00585093598761961,0.000819491268001554,0.0020922360006241,0.0122288186836025,0.0391727248962324,0.0934860582292867,0.19201472849457,0.351063554235863,0.558443647585575,0.750734841656456,0.857575501341984,0.878531319118458,0.843042661487944,0.793872195023399,0.749616376570605,0.715989183571258,0.693463389540236,0.68140039897853
0.0229252796109802,0.031880273228885,0.0447323071878421,0.0639509745762781,0.094290022688567,0.14557290546066,0.239419235776231,0.421576216922093,0.73214763827587,0.880110475159156,0.555747172023565,0.281824495853527,0.149689658744933,0.0849830161362262,0.0502467135691065,0.0300153477616301,0.0175196242984276,0.00955211154825397,0.00448236961223635,0.00147709139434517,0.00013567225989752,0.000336482246011588,0.00216298607131432,0.00588564869924145,0.0119705294003796,0.0211175645319804,0.0342723697298616,0.0525768190288911,0.0767439836608308,0.10353585237711,0.101856206031765,0.272872526312228,0.720652148839419,0.741233420893024,0.199408513843526,0.00930486072387003,0.127151072530558,0.301657068028017,0.483608416170792,0.648976089081797,0.779505426204288,0.866112231761233,0.910920363418462,0.926635965322182,0.923403472535334,0.911767439656276,0.898634529793845,0.888435621696222,0.883346954810702,0.884257038566725,0.890935574567616,0.901967055078474,0.914253220885673,0.920513547872809,0.921518831584097,0.898992819899913,0.845867006544683,0.758094735675842,0.641361107700011,0.510839651087041,0.383960607292873
0.0115245935321752,0.0156880988034211,0.0214341819758844,0.0296331208488917,0.0418768631088238,0.061308844006654,0.0947929563613991,0.159072503384863,0.299226667428381,0.612558065867811,0.85899132187469,0.440503977338402,0.181330410576128,0.0844786853215341,0.0428981357953246,0.0223715446965559,0.0112648956240639,0.00501185569408504,0.00161787637941658,0.000164032163588314,0.000260957311919237,0.0018214274942389,0.00496956523542739,0.0100136051533716,0.0174543542004877,0.0280136173857992,0.0426983856118817,0.0628475123291115,0.0901959438902911,0.126937437815551,0.175588655511296,0.238487505692313,0.318214647273276,0.41400575709128,0.52020720092238,0.587419337067767,0.760348719093958,0.846119297142153,0.641936847094733,0.885182591922736,0.924039515745138,0.927102793977316,0.918866267141204,0.908588676017774,0.900892391664972,0.898109923410623,0.896773626167627,0.909271681819853,0.91909638239797,0.924774313448201,0.91816988918412,0.889106068002373,0.828371336133069,0.732591686422668,0.62032405852859,0.496516045581408,0.381406609655786,0.284423325231482,0.208067195533699,0.148971869943654,0.106439689376042
0.010331492007777,0.014035138339803,0.0191283463846675,0.0263658293931119,0.0371225228870218,0.0541033525530212,0.0831996404134736,0.138834330670879,0.260878705914546,0.549652087615217,0.864813906229221,0.455711139038676,0.179561544354514,0.0812231907403976,0.0404576497262355,0.0207671083195975,0.0102758954841712,0.00444918170615953,0.0013473042047964,9.93329107825264e-05,0.000360727333180424,0.00209847301281536,0.0055175936371642,0.0110610392499457,0.0194568346466044,0.0318233320883737,0.0497746233629026,0.0755156031676346,0.11141287928673,0.157405591155529,0.197967197938318,0.141897160109046,0.175335503327766,0.67201889668593,0.590180387123003,0.41001625041054,0.241660098648982,0.118319925257519,0.0390755522194497,0.00342429582575153,0.0200634187409035,0.111359056323413,0.295175691985924,0.541361720058215,0.754496828907659,0.865413083571202,0.890342387998581,0.875353055540179,0.85121977681863,0.832101526338581,0.823301398928528,0.825882061439799,0.83800098716091,0.860781861592483,0.885129641643948,0.899687531415847,0.891181797110806,0.843484836246698,0.738841018281078,0.59280821817304,0.437124694221016
0.0195271656023898,0.0276573756815135,0.0396843439850491,0.0583312326184184,0.0890823876149662,0.143978237252225,0.25131648075312,0.472509083856874,0.819027796835093,0.7961861133685,0.429264912619606,0.218742620791107,0.121437344563566,0.0723196297655213,0.0447936988466699,0.0279927015420273,0.0170711010357753,0.00968677457022311,0.00467307265576066,0.00150453294699303,9.37933657242992e-05,0.000742460480114911,0.00407908237353212,0.0100884413677289,0.0106517215886693,0.0769625112854948,0.70354394133555,0.434973619820161,0.146673203399292,0.0442996774079646,0.00825658084946548,0.00127352222433179,0.0180526355390196,0.0661922787821162,0.158336035374381,0.306757121910002,0.502582611868039,0.697109106142952,0.830766231058999,0.889504246360149,0.901172825655101,0.896704983758039,0.893687410831338,0.896987067462746,0.901198078925071,0.889287817530339,0.833673858359726,0.712058819091315,0.539769631135534,0.366867311403931,0.231944859638518,0.141421462694971,0.0848957959583216,0.0506809918711111,0.0301278699195847,0.0178371609457076,0.0105415406722865,0.00630757314561589,0.00398854847326428,0.0029958239765848,0.00333505728606325
0.0032195018989985,0.00425325690534592,0.00560166390939818,0.00739956200102432,0.00987179391853422,0.0134175973039976,0.0188035015746225,0.0276665185408266,0.0440207780810349,0.0798906458590953,0.182468094897399,0.561700165558148,0.50011391692983,0.109881064249515,0.0366067602882133,0.0147522447384757,0.0061303785000053,0.00227653113414906,0.00056772064359495,2.28940308828084e-05,0.000240472380401563,0.00106500308365969,0.00246572538645741,0.00448931413434813,0.00724293554748023,0.010890857127483,0.0156656752450869,0.0218770998262363,0.0299381022911052,0.0403964286048108,0.0539743944631128,0.0716434671875079,0.0946709173786812,0.124733440300918,0.163953824256249,0.214890957566552,0.280037825242657,0.362341152859608,0.458908383981932,0.572743787776601,0.681558516806668,0.7053384203057,0.867426989107691,0.891273704514352,0.74794946384086,0.113179686955073,0.874734671921709,0.893327156506629,0.875938732832936,0.85867559298953,0.848123514098027,0.845783390958396,0.851625054886145,0.864578135223159,0.88189873926655,0.90198201090732,0.91762680762343,0.920938668377886,0.90088260364532,0.863889885469308,0.792939135488691
0.00745643607907338,0.01023835552914,0.0141284405060471,0.019758952105559,0.028300374459155,0.0421056729246483,0.0664323757753132,0.114729003228045,0.226691091160232,0.515892357325393,0.851249903326628,0.414242755492602,0.163012108712449,0.0768173786052852,0.0406422232779105,0.0226477734284321,0.0126041913412386,0.00660014408611112,0.00293446694548072,0.000844772040782975,3.82325291140615e-05,0.000534843712579693,0.00264590259639779,0.00706680168059683,0.0151318613626826,0.0293482775126607,0.0546093927518449,0.100854694765946,0.188468738308952,0.351430281045819,0.549971785587522,0.405963156282977,0.0875338631642661,0.0733238093629184,0.016684413002429,0.00154675502379769,0.0361951545606946,0.137937185668169,0.318654808298068,0.547479151208402,0.74413070272705,0.855761906067765,0.897940775927486,0.907671001162515,0.909326241205627,0.911703283524841,0.912403948763718,0.901059942936019,0.862124884013663,0.782156860645117,0.664356467931874,0.527451213014385,0.397115363435786,0.28928239348978,0.207498511557793,0.148379618272405,0.106427951318465,0.0768237169152043,0.0558335347726881,0.0408525644803825,0.0296016577540533
0.0660558626104832,0.0999845612392718,0.155529997696998,0.250929901840176,0.418291198152595,0.682121579622947,0.912956956285444,0.816958100596198,0.542863447842116,0.338573512848267,0.218021608065759,0.146894502289691,0.102800185417786,0.07393387595078,0.0541265609922761,0.0400292626808536,0.0297877898201554,0.0224531107810326,0.0178991109587999,0.0179968816517334,0.0418966644273553,0.511770505762863,0.298319560646338,0.374972519698027,0.00697137050469636,0.00402052715234026,0.0250221229072739,0.065119357842878,0.133140794818753,0.240362359562624,0.391698724686779,0.570630364740737,0.734645026907512,0.844112070100809,0.894776265017036,0.908988433605406,0.909398331223466,0.908079174769408,0.903983785851745,0.882171244871928,0.813335610902357,0.673515533203799,0.482439099542515,0.301836180628702,0.17269500055553,0.0941691743558258,0.0500375654856383,0.0260478590687415,0.0132452107375833,0.00652767823215624,0.00313226618153936,0.00151425515983614,0.000837675661640213,0.000703323249313166,0.00113528190209081,0.00299457371685526,0.0102336861301084,0.0407386633393042,0.197158087555133,0.672723251108906,0.361341753618939
0.0183288370262129,0.0255036806270272,0.0358120528748081,0.0512589437461797,0.0757318248123207,0.117443005036469,0.195294148170243,0.354144860752631,0.663306655627059,0.887376545424283,0.554398848417806,0.265398029422857,0.135947561836462,0.0755903107101808,0.0441054433951732,0.0260831709856508,0.0150723569529745,0.00810393322699716,0.00370401551346288,0.00113749398453624,7.29693781299459e-05,0.000439291693980184,0.00237488449542754,0.00622578900152268,0.0125861690552039,0.0223958621425534,0.0370844193731705,0.0588129771339063,0.0908330831148655,0.137652907617463,0.202030096071771,0.268460874091778,0.0630755054314428,0.676509937275039,0.24869560602963,0.00745303892811849,0.0694820944938232,0.23940233837281,0.441207758417362,0.630983819820882,0.776444329490716,0.867132672966174,0.910675431699653,0.922392785546001,0.91837067284887,0.909649375870402,0.902419284011207,0.89999060325574,0.903022395581511,0.910324227880009,0.918173001043404,0.922546569468205,0.914065801790596,0.882753129461506,0.821300902442108,0.728615772322384,0.613768270353796,0.492261768865107,0.378823175485325,0.282539320180802,0.205754173847122
0.0606779803513878,0.0895812489494242,0.135091221586705,0.21004022125658,0.337837801292105,0.549943275882425,0.82060148588832,0.912854774045194,0.69536041423507,0.441615276750783,0.276448642657634,0.178963191067643,0.119862988514849,0.0821658977962467,0.0568587116500941,0.0391195296505915,0.0262677065224295,0.0167824904125442,0.00982297273800699,0.00497069744594833,0.00208654513001566,0.00124991669667692,0.0131024627374585,0.511613163469261,0.41587499881739,0.57233597472471,0.0145760888459352,0.0260126955149194,0.110804092820631,0.245492209590509,0.42663138081206,0.623167600801199,0.781272211378551,0.86926705741486,0.899435814299023,0.9014760455297,0.897650259367947,0.896548346402032,0.892810546164729,0.863028177407686,0.765974824594552,0.581044639911231,0.365073132227642,0.198125772285885,0.0992547071390823,0.0484885559270276,0.0230991597178359,0.0110019814294818,0.00543542416176282,0.00303186524459809,0.00226519998350534,0.00270768701944662,0.00501233377362966,0.0121785092979256,0.0342513981224687,0.10925091739713,0.375190626814015,0.743085663539431,0.500969129712722,0.326940585541275,0.249089822337068
0.0401176832822187,0.0591790195753582,0.0893040537087897,0.139650644554863,0.229207913498386,0.395383540920563,0.676687789794321,0.915982819646359,0.751427370360008,0.453222739425863,0.267186311161106,0.166344442044936,0.109092553982369,0.0741934972944024,0.0514334011803321,0.0357030338114664,0.024282871275592,0.0156592627273379,0.0089949856255443,0.00393014111820637,0.000665247706290566,0.000803955865326468,0.0119636830695871,0.0570378215350784,0.0433323898908089,0.0110002057183821,0.000248938706752216,0.00446153942899727,0.0174129246387189,0.0459676298436201,0.0951593899077901,0.174318749224746,0.291437089819712,0.444492285049819,0.611599099578589,0.755965927854703,0.851434367216628,0.899259242604874,0.91671219203364,0.920893644913168,0.921447760034063,0.919673339704781,0.909529035974772,0.878486160382147,0.811122670195478,0.7007983334432,0.560144034448972,0.416600389330963,0.293633034733584,0.20112512487969,0.135318228026358,0.0904703472914797,0.0603352969844875,0.0400994823132757,0.0264823901548969,0.0172737704086776,0.0110325403215876,0.00681293489992125,0.00399326476836617,0.00210229771473408,0.00096180532666633
0.00512885200545109,0.00700532399218872,0.00960114654469067,0.013307294225962,0.018830152660047,0.0275549659547901,0.0424831427186141,0.0710658069023451,0.135251013822548,0.311050519187694,0.742699011275305,0.531227964602895,0.17613797358967,0.0733605055392605,0.0357838563970598,0.0185893403084721,0.00952770458095284,0.00437692915657903,0.00146507308149504,0.000145411535667598,0.000327080459260057,0.00239784188645995,0.00742552230680395,0.0177759647626346,0.0387416763676331,0.0827421712152334,0.17940924103467,0.380843155419984,0.60310700144579,0.203822863851684,0.0425750170837625,0.0489018126643805,0.0280017564963065,0.0102643315161301,0.000929775359533183,0.00508764455425804,0.0343501757492235,0.111736063898062,0.268420634672746,0.503955526026527,0.729347352775837,0.851232449954274,0.886602301125786,0.891179276963162,0.893846618193784,0.897123445762843,0.885184993014603,0.831115059308602,0.717369437935357,0.561713021037165,0.404099822490299,0.276499610661605,0.185734051602392,0.124774185047436,0.084589462740755,0.0580381599819395,0.0402629330962255,0.0281682857125416,0.0198047545808364,0.0139431666685517,0.00988854028927587
0.0467503104398328,0.0691941060374775,0.104808964106427,0.164475083028472,0.270163218318263,0.461028935597046,0.753145116275892,0.921702296812698,0.704293724587911,0.425069165373289,0.254510773649421,0.159836094579505,0.104820157600767,0.0706265838456495,0.0480202690277662,0.0322749491340422,0.0208582862922424,0.0123890219064692,0.00616723614865433,0.0019862795481312,0.000106626746846573,0.00125287868725381,0.00551014832299892,0.00208147415189129,0.576708087419146,0.29631846986016,0.00226244831602546,0.0478276280967635,0.157598761771023,0.325236547505466,0.530535129178323,0.718261043451765,0.840010688519598,0.895451415063574,0.912785530809502,0.915864229437957,0.914837632351651,0.905808595950182,0.872357990899719,0.790101798767528,0.648029402485172,0.472182177081308,0.31040695095487,0.19081740757425,0.113319160568689,0.066241769825398,0.038345461167196,0.0219774738630401,0.0124107173952742,0.00674348159163782,0.0036141444840609,0.00187101416808486,0.000930530226810913,0.000476317830176273,0.000298741669758968,0.000311848557620353,0.000611469410545724,0.00177700364001192,0.00614945603686722,0.0244992898748529,0.124918328733208
0.0372173265621941,0.0544598734912058,0.0813673675100563,0.125660465450314,0.203215671197824,0.346223272846435,0.599612830897777,0.882656002769131,0.810501263105645,0.502599315815951,0.290658453484567,0.175935587665555,0.11205535505952,0.0738547983085568,0.049365184883349,0.0327275545663196,0.0209074406257126,0.0122874078637267,0.00604987770037603,0.00192448294136231,0.000101039015541596,0.00103728695001173,0.00318512327986705,0.0180207530371316,0.658790353884178,0.442963838185182,0.0290539548220201,0.0103245747973434,0.0906618096092696,0.256149232564192,0.492190833362802,0.715813005797733,0.844157830337305,0.886812643947999,0.893360508924177,0.892987969525367,0.886081615114329,0.846871606489417,0.733452181513744,0.540224100394771,0.336011567275123,0.186802690977976,0.0989209980758653,0.0516243280899978,0.0268775620171207,0.0139925030218849,0.0073632403929571,0.00393576802990478,0.00220934690213069,0.0013850294115867,0.00113372813477732,0.00130117050759673,0.00210495920147497,0.00423004571715253,0.00977574280802009,0.0250429521158645,0.0719365164248017,0.238382986678267,0.67868182736056,0.522424589205587,0.290968063852226
0.0711200657224615,0.107780243954534,0.167799505614738,0.270402894429011,0.447520239500634,0.714576811351919,0.921606872540989,0.805390012573693,0.538035910362556,0.339918354025367,0.221012867389747,0.149684162700632,0.1048709085325,0.0752159572001808,0.0546800228581703,0.0399398152381499,0.0291325147311635,0.0212794142961744,0.0161638023344501,0.0152265652136602,0.0338045137572166,0.461139667425902,0.295072677607661,0.537593388949223,0.0110202919204634,0.00765326444107818,0.0433527870256224,0.111627362396631,0.22699974832765,0.398190094442725,0.601099391374575,0.772254952671627,0.865585990250133,0.89455722301225,0.896148875000938,0.893828308237393,0.888623520816217,0.855494585070189,0.745947144252166,0.542038628012884,0.320260461468206,0.164362564949016,0.079116213071971,0.0372080764257584,0.0172555230874437,0.00799216026089707,0.00382554448775761,0.00203135592797544,0.00138971148030424,0.00159014420601087,0.00257699655527569,0.00553943240885044,0.0136467086579005,0.0364125942325541,0.105858928944888,0.327735098611002,0.730769496312964,0.590130757958235,0.380610878122868,0.278787670950008,0.227891617055676
0.0385704118486149,0.0571533960432256,0.0867277228341597,0.136568453656666,0.226126102900349,0.394211102431113,0.680710517396401,0.916523348532277,0.738617743611205,0.443717141817573,0.263507458991157,0.166032349711226,0.110535251781554,0.0765773975586988,0.054349242660642,0.0389347648258274,0.0277080234934807,0.0192002051704867,0.0125964204704684,0.00753969175199233,0.00429841654376308,0.00827957578507063,0.416377840292615,0.0760987359182831,0.00841859657683742,0.000352408554213659,0.00280208886200602,0.0142501208925662,0.0387638652070073,0.084396789626967,0.163018998113434,0.28669847581127,0.455181094548915,0.638706778631435,0.786600688839175,0.871185716752606,0.904540296667602,0.912827256014414,0.913793285122874,0.911802597645546,0.899068553250361,0.857099309890491,0.765231075496208,0.621630024706404,0.456437458096966,0.309322474972854,0.199717718960748,0.126118659642186,0.0792791435195714,0.0496120049938598,0.0309684922628982,0.0192128913366167,0.0117600557486788,0.00703193462085256,0.00404978551659219,0.0022029739809332,0.00109801762925477,0.000476449683230363,0.000173462678920973,4.27744785489917e-05,7.03125634457867e-06
0.0158130766809457,0.0223802886243932,0.0320622452335373,0.0469788378702746,0.0713429855755882,0.114268567275357,0.19727524017454,0.371707111348118,0.70139085953678,0.852940018245056,0.497494759955807,0.244980856070725,0.130840273455365,0.0753687269401057,0.0451000504108938,0.0269373255000366,0.0152887458747773,0.00758550487696574,0.00267989808865007,0.000262844191786481,0.000731239783698309,0.00536112852037134,0.0168169985976563,0.0401843764760851,0.0847180142554972,0.165638737351478,0.301716933883694,0.493392478083583,0.621729561918297,0.794328233746499,0.0690002174403299,0.804563967401645,0.886273512599726,0.898048229308368,0.89682709984738,0.873872491721972,0.801879527882552,0.663886629120162,0.486086096065583,0.321473064785671,0.200605463745337,0.122465192483093,0.0746174812489906,0.045749586268903,0.028249206047412,0.0175422307507296,0.0109153398507754,0.00678279323176999,0.00418914501541031,0.00256861527207324,0.00156131209473851,0.000946449198106137,0.000580189026874106,0.000373867581322592,0.000270712538061017,0.000245259227121457,0.000300017144112828,0.000492684288871752,0.00100710147460646,0.00238948708127152,0.00645516641101747
0.0218303250824412,0.0319623507108019,0.0478590058781497,0.074368311348668,0.12222362267013,0.217170311425187,0.419175831459613,0.773147028248582,0.839877457564091,0.482807787768137,0.255768395335374,0.149428503614852,0.0956654507905486,0.0655672254210319,0.0472701498736474,0.0354877420645696,0.0276858796251861,0.0226959426236394,0.0203972188325351,0.0228846647830225,0.0463520784827953,0.304732345461857,0.52102299865546,0.043933528462828,0.012990277327149,0.00408314821602117,0.00114063304839701,9.29849043755253e-05,0.000283149416281067,0.00169875258022077,0.00463974465175214,0.00969267730071625,0.0178513156602963,0.0310321821725322,0.0507928178517072,0.0684833170912758,0.10639239836078,0.169391232809306,0.253927537969381,0.368642858173143,0.510867695795077,0.662530223086436,0.79204506318544,0.874212914209995,0.90742551938871,0.90921197615704,0.898880753177368,0.8898032341711,0.887075529040851,0.894874687353406,0.90561518357931,0.909091566290625,0.888133097487982,0.823209230066217,0.706999763674745,0.557165659120743,0.406804631969125,0.280763884591821,0.185632353942885,0.115416356579408,0.0880433333384124
0.0164625842483834,0.022698052150829,0.0314916733603003,0.0443423805495301,0.0640274841389959,0.0961052087743741,0.15266213551788,0.261782394803982,0.483009851508999,0.818411431738691,0.763159428100541,0.389680125617693,0.187923477530474,0.0977793276189506,0.0535373002384875,0.029495925390726,0.0155024467669185,0.0071249030607649,0.00232993579872027,0.000217239879668575,0.000527753388853797,0.00346197746450348,0.00966033916552759,0.0202675454636101,0.0371058265285426,0.0628717181798392,0.101353929117042,0.157151922138345,0.236279274534862,0.341576492736378,0.469393035734053,0.593776461966999,0.747874519985398,0.848887302803962,0.810298496514451,0.910655298607421,0.917507331586834,0.913428091143155,0.909676652993886,0.909772666295722,0.911919910141055,0.908048543511858,0.881882958964804,0.811787019639965,0.685817739535577,0.521429503198272,0.359380492901328,0.230780782517345,0.142234508373705,0.0858103666427756,0.0511817706894531,0.0302556751412425,0.0177037580031522,0.0103095269156128,0.00621606904489849,0.00380152569758543,0.00262405301922254,0.00234905100033818,0.0031974191863995,0.00662940585890182,0.0219964604903291
0.00701435559188361,0.00937538153820602,0.0125250864770611,0.0168353808369409,0.022942858540854,0.0320169690338852,0.0463912835430429,0.0712760161305989,0.119992109410757,0.23246592970502,0.525942164719689,0.818787560218388,0.32925201244169,0.114554524127111,0.0474393978529921,0.0210822954061155,0.00904070000666472,0.00321277321145978,0.000619375673653196,5.00745389370867e-05,0.00103365854509747,0.00347553297142664,0.00752737241068642,0.0135548148851099,0.0221556370710397,0.0342332661624297,0.0510806029238368,0.0745494794266107,0.107193045736322,0.152440412348915,0.214416340640214,0.297001876069678,0.400508411085076,0.513039395780599,0.586281474268982,0.371800225400218,0.522574996802896,0.647748675237892,0.527317035251015,0.345411347636611,0.140306076838614,0.0093273538750376,0.23698430096909,0.683721589578997,0.851285424632418,0.866186012802551,0.85096821429805,0.839497617416126,0.839470287349373,0.851140600356963,0.870742868955022,0.889129619497741,0.889316270652414,0.847611088877503,0.745352909730389,0.590015124425505,0.422597093118787,0.279902989666211,0.176353237840593,0.107797583553498,0.0647684178649743
0.00446329985919815,0.00594674923053461,0.00791186621936799,0.0105794665098961,0.014325185520877,0.0198310082517791,0.0284465775357783,0.0431423183396633,0.0714992760163148,0.137002455448337,0.328306709370335,0.798727281410582,0.381798967965451,0.113354866355582,0.0446631866826312,0.0201727384657905,0.00936670729713509,0.00404372555155191,0.00136735479521952,0.000203420964906531,7.23230811520897e-05,0.0007968061191534,0.00237083838484557,0.00491265390573365,0.00866369081915789,0.0140064656615616,0.021517789044708,0.0320500585320868,0.0468818973787892,0.0679011820550636,0.097901922023651,0.140741455484037,0.200474832408246,0.274632216035317,0.314337549777231,0.0390893902022401,0.621291754236671,0.525251941580095,0.314387612266021,0.154970779949043,0.049240886138474,0.00399035978115595,0.0215750744470872,0.121407481277924,0.317097306510927,0.568785131295783,0.775436304357263,0.877216247124243,0.898298756726666,0.884160869034788,0.863287463591596,0.84819580643372,0.842390500576246,0.845988554388173,0.862700184434892,0.883111974356427,0.903473340201622,0.914690676609161,0.904935529960926,0.862417638521473,0.781816652019627
0.00621223393977477,0.00836048515164736,0.0112608031317391,0.015289355433779,0.0211072084698662,0.0299680912991013,0.0444768954352288,0.0707672342516761,0.125697269015636,0.264447477203086,0.641349345466545,0.691512199996344,0.225107941542706,0.0842085282221507,0.0374826398007761,0.0178404825266637,0.00830635202194401,0.00337919451473527,0.000925084060233152,4.51596099222265e-05,0.000374359411203077,0.00182615283600904,0.0044993795577904,0.00864782756999545,0.0146911653126004,0.0232471092629218,0.0352003380624079,0.0517740145013017,0.074635767074326,0.106037257527178,0.148859122250268,0.206572137175843,0.279686984782789,0.375852583177484,0.488953402098015,0.608467536206861,0.685603502841145,0.83373477140596,0.890174410422115,0.668604130445148,0.832441142029601,0.910804308092145,0.908697553975633,0.899223713887647,0.893217336181964,0.893357985211374,0.896996440598264,0.910570143841203,0.919384394259759,0.91685795680067,0.890974005552998,0.831394091737057,0.735050953711278,0.616725537184648,0.491597827016299,0.37734172625856,0.282911260831143,0.209430450200472,0.154175964156766,0.113353021167052,0.083375971730232
0.0122427206365997,0.0168404629948456,0.02330260073522,0.0327165975001273,0.0471062948688421,0.0705599912661103,0.112214989222698,0.194793830225242,0.37744527510131,0.738508617643789,0.789442560461806,0.368335321117079,0.162346171136876,0.0799820072791581,0.0420931231616765,0.0223725301090701,0.0112557668257866,0.00481876405903893,0.00132770070797305,5.14368237514288e-05,0.000821510869391868,0.00388928286789099,0.00993470715408663,0.0202053935890963,0.0367667640118754,0.0629534326298374,0.103881973137168,0.166617339451019,0.256877855358544,0.355781988017032,0.23632819441969,0.714713976491727,0.636817956090882,0.314183384403843,0.0312399663777838,0.126412971565776,0.538631412185173,0.802215476602431,0.881356524964939,0.891788175949027,0.889460833489076,0.891073729007989,0.897007435282921,0.895564955072929,0.862303034818917,0.768947106543828,0.61094653803044,0.429139805267626,0.274591997459681,0.166588635997106,0.0987474004775771,0.0580942358103711,0.0340368537537176,0.0199203801650085,0.0116919209669437,0.00697009416114833,0.00435465770115825,0.00310696989208484,0.00290990509901105,0.00419675630968195,0.010043918484054
0.067800203848134,0.0999613155387458,0.150413430419126,0.232907369312342,0.371436867140837,0.593294044275723,0.853332809512673,0.909249318569037,0.681159341698018,0.434021821017413,0.272767896358705,0.176429523965437,0.117383796854228,0.0794507227538638,0.053889428278171,0.0359655668642863,0.0230319425401029,0.0135899065250368,0.00682490883117133,0.00237777692436039,0.000227900952058767,0.000572449267378676,0.00334745961490898,0.00535802457276686,0.042246815790129,0.208759491636915,0.383876235686945,0.0726641091164191,0.255539191001677,0.427347686794655,0.601458785310531,0.749734682512709,0.85021300289392,0.899419185425979,0.914936437438074,0.915687191800316,0.912898930471423,0.907838061348633,0.888989671888117,0.828102260579109,0.691968036114546,0.488766582282161,0.289215278014028,0.150483390139753,0.0725459201070957,0.033350408839682,0.0147584610959334,0.00646504280002234,0.00290248352087472,0.00161317381038568,0.00149846756223502,0.00264978281246321,0.00690989180927895,0.0202243792850324,0.0669944387450657,0.23461584707436,0.662133751162617,0.642502799048972,0.423503327906558,0.313552122219116,0.259773101836483
0.0685931571301469,0.10221630940332,0.155849418544019,0.245124704197828,0.397003584796863,0.637000590400641,0.886970521032049,0.877270311103948,0.623708683383932,0.394348708307201,0.250930801881939,0.165320388668409,0.112356931893875,0.0778705731221906,0.0543154420332646,0.0375621045124162,0.0252774647712914,0.0161239593230318,0.00936026517252116,0.00463353484704232,0.00183468452530829,0.00101081332329341,0.0138572728914807,0.370272663416781,0.323130675824957,0.360469810678765,0.0142236207494893,0.0984754306074271,0.224375492877234,0.393194010971075,0.584190253641086,0.750329631738728,0.853707986269225,0.896668531591676,0.905708515426443,0.903820784775664,0.901221556468846,0.891619349025079,0.849521968140694,0.733904042392551,0.535123835441171,0.322340986136629,0.16875762157408,0.0820063683033094,0.0384009113774484,0.0175429416679856,0.00793201988198716,0.00368704818239435,0.00196063133271003,0.00148729041544063,0.00193711381622038,0.00392086280796785,0.0100555250322603,0.0268809906565014,0.0835365263625374,0.274771026350482,0.693243719462548,0.624581478610953,0.406815780722028,0.300268215335178,0.247199228350952
0.00486199843770833,0.00645913320703111,0.00856758890231324,0.0114218396077172,0.0154231108026037,0.021305741374898,0.0305395384196573,0.0464122207014233,0.0775165919616163,0.151366802926334,0.374669731048273,0.823883834093664,0.301421631553657,0.0902661932278643,0.0353654820199584,0.0154884141166109,0.00676405752914656,0.00259991253024021,0.000669203885425775,2.89079525215196e-05,0.000272807919752627,0.00123959459072934,0.00289918578457312,0.00530630725805414,0.00858213028399137,0.0129158205183022,0.0185664186063336,0.0258813789614173,0.035319741228417,0.04748268200641,0.063174048243929,0.0834456666292067,0.109678443349699,0.143689256613239,0.187743069146772,0.244535060231935,0.316687240456014,0.405333751234795,0.505634662770892,0.588695210131911,0.482561297951316,0.818233948481816,0.765513247392038,0.417698258252936,0.0658177034428354,0.255901711301155,0.718157741057067,0.877954376344841,0.902628423937861,0.886714102874029,0.86242100266698,0.840750226280299,0.825431556768004,0.817534480135979,0.818678108650718,0.826626299747447,0.840764851783904,0.858907574798462,0.881941466294893,0.903233423679962,0.919053093836452
0.0223946696015569,0.0324927045985148,0.0480102165808496,0.0731263788599358,0.11658033191292,0.197963554261968,0.361129932973861,0.663859821000417,0.896065446285088,0.634790658935313,0.342484351764865,0.19174012909451,0.115422248985049,0.0730141614217769,0.047161070205164,0.0301257064496963,0.018225117314805,0.00965931808963522,0.00368901980254295,0.000418955536148519,0.00101460615620093,0.00850022040261343,0.0296839536616722,0.0791790901717318,0.185688239066056,0.386357971640267,0.571034503664984,0.49071298796799,0.420389418833216,0.815757312494503,0.884168636409943,0.894634804595362,0.882315189395906,0.826523727342624,0.700448368049634,0.519629151029712,0.342778302072319,0.211233607460839,0.127040197032158,0.076385799793756,0.0463433390544246,0.0284173707818469,0.017565177662284,0.0109095661807192,0.00677809291951027,0.00419365183918645,0.00257407440888294,0.00156189904872521,0.000935723468501749,0.000555371005465303,0.000331124911244833,0.000205984101633826,0.00014243478564602,0.000123178632158799,0.000141832942475642,0.000218380776769491,0.000413767927888173,0.000883890797340384,0.00203161753600917,0.00500077433157015,0.0135397347170673
0.0602888603970435,0.090610367540377,0.139820130289775,0.223779656157012,0.371863477114153,0.617544031563536,0.883473564154876,0.861087830069353,0.590390576401557,0.365988911924044,0.232441478908411,0.15456718697058,0.106973095790348,0.0762158137489101,0.0553500903147017,0.0406510572149059,0.0300725426822272,0.0225552174643755,0.0178707251334488,0.0175177354110892,0.0348771335245218,0.311482004956278,0.428516178127526,0.689121454179186,0.111796036942715,0.00835301937854846,0.00167752415110285,0.0181044322755982,0.0558009622162615,0.124313400024639,0.237277452883915,0.401510486914488,0.595526236726279,0.763284879724697,0.859749383438225,0.89164544488182,0.89248349080096,0.888252692155836,0.887827632257009,0.882155144382414,0.83866837523563,0.710390304033188,0.499230802405143,0.291061635486903,0.150915448336707,0.0744568266931237,0.0361236334319214,0.0174877432742718,0.00859038520785292,0.00447346922425415,0.00272586779383417,0.00228941949838447,0.00299283953660036,0.00578700612207558,0.0143691258275324,0.0422945903349661,0.14515445124952,0.523037993828474,0.626861360581366,0.343657782402127,0.229017028326957
0.00493337010206898,0.00660307785805055,0.00883351638586002,0.0118915613248259,0.0162375127094204,0.0227214234425285,0.0330629418023809,0.0511544891185323,0.0872972281444103,0.174651027303297,0.434854217696306,0.817294043571611,0.29257510461697,0.0955431385354575,0.0395368182912629,0.0181044787511465,0.00826692039302268,0.00335144076380136,0.000939657988922015,5.47496582521252e-05,0.000309190692762071,0.0016129193375739,0.00407458823740668,0.00798026041112154,0.0138264544660787,0.0223956273275803,0.0349051049608647,0.0532076371213019,0.0801111225620562,0.119598105821255,0.175986383953377,0.247336043477966,0.287499088050305,0.0546095838203116,0.551697449723315,0.533760598467664,0.365559833536734,0.209417662064132,0.0977575059096973,0.0274204992323294,0.00250299777224743,0.0330531550938292,0.160313592034116,0.398898321765084,0.667268120368567,0.835331069549993,0.886313216637223,0.880540653392173,0.862565451963627,0.851131249479187,0.850667690763076,0.863728017825833,0.883290026137641,0.901468833945044,0.903751725549346,0.871816440743255,0.792178272302629,0.668308890516838,0.524471419446015,0.387868392532382,0.277234575269376
0.0199507921422376,0.0285691849088743,0.0415529161050503,0.0621225274301214,0.096941369422758,0.160967690306534,0.289712735287298,0.552200702920132,0.877641022498962,0.713185324465623,0.375534884418055,0.200586392163741,0.117211133499401,0.0733692607279344,0.0478902062312893,0.0318108625770618,0.0209861435206212,0.0133409738315135,0.00779999139962173,0.00384734471448715,0.00132944911564506,0.000252431329595923,0.00129008815948309,0.140296523889779,0.669694451724,0.265882782890207,0.0742572462035424,0.0267118345485387,0.00780978348032695,0.000723987725153753,0.00196792049131004,0.0130230647664689,0.0382838781375567,0.088215130092134,0.176439936349473,0.31709866481462,0.506106997655102,0.69843194244749,0.831216084382818,0.887377046687809,0.897047008941117,0.893329322791941,0.893074463181991,0.897140058762394,0.891536728976071,0.846948712908039,0.732386561692491,0.555874163433372,0.371793185383395,0.230559867485613,0.137731783650127,0.0812938761375511,0.0479272425307284,0.0282723204537003,0.0166483305937066,0.0097837590471165,0.0057701824994556,0.00350029405044835,0.00232904911343591,0.00194699789605966,0.00262877195594013
0.0640615896340002,0.0964921060438841,0.149233782718448,0.239317275422978,0.397524171861992,0.653530988497782,0.904099831105109,0.841648836801248,0.565159874962457,0.349730034876035,0.222481262830589,0.14797642812538,0.102145496560805,0.072311703425099,0.0518889667593296,0.0373078189577272,0.0265583412944965,0.0184969804950329,0.0125311219917018,0.00857493683037314,0.00785675397475696,0.031150633595776,0.476717722137078,0.544839127345803,0.0192543359726558,0.00073082617660487,0.0130583203105065,0.0404472290688601,0.0875516339839903,0.162035138303548,0.271956384750285,0.417772030760689,0.582735771394048,0.733175963188406,0.839235029639111,0.895319381683354,0.916191686535164,0.920276573856548,0.919645088896345,0.918405606528676,0.912335576304176,0.888034190703535,0.824791505828086,0.706300563034136,0.543580213578938,0.376031124869429,0.239520340074482,0.144795724028214,0.0846656696574147,0.0482375363101966,0.0266740487325383,0.0141236041427504,0.00697956973634482,0.0030811172235977,0.00111174473570325,0.000267524228913287,2.35057824845805e-05,1.88592260561092e-05,2.01998929062866e-05,0.000100675825239541,0.00213635698331904
0.0241073480906937,0.0347429391611733,0.050896965684166,0.0766567652038864,0.12035458525238,0.20004997561568,0.354611765840042,0.63642549878362,0.894506430186416,0.702436243606226,0.397221228498262,0.224954999067914,0.136179084735197,0.0869346098747321,0.0571048001678611,0.0376100307111634,0.0240303843179225,0.0141334999215787,0.00683191540886137,0.00189402355823505,0.000149993909275987,0.00469907985623866,0.0240119296954959,0.0509754801371933,0.275991185335027,0.134642031526749,0.0224734701685486,0.00143172709755519,0.0402961697830516,0.170660737471739,0.41935351952701,0.690127387795745,0.837076502352994,0.878243778219233,0.885579901049142,0.882327381560598,0.847340059293859,0.738492673557432,0.549841466369322,0.350404461579638,0.202979702359262,0.113695681227517,0.0635837417487526,0.035901673542786,0.0204917112514595,0.0118009160506597,0.00683855617963481,0.00399149143046373,0.00237337919964756,0.00145519886523389,0.000956656189489073,0.00071779692875408,0.00066078739146926,0.000781416209542787,0.00119093283604892,0.00214861815087173,0.00441840197475791,0.0100769838865315,0.0257555722719053,0.0775756713519378,0.2969865308671
0.0065352858531996,0.0088820524169637,0.012103819317908,0.0166603153982976,0.0233701822945368,0.0338040072330467,0.0512767057446411,0.0837124422120673,0.153122269420048,0.328999741431657,0.738726465571883,0.618856361406247,0.217837105087263,0.0886835805620896,0.0415701777772465,0.0204717952634443,0.00970382532391641,0.00389631523134755,0.000943691808605626,3.02624151407072e-05,0.000997221279763927,0.004167946194421,0.0103973658916484,0.0213365583697524,0.0399589292093983,0.0716083020300025,0.125681874028682,0.21725526236728,0.362095458922413,0.53837385820648,0.549072851718294,0.118984993078368,0.318785880340439,0.204669966272692,0.0815251166054227,0.00557760952838069,0.0950115556724979,0.455866533950976,0.765546431078399,0.856053289321883,0.870046586087026,0.875608613137147,0.878014197074037,0.853085496497152,0.76457200981625,0.603285916615339,0.416791590095978,0.262821067458656,0.15894421245806,0.0951414966178596,0.0571235359574066,0.0345429354418631,0.0211292612752749,0.0128733449490663,0.00783936871996428,0.00476788763638527,0.00292198108835357,0.00183104841564717,0.00123672956292791,0.000994896847360889,0.00108755687949289
0.00996227383259026,0.0135844852825855,0.0186076606724022,0.0258231948341326,0.0366990773706477,0.0541890494439019,0.0849087647606463,0.145680052667594,0.284535022203488,0.613841968785132,0.824593953504797,0.372733735743783,0.151026645587597,0.071454112046944,0.037232990429524,0.0201561443945037,0.0107544353418871,0.00530463854692216,0.00214787241097875,0.000505017990143887,2.0185565232042e-05,0.000576803132073835,0.00222575748811897,0.00516483414873016,0.00975209749201539,0.0165525015459737,0.0263889910521266,0.0404021057723126,0.0598869233934412,0.0852731455335643,0.110911306405697,0.103030093028693,0.0100907277404654,0.520953928133514,0.563707478000095,0.397135139000613,0.239467922182219,0.13168729524973,0.0695955692394273,0.0290055921838829,0.00715066120973904,0.000660293672815993,0.0106293057440088,0.0378401940784911,0.0978728643433974,0.197275413177412,0.344170270637754,0.519062589390586,0.706298241643368,0.837639565285911,0.895017741882647,0.896080909402668,0.868614376984609,0.828749229970401,0.80350298020487,0.779202839123177,0.762641891611724,0.754470814138317,0.75416360651714,0.761130041477036,0.774704818060805
0.0154363870716419,0.0213713615959726,0.0298276120052488,0.0423750507296538,0.062032426390789,0.0951370047537756,0.156353965578627,0.282317160353443,0.551390091908595,0.873176175413974,0.603628127771245,0.274641249586336,0.13354312873389,0.0715367577752891,0.0405251441303311,0.023310385789525,0.0130504569477183,0.00671062618306405,0.00283030947118978,0.000700790672383186,2.57706028300165e-05,0.000771854497317816,0.00311810654717753,0.00744233680526748,0.0143064369290353,0.0242862458815075,0.0371299361287849,0.048091246398104,0.0350088632819741,0.045330917785414,0.692106221752882,0.739456272494878,0.553399071417489,0.30890453884776,0.193697686765053,0.0946889758773503,0.0380549878411563,0.0085383279089244,0.00110057450226268,0.0172093295201341,0.0644639122971947,0.149492514506619,0.288319506588501,0.475723598626849,0.670951661298608,0.817064735476981,0.888122207920676,0.899668295383198,0.881105379662109,0.85419003758965,0.830051554103334,0.809842310991363,0.810618830549041,0.815095841642904,0.828267087854708,0.848868397507607,0.873647644666536,0.897210748799027,0.910533187289528,0.90166033800736,0.858363443496085
0.0274162547278187,0.0397084702609499,0.0586316374463621,0.0894308051331976,0.143190150213327,0.244801338508226,0.445892415241041,0.772539627396377,0.864576636230548,0.537671195294783,0.289373916657167,0.165718530764618,0.102164219053333,0.0664143839250566,0.0445829942263073,0.0303499203668321,0.020594696715961,0.013679067150161,0.00872051179430004,0.00527231437221276,0.00319571950900771,0.00295606554970652,0.0125036303853854,0.228438852151577,0.70013958692019,0.654413389581763,0.224099971094654,0.0677624404242599,0.0210880776781511,0.00488453191742647,0.00024389997969613,0.00434976623882618,0.017634984152193,0.0432226747849001,0.0866237614177141,0.15031644377416,0.254670584392345,0.394506071853347,0.559932782403406,0.719067292139907,0.834900019899237,0.893204499547528,0.907628746388708,0.900862399680351,0.890445628628488,0.885586171851089,0.889292126840005,0.899200260389267,0.906471129554848,0.891583184296817,0.838324395573178,0.723416909280047,0.562837360242272,0.397358275452575,0.261383770608689,0.164343771778217,0.100503072755808,0.0601906506892936,0.0352432928923822,0.0200727317536297,0.0111073450690511
0.00455449505160145,0.00613268670759813,0.00826752476519817,0.0112414684973894,0.0155554641232608,0.0221680262644448,0.0331103685663573,0.0532819440609308,0.0968588528627122,0.215208475428163,0.596592625481147,0.622082715477042,0.170751058008297,0.0621270607462845,0.0276860996001909,0.0133542873392592,0.00639810358212052,0.00275978042187566,0.000880713040103422,9.47345515067025e-05,0.000117446240019267,0.000858942152216492,0.00235190280790569,0.00472777501890385,0.00822394900909742,0.0132033844604429,0.0202036406315355,0.0300092339234981,0.043787173524206,0.0632580527755539,0.0910203829913585,0.130978984235734,0.1888212116806,0.272030835958797,0.385675470334205,0.503412811429551,0.581315876883894,0.144182898375198,0.384086941860039,0.12399332736,0.00970749275328508,0.100379618707915,0.38609976917279,0.676111042051529,0.84404978143773,0.900405385410895,0.904783118287162,0.89466312266531,0.8863260610984,0.885733132679491,0.893016879177007,0.905359787139326,0.916182037818116,0.915576835848569,0.891039729125498,0.83267929649068,0.739573669272615,0.623050963838073,0.50131403813055,0.389934484759087,0.297143405315367
0.0158027083914608,0.0222296597819922,0.0316131142152935,0.0459078811286849,0.068951259456864,0.108936643776866,0.185015744010679,0.343506795557101,0.656879316206724,0.873041349602445,0.532870871421519,0.256100870117334,0.132671707907315,0.074296508479586,0.0432391790501876,0.0250564601032159,0.0137084974274522,0.00645758881220386,0.00206804604739517,0.000134640687791725,0.000869432333118094,0.00514363747283977,0.0148205369286727,0.0324839443745342,0.0642122623567171,0.117934090051736,0.204919585998373,0.33509310284501,0.504228426232421,0.678799145603514,0.79245214436283,0.871559187112704,0.868589074324379,0.910708204235459,0.913351029806782,0.90996715190076,0.893379427147454,0.842685614404398,0.736245001197838,0.578497161925348,0.408505732492661,0.266921232448017,0.167162292791964,0.102984059528985,0.063247313041389,0.0388997429795545,0.0239579081198713,0.0147232136200772,0.00899008161023215,0.00544103254722987,0.00322969805562504,0.0018768950739486,0.0010683047510282,0.000591743942047085,0.000336366134440207,0.000215705561944809,0.000183037003237823,0.000240710674147708,0.000478014976955572,0.00122795475782208,0.00367854291626321
0.058509717738185,0.0881514519318874,0.13633016203047,0.218693219792016,0.36459641654766,0.609400020361493,0.882579695254162,0.873003210502136,0.603333438273604,0.374948366304607,0.238291840898896,0.158429696111821,0.109427219647507,0.0775082336846605,0.0555360971429709,0.0396577543942024,0.0277079365929179,0.0184560039091981,0.0112652347304125,0.00599878901386589,0.00325376896115488,0.018313804753477,0.529624432012594,0.0747344209400654,0.000707488451466971,0.018259162978202,0.0671558149576338,0.161071046862208,0.316152970882449,0.521516568260834,0.717396948619702,0.842389109409787,0.895138341471994,0.909829787170364,0.911739155678066,0.906722420058811,0.882023527790957,0.811175673116262,0.675153953956247,0.49477905344715,0.323379023662998,0.196257033540333,0.114896927946744,0.0663245533237606,0.0380214467113813,0.0216436857037464,0.0121620366042254,0.00669312536425371,0.0035705284489166,0.00182459949458092,0.00090255026076797,0.00042971297854188,0.000220078599848161,0.000157176642863474,0.000213943564431035,0.000509715520281829,0.00155659654455533,0.00522696804812389,0.0184446262292106,0.0791979984080736,0.426324548920177
0.0166523592403551,0.0231714636693962,0.0325323445127078,0.0465458638550134,0.068718934395514,0.106469492694655,0.176941664468645,0.322040245054844,0.61761124724785,0.888247408354847,0.57543741539835,0.270841643387473,0.136756343349857,0.0754811743807021,0.0439122175199038,0.0259615792197574,0.0150206342293583,0.00808920121923276,0.0036961817696861,0.00112325691656913,6.54091642658328e-05,0.000502195392572189,0.00265774451082665,0.00703166029884571,0.0145033681730696,0.0265052773533992,0.0453080044070008,0.0741349143841724,0.1148685097298,0.142771286904599,0.0770319634823373,0.712372398745537,0.308078689158018,0.0643645922388348,0.00226261679299338,0.0450255904929662,0.150956667316166,0.305521849633263,0.479055415366495,0.659431283128014,0.796901379040899,0.878731182389246,0.913629310552644,0.920122517081201,0.914371642145817,0.907159970058372,0.903751648457399,0.906130704407238,0.913036688978114,0.920400727517033,0.919899492776693,0.8958018018875,0.853249767192875,0.767108662142339,0.648705864096967,0.516143141321124,0.389980838950328,0.283487681170038,0.200729752503382,0.139436967198631,0.0953182452697102
0.00412676804971345,0.00545871313356617,0.00719905618814756,0.00952072844940085,0.0127083947789952,0.0172593930757177,0.0241132393597531,0.0352225964696749,0.0552026706881499,0.0970502063514135,0.206370352058646,0.549345446405733,0.632418016491855,0.162214190724924,0.0527771027596886,0.0204753803229456,0.0080084262533226,0.00262466032326509,0.000443663308305101,6.04104871626936e-05,0.000947094829430753,0.00296326220930777,0.00618863373085617,0.0108723739152666,0.0174358981886158,0.0265065531200551,0.0389968471585585,0.0561855582414389,0.0798792393051265,0.112538090683951,0.157443722137905,0.218572715652883,0.300004609268745,0.403943855077026,0.526686543910721,0.649771596920768,0.74679648232105,0.7010108147403,0.558182304858098,0.780207765653101,0.695663495966137,0.490618093340215,0.061321700431749,0.727432062953987,0.852752671886591,0.851287614666127,0.852390100654164,0.863451490397997,0.881397620414241,0.895368811875115,0.886769434867379,0.831211954790153,0.714585940441038,0.555282035980258,0.406070907020689,0.274177071354287,0.179166044538919,0.115412100576765,0.0734006965335707,0.0475724607490235,0.0300536249781354
0.0264926125470069,0.0381531694482465,0.0559043828705593,0.0843846275956101,0.133261938578424,0.224025795191959,0.403029294763714,0.71715478826314,0.897331673540424,0.59738165354979,0.315986860032603,0.174278881142802,0.102978792139323,0.0636947853285212,0.040096634803304,0.0249267462668067,0.0147044468637878,0.00768540806658402,0.00303244195069867,0.000486595385436522,0.00029274148832338,0.00332346590127368,0.011489824868086,0.0286846630869166,0.062951582999271,0.13189168320546,0.257639053768838,0.0809739735050242,0.289426139412853,0.0162686607669455,0.039549050889712,0.193420707422338,0.42145098542109,0.646413193403687,0.803702416829865,0.883005126352214,0.912208777212439,0.919471219760403,0.920882297091098,0.920932202271341,0.915987205386259,0.894949705170561,0.841904945453373,0.745688498616608,0.612125377277822,0.465916297743416,0.334210107832989,0.230944711237847,0.156722570152235,0.105352746413617,0.070922507350432,0.0477267561974964,0.0320843880130367,0.0214708233746715,0.014232188838513,0.00927904031877118,0.00587422248793571,0.00358462103368136,0.0020547477195961,0.0010712391720249,0.000475638439761085
0.00684480761696731,0.009371836272797,0.0128923575297887,0.0179698841046137,0.0256454652971622,0.0380182337737672,0.0597936483376243,0.103129657142617,0.204975126083969,0.481771256054033,0.849947304037965,0.392546244759458,0.147262185430815,0.0677021757512328,0.0351715580047658,0.019255772455835,0.0104964356172094,0.00533856844646145,0.00225413212610488,0.000565761857786881,2.24597354858657e-05,0.000665787544989018,0.00283364577174849,0.0073038353747505,0.015688775906011,0.031404665945871,0.0621717469553365,0.12636555890349,0.260535082038861,0.405479338958826,0.00914580786013599,0.0650543681994151,0.0316750492724835,0.00992435634601005,0.00361916642480542,0.000872802969712702,0.00796336147212382,0.0286461989183226,0.067004315825326,0.131910512320681,0.234074656252624,0.379898164402111,0.557508183687491,0.727432304034187,0.844804932206717,0.897759994017664,0.906759268084625,0.898209493766269,0.889229389957963,0.886174441117014,0.893892194101562,0.904889157494937,0.911471377597878,0.90004842917655,0.854573783047921,0.766409274967862,0.643358012272662,0.507797690113122,0.382452415596174,0.279854553147771,0.20167907184558
0.0150095485874527,0.0211084983361343,0.0300145406542356,0.0435908937239946,0.065498580075651,0.103605338265586,0.176470092690376,0.330053409815983,0.642528982937855,0.876648932732148,0.534776783205614,0.255280823042544,0.132351886635956,0.074676153507934,0.0440781645222484,0.0261294812828457,0.0148257167619515,0.00744085725835658,0.0027373565826115,0.00032775944869238,0.000549320740192756,0.00474788525841489,0.0162226240400273,0.042483141825598,0.0975243951233286,0.155267472687314,0.130453890500053,0.258353072080777,0.113421328623661,0.0363718616103671,0.00402979523737803,0.00862413519653967,0.0676352765720622,0.216453265560344,0.463054451283097,0.708064000298622,0.838563109844224,0.8748094865024,0.879649598497974,0.881411234578224,0.874891624854585,0.828908639092976,0.704669314026588,0.512182179928023,0.322432615266583,0.186649105839618,0.104818479579185,0.0586293125028584,0.0329860159053886,0.018651126581542,0.010593215812972,0.0060531053571992,0.00351184333095083,0.00212479802493004,0.00142128301789878,0.0011676934139208,0.00129763816005551,0.00204600418993804,0.00436908305673751,0.0119082102696208,0.0420049794256062
0.011053983331139,0.0150820066270012,0.0206636251873069,0.0286654889075315,0.0406812013642787,0.0598775552420162,0.093224797395828,0.157897394519532,0.30056343598281,0.618141042010259,0.8445456235412,0.43097625657318,0.180948027422672,0.0863876460736175,0.0452227491193763,0.024591610902233,0.0131956565734937,0.00656310979369791,0.00269739308907387,0.000660935727114374,2.44852226249599e-05,0.000643155537123858,0.0025649920492276,0.00599775339845993,0.0113124822511259,0.0190687703799681,0.0300746855290251,0.0454514594371272,0.0667373407276776,0.0960426658698826,0.136128075207947,0.188809898052544,0.257092772657892,0.347790728816489,0.44296595230807,0.361145425749186,0.796930988119262,0.737416918422614,0.0726959635606245,0.417978208628997,0.739969105520794,0.8717938451486,0.914869222736908,0.92214306036419,0.914745855019898,0.908690939270786,0.904222542470292,0.904944861859495,0.910589306288631,0.918851130881708,0.925224074053068,0.922275509665918,0.900766571341848,0.851922302179998,0.773008975978947,0.667903906704184,0.550284492530175,0.435209672004965,0.333743306227474,0.250168262012988,0.185121274298042
0.0762690222433844,0.114114572227874,0.174682630080254,0.275358442212367,0.443935331574046,0.695585137767064,0.915104874047901,0.850769513040711,0.593775910199176,0.378976429447009,0.24450134491343,0.162836351095137,0.111446784142391,0.0774925781034684,0.0540126955242064,0.0371377069856436,0.0246580534587898,0.0153053937971654,0.00839182548099464,0.00362159554137617,0.000935520298177756,0.000107811519532749,0.00531341718020734,0.242165036473842,0.246017544382403,0.0379320492257789,0.0913027203696722,0.219624958762835,0.384027669319952,0.572009873930621,0.74011401078831,0.848942392443106,0.897011071978174,0.909314137514392,0.908795777196944,0.904513353754242,0.887888771276591,0.828395399654389,0.687064626990403,0.473193038785545,0.269759238165353,0.135306457237358,0.0633911526010302,0.0285072350637303,0.0123788941948666,0.00521562989926115,0.00220940819990362,0.00107937865942434,0.000815045021974266,0.00118218985687012,0.00274358760545265,0.00745825295470732,0.0210772847404491,0.0618677054590702,0.190580685391734,0.540991969037183,0.74668425319184,0.536893505572825,0.383390279245882,0.305207169735924,0.263632119868239
0.013868997120725,0.019373242813658,0.0273323283705571,0.0393531211933925,0.0586023693987614,0.0919293554142509,0.155862994173706,0.293753857262583,0.597951628654311,0.883236925707981,0.520061566456564,0.232177879952608,0.115604948992017,0.0635895589847673,0.0369613491444706,0.0218108207597013,0.0125532860959387,0.00666132102343877,0.00292587803849282,0.000779548547828903,2.9095624345255e-05,0.000772636287253874,0.00341727902440911,0.00881167453661922,0.0185768870750334,0.0358158940814803,0.0668104028779717,0.124934349024853,0.237826007270702,0.434083215803359,0.42088438783656,0.0766644256412906,0.0397443501952889,0.00419279800999363,0.00785611216678451,0.0491931463117592,0.132253276795355,0.261586037701297,0.431689121444431,0.614440493532384,0.767067068226084,0.862669013932852,0.905164303371757,0.915515618781625,0.912851853031055,0.909194932089098,0.909399927565308,0.913764038974265,0.917865777131603,0.90999538834229,0.889762226514157,0.833877596619525,0.741499035296547,0.621804499750878,0.493906879694362,0.376252005859295,0.278874093270696,0.203679781625939,0.147754647083538,0.106916752964373,0.0773145378063562
0.0442700392365176,0.0640511974312994,0.0943348155904056,0.143030626482275,0.225761120956368,0.372209971604078,0.618394351281205,0.884124225043228,0.832943224194405,0.536723386935568,0.314087697425418,0.189350336947547,0.119359954059252,0.077709913600064,0.0513397491026236,0.0337575509594863,0.0215688970124285,0.0129273908245729,0.00682114807534025,0.0027349459508054,0.000489069623013129,0.000155873902931559,0.00195400715535516,0.00577840677606878,0.00854238738614026,0.00574126568675539,0.449285697979933,0.65193354745721,0.207139677398129,0.00646604118765428,0.0751398877959607,0.182361919688742,0.31849554288135,0.474687778497564,0.62735598310215,0.761572630149086,0.853530078199587,0.903699686522585,0.922980561775002,0.925341421091729,0.921547129733785,0.918471641028954,0.918636269143203,0.920679668936129,0.918547008126996,0.899724054079878,0.846972159988208,0.745562746487363,0.599963375289283,0.438906493585322,0.294018301794604,0.187011853391612,0.113797918939238,0.0668324273528592,0.0378152838795779,0.0203584924103612,0.0102044379699904,0.00457883296765932,0.0017400252662256,0.000531540938404511,0.000169610662834191
0.00558333006207049,0.00757138617219832,0.0102895267564973,0.0141190411069927,0.019738810494739,0.028455841287806,0.0430356449539889,0.0701358539033651,0.128557460888863,0.281308539126461,0.687514682043349,0.640764057625511,0.214426489093166,0.0861284541266064,0.0412042391148939,0.021359330175931,0.0111795616758438,0.0054922350719957,0.00223474541663586,0.000525936981420204,2.39160040815479e-05,0.000709018298370503,0.00284393197896285,0.00705094649557801,0.0145544452076994,0.0276988971377409,0.0510924607248393,0.0937116582385004,0.169695715445179,0.262496685000993,0.0592415644997984,0.185174706537672,0.117556762104102,0.0879228742918742,0.0419522782069508,0.0156818172078571,0.00317909398776844,0.000787746625511676,0.0113665658659803,0.0406934856500348,0.099856722134064,0.204675123900905,0.36663335129634,0.569205116947299,0.753069853902199,0.862163915316204,0.898007873701928,0.896144506691743,0.885897537196462,0.881548325542576,0.886618300879203,0.898660578887898,0.908501007732469,0.901203191913397,0.858311119388816,0.768226174174321,0.638799390164691,0.495849824091109,0.365383408075548,0.259589862886705,0.186698664895127
0.00817933723074906,0.0110066540579892,0.014824199119523,0.0201282156653589,0.0277905815177419,0.0394628164238109,0.058559722409623,0.0930236146712322,0.164081047602307,0.335186234384817,0.724606146014343,0.690542241382063,0.254578782179308,0.101817717064725,0.0469728626257604,0.0230416317996384,0.011137649500799,0.00482612936862596,0.00154266188939577,0.000164555292888137,0.000208561401041352,0.00151917435962015,0.00414895752483899,0.0083123418208005,0.0143840352584085,0.022921285375326,0.0347026907210214,0.0508065635428923,0.0726633131303294,0.102172434134157,0.14170977369358,0.194086142127528,0.261990581132227,0.346378164076363,0.439762984453593,0.482499990458754,0.747546995819595,0.861829096351943,0.810463506888971,0.141200030474836,0.601153790278021,0.861444373496973,0.910981343528648,0.911305663073986,0.89890449063711,0.886331071169746,0.879154297496495,0.879579699853745,0.886621202396221,0.898845264686606,0.912408570054597,0.920699184528929,0.914246772478802,0.880651225431381,0.815808271758372,0.716711673538723,0.596525913405277,0.473020310116674,0.361091747819369,0.268169144789782,0.195544253345815
0.00658573081536592,0.00897551175279215,0.0122773145519971,0.0169924017058032,0.024035049551854,0.0352202209645804,0.0545398694454925,0.0920791646354993,0.177913268325061,0.411380236768988,0.839111694465661,0.450612071864151,0.159815783769191,0.0700878315620573,0.0351692871282558,0.018691084299108,0.0098926661091663,0.00486536183802732,0.00196340282145875,0.000451490386271925,2.1963359667213e-05,0.00061447752873227,0.00235907824543936,0.00558296055517164,0.0108743260999416,0.0192306203608338,0.0323215631535808,0.0530362200291383,0.0864834229417322,0.141972213864764,0.236118688628088,0.388269354041347,0.588663509504712,0.58091540600507,0.0724312784981785,0.080987647012208,0.0177139672283514,0.00284536266712716,0.0477641314219282,0.165668933201654,0.357583727238943,0.5838379790174,0.769317190499121,0.871245554767808,0.906008615429203,0.908517714181204,0.903246536296823,0.901322423353369,0.905433771097348,0.912704214440659,0.916253591535905,0.902934342743274,0.859097332399245,0.776791401674623,0.661753352066114,0.532702853525154,0.410302567074254,0.307116686438604,0.226527336791751,0.166052155648423,0.12134173385346
0.0632637258072122,0.095978316559694,0.149773523315279,0.242786084654874,0.40779544223178,0.673137752577685,0.913480666731458,0.821580086088251,0.545130934049647,0.340264301702144,0.22012024251945,0.149510935335319,0.105851033861733,0.0773350686351833,0.0578210947221592,0.0439884176024693,0.0340198729529879,0.0270620298101674,0.023396638977906,0.0277281234524021,0.1116351389504,0.481893700707085,0.0150464434384183,0.000552660851977678,0.00079473844028551,0.00509259893440422,0.014325225906962,0.0309343931195499,0.0589327407641919,0.104208749021151,0.174325607828999,0.276610625288486,0.412490945512515,0.569040688860162,0.717167318469463,0.827125608102721,0.889321948444204,0.914626096581833,0.920730126544664,0.920512730064974,0.919972339045198,0.917283973547255,0.903108699007261,0.860340849735917,0.771674334096433,0.635514590144739,0.476145229524569,0.329035791946258,0.215166897795133,0.136348266120044,0.0846862561618687,0.0517570978773935,0.0309986576872059,0.0180034107843833,0.00993491431286888,0.00501870439149682,0.00215259296488228,0.000738154143234107,0.000102629627166674,0.000100518766893918,0.0005178955540917
0.014236386493624,0.0194584109302578,0.0267285756717089,0.0372102800610505,0.0530482770825603,0.0785218022892938,0.123033422626211,0.209356856631779,0.394100697380935,0.743742674517307,0.801381242392021,0.38649184729869,0.170049238882884,0.0825779208357053,0.0426428899214592,0.0221724960943557,0.0108784701526255,0.0045215495466403,0.00119779691078075,4.27951109830977e-05,0.000730732544220743,0.0032751467714228,0.0079631084168424,0.0153625489524126,0.0263779632427486,0.0423735673554635,0.0652913467272605,0.0978121613901698,0.14316706771925,0.203857881470804,0.275499815624487,0.318690356104764,0.116213060846988,0.64202451783407,0.700518332480014,0.523320501008222,0.290706933461967,0.0934515118041058,0.00550125519515888,0.0943245900567414,0.365715793720909,0.660862499933087,0.831239453192489,0.885398110988287,0.883929873041966,0.866241398199416,0.849883066625845,0.841810785002075,0.844024705890322,0.85598672776786,0.87441904785935,0.890192741756936,0.889914753603294,0.849075992219567,0.745459172562937,0.58515679970386,0.411366953072351,0.262953887265216,0.157319028697674,0.0913993512063702,0.0511045615170855
0.0367198907017786,0.0535839195513559,0.0798234839595567,0.122955369433076,0.198586730770516,0.338993074305808,0.591753242829151,0.8807643065703,0.804202441415765,0.489796753673072,0.280033182696692,0.168865779867528,0.107847836212178,0.0717964110869062,0.0489663934855712,0.0336625135748067,0.0229364559049567,0.0151838980209827,0.00951471356065157,0.00545701117980594,0.0028124829015689,0.0016162579836169,0.0039627870158442,0.0943482754570304,0.608754666407242,0.71766542907866,0.190622650467916,0.0330822440638097,0.00212253073159491,0.00386915089819344,0.0221643695725404,0.0579854877958773,0.117235924361238,0.207189316702713,0.332894341483473,0.488703418955512,0.651139109762352,0.785913691389698,0.870507782034955,0.907584633341931,0.915063397830366,0.910652196774157,0.90614671500451,0.906424317138763,0.910575969943666,0.911103776339338,0.892490263476474,0.832452518840343,0.715954390935771,0.555515638309105,0.390245160197932,0.254095240218651,0.157257274136438,0.093356667458457,0.0582697535782202,0.033086833839891,0.0183202620984049,0.00971691108171902,0.00487065591118275,0.00239720677226492,0.00132149284591857
0.0181056422443164,0.0258557129063338,0.0374697570853125,0.0557287646624077,0.0863061214934744,0.141779261582984,0.252110069396382,0.481956043705694,0.830191811018415,0.773415231560484,0.414193116639256,0.214713772418865,0.121456354861014,0.0734715487805021,0.0459918485227941,0.0287881528892493,0.0172613059366441,0.00920975090767742,0.00365162170126718,0.000491472178216767,0.000817988012066213,0.0084548246377023,0.0351426392924378,0.106945097354213,0.0182851005275024,0.145581334355586,0.063043682975226,0.0206916786623519,0.0024323575619457,0.0044812735910281,0.038398456682823,0.133563253540166,0.326381325774672,0.588955609179795,0.787014073341347,0.862892714510132,0.878128861877367,0.88029708708493,0.870321431540379,0.813285166043209,0.6694965684758,0.464009950307462,0.279282252547674,0.156857665904975,0.0865708567573282,0.0480520572577227,0.0269715203340647,0.0153003642911356,0.00870820532005865,0.00502053715361574,0.0029354787442072,0.0017746026208114,0.00115607536276783,0.000871138916162768,0.000827297896200379,0.00103508421615475,0.00171969696704876,0.00351434195788883,0.00843030045253449,0.0237856171354008,0.0848656902738706
0.0039120672380157,0.00520419359693901,0.00691397819376321,0.00923469146679248,0.0124980693935446,0.0173145836996582,0.0249104602700218,0.0380653745788137,0.0641573793045338,0.127689409291247,0.332780410541876,0.80999470007924,0.26254209600775,0.0755962265564572,0.0294568806901487,0.0129331989678447,0.00569014864525047,0.00221950060065105,0.000592749854929725,3.09756207354973e-05,0.000199726354623843,0.00096728950314439,0.00231103005382532,0.00427947886550382,0.00697863737906306,0.0105694750872995,0.0152793253899494,0.0214096998257077,0.029361499939199,0.0396618539385773,0.0530173417072691,0.0703573642440532,0.0929111455098428,0.12232148777404,0.160734598071119,0.210097300587704,0.271546665871593,0.351568885073935,0.445725484823777,0.557337265311693,0.667053362167749,0.721720613233034,0.797818307787975,0.863063006612864,0.639295930261566,0.140289593646725,0.842398405162228,0.900278420524197,0.889944097655864,0.871748503053839,0.857416813214452,0.85043858348393,0.851393442054701,0.858842610195637,0.874496137619946,0.892608744417949,0.907450665377826,0.920481573768748,0.918536253951794,0.894301206988893,0.843162488040069
0.00694746644873227,0.00934136250724266,0.0125690503567311,0.0170462151226558,0.0235026768525069,0.0333208116037978,0.0493650669177996,0.0783412441573619,0.138509828430891,0.287724913830356,0.667538745363468,0.689790074860913,0.235728052781001,0.0898410253952065,0.0402377179044575,0.0192140726985244,0.00897453289495247,0.00367557049099453,0.00102826694939035,5.74388495944956e-05,0.000354750163564178,0.00180312638876571,0.00447224396472577,0.00857901011642385,0.0144887344263549,0.022734362630512,0.0340665565552203,0.0494992123226125,0.0703808306432599,0.0984880510591198,0.136016496418876,0.185665859951318,0.250191401636105,0.331621518994613,0.430122288370196,0.541777087617615,0.657003604489711,0.760362860045772,0.805950239607076,0.898454660755659,0.908851402371143,0.562219642737378,0.912276925798692,0.908973736204557,0.898206100802136,0.891338749656256,0.890794548448918,0.896518669964451,0.906882431464937,0.917757190824756,0.919786114599897,0.913004573455476,0.88328467494651,0.820821288084908,0.728491510556442,0.61504732517952,0.500871734782214,0.394075812717162,0.303255467769494,0.230321334016775,0.173697579778982
0.00872741918685078,0.0120804666455526,0.0168444141500133,0.0238806381984044,0.0348375348677243,0.0531649065269568,0.0869920032606436,0.158278271044015,0.333330871564983,0.732011534392269,0.712340496983661,0.285580202087548,0.124018106068462,0.062843863232529,0.0347504245678036,0.0198673374047797,0.0111881379091067,0.00583817307602094,0.00251466402900715,0.000637148314706629,2.68031994859679e-05,0.00082419783925762,0.00354489410498496,0.00933036785478338,0.0205707976957035,0.0425344855521372,0.0877670100209885,0.18813904511922,0.410827133241235,0.68702077877104,0.491493530661606,0.00187678475072956,0.00738141623146974,0.000812826052496463,0.00288659257461491,0.0195839375460444,0.0581957244365437,0.129609106464922,0.246071741633076,0.410716531938951,0.599614097978955,0.762330797436633,0.861669956402619,0.902092301558015,0.910233031405343,0.908635650796707,0.90823719241736,0.911336313080295,0.912669163810776,0.90066258335902,0.861583354754363,0.782738888046565,0.666823478607489,0.532979086970034,0.405209493111886,0.298393390475865,0.216265116849986,0.156060213875361,0.112772928545054,0.0817786438862907,0.0593661595363222
0.00483834381030749,0.00650469473267393,0.00875384514218469,0.0118802037540635,0.0164058136529822,0.0233294366374465,0.0347676867400835,0.0558257620933611,0.101266890605157,0.22434093162999,0.61296046934285,0.611080116768563,0.16918879205056,0.0615869325825546,0.0272952943947952,0.0130408947591218,0.00615901810763831,0.00259627445574615,0.000790774493208924,7.06635692817275e-05,0.000142492767401141,0.000901487671319632,0.0023557946541815,0.00459677075862098,0.00779587802240715,0.0122089781720048,0.0181985618495514,0.0262658856928698,0.0370955251677213,0.0516385007228183,0.071185364133798,0.0975244101127727,0.133056961074592,0.180260024930233,0.245100511514209,0.31298591122206,0.426515313060789,0.547456251684505,0.652230139425656,0.519641037310269,0.750567776326144,0.566950666115308,0.0621253445993744,0.373239487370124,0.792171234109611,0.894175954679943,0.904912924360203,0.894132288376439,0.879511983640903,0.878972291895691,0.882220123656036,0.891846215399695,0.902599379580468,0.914440647378021,0.919683867959964,0.904349279550765,0.861620474853334,0.788424987015958,0.690121010829936,0.579186866239941,0.469532671368144
0.00875257726041423,0.0119213872417082,0.0162956142945509,0.0225290569345605,0.0318052667548341,0.04643710930965,0.0714258557169952,0.118992843472599,0.223246090407694,0.479042480049791,0.849494587569443,0.484691680241127,0.183535187742931,0.0803405700940411,0.0389095153347318,0.0192969761314325,0.00902533672530701,0.00347830612868296,0.000746198645635485,3.99662398543682e-05,0.00113627808570361,0.00418256975217771,0.009654638189266,0.0184137129433632,0.0318161109405642,0.0519295602693375,0.0817634217557997,0.125503291435722,0.188267321963775,0.276146803655642,0.391703458035349,0.52972158166819,0.671641824696396,0.7878743939546,0.823692498476417,0.883749859264341,0.812379289029376,0.677713968142996,0.903173369050107,0.909941088711509,0.911082932665809,0.912204617915059,0.903127833585925,0.86547790677572,0.781157727811106,0.645713927459685,0.485091011694566,0.336750416039163,0.222029578349498,0.142558837068043,0.0905397887171521,0.0571461561183537,0.0360127654913469,0.0225795278792037,0.0140333589002984,0.00860869694235685,0.00520070770538828,0.00310203347831643,0.00186214595573033,0.00119508610000436,0.000953767655096093
0.00797632877272342,0.0108286647499857,0.014749076016494,0.0203180299192981,0.0285947696653343,0.041673690122149,0.0641465442824458,0.107522179874491,0.205385086867032,0.460355487673296,0.852249655859085,0.441849189509452,0.161030454586824,0.0708102435068552,0.035148082287229,0.0182995797822029,0.00938881054817545,0.0044026880666428,0.00163169897110978,0.000296911108799499,4.86787639899075e-05,0.000769997840560632,0.00249585269808173,0.00538972427778246,0.00974371771094288,0.0160079884390642,0.0248391110830186,0.0371965887481883,0.0544541117197586,0.0786239445402323,0.112597073767394,0.16048970153877,0.227622800449772,0.314044171179059,0.408863051955226,0.488771901686605,0.461864612130557,0.507360877849386,0.162232568504754,0.00520006408315153,0.111231053462306,0.364953685738978,0.624912634073422,0.801188645881662,0.885359568632271,0.911318484489951,0.908085808910242,0.896170101756814,0.885994442563878,0.881739098708596,0.884693213080822,0.8933881511624,0.905414965198592,0.916742606317886,0.917966932361005,0.899909565234511,0.853985784609332,0.776786204182227,0.673804984057045,0.558137839649563,0.44441544634092
0.0248490798938546,0.0360430740084488,0.0532849839606303,0.08133502024784,0.130277611299354,0.222931812653841,0.409024620057902,0.733931136943871,0.890012404033399,0.578993570205258,0.312493010886643,0.17890489063965,0.110710278126139,0.0725285042089281,0.0491922415343175,0.0338498070181067,0.02312620311,0.0152350811933116,0.00919321839169159,0.00450659183522632,0.00115808492074398,0.000219313885706283,0.0059208042908175,0.0076515834308073,0.0397397885607402,0.0111615761638965,0.00260050115232171,0.000107953531178911,0.00149108114065477,0.00734728545355393,0.0193981067467216,0.0409323486214229,0.0771618179269297,0.135612083368453,0.225298657274368,0.3525283711901,0.511153751335133,0.67383316998668,0.802588842377962,0.877473064088078,0.907585411563829,0.914218893606293,0.913839167504069,0.91430637573128,0.914256988941757,0.903974160945363,0.866450092818277,0.783822633819905,0.654364513890813,0.501107251786158,0.357960426693462,0.244353629991663,0.163050542901117,0.107768143651721,0.0710198418486299,0.0466741260655497,0.0305139768744575,0.0197671947235453,0.0125407325640866,0.0077069848517781,0.00450225420690912
0.0103759058159048,0.0143843108761332,0.0201058016958345,0.0286131534456825,0.0419813177835956,0.0646126102666058,0.107003493501365,0.197528112849732,0.416010284744494,0.814860852563604,0.62689345918649,0.25948738147115,0.119854551680408,0.0633258354574717,0.0362254854770597,0.0214545765615018,0.012658340560317,0.00712087325382665,0.00355789923830053,0.00134425040185026,0.000209806969677101,0.000111925475421707,0.0012016860516065,0.00381996336978381,0.00841755612606525,0.0148774072769404,0.0187230553620262,0.00359847237554331,0.231976380718845,0.474326835293226,0.296121434456854,0.15183300949634,0.0785979086237078,0.0429264719271519,0.0210602466134056,0.00855034205823465,0.0022290841838698,0.000186545912142226,0.00292595316573481,0.0115695057737297,0.0288457785870347,0.0558153956128389,0.0956130787213249,0.168327377510227,0.276148136229144,0.377362058698084,0.576265904062122,0.741147103102343,0.851738471206706,0.895982103899551,0.892474038043254,0.867578914238354,0.839439399749517,0.81731666778248,0.804698662235893,0.80267052904133,0.810749776501875,0.827682462195191,0.851151253406738,0.877126161452592,0.898934331176786
0.0173581485053746,0.02444116972822,0.034814145478259,0.0507034030859314,0.076533945976942,0.121916338212703,0.209561446153175,0.393317758123994,0.733047806843653,0.853116581606141,0.481917007402008,0.236847297281859,0.127193200250598,0.0740106109767355,0.0451271588862068,0.0279191552579382,0.0169465022357642,0.00963980257787474,0.00472775331012926,0.00161508826784895,0.000140231635619958,0.000515927656855244,0.00336914096912789,0.00966108478680751,0.0187943325522576,0.0139872201023676,0.272752458464589,0.617167951850317,0.271744721588319,0.0902597044094623,0.0247714473178838,0.00251845434140864,0.00389781523977316,0.0237094595789759,0.0721911072983837,0.157453187584543,0.289598496830924,0.464861819094445,0.650906791770713,0.797656460317009,0.878437760459257,0.905418883480403,0.905651122178996,0.899530876390279,0.8976505756475,0.902182969319395,0.90859498269443,0.904746704769796,0.871048187812112,0.787429719802305,0.652540828234973,0.492883149647901,0.345138043982452,0.23014888053677,0.149035707134934,0.0962429510235231,0.0609951023580292,0.0382677855023355,0.0236296566956554,0.0142456663774791,0.00831279570314964
0.0773334226359894,0.116640255259543,0.180250304100931,0.287034008778439,0.466207660527776,0.72607222790447,0.923061745841047,0.821544030202144,0.565187353542124,0.363865502607891,0.238719614835386,0.162164645455122,0.113442849264529,0.0809327817205842,0.0582363042376961,0.0417856702593415,0.0295401258502273,0.0203584298344144,0.0137437343694462,0.00999825302510749,0.0135990382717332,0.161016036407678,0.233955371706994,0.550390297183049,0.00625699219959564,0.0269621559595728,0.095986207320224,0.212576575142709,0.385779781876631,0.59143041293937,0.765419082881916,0.861576167206735,0.893183362955354,0.896832088589627,0.895171559137746,0.887323131384312,0.845022608211296,0.720964108219013,0.508743739094141,0.293411459698983,0.148023503079454,0.070150497957392,0.0323642000168441,0.0146792828413405,0.00658679702339158,0.00303999369288115,0.00153705336024277,0.00103010605051548,0.00111173767645908,0.00189309615400512,0.00418893068650125,0.0102849665630241,0.0264417721640158,0.0711654007327859,0.201499322882747,0.533423441828438,0.757166089131331,0.551490240732271,0.389028397938162,0.304923514027947,0.259876473894611
0.0258506148867093,0.0365125621256979,0.0522137479325899,0.0763845457009416,0.115779207460802,0.184593817716838,0.313388072808977,0.554535924733669,0.861185612914108,0.795021263620632,0.45502356183764,0.242029379105075,0.136111416326718,0.0805654294120363,0.0488845253996425,0.0294753245912091,0.0169814717358634,0.00877035119723749,0.00353017081553419,0.000681123352007117,0.000137437033654395,0.00224652085820358,0.00784855963520346,0.018404198400174,0.0360652436015862,0.0625583953294811,0.0888906096839283,0.026079252587629,0.723955642562339,0.779702302175365,0.297152118934134,0.00686261270959958,0.142349317208967,0.419200618921376,0.674746064147868,0.828303052316058,0.890435038071468,0.903912138590343,0.901156894522991,0.898540478300173,0.900294865349406,0.900750278923987,0.882333112185228,0.815225173534039,0.676597737850713,0.488374722905424,0.31016223354668,0.181101777082533,0.101342669663311,0.0556495496588131,0.0303282750547404,0.016528408552565,0.00919273306100503,0.00544156285843815,0.00381694612396278,0.00361489750630489,0.00529402143382286,0.0121629694858636,0.039569252731528,0.183634975737391,0.66835525852541
0.00632947439797663,0.00867441834869622,0.0119432975246673,0.0166584830374896,0.0237821286302483,0.0352463366830552,0.0553615462864968,0.0952058479157078,0.188422327665919,0.44525461081218,0.852822779464337,0.417199081878225,0.153792815924246,0.0700865408975406,0.0363663191699822,0.0199769160776353,0.0109620643088853,0.00562836532295479,0.00240591073635848,0.000613286225258694,2.44094654281164e-05,0.00075111108785843,0.00329638760727045,0.00883860365303259,0.0199919417343783,0.0429411422798866,0.0937524293509499,0.216770106118136,0.49469785466498,0.716279071375388,0.189171914206414,0.00693804181558559,0.00622389098480999,0.00132251864796005,0.000582312895011233,0.00716481850831522,0.0246532646471142,0.0591465447620437,0.120279293121795,0.220572790610978,0.368665831370986,0.552626288780774,0.727962329584007,0.845742025083497,0.896911263791483,0.907002867996025,0.90341000341505,0.901069501476539,0.904525552612113,0.910000713241517,0.907014714549093,0.878172811344309,0.808015507088425,0.694623368719028,0.556528199967825,0.421123149452044,0.307263897318459,0.220215879322591,0.157086057082172,0.112226066873792,0.0803189536972009
0.011280535936795,0.0155240484675394,0.0214876705199641,0.0301786111646939,0.0434802643449105,0.0652204954509324,0.104032422305034,0.181733170135866,0.357154909949103,0.719925972357208,0.78389630700578,0.358110592023767,0.156794655683172,0.0777257211658896,0.0415300270998928,0.0226454506170882,0.0118934187215455,0.00552106697010377,0.00186214903789984,0.000197306878178463,0.000333036974970612,0.00246512701854207,0.00718948269967476,0.0156437532143049,0.0297764401346567,0.0528300800579069,0.0898708530576113,0.146995489280665,0.218582416438425,0.173480273205612,0.602196849245222,0.607724981981228,0.31406054480674,0.084669023748748,0.00335952115472166,0.0817610435361481,0.313395513864514,0.598910150299472,0.798146857947879,0.881807024203205,0.900603028636156,0.898484390854453,0.896400036731082,0.900028874021167,0.905608632680757,0.900356867620083,0.863073929067175,0.772487981609066,0.629298322815834,0.465266691134411,0.319279057196617,0.209523007799767,0.134505135529438,0.0855246618319768,0.0552340385628797,0.0349990544382722,0.0221044705037575,0.0138680906910626,0.00863671338937815,0.00537138962528545,0.0034293956877666
0.0193417465351025,0.0278189662898741,0.0407191314616814,0.0614411881843155,0.097191626042662,0.164698147203982,0.304904510300894,0.594331790419381,0.889897235925871,0.630008062421975,0.319224275338905,0.17222223286783,0.102570576582459,0.0656733945580621,0.0440647695769752,0.0303742022046123,0.0211505857711407,0.0146379072148146,0.0098942090813963,0.00642265884434754,0.00402620647261995,0.0029191260370119,0.00624448504107604,0.104667820924577,0.420470136237357,0.114575732096331,0.0264218038105139,0.0123745336000185,0.00359119379540799,0.000407011027943084,0.000336609600775025,0.00274408120595687,0.00804113728895256,0.0172547125135939,0.0325416476752999,0.0507377478945797,0.0838849166579339,0.135651071558075,0.207490294958663,0.30794384196143,0.438485333787391,0.588711999969767,0.732636051330075,0.839750366834932,0.896465866915193,0.911681570381517,0.904669202028236,0.891931438396373,0.882954901210206,0.88103062318172,0.88965552501455,0.901680791567966,0.910378221502359,0.902266864218782,0.86091629327829,0.774691589409794,0.648353346923605,0.504581371946861,0.369722920764049,0.25927289934471,0.17623256721725
0.045290479888894,0.0689585758822343,0.108394583024161,0.178481777405253,0.310693819608452,0.555586968292805,0.861706557164522,0.837738111133202,0.537226550075101,0.319963609504528,0.201819503509139,0.136306859575847,0.097564106232991,0.0733151335857855,0.0576707967590652,0.0478543718917769,0.0431624524229783,0.0461382190050094,0.0747450644332149,0.323623088817092,0.342637373042987,0.402643431431918,0.0229424037798901,0.00523631079751092,0.000599998480245109,0.000290866582858876,0.0028841002896822,0.0091540025771289,0.0210928638509481,0.0409191166256677,0.0764749610574325,0.134004911305832,0.224302723669751,0.355570869499183,0.521982878722912,0.691528588748567,0.819317005878377,0.885432511112223,0.905557595672932,0.905988405663747,0.903983903156894,0.904947164130667,0.901643032004364,0.873020566257505,0.790098723642258,0.641277838642378,0.45979728569238,0.298024244827009,0.18308528867563,0.109260546877514,0.0645107497513767,0.0377234865464971,0.0215648379536621,0.0133138179227879,0.00732180699696972,0.00392282503530743,0.00201545889142465,0.00100145290399907,0.000523095658499457,0.000378513560183396,0.00062554524172746
0.049691018417934,0.0714889905097114,0.10449146115999,0.15668453637067,0.243151339904041,0.390643691883627,0.62691386503099,0.878085926086515,0.857598128485562,0.584865066217494,0.352716867046315,0.214562862425638,0.134959527206759,0.0870297643444179,0.0565880437711917,0.0363185433418892,0.022362665785204,0.0126192418557761,0.00595458189303852,0.00182540755735808,0.000103082773289678,0.000992113322144449,0.00495542743212998,0.0123863062927698,0.0217554373638872,0.0188252297434305,0.289930626299368,0.469130192741227,0.693922637450199,0.0775627755491116,0.126293736584211,0.355923922840298,0.56763380660561,0.735298868051908,0.843578775496592,0.896176991496882,0.911948008786183,0.910148821298757,0.904356643443212,0.901415591014073,0.902284965100191,0.899998975638533,0.876464795794614,0.800596758602255,0.648947149989075,0.448002772331117,0.265854943346827,0.141951744720029,0.0725405747130132,0.0355556912210052,0.0174179547838633,0.00897244749369449,0.00561006155906713,0.00534506926693887,0.00905880276024144,0.0247486929508665,0.0925528966516708,0.409487013635777,0.627861262792665,0.344186903595867,0.23661884058375
0.0183087057322526,0.0254684902025723,0.0357681767850262,0.0512384978654735,0.0758503951777463,0.118081359340379,0.197690898930253,0.362164990757878,0.681242638303544,0.871733465310067,0.509735277602522,0.239297855768859,0.121903416473294,0.0674193972046298,0.0390224378792248,0.0228000653380979,0.0129371570419017,0.00675506671240697,0.0029234701806729,0.000780464855190047,2.84621922442605e-05,0.000610932595330151,0.00266270625645387,0.00651345461414763,0.0127251876868096,0.0221736580981393,0.036130277725876,0.0561677191043254,0.0829753053088875,0.108038818611961,0.0636009591012471,0.488579278310436,0.664147148588718,0.353424399081638,0.102607806563376,0.0115327829892626,0.010950768304375,0.0368951444035484,0.104816887176332,0.219538292325714,0.363731918807743,0.522311832175559,0.680878440832492,0.806245153418209,0.883000557669827,0.915096488910435,0.916795130415782,0.902748955857934,0.884098805596209,0.867225975237083,0.855648287009117,0.849895247833572,0.851806947909864,0.864810777975933,0.87979766770998,0.897324461973471,0.913003147277019,0.920171036018452,0.909559100437824,0.871573805250369,0.800013169652823
0.0129584676973078,0.0179201990732358,0.0249551745730756,0.0353181475415665,0.0513854850307658,0.0780700387233598,0.126581467396561,0.225245189570386,0.444522038057631,0.815571966153077,0.703358509063258,0.318361367772011,0.147725987531839,0.076346463710619,0.0419980690869622,0.0234277841420776,0.0125665586369396,0.00598175430439078,0.0021090990704057,0.000265275664322996,0.000272642923254455,0.00233645106198771,0.00705620941364733,0.0155569538259059,0.0297287361460528,0.0526530386429231,0.0890827940726621,0.145077473420546,0.219851627354672,0.224840504978635,0.604309304021125,0.705938716306738,0.383267898203443,0.0366408388650164,0.0738350841959582,0.369682170639449,0.667423008686971,0.833424175976208,0.893610218963437,0.905449808697308,0.903838602665287,0.903499530117488,0.907136888425203,0.909188742680747,0.895692501738591,0.846154393892917,0.743863950593562,0.596180963542452,0.436561739966082,0.29867520266459,0.196677034446971,0.127200413699138,0.0816568205880097,0.0522800835341628,0.0334001453356017,0.0212215244488095,0.0133682667693617,0.00832277117392919,0.00514399738673896,0.00320124308645136,0.00210956510236695
0.0177085670807665,0.0244596087429397,0.0340363792868625,0.0481668325529187,0.0701368596500596,0.106730253013066,0.173219286183074,0.305922901757968,0.574379547565668,0.879270568119761,0.640515347597879,0.305949839225422,0.151528629660315,0.0818372803939054,0.0466461763067336,0.0270568608057246,0.0153662142982026,0.00812361095780709,0.00364395102465936,0.00108816364878815,6.26616588822261e-05,0.000446244378647205,0.00232097768384537,0.00595234547556623,0.0118029167083099,0.0205770754031249,0.0332368493930707,0.0509227570019703,0.0741763805931296,0.0986829182503915,0.0913639883213589,0.110813179152929,0.785144703823605,0.739980578487173,0.379435036030763,0.091252970946691,0.00409311733103295,0.0286594779433407,0.118543678974693,0.263062216342906,0.437768516799423,0.615724540037111,0.759873774613468,0.861413970185368,0.909462276527999,0.920343683441478,0.910751219566816,0.893501039926373,0.876318568321647,0.863704137811499,0.857601890480249,0.858683397255051,0.866645382918495,0.879950443857994,0.897447395061151,0.913637514977931,0.922511048053013,0.914797088358515,0.880536163147039,0.811956104399821,0.709705416344466
0.0543693547845416,0.0795629044744651,0.118803418053897,0.182897885840858,0.292420969761387,0.480538778158087,0.753665593748613,0.920651806139954,0.740478818387111,0.464499826988424,0.281266406873417,0.176033655260003,0.114215982416067,0.0758751193729267,0.050768771109874,0.0335763372359903,0.021414122826697,0.0126774787231721,0.00648602319631423,0.00241099689986353,0.000327913420933696,0.000260469997137176,0.00189333578406735,0.00250874798970105,0.0162578656064862,0.46902670279003,0.58736178502414,0.48969966812086,0.00966185326699381,0.0587280494636033,0.192791621056974,0.369389372834331,0.562289526391563,0.730602538408846,0.841681111032098,0.893926240321262,0.907663071427797,0.905106591676454,0.900383813277278,0.899431470042576,0.898386896648987,0.881475089789913,0.816924113370131,0.673842302322073,0.470592952319077,0.279760441546623,0.149078187785637,0.0750949300828808,0.0367877499892457,0.017886079598101,0.00902825043881837,0.00512626332704546,0.00396204661119787,0.00505290785068178,0.0105691285532682,0.0307519068637724,0.113347525160352,0.465330637086951,0.631700885346628,0.348754060039475,0.238658668500937
0.00109495655709466,0.00142017223812387,0.00182918781051271,0.00235127598569569,0.00303239213248236,0.00394844253536735,0.00523266920817391,0.00713944087349541,0.0102073380345076,0.0157608662705276,0.0278751131990095,0.0644860940870345,0.267691371168616,0.331147184120699,0.035673632185979,0.00922744907292583,0.00280112914207463,0.000708391672347477,6.44709081964965e-05,6.56439424862472e-05,0.000441226544555031,0.00110103841158043,0.00203196808934169,0.00326364175143562,0.00485792598528109,0.00690892914631714,0.00954962782702987,0.0129648777827855,0.0174127175643283,0.0232560592554398,0.0310224184363354,0.0414793389607235,0.0557694815443113,0.0756316078879016,0.103686062382082,0.143834100020999,0.201314474564435,0.281014013910716,0.378560824624757,0.449562599600834,0.313464399739383,0.0382318205165103,0.259090616377619,0.259361913910441,0.213394775056634,0.167207995620069,0.129784431045778,0.099100937764923,0.07402223478798,0.0529365809465437,0.0346905852565221,0.0188564975173119,0.00675943354543491,0.000709759945013629,0.0106610269898647,0.0634000109439438,0.211719951332439,0.497570409463681,0.781598760478217,0.838550351013996,0.771902407640802
0.010849501933318,0.0152132403202102,0.0215654398568043,0.0312363108408308,0.04687548818968,0.0743250604723836,0.128063743574978,0.24852487181558,0.537642386397236,0.866283466809964,0.496859272353654,0.215571359335587,0.108038237449379,0.0610517859960068,0.0370841826512409,0.0233595305258096,0.0148151050694713,0.00917067338192228,0.00530757629148538,0.00265891120793207,0.000958302886912562,0.000118352059789127,0.000109500021085434,0.000543863617187505,0.000130921574855286,0.044895297331804,0.483758113159674,0.374581631487713,0.164466603465806,0.0770896504092105,0.0403271644098748,0.0216335320655098,0.0115018225234955,0.00513262040076846,0.00153565353911014,0.000113503649625994,0.000845146408631135,0.00414559867525646,0.0109145677287257,0.0227570362713363,0.0426315823593487,0.0656006233295265,0.113988333084864,0.186076626481331,0.290322072282885,0.430604574523224,0.599970564549801,0.755077348874199,0.858022945448514,0.896866052666975,0.891367401418228,0.867566379625823,0.842266374068208,0.824502952998165,0.81762862503475,0.82199544011637,0.836518977713108,0.858590488167618,0.88337746935284,0.902718183551122,0.904422060063271
0.059667588275217,0.0868471823910508,0.128747463014213,0.196232954533769,0.309280203906005,0.498054854552114,0.763102363154001,0.924400006443072,0.757844421661777,0.484436309543368,0.294937290447007,0.183815551389335,0.117991368515271,0.0770916860653349,0.0503754129910982,0.0322025160273369,0.01951013551632,0.0106076055224539,0.0045947000300193,0.00108265031193068,7.01180871097059e-05,0.00189857414116979,0.00722842883122445,0.0168434767171565,0.0303922959881252,0.0368197316804759,0.216812141142274,0.317294178666521,0.504003236210406,0.226485213371861,0.46186014594345,0.634347804107051,0.769007015649016,0.857858308392233,0.903324106418328,0.91963309029043,0.920248211408085,0.916419553363395,0.913576593095869,0.910847201185304,0.8981268910388,0.853231171487234,0.745394316150525,0.566398133978482,0.364593748746001,0.203991916420257,0.104111785950071,0.0502652511230537,0.023348131209673,0.0107333802885075,0.00517594338108609,0.00322761044439858,0.00333473951484688,0.00650644308393379,0.0183547392028608,0.0677897725735211,0.286684863252121,0.723656370053212,0.471766343855752,0.308060207617529,0.241068817548884
0.0115319875831059,0.0159129680159853,0.022123867760591,0.0312921059945847,0.0455875100780504,0.0695863474218336,0.114114523575517,0.208103448720694,0.430763095349165,0.822812581761403,0.62491573136112,0.256388282408303,0.116110187857513,0.0597282152728824,0.0329745691317946,0.0186206437430138,0.0102718661365477,0.00521000722713956,0.00216144936000995,0.000518707429923064,2.12746847030605e-05,0.000632635410492854,0.0024966484687538,0.00594340013248449,0.0115260848513152,0.0200296632171954,0.0322008162709687,0.0470594348153878,0.0531365425930476,0.0102623660789812,0.407901705344038,0.592714674710659,0.389019766654959,0.205358425645246,0.100960555972709,0.0473015579482794,0.0173221905587674,0.00328431478462975,0.000759491872051165,0.00928275361083702,0.0312121298562832,0.0656499032516108,0.131371417379193,0.229207685890722,0.361804485054219,0.504872611829934,0.680859527762615,0.815148358267829,0.888345106246803,0.906428813303264,0.891452638829493,0.863468701321861,0.835566505745122,0.81359184518864,0.799674904828162,0.794528441003259,0.798142917352327,0.809790679583153,0.828377468946694,0.85209076536891,0.878010009499526
0.0107068831363029,0.0151267531747541,0.0216408746892147,0.0317065879186439,0.0482867125213259,0.0780631468733632,0.138128286987951,0.27736492177828,0.607276743756672,0.837769393900839,0.431229520650349,0.192864578120084,0.099914081778051,0.0578439103863698,0.0357372682098224,0.0227231503139368,0.0143751237526607,0.00866028089429019,0.00458528716633799,0.00172135218214777,0.000153130442969415,0.00105957415024173,0.00977464228142065,0.0508826215802984,0.0734954500211802,0.00993090188327211,0.0117928469864904,0.00588427870722938,0.00247279461270818,0.000577870630781946,4.40812058046038e-05,0.000963094142709116,0.00370980409446601,0.008996998826843,0.0179519727407094,0.0325390463444538,0.0557902494959528,0.0922149407052589,0.148421442587922,0.232962444779828,0.353084044641282,0.506259061072833,0.669018828568631,0.801184757891352,0.8756129472384,0.898609440043282,0.894617643086794,0.88438911369005,0.878369009940295,0.883958557317672,0.893639039735339,0.899250687347596,0.883974467909693,0.828595463980359,0.724013366889303,0.584280599784041,0.439780426189835,0.315460699344131,0.220529793523661,0.152516054428988,0.105199635355612
0.00244789908236291,0.00322402099462684,0.00423024748357867,0.00556200619982277,0.00737649194438716,0.00994882261618111,0.0137983496406709,0.020005894051678,0.0311515157268434,0.0546626443890554,0.118773435298238,0.37233855745607,0.658338740828461,0.120701694933267,0.0358604086953728,0.0137845991488864,0.00561752833581056,0.00208707924642237,0.000539461620343661,2.74305063833964e-05,0.000174377132111446,0.000837412749863829,0.00198995642821178,0.00367858556857914,0.0060102442995813,0.00915442895439537,0.0133621022814556,0.0189898476606938,0.0265504779981426,0.0367858526750679,0.0507999972559236,0.0702338489007732,0.0975819744477911,0.136533061802858,0.192159881194718,0.269185653637801,0.360492730172739,0.383026316399414,0.0267941076642056,0.463059182156951,0.359266360600633,0.262199472642793,0.128754646447585,0.049168549362539,0.00766199507215843,0.00937403950898492,0.0475778532911185,0.179223019420542,0.404217161537632,0.661922286807812,0.834294682031989,0.888168037729111,0.874592211001957,0.841379421656464,0.808487616686125,0.79089869351946,0.783305724392223,0.786829105345267,0.800553460955221,0.822603487603625,0.850340131231071
0.00417568652787728,0.00557301249930226,0.00742932843620714,0.00995768982822831,0.0135224512229841,0.0187906190815221,0.0270919599586657,0.0414063447683092,0.0694971709183426,0.136298959035523,0.34086822038652,0.804729400185424,0.318445055485866,0.0935984733692168,0.0365386433598036,0.0160538486054952,0.00703170666018809,0.00268289688836332,0.000653048599946547,2.07364101908301e-05,0.000433007695538248,0.00182011028393484,0.00429962729939541,0.00816672749042461,0.0139275500121608,0.0223911269994143,0.0348209979295236,0.0532012311818898,0.0805430242861708,0.121093805595231,0.17886113527267,0.247151158521591,0.252911379825289,0.0291962475561625,0.441450583083849,0.422531387811093,0.307217525144912,0.198292793537778,0.119556021262054,0.0634841712229058,0.0264567936580348,0.00425148139316094,0.00474719749175559,0.0443365307236238,0.153400620490655,0.359858463586072,0.62268364704026,0.814700398868614,0.88047462116251,0.874294420154295,0.850191934811594,0.833754761138443,0.831122767677575,0.841896473314563,0.863192247246194,0.887759594894284,0.902802330803292,0.889141640738833,0.82815435034911,0.714963913592875,0.573889930876077
0.0311762486611135,0.0452866700475111,0.0670896676815257,0.102680085778812,0.164832859435915,0.281256145567241,0.503228727640589,0.821237208658365,0.849011469072085,0.528758476835834,0.294534924870657,0.173437870921672,0.10915986763358,0.0721731337021547,0.049218207848227,0.0340707752097176,0.023588157257333,0.0160921227366086,0.0106666696274815,0.00684817119153146,0.00452589037802935,0.00438780811273586,0.0159725451695552,0.280428177445209,0.658240533592656,0.669436875836501,0.163332991064989,0.0413771420763942,0.00760116563148517,0.00039280860214664,0.00491554041039747,0.0205019624109613,0.0498365181653332,0.0983818591091514,0.174181748068632,0.28424604041086,0.429192869561394,0.593389758319443,0.743633620233577,0.848014429656797,0.898720270913312,0.911028318159076,0.905638352307276,0.897790136944691,0.895149174980927,0.899508147401973,0.906939329606183,0.906315283138854,0.877996565581413,0.800006628591142,0.66537222181902,0.498444541106271,0.341568341008128,0.220084546364096,0.136693484691532,0.0828481472312848,0.0492125218595963,0.0285463868153891,0.0160642719449286,0.00875223753195014,0.00464133135611593
0.0123985476171633,0.0172239400140047,0.024121258424966,0.0343822717971751,0.0504905422011295,0.077662496353769,0.128099693250588,0.233459308199908,0.473006288753378,0.845870696110916,0.647169075554579,0.286298400492152,0.1353371320725,0.0715098753877492,0.0402515818516132,0.0230400781477815,0.0127794013899404,0.00640410595746604,0.00250208169391299,0.000455354041435141,0.000118669370036262,0.00173247403917963,0.00598307442045265,0.0142343981067114,0.0290050123955971,0.0549370042244303,0.10029750133937,0.176121801591055,0.255830270597352,0.0480976523286963,0.440467038765812,0.195790682481897,0.0417209003240525,0.0017875933111317,0.0496381962545132,0.187535602078839,0.404444864330882,0.637030307016425,0.803907989050772,0.883371362008733,0.906516476212975,0.907663196412469,0.906141190617041,0.908239263121713,0.911994929745025,0.907638033254293,0.878278988300332,0.806438811294382,0.687374992781608,0.539900515351709,0.396671127092261,0.278035661320192,0.190227228266726,0.128837739730558,0.0870560476744937,0.0587831259019033,0.039657144001243,0.0267046752645638,0.0177544439675261,0.011613386424354,0.00740256984299905
0.00847559026919153,0.0115325578162407,0.0157466775107823,0.0217506250789947,0.0307002260442647,0.0448831269763965,0.0693167087529964,0.116554551870477,0.222808491433306,0.493077078342109,0.855624181286484,0.434384109795268,0.161986834487466,0.0716493010593278,0.0353015709491494,0.0179883920569783,0.00883212196122403,0.003780965673864,0.00111407756255637,7.19596940105048e-05,0.000353486776422795,0.00192408745548919,0.00494384169059624,0.00975483496367078,0.01690133546538,0.0271883056482276,0.0417473335163605,0.0621361710744408,0.0904800519364772,0.128803129236054,0.181675125182981,0.251535080036579,0.34070178599273,0.44852691836746,0.568843549105302,0.688987607086703,0.791575937799541,0.863981879914759,0.9090706758847,0.922743188682634,0.92649907225437,0.919589118799236,0.912233659766828,0.908532182536673,0.910006666158249,0.915810218978258,0.922456760888465,0.923548549605293,0.909537727419775,0.869299101539131,0.795911098431389,0.692004560728271,0.57063407392923,0.451948382258672,0.345791986738068,0.25954789079873,0.192854281906324,0.142789838696221,0.105677362946399,0.0778767154667696,0.0576687894451906
0.00620309010765548,0.00831824978830884,0.0111557516882902,0.0150632928444626,0.0206398986849368,0.0289950885495157,0.0423667282614694,0.0658228938591295,0.112643015048197,0.223988523807916,0.52716516790827,0.79759495147586,0.294749604959372,0.102719714834407,0.0431082776848452,0.0194346858630933,0.008472199596562,0.00308055481815172,0.000623672525191727,3.46444813269679e-05,0.000911692937411349,0.00320114393691409,0.00708684746760156,0.0129684955870564,0.0214865442360956,0.0336007396659779,0.0506723473996045,0.0746259410134353,0.108053449388908,0.154324816149607,0.21738052827855,0.300396046198092,0.405898766391124,0.529032002636147,0.657628251033648,0.772648949371509,0.855645937136282,0.900884255479068,0.918203571891242,0.911767110430302,0.904521632439948,0.896120203782819,0.892037656157023,0.895015898958455,0.902437477713203,0.900010866384945,0.898701138065204,0.855811849900025,0.762573280406999,0.623433593549346,0.467045915620852,0.326294868549291,0.217930077987379,0.143207351831502,0.0924895501859037,0.0593998304782089,0.0379555173978441,0.0240750489869362,0.0151106616393167,0.00964565647181403,0.00607540279979228
0.0278857963671663,0.0403197443230208,0.0593379999033152,0.0899722972736742,0.142640101391794,0.240060163094597,0.428592161029473,0.742267034871174,0.899557804171887,0.613268478682321,0.339719383171425,0.195207585937862,0.119955693459371,0.0774648410651899,0.0514017206611434,0.0342609147243322,0.0223337315821994,0.01368540245644,0.00730942276169851,0.00279476281479421,0.00030412508995743,0.000959738096090556,0.00840747393041332,0.0354520791963881,0.139966366892612,0.524102786126865,0.0505789188392293,0.0317303690740568,0.00275295589729672,0.00605045328308091,0.030358788301374,0.0815695316576843,0.170881066492613,0.306760109446432,0.48096049938684,0.658000174711859,0.794041606996646,0.87209257100642,0.905868750728633,0.916991465632235,0.919591406012553,0.918633164919736,0.91027899419912,0.883945867949058,0.826101522618514,0.728517873435566,0.599341029880638,0.461267354378348,0.337588391493963,0.238086892662776,0.166820373289096,0.116153340675093,0.0809297351740356,0.0565718578930622,0.0396463068448307,0.0277996985413952,0.0194369345963317,0.0134924292917354,0.00923883535223707,0.00626854429864741,0.00409854744284272
0.0138948452371285,0.0191486003021675,0.0265507357613124,0.0373585341808916,0.0539068935234545,0.0808861583321616,0.128648608348473,0.222157975997942,0.421034394339731,0.772287483204533,0.782927999981645,0.387071622250465,0.179142637080261,0.0909740439001264,0.0490772189446815,0.0267483826703176,0.0139099996102956,0.00629143348033543,0.00197829146445998,0.00015200499112942,0.000618862053872157,0.00365818909020424,0.0100355084945216,0.0211407516056917,0.0392809206203205,0.0680752779277218,0.112957439675255,0.181047410839079,0.277552619718483,0.384549553131238,0.249909413962284,0.812066843866056,0.70429356629933,0.208578568865553,0.161378659642914,0.683919265961497,0.861018211845952,0.894867391130957,0.896257060325477,0.896105258566388,0.900354052325835,0.902330488208129,0.88396515076831,0.817512314688953,0.685430086402941,0.509120946105622,0.339611387497835,0.21119927881611,0.126859611482135,0.0751653248482891,0.0443632632995985,0.025959122220824,0.015275356426002,0.00901787758323978,0.0054105175509763,0.00342678134923755,0.00246089788142028,0.00228468960952403,0.00314484063100104,0.00642762689343123,0.019301509280339
0.00300713065171116,0.00403902365682176,0.005423041724219,0.00732682910896602,0.0100378663442024,0.0140837236767842,0.0205186691661745,0.0317101193204703,0.0538490444320946,0.107046201853009,0.276045391689826,0.78002721239808,0.331326454803232,0.094441972146805,0.0378210348894831,0.0176001595895595,0.00848141988045449,0.00382896484133426,0.00136869871662469,0.000221544821613372,7.40916553372163e-05,0.000926642099495182,0.00305394433214592,0.00710125138586229,0.0143736085256622,0.0275477698086051,0.0524017791038076,0.102187593231926,0.207165708050777,0.410640977222407,0.573133076016079,0.130739812939577,0.0683571619431332,0.0555038939073322,0.0331998031791311,0.0172986871297745,0.00702006864314248,0.00119331325679019,0.000908307357698862,0.00962767209132425,0.0336754520226069,0.0857741545571606,0.186256234606294,0.355107631370119,0.576801752366431,0.77076960818916,0.868930223376819,0.891205585140923,0.88682492770961,0.883511933906221,0.890410110441094,0.899779895787458,0.895362643933326,0.853594915374504,0.757781185828146,0.617626395787376,0.466709585442657,0.335447653490362,0.235574158842245,0.164494844677582,0.115394301058373
0.0249398053015389,0.0351057110818447,0.0500542730229158,0.0731178306573592,0.111021333023817,0.178430376021447,0.3087218166538,0.563324351846187,0.875488081832747,0.72169776222921,0.371599367011198,0.188160087744869,0.102769461322987,0.0593360001656277,0.0350954825560758,0.0205691648625671,0.0114749213610017,0.0057037767507767,0.00218474202623724,0.000386145179125585,9.5922054444917e-05,0.00133107772433611,0.00430546485037797,0.00944381376847225,0.0174283191774385,0.0292989501996975,0.0465565136543562,0.0712658925674642,0.105567030082306,0.147274509902849,0.155127679369514,0.242454978726217,0.743338332547558,0.356582363638624,0.0427682904908575,0.0111321307244968,0.0946307520557642,0.22840820406189,0.390835564415842,0.558279925685621,0.708107135364569,0.820484853602907,0.871194391036837,0.919243982422396,0.925404926881861,0.916853121877714,0.903101139099511,0.890303092829219,0.881682271898259,0.878840357953606,0.882155753514517,0.89091373587254,0.901236649093405,0.91587866521938,0.924788504144639,0.920779505990878,0.895133719491036,0.839959955493407,0.752270175248643,0.638468828136952,0.512511228781699
0.00201941612226969,0.00268726687696863,0.0035689441080759,0.00476029438867972,0.00642279425576569,0.00884703908303722,0.0126014057798332,0.0189257134647578,0.0309790191931854,0.0587696098624239,0.146469345797174,0.549547695069222,0.358979457882138,0.0730205859294123,0.0250698256441904,0.0104130957974051,0.0044443048642902,0.0016837732495136,0.000417306300164239,1.43284967370305e-05,0.000246335697390377,0.00108038262622049,0.00262040666946961,0.00511453608812018,0.00902310669782067,0.0151634446030375,0.0250267026025853,0.0414841294415843,0.070378458673375,0.124183162750374,0.22848786719022,0.41221070910145,0.559054240100002,0.172361704453406,0.0349315081539781,0.0460543495788574,0.0296918948431685,0.0149521867970506,0.00539220713328731,0.00128511418133317,0.000863004299807626,0.00824717112826881,0.0268462838733539,0.0655813818751319,0.140188442410403,0.268804776481581,0.460171050362244,0.675110446773085,0.829146291197441,0.883717679025931,0.879196013545692,0.859250890831288,0.845700056777188,0.846456029005216,0.860586246666901,0.881905865774965,0.898126696237401,0.890547799732414,0.839658061689448,0.739003001591263,0.605066045310701
0.00323904857824323,0.00431458025026405,0.00573693204209135,0.00766245325282628,0.0103548535845883,0.0142885128720435,0.0203881348605027,0.0306644527984424,0.0501543844683473,0.0943075308078467,0.224341380593192,0.668315878134088,0.447283670111495,0.113855842339291,0.0419111779724402,0.018381486119571,0.00842322080312283,0.00361507414380683,0.00121536358448265,0.000175007558282704,7.62160273169383e-05,0.00079594428657017,0.00239301445397863,0.00508955512497823,0.00930340124772019,0.0157424898602378,0.025595415441258,0.0408529183151822,0.0648772386831982,0.103030991753789,0.161465666993476,0.230710301003906,0.183214556790325,0.1140845571193,0.31272479534656,0.223819952768913,0.144715602815011,0.0877197141271825,0.0499628279714217,0.0263824414309674,0.00965848258897284,0.00125173931712269,0.00247141355874959,0.0184894470847941,0.0591683219074373,0.14420571539788,0.294251246579024,0.508889788032783,0.724804432231516,0.854346650980602,0.887458215475328,0.8722866869196,0.848788991788194,0.83388352983303,0.832550013262357,0.844395833141602,0.866085335887855,0.890445506498656,0.904951554045827,0.892529033401909,0.836718208310693
0.00945190282680985,0.0128910858585721,0.017657160579259,0.0244936375217509,0.0347728725506693,0.0512397818540305,0.0800034886294744,0.136458055445598,0.264712124176665,0.575559263562571,0.84301750134432,0.403034366485651,0.161442104026868,0.0756713049439876,0.0392980295720993,0.0212955077126356,0.0114171439992595,0.00568492687892881,0.00234416766212691,0.000578386487298895,2.09483237018707e-05,0.000561520029351562,0.00227406813766731,0.00540347680882706,0.0103980663674353,0.0179854198004468,0.0293286870106242,0.0462455391307472,0.0715566993982549,0.109099463373884,0.16048950623498,0.19576300211631,0.0203028817287195,0.578025159548324,0.366411060595228,0.137348518486469,0.0340523044261168,0.00157515567370327,0.0132908282253126,0.0687286335869424,0.157323708106248,0.302170526518874,0.479503973806125,0.659146429798645,0.800854219508582,0.882568031290927,0.911308374837702,0.90833192995337,0.89248125228933,0.87596388922799,0.864641389322278,0.860526419134366,0.866391245283192,0.878434798716968,0.894732357371981,0.910478332877025,0.918243834336156,0.907702026149361,0.8684788480015,0.794564866774793,0.689550759252094
0.0268868400935054,0.0384840681593748,0.0559401637374934,0.0835438427715033,0.130035377790646,0.21435881075373,0.376948006634556,0.66832244110758,0.907129997934869,0.67470919287827,0.368565806354547,0.203778198407385,0.120516870217876,0.0750218675608926,0.04794984722805,0.0306719976572365,0.0190468007876137,0.0109707180290677,0.00536769449317276,0.0017621160615287,0.000117657798301294,0.00080993728549372,0.00457299867753046,0.0114225585198712,0.0112713082972976,0.243188280509974,0.751002568918658,0.202219064527763,0.059930965969029,0.00152920665808959,0.0269823434362489,0.108120310280411,0.24846954593623,0.440690124628143,0.642987146731972,0.797035895726773,0.878568166966847,0.906319040408619,0.909509816768629,0.907709545837162,0.908309126639135,0.908587476748359,0.895197280023548,0.844736822448688,0.734804692125644,0.571858806508144,0.398254170658568,0.255612637024936,0.156757762338769,0.0940178902772178,0.0558994643016065,0.0331215271582291,0.0194582667375792,0.0113319797301211,0.00655862160191554,0.00383268935813601,0.00236825374713354,0.00176295253825058,0.00187562801289308,0.00337698607391996,0.00997609273001696
0.0240405952278031,0.0346793722370907,0.0509463363796059,0.0772104200518086,0.122706561981886,0.208410291751247,0.381503148364507,0.696552733750904,0.885748873476137,0.584652227408195,0.308541338977287,0.172408720642305,0.104570640828941,0.0673635691669943,0.045065778402094,0.030730348976287,0.0210053551333163,0.0141592315818645,0.00926765875332239,0.00586428236572424,0.00381394306335705,0.0036361624847111,0.0122808810913532,0.162021830518436,0.706976218651407,0.711764991897824,0.295888561154648,0.105092517598045,0.0391756779082989,0.0184987450070067,0.00534829394548043,0.000456469619944122,0.00162486219691618,0.0093563664772459,0.0259232369567035,0.055606233073527,0.105360782503645,0.177316337355252,0.28621171058512,0.439337512377577,0.610702300187577,0.762372502790107,0.859342402218402,0.897400021197128,0.897918107009626,0.884758105814959,0.873393507915794,0.870679676456389,0.87800625954118,0.891586398321602,0.903469864348849,0.893578484219594,0.838988950423908,0.725247619504679,0.56821448394758,0.405295037483856,0.270123429950621,0.17232174356618,0.106881084106428,0.0646862068843911,0.0379956992153106
0.00927876711146495,0.0129514980519638,0.0182496214487402,0.0262226000851993,0.0389332856788954,0.0608434829458961,0.102886603356047,0.195841697209472,0.430380071587313,0.841942910005767,0.567472514070899,0.22894938716466,0.106989789820282,0.057189772761337,0.0329086283725367,0.0194276573146301,0.0112466536583901,0.00599463437489067,0.00259335057359674,0.000604365378519037,6.07859455367378e-05,0.00159907135666219,0.0071649695159502,0.0225493431287076,0.067512933504759,0.215950927104223,0.494955981572297,0.0593862591486748,0.00527026047425476,0.00594796628723611,0.00200912840989408,0.000106760695965774,0.00134517396847955,0.00710353576298818,0.0188346266017412,0.0397773214890731,0.0749938229638841,0.132031877396006,0.220547749373176,0.348391621002387,0.511201579003921,0.680555438459514,0.81288557868828,0.884892416864074,0.907598585928282,0.906393394844773,0.900892771043464,0.90027677315533,0.905522300768831,0.911819677182582,0.905978141243027,0.870570222338953,0.790874368995893,0.668638694452628,0.526223212905392,0.391614252184024,0.281481121966167,0.199039277205351,0.139889106450118,0.0979885251332237,0.067508190801474
0.0197958008228798,0.028299715855042,0.0410578537948662,0.0611345417944118,0.094763456226308,0.155695360872433,0.275942884557226,0.519224497736648,0.851529510429961,0.752612182247497,0.40354812560744,0.210857054640858,0.119036219111958,0.0711622449376113,0.043559173809608,0.0262909476732745,0.014869750440363,0.0071743765160279,0.00229447018729276,0.000124083943693235,0.00133819853809759,0.00765424994191533,0.022579001162968,0.0525211710252596,0.108524124205205,0.206629966274073,0.360832740333773,0.558984784737047,0.732358263125272,0.857049628428369,0.876121339158528,0.907685193398453,0.91030427903867,0.906696429057453,0.885275835557161,0.819806162938969,0.690967610887435,0.517271952773984,0.348610550885817,0.220149174494891,0.135081941186997,0.082358576023895,0.0503726857116425,0.0309821430642238,0.0191231861907151,0.0118100337523993,0.00726419084947699,0.00442813527875554,0.0026641419719645,0.00157543739473077,0.000915635906272033,0.000523487853936651,0.000304683655475345,0.000192054265561111,0.000147356080089857,0.000157038755248124,0.000241786068675889,0.000488083422696504,0.00114714806853468,0.00295121176201185,0.00834264998439791
