0.00820750622618703,0.011178733719243,0.0152769283927693,0.02110959079185,0.0297711866767616,0.0433956467046636,0.0665822785063624,0.110591027789747,0.207396938986142,0.451062159141692,0.805588044632982,0.476527242764502,0.188382322207947,0.0833962619115631,0.0406187723185737,0.0202946260152731,0.00961392191396914,0.00379741156365875,0.000872504485586384,3.55211132435555e-05,0.00108194163324705,0.00421574779394181,0.0100292200991071,0.0195926235648035,0.0346475891417744,0.0579151251785972,0.09350146149595,0.147245817035886,0.225622562662939,0.334826142635869,0.472692547624951,0.613274315625279,0.667799915307993,0.647491118385728,0.772946587188986,0.433354947319901,0.581734418069444,0.834426726456269,0.861606000413028,0.869334392163347,0.873046795433806,0.866848966120773,0.832359654731352,0.749222887971598,0.615043209489577,0.457531455513484,0.314304552407638,0.205415325580904,0.130990637843968,0.0827678456352324,0.0522216433878283,0.0329401522949659,0.0207653779988729,0.0130490917084616,0.00811138417759921,0.0050666616925774,0.00317051955822509,0.00203217997301125,0.00140902110248812,0.00117151378917293,0.00135242408384282
0.0221323463494656,0.0313762707301559,0.0450818205467921,0.0664006766593484,0.10172552696466,0.165158078443298,0.289657732977893,0.539722794066499,0.853887783175819,0.717301904635039,0.385282450222854,0.201465645889033,0.112841521056986,0.0667409956725701,0.0404731920934639,0.0243629803321395,0.0139714652548913,0.00713336041414171,0.00278434660816912,0.000476043234534963,0.000186187728907226,0.00228285633961278,0.00760109874802799,0.0176414736570348,0.0349381713957376,0.0635966660391756,0.110310866580948,0.183580033380397,0.277885333436927,0.214384320655188,0.587215728838622,0.100932462622124,0.105213078125339,0.404034453637341,0.651734440327482,0.797112546797203,0.867006189589119,0.892765223344793,0.899452018050466,0.900401841734455,0.900611179705116,0.898845801214217,0.88834225042957,0.857612315189884,0.79423866906255,0.693351542943508,0.565316977217157,0.432176581595621,0.314236493851471,0.221155472246799,0.152857924807728,0.104627742662526,0.0712709347377798,0.0483561097840347,0.0326187321210152,0.0217852509424962,0.0143092504086502,0.00924261389223526,0.00573041662980151,0.00335916520652537,0.00181131716413232
0.00610214746210023,0.00835908955145769,0.0114980088402293,0.0160096538437538,0.0227917893233494,0.0336291542118021,0.0524724528349267,0.0893973539302831,0.175153705342455,0.414748839820345,0.790763045201573,0.406135863400837,0.152799508712474,0.0679306071710239,0.0337020901384046,0.0172402164642717,0.00837222043735946,0.00336883932370349,0.000752999696487763,5.28166141819874e-05,0.00145551351195259,0.00588528646167229,0.0155231911502712,0.0351949305752201,0.0757886919442651,0.161333287373088,0.327710254710034,0.507614603167213,0.26239164763649,0.0483828753018096,0.0811845685275881,0.0563359891727536,0.0278432422745531,0.00716666020206964,0.00180676565946683,0.0296971255869064,0.12795006069658,0.332745809818001,0.587666468338832,0.758358898686853,0.822669869049142,0.839260164389075,0.844696692543239,0.841752140021138,0.810449247629915,0.724309940354881,0.581684319020302,0.420122863422361,0.281381586601326,0.182539462446858,0.117231288756981,0.075631066606254,0.0492540639711104,0.0323730213827109,0.0214543487623773,0.0142500495614263,0.0094466392981609,0.00622008592729396,0.00407325475023287,0.00260379806214508,0.00162851426578255
0.00294065204483601,0.00396800844453467,0.00535921527873306,0.00729632537169394,0.0100985103207707,0.0143683640793596,0.0213581703142024,0.0340298197249516,0.0607897552866177,0.132714137468535,0.40021019137431,0.636577077290194,0.182844942626914,0.0627593613295532,0.0273237935934231,0.0131881049669289,0.00641619324596514,0.00283762541374042,0.000929636066318584,9.74183206347225e-05,0.000170380762066212,0.00126901501254454,0.00385698771407697,0.00901338860988685,0.0192056356125716,0.0405283212802965,0.089625631581507,0.211724508617658,0.444540451709072,0.472269246092491,0.0641104092699962,0.00411684388670867,0.00788820519684509,0.00529095243182049,0.00213577732014992,0.000279881950305736,0.000569407915822856,0.00341610700950989,0.0108805555382315,0.0257746267708381,0.0524647725828828,0.0989890415421073,0.177184487005121,0.299470239124952,0.46529812190111,0.641286730919608,0.772819047544645,0.835609276964364,0.849554973092901,0.845522857202618,0.842365961484107,0.846594091732453,0.855560452766468,0.858484050323865,0.83768467349456,0.77555027516639,0.668749153982936,0.535874454744563,0.404927848139369,0.294954489790076,0.211164696842899
0.00678323725310508,0.00926675350451141,0.0127199567525069,0.017695265531507,0.0252210735832563,0.0373892426267586,0.0589752023075048,0.10267633221028,0.209217030374044,0.511911140413714,0.75287000536486,0.311513214176219,0.120979034312694,0.0561646213968097,0.0290331558519819,0.0156678225662932,0.00834726836866607,0.00409804336680019,0.00162932107657519,0.000352857461541404,2.63030447749969e-05,0.000617747147498989,0.0022651182227453,0.00528826842212161,0.010237329361797,0.0179456936718258,0.0294190135479212,0.0447046445317837,0.0568641653968189,0.0339517607677724,0.0591006907333285,0.309045819648841,0.315631919865689,0.229466392880559,0.151395051982694,0.111550052544314,0.0741072973542514,0.0491458222118986,0.0316606508817032,0.0189978212581027,0.00997733759980267,0.00377514480542736,0.000557426609415027,0.00106156499175178,0.00727641391131014,0.0182291708843959,0.0451119590676493,0.0935935926268623,0.175924492611697,0.304288214631768,0.475210825399382,0.642574477157429,0.770436483003172,0.830367079161542,0.824710142234642,0.793071395115861,0.757684603784043,0.728442631859134,0.708654623614495,0.698852491296917,0.698596130768805
0.00436816717891421,0.00593198583543717,0.00807453140505129,0.0111000859374814,0.0155526569028588,0.0224837992364887,0.0341424956363216,0.0560368529120282,0.104411440661172,0.239770900802478,0.649056873506414,0.537624815890937,0.17673208602582,0.0710485035994751,0.0339419291491969,0.0175554917303969,0.00915012057376598,0.00444453514894943,0.00175054455967511,0.000362541093715897,4.21669056519391e-05,0.000864737256861645,0.003246205333573,0.00816216375589653,0.0177591790166398,0.0370266398822094,0.0786611678222795,0.176429080340855,0.387221144718602,0.539600295332521,0.132502261513973,0.00628862037229165,0.00965473890561472,0.00388905549515519,0.001404386455215,0.000489421553755012,0.00708387365421083,0.0225685539836654,0.0532622017679415,0.108544991417795,0.20117877391084,0.341005336229426,0.517703454192286,0.687728161973232,0.802459923754087,0.852787537985728,0.863326388402581,0.860498677234444,0.857793673614775,0.863941664159486,0.870000064484938,0.864899169004573,0.831798431681287,0.756789492926968,0.642019769553622,0.508540026926161,0.38197822207514,0.277649652223305,0.198596619483405,0.141115568128441,0.0994617628982766
0.0515513269673116,0.0742138467930752,0.108643756648771,0.16342254704721,0.255008543332347,0.412761382918535,0.663108276521644,0.894840368160726,0.80800450112404,0.525725323166318,0.312193024829931,0.188033490978505,0.11668452306726,0.0737556671799243,0.046579239366307,0.0286540448223724,0.0165398417671179,0.00837477571414789,0.00317311258456702,0.000489964389596832,0.000267460482049178,0.00277818790974015,0.00862317409337834,0.0187469431846365,0.0343813554172979,0.0565574935678791,0.0830404134047008,0.0819217445745585,0.332588369158735,0.433123771701697,0.365159332461849,0.421551785596686,0.620948954089331,0.749828213353132,0.835613613643078,0.884032496685017,0.904206941664389,0.90789701604737,0.903856172245666,0.89822694739563,0.894353910374607,0.891643283299498,0.884140413367786,0.85787865768978,0.790606527735332,0.663875075979761,0.489694048725868,0.315000652681595,0.181063286985184,0.0960981304807006,0.0489126404839286,0.0239215962220991,0.0123664140627074,0.00755789036422955,0.00741137009435112,0.0147442897442409,0.0532475156698432,0.237812325464183,0.383111278987913,0.262053615523849,0.19604528691374
0.0262821840023951,0.0384970142700358,0.0576210704556308,0.0893650183857431,0.146112837394127,0.256372518389176,0.479032626519877,0.812867003906902,0.817454979635718,0.496336730796653,0.277911985309723,0.166291120833103,0.106883793072388,0.0724665185240232,0.0509088398989409,0.0364974619906426,0.0263399739670938,0.0188960844464546,0.013379625217273,0.00967515789420702,0.009904700520282,0.0631236718942992,0.229830704668257,0.0499854583928983,0.0145072189612463,0.00373598037452058,0.00030686830075503,0.00101847023814023,0.00630228347567867,0.0183815708544811,0.0415982968854878,0.0831408491415793,0.15361390112697,0.264591938062363,0.418401104600403,0.591789514399101,0.738648816679996,0.827460176919066,0.864386919180774,0.873706705683418,0.874408125760754,0.872921579077979,0.862909182925386,0.826389216915774,0.741910957440314,0.605947512680461,0.447033423178975,0.304034288404026,0.196883245612598,0.12470691972558,0.0783545942305753,0.0491405084492203,0.0307656459731018,0.0191552192859404,0.0117893450470758,0.00711643543411932,0.00416792065706578,0.00233920984645081,0.00124229765053361,0.000620913517748234,0.000305741439407025
0.0413816135645509,0.060872587592616,0.091573156640594,0.14270693237506,0.233379241569202,0.401118831104487,0.681631624412291,0.902419974203001,0.731776549280794,0.44786868768325,0.267683587290844,0.168133151147587,0.11113053301926,0.0763077421437774,0.0536845837616781,0.0381953306954145,0.0271274253791596,0.0189645077396962,0.0128527552913903,0.00836662382651808,0.00550079075291122,0.00568578966523217,0.0460574017125817,0.370382842832026,0.16050387816142,0.0209569417040363,0.00173679679865249,0.00126112182056233,0.00870615528045676,0.0239377008435929,0.0500627816072031,0.0913212551620668,0.153718843291885,0.243282485347336,0.362334737579148,0.503490418494444,0.646329677145214,0.764813843234995,0.842878450116098,0.882075451956536,0.895092428050858,0.895702627742563,0.893468252765037,0.892639898815024,0.892174782440182,0.885271573550532,0.859018591530268,0.797397735251518,0.691340555612789,0.550836136148943,0.406699225155417,0.280674596283775,0.185082345057675,0.118349639899804,0.0738776906388068,0.044970628225103,0.0264705098912378,0.0148216837402792,0.00764273510634707,0.00342179942102685,0.00116289420114919
0.00449126267002404,0.00606559644284389,0.00820127449896441,0.0111816960828425,0.0155057569244433,0.0221199219093773,0.0330014893792632,0.0528479017545292,0.0949648813808818,0.206745554969581,0.557843375119369,0.612176839417345,0.19888423613347,0.0743227884747169,0.0331629998243946,0.0158980757360534,0.00747413040056425,0.00305857181608419,0.000821367856884136,3.36842479311881e-05,0.000473616347542021,0.00223798645416623,0.00572403231015546,0.0117303624664638,0.021710555042983,0.0382972431956782,0.0663427045794729,0.114809669082418,0.19875647882116,0.330636021478683,0.442604047842349,0.160351588124332,0.158306575478845,0.176818723138288,0.106215664554871,0.0459615334093102,0.0122592190467026,0.00313169443770038,0.0443125350747451,0.170374789229183,0.393804021723985,0.634610573682282,0.784991354304974,0.840563299127171,0.852169399564894,0.854640037734318,0.85965093752212,0.863868773097594,0.852552755992876,0.807452421109377,0.715173998650835,0.583166666437485,0.441538347650673,0.317446576465174,0.221984136574428,0.153660586647152,0.106353739542516,0.0739157117762553,0.0516057857639942,0.0361784032920641,0.0253846940445756
0.0275582742932886,0.0388604960438055,0.0554906158841192,0.0811276170887916,0.123109576073212,0.1971238154148,0.337371507884663,0.597379010858186,0.868502639558432,0.711533537941434,0.396615897705665,0.213263785596534,0.121149524079752,0.0722097750777604,0.0440913068966456,0.0268391959047349,0.0157527751781082,0.00847309698393489,0.00377669415609811,0.00104866380811914,4.38628001746066e-05,0.000779628608532907,0.00348762324671539,0.00856618646701326,0.0164017368532894,0.0265634253690186,0.0341964576707014,0.0183340292730054,0.24540510934719,0.659410396842007,0.721217080920219,0.52247936212887,0.233466728255156,0.0543981781116423,0.00387920045960401,0.0415752605312281,0.143192275032955,0.299557203133889,0.483488629904141,0.656825262548135,0.785263165289278,0.857491113209669,0.884036571578156,0.883192427276577,0.870655523625471,0.85668727792769,0.847012103418175,0.844308227929739,0.849118217070164,0.859916807782018,0.872159015715074,0.8773930893777,0.861193857832543,0.806018594024574,0.70326710538524,0.560875175736097,0.408324632605822,0.277277537711962,0.176944893249113,0.108231522522787,0.0651196610450763
0.00872785718786404,0.0119062352460242,0.0163034388342978,0.0225912582676615,0.0319961924263512,0.0469470710600028,0.072776109848723,0.122817499833064,0.235564188565393,0.516892763778422,0.808689777345916,0.428269528834238,0.175606462889669,0.0816403204363311,0.0418284383176524,0.0222670871435145,0.0116191302452647,0.00549976395137456,0.0020187643973895,0.000331660577256564,0.000111927004942594,0.00135248997503899,0.00430944490307511,0.0095285707671553,0.0179453536145715,0.0310770142813137,0.0513423800524299,0.0825178849566169,0.13002608801762,0.198662749563618,0.269892504705071,0.155033475461218,0.558569877862643,0.445168034177821,0.1761396867722,0.0211788409325895,0.0525674264932708,0.256151271586322,0.511283538329964,0.723138648518718,0.832978785001314,0.872055607142494,0.878409770361803,0.875704812999327,0.874783057167082,0.878435717473725,0.88376552911252,0.882502120078811,0.861329886541397,0.804594217726617,0.708841369819384,0.583948823420435,0.451015233172213,0.331881132253743,0.236757033898565,0.165978587986568,0.115238577804705,0.0793113161694315,0.0535917568135435,0.0398217502024861,0.0268972623131922
0.00156794231182113,0.00204380595720599,0.00264804575435837,0.0034278666535091,0.00445820135396732,0.00586442731639602,0.00787044838627003,0.0109111351234229,0.0159319014800359,0.0253427873161988,0.0469590689938453,0.118324353265452,0.478898646358461,0.213078370417311,0.0429964304040511,0.0132044002290995,0.00454596316574819,0.00138598346043152,0.000232428226957279,1.98659691377595e-05,0.000369897937302149,0.001152708396363,0.00235132741545644,0.004015957825902,0.00625157845859882,0.00922181707280599,0.0131647856713399,0.0184221212102766,0.0254864632002926,0.0350770571045855,0.0482587620869704,0.066624589319259,0.0925542281272974,0.129490991529102,0.181862629206067,0.253110463077813,0.336788135860601,0.387284160220059,0.248705647979248,0.0630317728171891,0.249724113358559,0.274539777137252,0.234699538154574,0.186375540216664,0.143537296097696,0.110598474227357,0.0812731416097137,0.0564186997868879,0.0349840543709384,0.0170025513090768,0.00415561635383927,0.00310861212574879,0.0309424747999543,0.12496976276189,0.328677573966706,0.590461941346112,0.747738048362094,0.770666676787871,0.739218090636499,0.703888072680546,0.680125678245125
0.00741471994797787,0.0100967833353208,0.0138031690237437,0.0191030523585351,0.0270441801707387,0.0397269092017126,0.0618519073441213,0.105568201542846,0.20825956998917,0.488543150133825,0.784724091305284,0.36308986228833,0.140093375280371,0.0637518471200511,0.0323156426247542,0.0170872713478199,0.00888301743704461,0.00421018200045079,0.00156859456863702,0.000279183218114884,6.08293348406347e-05,0.000869640804245398,0.00284992237955141,0.00635017565764427,0.0119992125113184,0.0208624540310248,0.0347095536616003,0.0563273823015319,0.0888863434758625,0.126338315559343,0.0900198259941691,0.188061275448342,0.345279684890062,0.217716423117385,0.108478044414249,0.0468725732514747,0.0148922595282689,0.00169917785319133,0.00380150475516331,0.0173824991887233,0.0525295894672866,0.102380792331915,0.198135679443993,0.332053183270165,0.495989896661936,0.660101663405934,0.785459724974512,0.852911227429308,0.871704573916088,0.862973947867411,0.842834346233519,0.82942204787964,0.821258408010392,0.820746963321017,0.828659811168029,0.843456851762496,0.861802765424021,0.877973269123698,0.883353739650977,0.867135599048941,0.819534668802202
0.0185930827607516,0.0269105129051046,0.0396954826653139,0.0604882318177111,0.0969276658089373,0.167186643638815,0.317029025219185,0.626696101337858,0.865054137356156,0.570531267752362,0.297382074885489,0.166381759336631,0.102357712598353,0.0676901010041511,0.0471169804133242,0.0340113756764791,0.0252355201261022,0.0192292614494235,0.0153025270270648,0.013609481182084,0.016862977579303,0.0499815837663306,0.335207561531779,0.435163347702068,0.150567787284576,0.0515708891645123,0.0233066572750584,0.0113110036830708,0.00501209459354788,0.00168339252743284,0.000200145526160522,0.000343852026062655,0.00235226396262103,0.00685391525734788,0.0149614573142286,0.0284931519823663,0.0503386672018956,0.0849538509185627,0.138838646825657,0.220144888215314,0.33566086590368,0.482374959163769,0.637882820721545,0.765315119037838,0.839873208299179,0.865828893669639,0.864224811065871,0.854678414643714,0.848646608214013,0.850113038237286,0.859674148616054,0.867985454734559,0.861569382533462,0.821317621857203,0.733029276568313,0.602500708832122,0.456719929109462,0.324733212306682,0.221877572348889,0.147453799648539,0.0962674258912479
0.0388673876967103,0.0564293193078839,0.0834811287648392,0.12738035089354,0.203145092304136,0.341348205753292,0.586690317574129,0.869363109733169,0.81699523703032,0.5175188942406,0.299685555825911,0.179470336884236,0.11251935807598,0.0727760090282089,0.0476006046186047,0.0307607373863699,0.0190373568784133,0.0107197932046769,0.00493259843744732,0.00134219140518494,6.05991497904164e-05,0.00167415143796053,0.00733637097430643,0.0185409236505947,0.032890093521973,0.0406492216487198,0.477696080900681,0.279103818653337,0.0209096287801992,0.164849509412469,0.364131724646596,0.566436121325672,0.728968347664593,0.829546735357051,0.876954277537867,0.892980005013778,0.895750080339888,0.894597158401129,0.890098113471756,0.874118393411566,0.83027411044923,0.740623008602764,0.603021752421486,0.44334144435999,0.298441109734464,0.189019500511296,0.115446128691905,0.0690228669414656,0.0406322112585696,0.0235254565227807,0.0133315200153642,0.00736110027119436,0.00397173845871606,0.00204844945043482,0.00105573206775909,0.000607749339907594,0.00050376615762765,0.000802384640728204,0.00221914252220006,0.0084126564751297,0.0398387160775766
0.0106326931604719,0.0146424263115456,0.0202895261699143,0.0285452182503722,0.0412431372255178,0.0621666614926885,0.100042225208428,0.177836338058922,0.361446019984998,0.737134377779129,0.685960127400421,0.302414327690181,0.13463397424678,0.0672702587645016,0.0359970993872614,0.0195804340366168,0.0102358154951133,0.00472654371525715,0.0015927996230319,0.000177524117361607,0.000251219430154656,0.0018668618759672,0.005319432889149,0.0111657603991718,0.020291188001991,0.0340229065813143,0.0543030637657576,0.0829999805416993,0.125370057190151,0.184366714024544,0.264286548568124,0.366973246784709,0.488461503297563,0.615020983986056,0.696794396710386,0.818056585557893,0.740961536595179,0.848580692731496,0.897795181608195,0.902899993155417,0.900870527540198,0.899324608558341,0.897674210781329,0.900920994564733,0.89716275361714,0.878131217118892,0.833460588963723,0.756322169297401,0.650047517347512,0.528963819351777,0.410831674509877,0.309116310851997,0.228045941712276,0.166624174930716,0.121383911796722,0.0884684781819835,0.0645834508472982,0.0471958071068912,0.0344649781519158,0.0252152855035693,0.0182935727293999
0.00269712400884631,0.00356025165435351,0.00468513932938753,0.00618399801672244,0.00824430813402328,0.0112000023312608,0.0156962770333665,0.0231215173024699,0.0369442678324438,0.0679413349168098,0.162611540717607,0.549655549631578,0.34169602228029,0.0815395618760024,0.0274474139292117,0.0108378391751426,0.00429341296682824,0.00143341669487711,0.000257828616994514,2.20780963219972e-05,0.000434104021278079,0.00140088180968232,0.00293914416978241,0.0051459190020341,0.00819670702307658,0.0123619239571667,0.0180416064500481,0.0258241897852616,0.0365802822758744,0.0516054927511859,0.072815605485983,0.102919739078727,0.145138396043657,0.200572286065456,0.255879750340004,0.238447917187713,0.0554324891483869,0.208953868782952,0.30383698975012,0.261897307841553,0.198739861312273,0.143863065054931,0.101085434162644,0.0682180413716346,0.0425026845998583,0.025149682396194,0.010331580830381,0.00184419048229047,0.00262533925414373,0.0198492822982708,0.0680140333614844,0.167265526516731,0.337338310080399,0.562777006394014,0.737782136735989,0.803777106138326,0.793467746417853,0.754051614111136,0.71398697508256,0.683034039913138,0.663248462830852
0.0053438990059006,0.00734555050671304,0.0101497990810506,0.0142184246813243,0.0204094679705194,0.0304625384520698,0.0483299700635774,0.0844679231327777,0.172580520950611,0.435588376694235,0.786158919097367,0.349850772815337,0.133803534342591,0.0624881162945016,0.0330703078266422,0.0185151417911751,0.0103591691854997,0.00540941841589889,0.00231828076956351,0.000544083802047649,5.56055648550388e-05,0.0014410682497523,0.00667199841194789,0.0220717590342533,0.0705006614029058,0.219224083819575,0.265178400788321,0.00543552515068192,0.00865024856911714,0.00810649326387475,0.0048386348597617,0.00213810168647146,0.000480999813446942,7.81712361557442e-05,0.00125550646086272,0.00473898763750323,0.00963260701072391,0.0207537388221164,0.0390382226621072,0.067437029447746,0.116142878756471,0.192405004814347,0.305978863047362,0.456929619987457,0.621600510003685,0.75613933320753,0.831541557280837,0.855499126542981,0.853616439597851,0.846896249055225,0.845688657097134,0.851731981764805,0.859729577299802,0.857305747192036,0.82661732636041,0.75267753001915,0.637027853092063,0.501397997359573,0.372687766271139,0.266773840130717,0.185857150185843
0.00773732158385882,0.0104830880101885,0.0142390497163316,0.0195407193158983,0.0273520595967758,0.0395502189525157,0.0601762879666052,0.0991317384635121,0.184811543574327,0.405390423910525,0.784330904647562,0.493026035925444,0.190560572650236,0.0839156865413673,0.0416472919404592,0.021838252091831,0.0114093931157095,0.00554324982010364,0.0022152522793034,0.000509854896783293,2.38792717563738e-05,0.000635934074273368,0.00242036204364829,0.00563140050246382,0.0107342071601648,0.0184799946700912,0.0300259270030707,0.0470576122893869,0.0715999688297169,0.103671603445551,0.12595441048503,0.0515077531074409,0.413950212115108,0.540312376560612,0.368900326914005,0.185865819712833,0.0993959164244197,0.0337567306093716,0.0050330145500632,0.00472980754264076,0.0353095522599637,0.10160736262674,0.219082951904149,0.384462105138244,0.571265066801361,0.730936542874478,0.828703434744012,0.86660270068681,0.867758723054363,0.854290447587361,0.839861784324186,0.831136778008192,0.830485851699731,0.838352668032772,0.852580604242022,0.869286009607647,0.881676284873998,0.87972955080602,0.851642416483961,0.788482429984281,0.690621981940248
0.0425925241108292,0.0621217699481534,0.0924562138517232,0.142142135631435,0.228565717853777,0.385699200618286,0.651070247526151,0.89530096313225,0.770853645806943,0.480390760353586,0.28412880817701,0.174948513601113,0.112906061602425,0.0754063361825372,0.0513089371133565,0.0349899910158107,0.0234644992302671,0.0150789148973386,0.00890361343159215,0.00444411738556558,0.00150644587601516,0.000128051169654179,0.000409620261223588,0.00132154944909338,0.0140080681945846,0.440342647575225,0.242172602361433,0.0249015154430117,0.00106775738981401,0.0120302047374323,0.0418145895890848,0.0898677188567238,0.159893263938069,0.257886722767955,0.382447988477789,0.52364626346059,0.66126653386292,0.773147925940636,0.847277760029575,0.885990926724367,0.90022919667179,0.901886067880168,0.899692439628152,0.898246351559236,0.898060631545642,0.895317698925549,0.881256567210945,0.842675906046638,0.76666520218574,0.650621749985827,0.509954647228486,0.372278868172037,0.255618962051961,0.167975921626855,0.106739083923346,0.065762925067392,0.0390731894598646,0.0220639691695082,0.0115147886384266,0.005191255372323,0.00180127035086163
0.0479220973590085,0.0702785241821442,0.105297113964274,0.163067373206471,0.263676704090288,0.44307183114753,0.720732567740921,0.905778043156904,0.729011304909958,0.4551366483657,0.275451037332832,0.173145253413867,0.113435607231782,0.0765448216082402,0.0524384659434617,0.0359189408441409,0.0241754851229125,0.0156367649346291,0.00942375657877748,0.00507815115800732,0.00240912357540142,0.00146917210645317,0.00692661557095446,0.208209225643453,0.529639003173891,0.57318297776383,0.235017600903985,0.0486009981935928,0.00438291698976707,0.00571503973288957,0.0348414160846998,0.094256438460803,0.192787135543062,0.334904182764513,0.507484287325279,0.6731337391851,0.791704640469318,0.851225733566548,0.867854196692373,0.864573161595248,0.857786921525108,0.854951737912536,0.854727260665362,0.844598785455976,0.797561468388767,0.682660774693958,0.504310716665206,0.319632869538252,0.180725812241003,0.0957372297633368,0.0489178273966591,0.0246093287663708,0.0124647868313179,0.00674883734892271,0.00451426241139923,0.00473284805509279,0.00899382492756755,0.0281448528012678,0.122656304047074,0.356945926435939,0.263488647431176
0.0451143404891612,0.0664914136269495,0.100339047746028,0.157105470900072,0.258458230212905,0.44536152459209,0.74015362882715,0.902846118670812,0.672375189470545,0.398613624660244,0.23578590645211,0.146622822877749,0.0953928754757201,0.0639375275463921,0.0434179586738566,0.02933824034186,0.0192869199658421,0.0119220631505723,0.00650363493632468,0.00268612684916841,0.000465662563044809,0.000273254774623327,0.00321135051492024,0.00947931215507811,0.0311493881012358,0.151925102917798,0.0231255630257961,0.00253677936473537,0.00267487721069374,0.0152771843410416,0.0389156393137192,0.076177620409498,0.131567087402055,0.20995416150213,0.314231400591573,0.441338201997926,0.578669431005978,0.705769122678979,0.803641948523137,0.86464390145555,0.893720676638759,0.902074211186728,0.900680579936559,0.897277555172924,0.89588583728697,0.897031999914795,0.897653198175327,0.89059452523893,0.864654221611273,0.807338865467351,0.712758924360189,0.587958858396243,0.453229801884588,0.329798006540505,0.22971857911745,0.154958942962403,0.101861574811967,0.065252673548842,0.0404768810824352,0.0239656099989544,0.0130088606697467
0.0525716609590286,0.0775120533694084,0.11689405512837,0.182373929363869,0.296794711448227,0.497458395039059,0.78138974615689,0.903236202951898,0.682429479715017,0.422350831656144,0.258311028606854,0.16419693424657,0.108407314447568,0.0734284497274539,0.0502890249928513,0.034276825533359,0.0228138389074602,0.0144501379119606,0.00837794413389538,0.00418459300445879,0.00169222029392722,0.000828660735630587,0.00602464528544335,0.257948060640637,0.488179502778455,0.561372252736266,0.155781374276266,0.0151940772702223,0.00464806644200824,0.0392646333564207,0.111509367055421,0.227575925306818,0.387199489849771,0.567182341115307,0.723387332053564,0.822488383075056,0.865268272021372,0.87367377972292,0.869308336458718,0.864737697712278,0.862630491104523,0.854362659480469,0.81641227912411,0.715619462136755,0.544201875338578,0.352717598034723,0.201479422718289,0.106644993279218,0.0542460205625281,0.0272882848956727,0.0137198236408513,0.00723603418234393,0.00446491352364897,0.00389470183167121,0.0056382686540045,0.0126802166928796,0.0401053878812768,0.15404466172807,0.413085170507795,0.351775171260102,0.233580840911737
0.0274431862165202,0.0403826205779376,0.0608397738070277,0.0952404904579969,0.157762120875872,0.281318587447468,0.529445274294438,0.851462512464432,0.765725238309946,0.44812998871007,0.2539596997053,0.155335159211747,0.102350330390319,0.0714539993063603,0.0521422323703173,0.0394450831153619,0.030884954515282,0.0252872624116085,0.0225238546196067,0.024810144938564,0.0506861568911778,0.281601595120659,0.184626278920828,0.0242288954330072,0.00591599521997375,0.00161564274078149,0.000150008412857134,0.000270562421588383,0.00179204152164685,0.00503257873944765,0.010662483091638,0.0198909210315658,0.0314154759850485,0.0530396869850976,0.0814010373043616,0.127390438951713,0.193039705219899,0.284192062058764,0.40262268554065,0.540407072231959,0.67667431853307,0.785408669722264,0.851788381965902,0.879649893738139,0.883700677306398,0.878647985542075,0.874123020270845,0.874104914330353,0.876547041753327,0.877646129675546,0.863751281803538,0.816766066433452,0.725888103080262,0.597094369287796,0.454739053088474,0.325341917936989,0.222880120772841,0.148363008751069,0.0963562177270835,0.0635134168166252,0.0404974323613116
0.0156569990130007,0.0215613257174129,0.0298817002049809,0.0420436672342251,0.0607138089182029,0.0913039695437552,0.145888425243024,0.253855662126421,0.481806449033053,0.814953690139303,0.690355492621053,0.340237302729598,0.163087172521872,0.0841351268104445,0.0454277620676845,0.0245341069223462,0.0125109783540317,0.00546225274862763,0.00158954879461713,8.60159973242181e-05,0.000695163133753551,0.00354000985845466,0.00908139020498036,0.0181538937387756,0.0320619001800178,0.0527287447500002,0.0828937423068278,0.125418194378555,0.186117258903269,0.26814952937468,0.373536420688609,0.497972792262985,0.625548289258757,0.706373286053542,0.819272428251011,0.624033373444495,0.702852188834865,0.873612137163266,0.896192581548835,0.898843333276041,0.896421534230115,0.894568488458773,0.88681380515048,0.874449485198184,0.841718606807465,0.763783959732689,0.639696672202659,0.488188275609186,0.341772151319414,0.224067805313345,0.140600476041459,0.0856503990032017,0.0516316537131358,0.0305590690672302,0.0176781096016699,0.010112552820236,0.00583053417246787,0.00361630277060852,0.00281773741570577,0.00363164820884041,0.00951596921023178
0.00572009601996724,0.00784942805113301,0.0108184980704485,0.0150968961868821,0.021542921522627,0.0318587853891376,0.049794937737786,0.0848383915513797,0.165578173722644,0.389321801722946,0.789958668357356,0.455398772432451,0.176707315866063,0.0811869652302767,0.0424931473301937,0.0236876447542506,0.0132850737525615,0.00702249840505581,0.00311787230277206,0.000834876503368929,3.73666189259729e-05,0.00118174128146375,0.00577416185308747,0.0179717110201847,0.0501087131986468,0.14195228588416,0.377717856919085,0.512243571789406,0.0768494422955656,0.00587464992993447,0.00824989862088974,0.00493061939121547,0.00138870802949331,0.000160106713310294,0.00319718327952577,0.013354062441369,0.0359273427935681,0.0801715049096934,0.160266989796797,0.290858386127303,0.468571471876156,0.650339580076132,0.77893033483679,0.840069400823132,0.859494216600909,0.864193150623416,0.865907884249173,0.861510115567726,0.836192753028081,0.770726425320838,0.660750111610982,0.521660339665047,0.385072047615847,0.272573139174954,0.189349116834226,0.131095706318109,0.0912054723282841,0.063971892771274,0.045256576153365,0.0322640993228189,0.0231392311336135
0.00744591486535445,0.0101256930665765,0.0138106093384654,0.0190408746597663,0.026792970479053,0.0389787075268024,0.0597436561326661,0.099348284633311,0.187654774948278,0.41930074039485,0.797479884834245,0.464772874913795,0.17809067867381,0.0783211722068872,0.0384655217796189,0.0196516086321839,0.00972618888426433,0.00421006159301143,0.00125214817552173,7.88396061186605e-05,0.000460999541909267,0.0025408297283683,0.00682867439219272,0.0143301703418473,0.0268345037761172,0.0474304388284229,0.0811781464615452,0.134466150963267,0.201872671494607,0.175288493542422,0.162605688568449,0.382644620362879,0.298878663369815,0.176734061613184,0.0885466464804067,0.032060168781899,0.00422617833934793,0.011053188894331,0.0739701681650744,0.220903395437879,0.446046138955451,0.666120658147848,0.796373511888861,0.841086651133484,0.845864396575547,0.84285893878308,0.844997057409559,0.852571294658332,0.855869878718653,0.835233022616389,0.767359092100351,0.644235817198173,0.489723642558401,0.342436406244836,0.228467128586092,0.147702660162216,0.0942195949406849,0.0597110641776606,0.0376066028927047,0.0235221124262657,0.0145935599505888
0.0204405682877157,0.0291891027573669,0.0422971747591501,0.0629255232874703,0.0975551718587301,0.160669035170697,0.286631644232024,0.543431651449917,0.861715400339693,0.712459089361435,0.385513604702216,0.20660775568845,0.119438315221954,0.0733676559494251,0.0466119894974117,0.0297967988405487,0.0185670566586523,0.0107645707272084,0.00530879763510089,0.00174601899186902,0.000111187959279043,0.00101188825522932,0.00601583856445046,0.0186905989783675,0.0473761030581227,0.113476137704253,0.268731108336477,0.543724470273788,0.544517656091362,0.0158004599181986,0.00712387138181834,0.00304622569079676,0.0417584550886052,0.14460648658271,0.317309692369319,0.525079267241412,0.702122358100028,0.811154224571021,0.862638087133562,0.882507117168458,0.888735358718771,0.887544190732887,0.87575000009242,0.843833141241791,0.781146004094754,0.68437848274012,0.563850767358183,0.439357325399716,0.328514406928137,0.239198651116475,0.172689256379997,0.124352700033914,0.089822362146386,0.0652397586235725,0.0476723621174347,0.0350255554562907,0.0258434830857062,0.0191281347727911,0.0140125644337967,0.0102587178760716,0.00754785692616659
0.00894411941174151,0.0123330128588806,0.0171164840749145,0.0241288263066827,0.034953200350202,0.0528828767745485,0.0856232959067932,0.154046625545937,0.322496799922697,0.706960986470198,0.666942171094267,0.275634530485255,0.119009976227571,0.058671655432024,0.0311447961466239,0.0168104198339791,0.00868573091462796,0.00391682048092227,0.0012378237527944,9.95736274228703e-05,0.000343496692780476,0.00208584416462774,0.00570330572482068,0.0118874841689623,0.0217682429977833,0.0371245093436276,0.0607111886620322,0.0967207737737955,0.150292306581522,0.230762888699424,0.3429515717355,0.47673071376208,0.505498645879639,0.621629202011694,0.395683199193933,0.0788677871260955,0.478169125745816,0.761999654478314,0.853506770628436,0.882707304206005,0.888937590104437,0.89097863226062,0.892841820366669,0.890612822137685,0.874567390929745,0.831785419743618,0.752818270389376,0.640532640618289,0.511604212549467,0.387315645029451,0.288363659903591,0.208400868470483,0.149600636126263,0.107410943294276,0.0773839829847305,0.0559912543371293,0.0406603289348115,0.0295863944050042,0.0215051855006652,0.0155474551117506,0.0111692523088823
0.000813115275681487,0.00104743087241967,0.001337940689249,0.00170237081882194,0.00216777300145824,0.00277733709040658,0.00360387676868586,0.00477887222970348,0.00656212737340162,0.00953450367117413,0.015249752544828,0.0292318968745556,0.0838687261739372,0.462810260964296,0.0700695004403963,0.0131856777951498,0.00352881329450686,0.000871047108041387,9.72837514218178e-05,3.95751039996768e-05,0.000344891773481407,0.000896834117086464,0.00166695787070403,0.00266857002628681,0.00394154631756702,0.00554876994009152,0.00757831826626001,0.0101498741458351,0.0134257073820938,0.0176278591913722,0.0230646009588446,0.0301713037104113,0.0395740204896474,0.0521887532991654,0.0693750547269122,0.0931642988252598,0.126557307661876,0.17374197585534,0.239500607497464,0.325096215305012,0.412115605634551,0.406193135066726,0.100786167489871,0.304747642466843,0.383310167724345,0.329338499615673,0.259498515660655,0.197657543934468,0.146300993948952,0.10322575363765,0.0660152260576408,0.0336639703212092,0.00870207620493467,0.00578344828518669,0.0647040529356838,0.262859155236096,0.566993544689826,0.740118142702452,0.751839172599152,0.715082780806543,0.680075311382271
0.00519583070720294,0.00698050553597197,0.00938132288080525,0.0127011651873026,0.0174695912367473,0.0246832334894947,0.0364038028825953,0.0574663993880641,0.101313476526003,0.214359155811214,0.553785032008798,0.628363518412072,0.208565930149596,0.0760688203583033,0.032805447278475,0.0150531484838823,0.0066530094789493,0.0024535002405396,0.000509306303838012,2.77722367717422e-05,0.000717691294784578,0.00255897176850139,0.00572461497171426,0.0105711944646327,0.0176712420102533,0.0278820491045326,0.0424542214047815,0.0631846988826326,0.0926076609903074,0.134174637562118,0.19226583597721,0.271604682886813,0.363344726937326,0.481674295751827,0.579981776200283,0.452720022668978,0.8009838977866,0.709075905384841,0.297979430453753,0.563741118816521,0.829344646826284,0.866078878007688,0.865078932168375,0.857685362397997,0.869659346053857,0.877742476312425,0.880890279779896,0.86673331620115,0.819722418092595,0.730433431041844,0.606217049970624,0.468135621387445,0.345593940257554,0.246419061208124,0.172676854691138,0.12017750198453,0.0835046221994887,0.0580129682650944,0.0403883748129289,0.0279815253415545,0.0192329642211193
0.0122738375951868,0.0173297534443517,0.0247457984979806,0.0361123366423507,0.0545942244315828,0.0871258994549225,0.150714227394573,0.291062006632523,0.602494639784642,0.838062538533024,0.494730229858891,0.235260070650804,0.122564990213712,0.0697669249228575,0.0416500572725173,0.024998574384778,0.0143281676168854,0.00717905406062761,0.00250638947056551,0.000196403393539321,0.00124796979877759,0.00898582321571498,0.0333454799359246,0.105802242784724,0.304322877451769,0.400252579913194,0.0230811047786734,0.039034757297313,0.020852275598052,0.00335142265994332,0.00499469510959835,0.0471381520005212,0.167322418332368,0.386166357609973,0.626576510887747,0.776763055072166,0.835302083159082,0.852112676436384,0.852399076801326,0.831287156795002,0.767266355293112,0.646842268932925,0.490414839896299,0.340360047331122,0.22411820293357,0.144554399884579,0.0931336247165822,0.0604933871682252,0.0396821506963415,0.0263247750076416,0.017605901718294,0.0118305724994384,0.0079584512195396,0.00533707488288737,0.00355149413003639,0.00233455849044055,0.00151091885486662,0.000955690602424639,0.000590789570009349,0.000359349375144458,0.000221274990922401
0.0151241304185541,0.0214589772034458,0.0308261804175679,0.0453011842720713,0.0690117410631431,0.110931515771881,0.192449704484396,0.365571580892089,0.692826830093852,0.821602108657674,0.491556472580897,0.251457725753208,0.137598073590695,0.0807481448412138,0.0491619664539395,0.029883471152814,0.017251855523654,0.00865936569090719,0.00300935342088272,0.000242026834602444,0.00149428791523432,0.0100767974120042,0.0342729985963215,0.0941012951968724,0.234063656936971,0.466706186561755,0.250932718711968,0.167304182773152,0.0341674681895937,0.0740618407745474,0.441547303736949,0.727964844748715,0.817598715182753,0.838317491941383,0.830932297212823,0.777876689704385,0.655186228868305,0.482970109572611,0.318390801941431,0.197116425397184,0.119413427540174,0.0724028233799235,0.0443327949901705,0.0274606884310981,0.0171802576562802,0.0108250716705744,0.00684755671033486,0.00433619414481812,0.00273986261930442,0.00172865364014666,0.0010980133309749,0.000716243384596535,0.000477217897625981,0.00034495476371791,0.000290226244778211,0.000295693282365628,0.000381707628039927,0.00061163856392557,0.00116013714653568,0.00251928710188241,0.00551238288801666
0.018008703747312,0.0249992963316842,0.0349990401602361,0.0499025702356209,0.0733694613255837,0.113098431329174,0.186855057403334,0.337713478830072,0.637321794424883,0.860971708615169,0.549760088356518,0.266702953682676,0.135819257905822,0.07439288695311,0.0424639974189305,0.0243390718695219,0.0134095924279882,0.00664200922128794,0.00256476500639516,0.000473531718131267,9.83950632227864e-05,0.00146726543800344,0.00486638986258572,0.0108610243069442,0.0203640788725269,0.0347441221904887,0.055924423672579,0.0861913152668974,0.126054698462857,0.157745907385342,0.103504077638719,0.653384876479101,0.665572227259914,0.268645278522597,0.0156897414399667,0.110213395875221,0.333925502993674,0.559516853800682,0.730665830444072,0.834774593949626,0.883228484659733,0.897347513619114,0.895028486045776,0.88805227712939,0.882983744609866,0.882661192309369,0.887057063899523,0.893289419618406,0.894987196722838,0.881779052548703,0.840537760413763,0.762092263800145,0.649071579403631,0.51651680303265,0.387060343134808,0.276838305667765,0.191513746434437,0.129344125983087,0.085637465733975,0.0554959843586103,0.0351820299729861
0.0063537245205248,0.00858800554437791,0.01162810498247,0.0158898598768148,0.0221130311554188,0.0317180372069426,0.0477124197333745,0.0773355827470294,0.141178880319287,0.308591252602943,0.712783185263305,0.562609284381075,0.204998984299071,0.0851096535982693,0.0408156810028555,0.0209780576172781,0.0108393036780265,0.00524935969691856,0.00211727095047186,0.000512931541174181,1.96479551384533e-05,0.000486472875676519,0.00192923126675302,0.00449602530238171,0.00846691474840332,0.0142776331968269,0.0225662220025841,0.0342464747750515,0.0506150206768128,0.0734988997470269,0.105446168748299,0.149327529331411,0.209949015725728,0.291521855002288,0.395046854641595,0.508649266527247,0.544246434647083,0.60640514627806,0.648314075563718,0.18821153048192,0.228095329881037,0.625303478200211,0.820961202317001,0.876516956601979,0.883606448303974,0.884571283024542,0.885881592799325,0.8886216930657,0.893884902804931,0.897462914399615,0.891515366926629,0.863240274675764,0.806848623812057,0.737129025038192,0.633272994782319,0.519409980573244,0.410647752976993,0.316456308481114,0.240090784828716,0.180592982882597,0.135039107917617
0.0348263556527781,0.0514043863008177,0.0776203401020174,0.121481372493892,0.199892043275888,0.348293829880084,0.615591243842127,0.886325970975311,0.765271164360109,0.468462930411931,0.274817530384333,0.169160554749202,0.109317661701638,0.0728440538826201,0.0489750589006021,0.0323639952488161,0.0202334969101954,0.0111508081181549,0.00454400025310025,0.000650895448289302,0.000922507703059819,0.00931492117628424,0.0355231318749312,0.0902443218912403,0.352016468089455,0.097036467570614,0.069401262289023,0.352193432091704,0.646977816063534,0.802182868883035,0.851576214373257,0.86087143816418,0.848831783701084,0.795358642360222,0.671467278985145,0.490730102541025,0.314489765176956,0.185969866877673,0.106332351372707,0.0603290202033279,0.0342923848430887,0.0195455005706776,0.0111359581628351,0.00631418617810037,0.00354889205873959,0.00197463716648311,0.0010935834617065,0.000614710505997256,0.000377711261151099,0.000268766918225405,0.000252772308160444,0.000332118011785053,0.000571586237873091,0.00114243912510654,0.00250645486122181,0.00580712240554605,0.0136662486165368,0.0365524483234752,0.109741449641314,0.324841310665937,0.425157021198291
0.0101437556630282,0.0142151259929337,0.0201111035932897,0.0290102181029555,0.0432143445498643,0.067667908972656,0.114319036961801,0.215997794037016,0.462466227972843,0.828438667722218,0.574422041677482,0.25828407983564,0.126651254450186,0.0692633900948146,0.040338500526848,0.0239123016148063,0.0137323568370059,0.00707967742826216,0.0027529670602896,0.000399099638886063,0.000445036365944058,0.00463850053827151,0.0180800150572707,0.0566088193128049,0.173929904511907,0.452548782759148,0.311354146110998,0.05683161036396,0.0685162478283285,0.00918069478188481,0.00247176117903092,0.00171896171557742,0.0200690833102029,0.0751561384723981,0.192845997252359,0.384893216045042,0.602101662044481,0.758778615361233,0.832054606174568,0.85647391757374,0.863146494681388,0.861064212926415,0.84092881689303,0.783537273335813,0.676757880185865,0.53435095178566,0.390051535181326,0.270335669967132,0.183044007885905,0.123447420970208,0.083684487425966,0.0572687414569648,0.0395893330525739,0.0276091558983912,0.0193775553378534,0.0136451269014208,0.00960654289876976,0.00674232710393236,0.00467969274891187,0.00314725244716457,0.00210245664384269
0.0107994608403699,0.0149365176574774,0.0208162030833133,0.0295118961156971,0.0430851098470178,0.0658773289806125,0.108144734623089,0.197504418829282,0.411741451599429,0.789692644678885,0.618034240177014,0.272746832972183,0.128306977972206,0.0679612231378827,0.0388154627986193,0.0229494366350619,0.0135397201779678,0.00764111427934273,0.00386110393342775,0.00151382332438006,0.000280725689443514,6.76503077651712e-05,0.000944896054997753,0.00311164943898886,0.00679881667919663,0.0118201655459406,0.0156736689329428,0.00876824615859588,0.0480512139067668,0.438906517883982,0.536600923272581,0.398160703373868,0.247786406282758,0.150564698424879,0.0906910943511667,0.0536140172615059,0.0296169346528536,0.0142325020478329,0.00478579378284161,0.000537529233064957,0.00204432283690757,0.0111735072098145,0.0315851514061016,0.068894334413182,0.134737625563976,0.239256188895838,0.38262921035869,0.504447329314303,0.692999053884974,0.805849189614483,0.847802638402648,0.83573765742387,0.821874259432779,0.79733328754461,0.777180045779018,0.765727904911367,0.763884573731956,0.771355679700286,0.787147590712951,0.809460458782037,0.835117428453974
0.0125663526833366,0.0173581358553985,0.0241459750333451,0.0341409206611406,0.0496506044535791,0.0754816406178684,0.122796107273678,0.220728191843492,0.445652082871781,0.811340043906616,0.639038356341327,0.288736746743879,0.135242315973667,0.0700524481557426,0.0385032590561985,0.0214454498961627,0.01150766522964,0.00551659348065229,0.00200465303332968,0.000299120479902355,0.000162962179198701,0.00165672930309074,0.00510714295539768,0.0111445554736386,0.0208042344445259,0.03570403496019,0.0583170710030173,0.0923241697578367,0.142807308441957,0.214757820201082,0.299746794734271,0.2469645705125,0.650665897044407,0.54796293479078,0.112157517595062,0.0706593881111953,0.367037289061957,0.641217725854132,0.79863743738307,0.867598913310643,0.889368993904134,0.892047687172238,0.890456710485487,0.89079660139569,0.893665015928472,0.895063430644223,0.886420182201833,0.855513108782592,0.790889889177967,0.690061248267802,0.564630127440199,0.436598647163661,0.323063021908369,0.232279760093272,0.164277551996324,0.115152084074109,0.0802720340133639,0.0556471295321274,0.0382182275621213,0.0264062726877052,0.0176958379991898
0.00689272252131316,0.00941406609180733,0.0129056335512825,0.0179003399049965,0.0253677435599908,0.0372203270984343,0.0576421124488959,0.0971014705661248,0.186456408290935,0.424090735807365,0.798291443651156,0.454795379661948,0.177914857447434,0.0807312863983108,0.0411768197050425,0.0221015608300578,0.0117527792118992,0.00574169449362072,0.00222686227408675,0.000422089307935745,8.5367165180249e-05,0.00136737069184515,0.00485373073866141,0.0118059199735868,0.0247389526651346,0.048631476054725,0.0926782122221434,0.164343162175417,0.17610077305764,0.0760146108733125,0.232076389005139,0.148158242641581,0.0794190911966579,0.037982890583808,0.0151548394590957,0.00137037840915984,0.00741676189558292,0.0422424346117008,0.124034712751388,0.271913564239017,0.476430584446966,0.673724017735876,0.797439223370287,0.845614457848882,0.854504012363937,0.853639043621054,0.855937431103226,0.861661153105332,0.858731466586417,0.837807500972438,0.772108972798417,0.65691635644844,0.513381800599872,0.374022779640749,0.260289619849985,0.17665163541012,0.117863110528712,0.0822706573318211,0.0553574340449531,0.0371100398953481,0.0247313082530952
0.0153154409916242,0.0218815567438442,0.0317544329922721,0.047386041798606,0.0739071171479012,0.123213870236094,0.225838758308299,0.45706103313106,0.815630612550206,0.689832512873058,0.352140793622018,0.183590188286047,0.106456139577702,0.067106998093715,0.044759914691338,0.0309382901174954,0.0218068175103941,0.0154687498053091,0.01093383622325,0.00770581695169264,0.00568222948681464,0.00566518991112673,0.0174178985510486,0.192085489286818,0.292598112341767,0.0923490063554549,0.0384265177307938,0.0153302232273774,0.00648123646997225,0.00221510643786428,0.000342052333015175,0.000189392325984646,0.00172466188687211,0.00529903214275973,0.011639288281908,0.0220096534763286,0.0387998600912079,0.0555754089871283,0.0935506140875815,0.146296677981661,0.222921478342146,0.331560079471021,0.467303556217568,0.614612436137367,0.743755019058314,0.829013722239823,0.866448335238632,0.870736747009948,0.860352327570571,0.848383706486455,0.843301146619571,0.846056563721222,0.855909646107967,0.867996095795517,0.872865822333355,0.856492961269146,0.80417289823745,0.709811621736699,0.583959695464463,0.44940870346597,0.326222562805251
0.015618052362958,0.0214646031100906,0.0296936885909756,0.0417325896921391,0.0602881253752823,0.0909516939368299,0.146493827791588,0.258949777876183,0.502156373621668,0.831179867600164,0.631860558947811,0.297500744061667,0.142922998752189,0.074938960084369,0.0415324979427282,0.0233900277434171,0.0128285644355066,0.00645966936180105,0.00266572580989852,0.00064652160611032,2.56740559107047e-05,0.000679091871594214,0.00266209380190818,0.00618714175703567,0.0116335610816897,0.0195832307125512,0.0308803596360654,0.0467050365122327,0.0685974040093523,0.0981217985537801,0.134639248745605,0.162629440833763,0.0923812213654061,0.41661757650231,0.625520259844911,0.445145115455669,0.190944619019165,0.0415574206224901,0.00936000542983517,0.0335161841851146,0.125490353357225,0.256727436098835,0.431444472242753,0.605464070476725,0.747218886751947,0.838072241977543,0.881659520726636,0.88974121742388,0.878453544093972,0.859589746287665,0.840413180736479,0.824836259877351,0.814604652512732,0.80920141371696,0.813335057220203,0.822961121605687,0.836601657469833,0.853756294736018,0.872174657967861,0.888364928391653,0.897336628544866
0.0309406785183441,0.045489470726517,0.0683929744324212,0.106621546199422,0.175186400873237,0.307379868177378,0.560741830184848,0.867644791942224,0.783533728796055,0.472020539935653,0.271193158847975,0.165634850356449,0.107722694743657,0.0733716179976778,0.0514658874101172,0.0366172030276864,0.0260431468897505,0.0182512025090515,0.0124961081590264,0.00871645860380583,0.00908741707579918,0.0666892616259915,0.408650319364176,0.148291835155446,0.0353117744282303,0.00859928966643266,0.000801329425451275,0.00162753145426068,0.0112010131010019,0.0342582615102485,0.0799738090531726,0.162499313182829,0.29589081332443,0.47562246933095,0.658337179014542,0.787478964965074,0.848383777198,0.866206968704373,0.868315636857812,0.866671376032288,0.856025188269513,0.814980329720435,0.716739723768061,0.560342922045836,0.387737109863334,0.245320457889185,0.147929844101123,0.0875143089681851,0.0515433622308756,0.0303677408867367,0.0180319359622645,0.0105865582194592,0.00619946227863106,0.00363596481675176,0.00217524807188306,0.00139298498058529,0.00105550154065365,0.00105423030846081,0.00161248792196727,0.00372396839991448,0.0119470961908826
0.0299987261179324,0.0435331235213864,0.0643630247565547,0.0981424930878041,0.156600334822917,0.265162014224628,0.472864614701445,0.786505423703425,0.860139997732607,0.566015461623245,0.320211998834499,0.186958083373045,0.115135586272529,0.07352818129914,0.0475472194427274,0.0302668901687436,0.0182303734397522,0.00968105857124706,0.00382419993271421,0.000566384940556776,0.000549451286810284,0.00547326028122291,0.018919972176338,0.0475944475982958,0.102609125831173,0.179154144897252,0.488908799337876,0.245778082987526,0.375689290969748,0.695975796494359,0.825196583833316,0.865639722603949,0.874093806469165,0.869068120675339,0.841704966804752,0.766292276461337,0.626409075194541,0.448897155447141,0.287467447755046,0.171765729066477,0.0993719533606536,0.0568187066423355,0.0323544771104799,0.0183530282606391,0.0103363906837587,0.00575378892424853,0.003154571318084,0.00170560708417768,0.000922322218470885,0.000514146940433191,0.000330887203587795,0.000281257919682649,0.000351446563728899,0.00061493060816712,0.00131464947737088,0.00309666910370498,0.00776345682175562,0.020812615432431,0.0620294423880935,0.203489259705362,0.434421002114571
0.00341034112409162,0.00449983919570839,0.00591783392121029,0.00780170212658255,0.010377396093613,0.0140401841221759,0.0195373379440006,0.0284319468134585,0.0444746931435233,0.0786010088350269,0.17295457292603,0.515817713321782,0.47669125604468,0.118040771250544,0.0376689036829737,0.0139202481616553,0.00498021370695993,0.00133580349337269,9.91939822403131e-05,0.000237857919336256,0.00137952599708709,0.00344561812644464,0.0065281776274452,0.0108552593629437,0.0167981223034188,0.0249070108258582,0.0359751358946125,0.0511365627180124,0.0720054876170791,0.10085710049589,0.14081691887089,0.195922912079896,0.270666124789615,0.368112008499261,0.485197380269502,0.604516709634041,0.682241455289472,0.573413822254653,0.221580576595237,0.516673211528864,0.51855789424888,0.414785196036712,0.263739557793507,0.0818053887264338,0.111852089724524,0.567466856423833,0.768347941554459,0.797709045054966,0.800731362969628,0.80915108071482,0.82541507480937,0.841725350558416,0.841202591813762,0.802284102424231,0.707204451717932,0.566097365392588,0.413720247296783,0.282089158420279,0.184016980646571,0.1200949314892,0.0761111868769575
0.0311702396971866,0.0445794677131018,0.0647949730036306,0.0968749474593327,0.151196670892145,0.25023067195954,0.439470404765251,0.746005242906644,0.872197364647853,0.584899324669666,0.321144524947404,0.180718448771486,0.107696715825545,0.0669389400644585,0.0424428897306188,0.026804582692257,0.0163788746674638,0.0092725361731699,0.00448153538740713,0.00150039217316491,0.000134976738549655,0.000389287291561364,0.00229398177727936,0.0053040543941082,0.00599183382531057,0.00655823900891776,0.437048806805375,0.656947986361946,0.657575569725289,0.345321597208028,0.112477860098938,0.0199177592712857,0.00305844308966107,0.0282170896671032,0.093889857623084,0.202590690809625,0.351863329301393,0.523450668913216,0.683345456649379,0.799452453213424,0.861888743052121,0.882310563635821,0.879423623374331,0.868583971117683,0.859283463288178,0.856160939363058,0.860123017659322,0.868274261654506,0.872380881492467,0.856707410593594,0.798872173791074,0.684922603114476,0.536913681624225,0.376845934140122,0.24345312006811,0.148222116568534,0.0878507254302634,0.0505020528884359,0.0289245321858917,0.0177853053791726,0.0144592540679462
0.0170122490905475,0.0235312021334394,0.0327998254173463,0.0465004083161505,0.0678314621426941,0.103403315485809,0.168213825644208,0.298688912275136,0.566632184723965,0.854989506681464,0.612512290787677,0.297600365928826,0.147596329458375,0.0786834014720967,0.0437113472531787,0.0242775097120295,0.0128020644829823,0.00588441649819015,0.00191881583717737,0.000175973845519032,0.000433371856163178,0.00284051919326782,0.00790861087031758,0.0165900258978543,0.030438833981499,0.051809087768219,0.0837762188550121,0.127963625258527,0.169480341979184,0.0982383504691784,0.430785765925024,0.616504667176884,0.439529462077451,0.213647120940607,0.0613566871967091,0.00637724715241435,0.057791847334584,0.226098996583353,0.465260642515164,0.678896417983247,0.804575476938318,0.852255562838854,0.858454169145485,0.851000342422735,0.844427924953816,0.844351623286421,0.85035929257282,0.855760144729913,0.844878562555858,0.789007521413026,0.684230797007985,0.531191598591197,0.364154610808787,0.227894552045785,0.133925206194123,0.0761808209413416,0.0422798011998627,0.023225021236238,0.0131310888864329,0.0086137813954977,0.00905897017820559
0.0315922777640358,0.0451453880695032,0.0655183458329616,0.0976681089855214,0.151588962542689,0.248442241627174,0.430144557115445,0.725466480738843,0.882582374533481,0.626725363760772,0.35169146835029,0.197995039243895,0.116948012771747,0.0715344507068001,0.0442193574610392,0.0268089287742644,0.0152830625354285,0.00759723123604881,0.00274057788182475,0.000330614267937015,0.000462388413412654,0.00370430534288889,0.0112016320464291,0.0248485945046452,0.0472920301158084,0.0799729725287358,0.101906299462709,0.36921349759147,0.606800330825494,0.276756379759765,0.18494143755433,0.516228031389113,0.724045785193264,0.830423390789111,0.872448934167698,0.882587133564367,0.88176371586722,0.878996847878164,0.872794174975135,0.850370450064526,0.788131075644407,0.665532485958999,0.494860006828369,0.324194500828439,0.193350300484289,0.109025930127744,0.0596236906698196,0.0320264582319455,0.0170008333784535,0.00900092759684492,0.0048833611793365,0.00288529553118573,0.00210996168174823,0.0022418841879817,0.00367486103477879,0.00843423579413387,0.0242385210216222,0.0831385609308485,0.289819306954484,0.426284342098785,0.283719840895075
0.0132366779573823,0.0180762260972116,0.0247982458490141,0.0344674770401112,0.0490511017011357,0.072490931791009,0.113507402873887,0.193657780228471,0.369298803150218,0.71469799911849,0.768106622729768,0.381837920830701,0.173191367274949,0.0863333810074432,0.0461583002302264,0.0253199119787137,0.0135948140651246,0.00670653195294424,0.00269394659643068,0.000614220040617666,3.05049352098363e-05,0.000794959547598826,0.00295634434408803,0.00672743334601428,0.0124866126067634,0.0208041094270163,0.0324904537989081,0.0486671398686434,0.0708553949228237,0.10105664744571,0.141709580731939,0.195028862052137,0.259105939898295,0.298590730308863,0.28300805319383,0.721443686068037,0.614054306048792,0.130780598364059,0.103815469267502,0.347095094979852,0.623343246025585,0.783765031139829,0.864184152793045,0.894990040274599,0.898258654181026,0.886931294844506,0.879984028443872,0.872097032224764,0.868749224490849,0.870922927743914,0.878091611965943,0.888312136293354,0.897848675794748,0.899490328055764,0.890273933482169,0.859313357412623,0.799691248646879,0.712578544972662,0.606047638167729,0.492947954135605,0.385427465804365
0.00964336480384586,0.0132424467312321,0.0182807741190095,0.0255895194601473,0.0367183098543132,0.054816700490399,0.0870244172091142,0.151850479656148,0.303480266267778,0.654200639944033,0.747402768565299,0.337723783565882,0.144241392842967,0.0696642868921035,0.0362756969192199,0.0192053082097885,0.00969242086157929,0.00421106072974483,0.00122062618134348,6.42702022657726e-05,0.000561349751821439,0.00286336276769724,0.00743342571053308,0.0151047561078094,0.0272097062455824,0.0457828678744076,0.0738303629708947,0.115518468609011,0.176282396045496,0.261748365863012,0.374180298295231,0.505281333301421,0.610661038429403,0.686667922398493,0.811318270145158,0.381074639757108,0.752098508628312,0.875546628353755,0.890473261222229,0.891018540048769,0.892814746661202,0.893541648916317,0.887144951249467,0.861022600491951,0.800519463125376,0.698810473378569,0.566807534316104,0.429365139009664,0.309009957381418,0.215540330902324,0.147956979432948,0.100968570934978,0.0689025694114345,0.0470061127503483,0.0319915246184288,0.0215796756844031,0.0142048249441132,0.0104451409679285,0.00730172307011666,0.00463583464900836,0.00291058853012573
0.0884537164023133,0.137287339032595,0.21957483891774,0.362230486301037,0.596121949887023,0.861778019811399,0.893883989833322,0.666885453196211,0.439031763397182,0.289775552118935,0.198528205293306,0.141354832415572,0.103925936286918,0.0783848159470287,0.060419251735555,0.0477041703898682,0.0392974461591511,0.0361969588811437,0.0482385239491249,0.216828602396817,0.131653183244241,0.216284971140406,0.00277484500303627,0.00663880534037949,0.0292527273125832,0.0759364828955981,0.164840157888568,0.315471010973238,0.518292509488138,0.705678155552019,0.812365783629021,0.847160363588919,0.850110386273178,0.838174762244811,0.790344354442375,0.660238513210894,0.449961343652339,0.250365057912466,0.123008513606025,0.057214281491227,0.0259862296496861,0.0116124124766504,0.00512209120607981,0.00227385103364944,0.00109436187786133,0.000670717981700002,0.000650577582011105,0.00102305115994123,0.00214282029510037,0.00493161942237654,0.0118943601173635,0.029114470216348,0.0716289330400716,0.186895946092141,0.430732816335386,0.606355070846581,0.518770489518874,0.396446353214349,0.318282901751684,0.273410384224001,0.248879928366078
0.0329635051021362,0.047288988652671,0.0689303442077932,0.103241738150285,0.160978455679822,0.264569170458294,0.456021793616971,0.750218340905233,0.877542535089229,0.623540297673381,0.359389368582694,0.207807879954465,0.125740594552133,0.0787667290418784,0.0499778103180411,0.0312696931355675,0.0185920685006614,0.00985838174873765,0.00403667261211097,0.000766621895341104,0.000244376588502792,0.00327913746121727,0.0114412307646668,0.0267394970448456,0.045332920716847,0.0364215579551134,0.569747767588501,0.473126524959514,0.0446173967957745,0.0628374173369589,0.275956660201899,0.529251534349377,0.723888551735473,0.826296750220095,0.862722147122458,0.869722649980727,0.869212850102416,0.866902830380139,0.853638943575128,0.805483345127418,0.695038979943101,0.52574756012429,0.346959240790102,0.206925824972149,0.116535693975146,0.0638601653052504,0.0345573525077337,0.0185826792690216,0.0100047289097525,0.00548149343104956,0.00318586664986509,0.00214113916202655,0.0018925385735629,0.00243256153464789,0.00440954280649352,0.0102318291793575,0.0282869632157892,0.0912597376056583,0.298049207786212,0.442516470527573,0.297980189053974
0.0180203503705762,0.0262899536145945,0.0391793535082894,0.0605108075210853,0.0987360786821811,0.174547373679671,0.341101711552344,0.678905753583851,0.846257308863971,0.513060362017251,0.269509280935877,0.155545466540747,0.0992017721948425,0.0683442340842017,0.0499988669750799,0.0385133437325711,0.0312879560206798,0.0272989650665445,0.0270034972309273,0.0349832699155239,0.0841316767061537,0.372138283339427,0.34804640667402,0.0675421700524355,0.0177696924443358,0.00703924963321455,0.00286111437077384,0.000946812892387262,0.000124158399522127,0.000125759478159972,0.000987537859982245,0.00292363278252641,0.00632274921740317,0.0118040671832145,0.0203349871076642,0.0334622246108298,0.0538344970602414,0.0784577294652834,0.125184933392031,0.170963117241039,0.270607243102189,0.395464612269361,0.541494270256942,0.684840169226769,0.793792032461682,0.852526171582284,0.869549849402336,0.864362065601522,0.852171930157654,0.848355530732491,0.851798195651652,0.86069625254565,0.868922612490341,0.863340235350941,0.826121335997561,0.743558207173204,0.619510854427198,0.477638407665173,0.345056222338434,0.235353786384667,0.169124134112151
0.0097330088707046,0.0134050511570887,0.0185692290001156,0.0260898941258205,0.037569954567473,0.0562425253575629,0.0893522062287777,0.155321690799729,0.306276729255272,0.645450824956925,0.769267465596311,0.371770695481366,0.162536315081963,0.0792874703538936,0.0415274747437518,0.0220282485883641,0.0110494779143607,0.00466834149377008,0.00120956113210298,4.14769255514158e-05,0.00116300662879954,0.00512233723491575,0.013143430397032,0.0274667439124506,0.0519786209028773,0.0931929148030874,0.16125837358427,0.267054087367498,0.418034200178639,0.570871311035101,0.441686840358263,0.585220960325281,0.426083161177913,0.0613463699705127,0.501489063240182,0.790615341277674,0.846512416606352,0.859146698850878,0.861428008142416,0.845220762960482,0.78726899878006,0.670737733960414,0.511875269273204,0.354019147874744,0.229490645329871,0.144135665562883,0.0896171204798596,0.0557422879813234,0.0348032484169588,0.021812975944596,0.0136995618452491,0.00859630846037859,0.00535639986158419,0.00335004528366078,0.00210571396210836,0.00135730457005039,0.000935574634678864,0.000743449501162324,0.000754051102353246,0.00105642544494743,0.00205344768942152
0.0010308408488962,0.00133758467104076,0.00172377596672077,0.00221735539063939,0.00286225772833759,0.00373119002973251,0.00495229305345437,0.00677043396398243,0.00970711221091738,0.0150563099542279,0.0268639871275149,0.0638178699883039,0.295162620702617,0.20932656672894,0.0322827955124095,0.00885610587661729,0.00280233139596223,0.000763721486733078,9.38741393201445e-05,3.3963708284252e-05,0.000322347715849444,0.000867030338751362,0.00164766943531628,0.00268206722089901,0.00401479055482261,0.00571512081120264,0.00788027048641622,0.010642994292239,0.0141843476323752,0.0187537049006262,0.0246998704153933,0.0325197255609145,0.0429349623860969,0.0570135228055577,0.07635910491595,0.103388905632474,0.141654059533757,0.195796193787473,0.269078852014642,0.349047766318136,0.334779480310259,0.141607064215279,0.427996416078036,0.388182510573872,0.287192619646227,0.176184256891661,0.0928137774153966,0.0351501466303379,0.00484321623598074,0.0154654836164755,0.101959977198673,0.303150235753501,0.56794895930535,0.757535380156339,0.810983334913331,0.793008693707002,0.756105715349977,0.73049019842829,0.713758522281016,0.709213040620392,0.716222556543713
0.0158887734189381,0.0221377686118845,0.0311250328313637,0.0446009809976293,0.0659728228703156,0.102493363855281,0.17123789522169,0.315283116050397,0.614659270118721,0.850093478926475,0.528654814961918,0.251013597834727,0.126776291101074,0.069178114514279,0.039321971127215,0.0223451650720807,0.0120768399658979,0.00572132773069571,0.00195907341133981,0.00021300378719982,0.000356590739147147,0.00261632242482899,0.00758204441007787,0.016300209552562,0.0304511747325439,0.0526148781189876,0.0865859243837461,0.13698379556114,0.209320657799606,0.29535624882603,0.252853093868391,0.701155766552323,0.59805421461814,0.090990155362243,0.520974770893269,0.766420372261225,0.856035555719721,0.884977509400792,0.892396294445074,0.89218310288975,0.892127623696503,0.891819758025146,0.884575900542889,0.857630387932253,0.79550859007492,0.69028517553146,0.553075875214473,0.410787943986446,0.287871077387525,0.194307646466045,0.128489729280955,0.0843682460199504,0.054989987036165,0.0356494148807933,0.0229383829429512,0.0146369623105592,0.00921500519861106,0.00564947441323818,0.00344940158295004,0.00212496790130533,0.00141866694803635
0.00627184758883921,0.00844046991614221,0.0113752632976368,0.0154696438479705,0.0214268358119678,0.0306075546167749,0.0459291216358114,0.0745613934436471,0.137648182346227,0.31075408872201,0.720063510728872,0.473340180661955,0.160402388836438,0.0641419671733547,0.0294568045713255,0.0142439453729046,0.00670641832067734,0.00277031210636442,0.000793741112765882,5.24219324619486e-05,0.000224829150091709,0.00119408355399843,0.00296616442194655,0.00563682791824458,0.00938200545315022,0.0144618156121901,0.0212346280126403,0.0301806663736619,0.0419366768949956,0.057346124817745,0.0775404973811983,0.10413930092445,0.138430968238947,0.175602695832452,0.230951292950681,0.301001334033766,0.384602364599119,0.481208730385649,0.585887161941286,0.689404599998347,0.77968885771152,0.843143476198237,0.84590822184526,0.891783413966338,0.793686127998976,0.847875522364664,0.881642930283113,0.873136271814439,0.864491466642382,0.860498295703759,0.862240566922615,0.869399774458526,0.880520893353056,0.892649637041429,0.898211016865661,0.903553843152191,0.890297422817165,0.856668192490631,0.799740051113168,0.72155361660419,0.629218698403186
0.0125140406223653,0.0171381792860615,0.0236080794835434,0.0330091447636203,0.0473898741505263,0.0709722900721735,0.113459416794996,0.200071985525237,0.399500606980285,0.764165518837975,0.662341246569432,0.295379796624443,0.133102061679268,0.066788356918497,0.0358051762201278,0.0195610621994967,0.0103649778423712,0.00496802712112187,0.00186768946678645,0.000341187456399918,6.14928035299528e-05,0.000935593501218604,0.00303922970667424,0.00660106032724737,0.0120189876548235,0.0199034784719723,0.0311444160333381,0.0469790415289725,0.0689417059354206,0.0981433240013107,0.131304301852524,0.141062784654253,0.0468750694081845,0.413699877513399,0.559408127796917,0.416704088657275,0.238692071763745,0.111425897685535,0.0379075453848744,0.00526490005597068,0.0063988962379583,0.0388332411091136,0.110430050299491,0.227957144021147,0.371098687041818,0.555767527600798,0.714463082600011,0.820271095518008,0.868562901359476,0.874784052786011,0.85854205426855,0.834413753395266,0.810804109020583,0.791447342318929,0.779713979891807,0.774393688893058,0.775845636524995,0.783714164985617,0.797326330627217,0.815667400387078,0.83718808258848
0.0131909461670387,0.0182877868519305,0.0255488909391761,0.0363078378598983,0.0531163728343757,0.0813066334987201,0.13325978712685,0.240913416093211,0.482789570327676,0.833506739430557,0.63652777673309,0.299242170942967,0.146033308734997,0.0785362174916731,0.0449557746499215,0.0263463297632501,0.0151942200717062,0.00818738802578312,0.00375500406820215,0.00114743335110316,6.8591751136781e-05,0.000536875191704367,0.00286508193697598,0.00773320106322399,0.0163777660803673,0.030978099145497,0.0554081550389852,0.0965889506046112,0.16578612522799,0.265737240342817,0.255786571050609,0.291320819839272,0.218481954171465,0.0525120428506231,0.00311214589409858,0.0464421990345871,0.167243920285775,0.349137867184019,0.551237811384903,0.719503101497515,0.824689345242862,0.873953449929324,0.889909664523939,0.892028902914095,0.891615243674804,0.892978918117408,0.89503291316178,0.891904650627106,0.873413537410763,0.827538640553802,0.746450481676777,0.635123972280416,0.509465815958248,0.389009214004827,0.28683894011138,0.206976300769066,0.14753894564449,0.104418527217429,0.0733888923161496,0.0513268182711552,0.0364579962437376
0.00488538303850792,0.00649959073547149,0.00863240679195745,0.0115196896558068,0.0155625967069258,0.0214908426295159,0.0307501481776305,0.0465455983986645,0.0771550074005297,0.14890462891293,0.364469094977141,0.750668852296835,0.310007196796792,0.0987716016520636,0.0386369615257622,0.0165778181823089,0.00694338934931271,0.0024248751283743,0.000459009056744575,3.57834884211311e-05,0.000764728832701211,0.00255801001624677,0.00551842811122479,0.0099106453645615,0.0161771675398558,0.024989550859366,0.0373379378925324,0.0546677383299905,0.0790674294380072,0.113471281314222,0.1616788535027,0.227435891208522,0.310043377102604,0.388027380799632,0.353445382023003,0.0976129405965061,0.46126425747951,0.475728120955986,0.388147167699913,0.271155369976157,0.165634307297162,0.077630464469761,0.0170929475458047,0.0140100356622466,0.129195323804474,0.392186770225717,0.664084980935959,0.798586282735604,0.825521996490004,0.814374483392018,0.800201647349551,0.794756299500536,0.799689421459281,0.818156990748038,0.84027967387972,0.858787110000594,0.859203206639637,0.823720460932511,0.740604422522693,0.616702521659212,0.477238745081521
0.0297001021419345,0.0421862268972474,0.0607936422217607,0.0899191411042388,0.138465771083491,0.225619237353022,0.391930341815158,0.68280869096414,0.889912807366176,0.648120296010507,0.356619969986619,0.196864255333599,0.115167934864497,0.0705422381120339,0.0442375953281921,0.0277230553518544,0.0168690525598588,0.00955542536437334,0.00465939888187096,0.00160566803238061,0.000163278886743472,0.000364669034849923,0.0024991119533426,0.00716774825493999,0.0153991775499153,0.0287631011853373,0.0488150609905148,0.0696829271802197,0.0359995806970007,0.511498876562629,0.324200129465376,0.0555506742277924,0.00430309988103935,0.0233891874424314,0.0821606824076491,0.169819778268377,0.284579841412129,0.420164627268181,0.55934257549497,0.694214844873397,0.797325672210091,0.863121169973533,0.895382913174245,0.904110328258816,0.899992447375154,0.891408721650706,0.883820967768999,0.880207370424976,0.881582542913586,0.887141448796985,0.8926706839326,0.897614925633171,0.892096912123467,0.864649570186979,0.806982721356808,0.716150158898353,0.599583082106957,0.473332678782791,0.35435836815072,0.253605026383005,0.174479086396072
0.010064907433794,0.013966779019459,0.0195242081605412,0.0277395026302107,0.0405064184163122,0.0617305277508296,0.100392782445448,0.179906445239178,0.365471470777854,0.72984042451002,0.69822633798778,0.328194425569145,0.151291097690096,0.077443108767615,0.0422606048357815,0.0233063532476249,0.0121909798952299,0.00543162788669051,0.00154474655605173,6.2036196772974e-05,0.001256052855251,0.00626052834438131,0.0176238846248796,0.0406301993473693,0.0860833096189458,0.174648864285888,0.331847116243503,0.502329005092659,0.201615436061876,0.225725438732547,0.152886202958297,0.0396257044416037,0.0278740734863784,0.28408637538031,0.632128657439084,0.79151767589225,0.833986163439402,0.844120938678437,0.836571008646493,0.789843405189095,0.678032058463845,0.512664485708451,0.34555188898616,0.216797593764391,0.131954914722951,0.0798819649347536,0.0486257823789552,0.029847878247684,0.0184179695311429,0.0114491982246172,0.00712616189140891,0.00443673945109151,0.00276532439329992,0.00173734808613076,0.00111985391219549,0.00076163481563935,0.000591486956844563,0.00056616989033202,0.00071629753916518,0.00120664031239264,0.00259632875675283
0.0159646046384087,0.0222677851218244,0.0313684340701557,0.0450953469313068,0.0670568055355203,0.105069996767057,0.177954180528679,0.334172014814582,0.657116834550272,0.839284270473261,0.4783995838192,0.224855325341668,0.114791853903552,0.0635835058780715,0.036840503640707,0.021527243716522,0.012187979888484,0.00631049425252585,0.00266551380647143,0.00065340728067443,2.94127650890358e-05,0.000789203510067906,0.00313390433744136,0.00748554574203063,0.0145477784421836,0.0254227691950719,0.0418152459026061,0.0664113451895687,0.102464336201975,0.151984948813486,0.233387913866301,0.345604116108694,0.469664074093749,0.344915303173328,0.351638587571644,0.117996079658574,0.0160893681160108,0.163279125319273,0.413120387296968,0.635288853582162,0.781304242724186,0.858788417925414,0.889653660626787,0.89710448942371,0.895974200628111,0.894247693658651,0.895177680152262,0.898639446929228,0.901611809126949,0.898223508285124,0.880161936241183,0.83886526769054,0.769049131204398,0.673376894229637,0.56269321019605,0.451261523904528,0.350590223301654,0.266483249247368,0.199785322913094,0.148553089091394,0.109854722815
0.0203802415136416,0.0290393260647318,0.0419735755609449,0.0622394015979694,0.0960469271391566,0.157129264097413,0.277778359711653,0.5229604523884,0.845100105519553,0.72933791844529,0.398049065779592,0.210714343574234,0.119501186558527,0.0715969556513716,0.0439627923372435,0.0267286653478259,0.0153649698427063,0.00769329505148719,0.00272858733137425,0.000262930820459138,0.000847692616811423,0.00616333973176359,0.0200505301763808,0.0507553213936829,0.111934979530343,0.15387485462044,0.33319119607217,0.282044661519152,0.0634212576490745,0.00620296041351006,0.11206080970517,0.373355302936522,0.647395285733337,0.79662816421827,0.845397616724591,0.856382107432,0.856504717380805,0.840190973392817,0.780214403140163,0.65212537437465,0.475407176545753,0.307202636969054,0.184341312793473,0.107100310137784,0.0616929856876308,0.0355725915832603,0.0205698715140538,0.0119041057121449,0.00699761383060074,0.00408764876004477,0.00243419220275643,0.00152170357110408,0.00105629151592248,0.000886071694263602,0.000970851909135842,0.00142365748258223,0.00265508638588616,0.00594255778761273,0.0154401778742953,0.0476364704762128,0.174555086447777
0.033413679841112,0.0487738858680103,0.072700473020481,0.112134307821994,0.181744799578725,0.313199013865046,0.559136741707871,0.857486684109864,0.793193803101,0.48672472919303,0.279821032417446,0.169753313575404,0.109428885663864,0.0738920451996108,0.0514849667914396,0.0365464289781761,0.0261592437160072,0.0187560006187118,0.0135131598702594,0.0101412494324548,0.00917478932183438,0.0154562405900877,0.0926059827291603,0.499393321639709,0.591951782176987,0.448866645035541,0.161986522228918,0.0503820993958617,0.0140991840671822,0.0017994252430648,0.00143103753837056,0.0111827148007773,0.0334856499367011,0.0742301823419655,0.133102159316717,0.235651509762729,0.374906333192928,0.539022755984828,0.693873086728843,0.8033696464803,0.857085051720936,0.870471492402728,0.865515314716513,0.85812993835067,0.856016162299885,0.859541034364538,0.861028157844016,0.842302167200354,0.776187354878727,0.645394134200751,0.482956538776778,0.321468919933842,0.198165683388922,0.116670186647568,0.0666336563681186,0.0383763741604827,0.0214961952299897,0.0120377248216475,0.00719101240175282,0.00538933637792616,0.00744873741644384
0.00898834161399636,0.0124246355056276,0.0172869575359188,0.0244258586762712,0.0354436550167938,0.0536344913251933,0.0865602175012482,0.154070640269944,0.314468665494795,0.677609315753575,0.741084791818504,0.343686283533592,0.155129570616451,0.0797275233944989,0.0447597578111317,0.0261880732251841,0.0152932698969711,0.00846443751557377,0.00406503053725901,0.00135527633370451,0.000107981570867369,0.000529567603679942,0.00342502441043778,0.010786162901544,0.0274928853616134,0.0662383497846251,0.156996936285501,0.262760716057058,0.0181629814223694,0.088343053732453,0.0662221530659621,0.023462698523551,0.00674894878616237,0.000380773078948443,0.00416691328570618,0.0206249265367911,0.0565672560264517,0.122859051260735,0.232199562998246,0.388562931462452,0.569098014419367,0.725049332025873,0.821143836355192,0.861974638717233,0.872489796120035,0.873556736417071,0.875050944061173,0.877165798910003,0.871902098826644,0.844007689466537,0.780452114042376,0.675084941350544,0.543172870796121,0.410703080636841,0.297504155615696,0.210423787300592,0.147329344539143,0.102919903533378,0.0719817947866647,0.0504216739093801,0.0353753116767695
0.0652304537953665,0.0972302321271565,0.148409105973884,0.234220369423967,0.382571389973138,0.623243246884239,0.877374997772755,0.859113248634752,0.602538293981711,0.378094354400079,0.239534952633719,0.157390644803975,0.10683019789226,0.0740646391696077,0.0517720289898821,0.0359649895334854,0.0243969090345515,0.0157798109610484,0.00939632330407865,0.0049016930051561,0.00220604766065994,0.00163236213619272,0.0286664152159716,0.218585455260507,0.330221917131495,0.0458762772825892,0.0168302629494219,0.0745240110469211,0.162106948786738,0.284118495188057,0.437562746933677,0.600025912514119,0.738161402753178,0.829574019907309,0.875417801540477,0.891312649854757,0.893297756050139,0.891009594008788,0.886002035602053,0.870550061765963,0.826512667590532,0.731231419963939,0.579798028656853,0.404784630030036,0.252869391967343,0.146153048236203,0.0803448961513333,0.042562625755092,0.0217228896898921,0.010587009249137,0.00495692081265482,0.00218257355751651,0.000979482301798454,0.000584993768703485,0.000755352320375069,0.00204870231621516,0.00765258689086638,0.0345774010047997,0.166985668979052,0.393136395551632,0.291543571406873
0.0174725098407124,0.0243560839280097,0.0342626678958767,0.0491259148143077,0.0727024485753791,0.112948403159583,0.188355781615859,0.343914845772991,0.651410750759119,0.859817565169418,0.539391412507691,0.263812493059568,0.136223575163496,0.0756965029228673,0.0438585320320775,0.025554392630766,0.0143558953182869,0.0072970809551219,0.00294002479988532,0.000609225537829892,7.38187911208088e-05,0.00142373632642722,0.00504596583869393,0.0116679206284288,0.0224610235906675,0.0392084965217102,0.0645391164659388,0.101860455098124,0.156544585871588,0.232600300017581,0.324742215476675,0.303275357666195,0.699970091860986,0.459108857814536,0.170369889271617,0.577172163206827,0.777537406072596,0.863196635723352,0.894957205277893,0.903131665834693,0.902923027436802,0.901647766711649,0.902112938638091,0.902952080476246,0.898847908157688,0.880527869546812,0.836481510817588,0.758315713386511,0.64819205994016,0.521003167144154,0.395261376727604,0.290266047928008,0.207387964219221,0.14585262430618,0.101667833465015,0.070427653936483,0.0484615366061451,0.0330149460235005,0.0220876322254957,0.0149206700956534,0.00952752098583353
0.00570584794682202,0.00764441257284798,0.0102400933634303,0.0138105366216298,0.0189081829616172,0.0265658272598163,0.03890131169775,0.0608209536740684,0.105717717596977,0.218518548470485,0.548338382730344,0.662346655257489,0.227318510052575,0.0822422418519043,0.035028115696107,0.015858041357488,0.00689972306971431,0.00248925832994454,0.000492686349573125,3.33634797085333e-05,0.00077116960772692,0.0026438110363228,0.00577172892688499,0.0104320353036379,0.0170688779965027,0.0263292632118251,0.0391214994011141,0.0566953314931217,0.0807390095756366,0.113476402069734,0.157730026605391,0.216804004600967,0.287585809109561,0.383560163576045,0.493653396655077,0.610721750446364,0.721059969914012,0.808753096958667,0.868266823206267,0.896239281075914,0.894939252671697,0.892196378122481,0.886243015379624,0.877140138851956,0.872764790308948,0.874427628365406,0.880880911887461,0.886893991033202,0.877181166141422,0.874158736243188,0.830432898508958,0.749453314194529,0.636935642857447,0.508938076974237,0.390847965915775,0.292105608083547,0.211964240997301,0.151926037435402,0.108034379065094,0.0769903583516917,0.0546092739739764
0.0573953353991371,0.0852024834323962,0.129544870042052,0.203949799521562,0.334296461964478,0.557182453753028,0.835892345172274,0.88429695001102,0.634937121927554,0.39296395044089,0.24399090922987,0.157484818447406,0.105301096288555,0.0720501178437517,0.0497485587609481,0.0341388908056188,0.0228639286377905,0.0145923495903999,0.00859290962898685,0.00452012469216282,0.00231273410087865,0.00305988135125051,0.0599909415301026,0.38965112693294,0.52268652431656,0.254987237487703,0.0190912889898856,0.00656429565489688,0.0491413247492195,0.132659288268899,0.263096468207024,0.436091152897016,0.619241819250313,0.763698324759743,0.84412174568283,0.872360342981471,0.874286409279005,0.869533762774671,0.866186977529367,0.859797990811407,0.830012651559305,0.742031618517879,0.577623160783311,0.379735428984934,0.216983093005365,0.114048322127193,0.0573996714636611,0.0283176915197316,0.0139244563984584,0.00702848061198783,0.00395161397890492,0.00288315830282846,0.00326311741186197,0.00588076648067868,0.0145406368771785,0.0433150644696788,0.150815313865413,0.418800577238285,0.438272277815218,0.299072518605736,0.220095320272756
0.00652394885124767,0.00881561431039924,0.0119346464581607,0.0163104102201266,0.0227094380573566,0.0326102375538506,0.0491620655232053,0.0800060442344576,0.147095732500525,0.324704825346421,0.733979150998291,0.531968795343038,0.192746151535417,0.0805602222832736,0.0386943274309934,0.0198074510852047,0.0101213240238407,0.00478645046889501,0.00182645062808721,0.000368087534664018,3.62400330025367e-05,0.00072666758181047,0.00252433670917154,0.00569193535202867,0.010705785532341,0.0183361166567996,0.0297656050882462,0.0466647531738801,0.070712325749839,0.0997568349127048,0.106368562826482,0.03074090447507,0.398887398031038,0.470362927858846,0.336398678977926,0.206583487936035,0.117831746344932,0.061569389623594,0.026753606808775,0.00709095430820361,0.000763863637260146,0.0096747001687227,0.0399325513703469,0.101866178922028,0.207688199230707,0.366567704682941,0.555295105219506,0.72184599335367,0.822243328579442,0.856237430795616,0.850804169182847,0.831329277718645,0.812413492378459,0.801322554498861,0.799689079604871,0.80769909027543,0.8239184182077,0.845236799364337,0.866117633590513,0.877768082969567,0.868360704255745
0.0493310807434383,0.0722276102516538,0.108011400228182,0.166964004445758,0.269624763670364,0.45272763300215,0.733962271339055,0.907622338415527,0.711007926438986,0.434582383522259,0.259021005130193,0.160528324593717,0.103519599361014,0.0685118549739378,0.0457670840455189,0.0302846685556936,0.0193803519021364,0.0115677781390408,0.00602931314433866,0.00235594348336429,0.000401854433929519,0.00012326301239756,0.00106932755037907,0.000746264390524188,0.0867717768178285,0.366371970398647,0.534616586236964,0.213295732991279,0.00651781776891648,0.0385951577842613,0.126881034164972,0.251402889401342,0.404953789069604,0.568307505787194,0.71243460988366,0.814637992155172,0.871066188501563,0.893109605415294,0.896240678014386,0.892698209975552,0.889414933209059,0.887875848556973,0.883355989495646,0.863026811628025,0.806046902652074,0.694158498223856,0.53460484093764,0.366243552576459,0.228076542116627,0.132948459403713,0.0743726790390782,0.040253947594569,0.0211727203330414,0.0109080030060035,0.00569377693165676,0.00337250296543342,0.00296664584591395,0.00526890533588468,0.0181863814235749,0.0970862790369558,0.305372450480496
0.026610787197303,0.0383492150820783,0.0562455745263452,0.0849887946237626,0.134320151837018,0.225826496036337,0.405764621040758,0.715922976988432,0.877372912746446,0.599144588090716,0.330925819505647,0.18829319645137,0.114148362673965,0.0725363546039446,0.0472333927629967,0.0307727792269399,0.0194881959597938,0.0114869420155363,0.00579923123600404,0.00202265010452182,0.000186043805441516,0.000537801594488467,0.00165743851890431,0.0236330317320659,0.486470946699644,0.3314429836493,0.101792788142457,0.0248653614731892,0.00222570395672479,0.00544066106257678,0.0346212617780113,0.101802058932866,0.224641159770819,0.4072444078108,0.608844074401062,0.759071677252503,0.83053499052082,0.849824877181229,0.85040387236381,0.848316910133926,0.839716159127219,0.800422465983023,0.695692527158423,0.522408497261263,0.336442630514338,0.193929766728408,0.107130402386619,0.0573731197546263,0.0305113003365556,0.0162184247558801,0.00867739080843381,0.00476136134862779,0.00289428710385002,0.00207105394512497,0.00205062804749652,0.00305827404655873,0.00651568356821911,0.017981842020068,0.0626170733111601,0.24267541930202,0.349510836627644
0.0045784785562441,0.00619073115529488,0.00838420582438233,0.0114573307815129,0.0159394723755366,0.0228441692607363,0.0343131634896073,0.0555095678725663,0.101336922282798,0.225893419787165,0.60739954291394,0.577472898099932,0.190129675300654,0.0742627299781822,0.0346661866092131,0.0175998520833651,0.00903976115211506,0.00435587510515716,0.00173458401125486,0.000397001468811698,2.02316451567356e-05,0.000530398853691773,0.00203732887052745,0.00484355840121698,0.00951935855491911,0.0170749334001922,0.0293183010825265,0.0496062855671075,0.0844411468788701,0.146601150263724,0.257809116593158,0.420532611378713,0.433605020844247,0.0349700889237316,0.0877841678724232,0.0549532653008594,0.0124405227661753,0.0011781766645012,0.007673049167148,0.0408994750462126,0.113786127112453,0.24071709595743,0.420314358897002,0.613316404057243,0.759998423006684,0.835299417480722,0.858448934284376,0.858846749793854,0.855788002362812,0.857421705988364,0.864770672126239,0.872374143132987,0.869964399391518,0.8435236560331,0.781181126908102,0.682269567079153,0.561019762927811,0.438517393930334,0.330855750187292,0.244491500982697,0.178702222122762
0.0147495618269047,0.0206558003527675,0.0292118149878864,0.0421395176562485,0.0628056560516943,0.0984107637467552,0.165996886351085,0.308868407717646,0.609236882554313,0.858312199919999,0.548609391539395,0.267837944685144,0.139678438669259,0.0793597740771803,0.0475893245579105,0.0291404772329696,0.0176142535769129,0.0100609248861438,0.00503775578803691,0.00184968300930784,0.000240725628117869,0.000285513791672732,0.00239702424528693,0.00743848767352756,0.0169771958020493,0.0337706877567517,0.0628531895614563,0.112900484776695,0.199191180057403,0.341970635006018,0.526682091358824,0.476852544724175,0.151131837847971,0.0613071113814632,0.0170796993771792,0.178771723854079,0.407827559522511,0.654778157911529,0.795945292917274,0.859939847346042,0.884021702778702,0.892065976318011,0.894131426971441,0.89072662098154,0.875730078242092,0.839109631164556,0.771955182284656,0.673676234609732,0.555677977198386,0.436025529363421,0.329928355173553,0.244217829843282,0.178880000454997,0.130696054877956,0.0956882195739981,0.0703497079878026,0.051964574373713,0.0385580343763813,0.0286711624657482,0.0209366414257197,0.0157017847551346
0.00230782472958444,0.00306076037728896,0.00405049291548145,0.00538259646754961,0.00723576000442325,0.00993349494016755,0.0141143427347644,0.0211929560009457,0.0348556150576044,0.0673417028134967,0.177788281090755,0.633101214632499,0.234265035852343,0.0581012014156217,0.0205846243116077,0.00835945607610042,0.0033510756356552,0.00110909351760736,0.000184349988321356,2.83954371972424e-05,0.000431876981387594,0.00134376088583262,0.0028095160652764,0.00495599614033768,0.00800196279542148,0.0122913477728283,0.0183568242173221,0.0270326854839529,0.0396534813477481,0.058400143760687,0.0868649688857887,0.13071427699281,0.196825044551002,0.280793986132949,0.296121585782972,0.0553785226795776,0.210351637786766,0.205645330483702,0.134773671851052,0.0882539079175674,0.0478142484328664,0.0212450300139262,0.00571443043040935,0.000899738458956742,0.010373009814449,0.0476459781229065,0.0884708320732748,0.216700010536804,0.406900201792382,0.617958733322935,0.769840897184322,0.829259441436191,0.829452663197102,0.807518018646646,0.786420050544094,0.774994410724027,0.775536583357474,0.787513820923391,0.808663498313353,0.834712589884786,0.858482438519856
0.0255344215015555,0.0368541983651655,0.0541494926069694,0.0820274392625036,0.130166455787306,0.220382271042027,0.400759625090055,0.717651635500898,0.874330212066123,0.581663635259433,0.317125832909367,0.180113973105753,0.109576748525678,0.0701184335761183,0.046133044133491,0.0305000594393223,0.0197301722133102,0.0120142874013236,0.00641050935034182,0.00251048979150413,0.000348377077202277,0.000416482237756471,0.00275026358896292,0.00521638907631589,0.331043835933892,0.16699661068078,0.0436120987679202,0.00809959485141061,0.00063825200170915,0.00778089999494849,0.0317345724986568,0.0788249558046762,0.159680408589538,0.283903726003437,0.447708639417284,0.621130953749076,0.759918134055201,0.840985664670823,0.874148401076745,0.881982375768112,0.881944857335065,0.881721793942793,0.879673177825754,0.865037911174607,0.819457489790188,0.72637477883697,0.588906852836059,0.435314339128008,0.300521692205878,0.198984107291002,0.128065001763052,0.081499137186565,0.0515159499441901,0.0323080357701848,0.0200946709044329,0.0122185311329031,0.00721384449069573,0.00407822390652372,0.00217010307472142,0.00106902385738778,0.00049029516496592
0.00837082497133675,0.0114277035559445,0.015660145429484,0.0217169052099934,0.0307832923881863,0.0452098947611695,0.0701708249357786,0.11867177417524,0.228687199843626,0.5082142535095,0.805390487114382,0.413587069168667,0.166015233983228,0.0760021233595449,0.0382164205500031,0.0197744673590684,0.00983245526994553,0.00423826206065096,0.0012327476166561,6.85981619530722e-05,0.000516281176747748,0.00268903809932628,0.0070098045316202,0.0142654600438281,0.0257401236423724,0.0434391627394153,0.0704140129618591,0.111142023729289,0.17168628965533,0.257646230355333,0.373853708590162,0.499515788840008,0.48305347554067,0.673394834712714,0.670022039168854,0.255682363097943,0.238765481559446,0.708377334990908,0.843827136234271,0.873247980515754,0.878414566758787,0.881198973442798,0.883913047706516,0.879489458062606,0.853823303404747,0.790681436901024,0.683574522669981,0.546501221376501,0.407346748370866,0.288816927513925,0.198986459997344,0.135339531159412,0.0917198214790403,0.0621905797394224,0.0422166972015669,0.0286397496303061,0.0194161058422787,0.0130752272714797,0.00869184314781971,0.0056908255858396,0.0036567569160586
0.0383832724284135,0.0562565968438706,0.0842880389972175,0.130835318290178,0.213488099115522,0.368688976129837,0.642822303538729,0.897539379724916,0.744111538159431,0.444350489040181,0.256914404467291,0.156345128589167,0.100073500610067,0.0662491324856115,0.0445095430876067,0.029724452094439,0.0192060317190786,0.0114940222720831,0.00582199843136627,0.00192160273625294,0.000102847731174301,0.00190510603472475,0.0130738134182289,0.0603184320436424,0.228664422680474,0.012730529618932,0.0045914992071431,0.000366025508418951,0.0037012694767788,0.0156663051563386,0.039745259278517,0.0797014798895014,0.141599469273182,0.231450040444457,0.351259023809895,0.493046641754009,0.636155806173453,0.755274513869866,0.835322736932706,0.877874321479899,0.894692581263846,0.898496954548874,0.89816905966367,0.897785379642555,0.896834567582222,0.890289311253555,0.868842664871557,0.821033348889878,0.738958134641835,0.62689263060162,0.50005221178429,0.378419568038841,0.27563650539304,0.195936989407665,0.137306944008429,0.0953946733375871,0.0658233443010033,0.0450345634400777,0.0303693169004191,0.0198587189725995,0.0141087145143432
0.0409022508996269,0.0580439673779225,0.0834738692089295,0.122885642421121,0.187240057631157,0.297921833482789,0.490438631032981,0.766621991694584,0.892758806205144,0.666072539823229,0.396960611887011,0.231362308407877,0.139175461878202,0.0861020358049883,0.0537925061225388,0.0331244000304108,0.0194432720096295,0.0102916075090984,0.00436495823071524,0.00102485430748419,7.29513331542489e-05,0.00165677119789253,0.00624398147017649,0.0146125131989273,0.0277302080123722,0.0460000258984531,0.065069949514391,0.0512321439832986,0.384833061279023,0.619141842916141,0.676433721360403,0.249293704185354,0.0333432808261119,0.240259185950068,0.487551511808885,0.680922813012831,0.804659051474562,0.867869289350377,0.890362439549962,0.890841709629903,0.882825576579235,0.874625796136209,0.870525508376944,0.871488993436726,0.874659396038911,0.871291137432321,0.84397935884939,0.7685205810394,0.629352184753088,0.45910556095008,0.294020906844049,0.171301062904861,0.0950579833082879,0.0508144480599437,0.0274586619393724,0.0164017583190656,0.0136778485475294,0.0213458251098856,0.0735362902537016,0.271694841439338,0.215788040438036
0.0554024477013619,0.0826018032379959,0.126209697735002,0.199772182637384,0.329257646287325,0.551481253905106,0.830892513029703,0.886365495333297,0.646992694453358,0.409059132721987,0.260318788946714,0.173005825589389,0.119947497958257,0.0860054329342196,0.0632493728619122,0.0474464739647546,0.0363141952351361,0.028765987208214,0.0249114598399107,0.0281968721123999,0.0693271881880981,0.407205254991799,0.410217320938976,0.427572111672823,0.0800294029049078,0.0120255824170437,0.000515407267309202,0.0057581590693349,0.0244286992190129,0.0614965478164519,0.126862001504627,0.232693190589987,0.384348445427111,0.562618248516986,0.719867981332563,0.816343361023635,0.853385095896287,0.857584278972742,0.852731294984182,0.849501010356841,0.843606084448048,0.812068102892036,0.716319204935915,0.541794175420193,0.344421410914598,0.191447790891217,0.0989149299783334,0.0494506645017758,0.0243814497413318,0.0120177523525377,0.00611678342952352,0.003464031159506,0.0025394112165521,0.00287356770858039,0.00516797366862961,0.0128659028901423,0.0399933400204282,0.144763364310131,0.406056345835231,0.381566388418834,0.248852727256884
0.0031306487049097,0.00416056596883745,0.0055204678973097,0.00736123086329099,0.0099406905257961,0.0137310466897416,0.019677475985074,0.0299107409360505,0.0501042410522336,0.0995378519624115,0.269665819752693,0.70635037941657,0.228379340457932,0.0656569999447336,0.0251192355566253,0.0108216274096742,0.00465728743338904,0.00175210692041207,0.000427683216720797,1.49463607400447e-05,0.00023299630209025,0.00097777863819531,0.0022417999049909,0.00408309681556002,0.00661600808577504,0.0100139491855392,0.0145211275042994,0.0204733431422102,0.0283301451405728,0.0387225705784664,0.0525227516490819,0.0709433881892461,0.095674250839761,0.129052316200342,0.174220991682851,0.235095723219385,0.31403243119971,0.414086959083117,0.515222154688974,0.50115764227216,0.4959383888749,0.618896482966961,0.346156108796791,0.0476264783540252,0.187465561965006,0.574090050512817,0.788704494431821,0.854476290437408,0.859813170666834,0.847878165600434,0.83699491397262,0.832305097840598,0.835524636391501,0.845698950007814,0.861604237888232,0.877969600750693,0.888212534423818,0.883900305565667,0.85628023250372,0.800014765223059,0.716836931683023
0.0349187055483774,0.0516913210677946,0.078383730636686,0.12346785162344,0.205148421091214,0.362067364386295,0.643782470097156,0.894689403977802,0.725074414906038,0.433508165664568,0.255769511643694,0.160259745181675,0.106340670520351,0.073582855416993,0.0522934793786311,0.0376459245769938,0.0270958178809314,0.0192659677864741,0.013495685465609,0.00990059465963512,0.01203377951601,0.117425925267129,0.401251633312617,0.0924657353781401,0.0180404587733014,0.00224637955943093,0.000909697523290163,0.00972634166481312,0.0327993839755828,0.0798438086371806,0.165997229777364,0.305474914442666,0.490291777222059,0.671446747574911,0.793603930344494,0.848942901979497,0.865151709861642,0.867260124511248,0.863029450352894,0.842080453254667,0.779625107052919,0.655574460539717,0.486988685165278,0.323354781958456,0.199613641734835,0.118996625119254,0.0701072402601221,0.0412316909110567,0.02425073253379,0.0142486907282729,0.00834086221156904,0.00486409742675455,0.0028416050441844,0.00169859962125271,0.00109470152477017,0.000842037032695333,0.000884394224006385,0.00138154701645071,0.00312509685660667,0.00917595406907257,0.0355731513449799
0.00352785477017344,0.00470561470402565,0.00626992594223399,0.00840107267745337,0.0114083932102571,0.015860785398916,0.0229018108186543,0.0351193939355848,0.0594175054763992,0.11910911669228,0.318940487752776,0.726149361952461,0.249888922280602,0.0774692867115448,0.0310732519424433,0.0140116125264358,0.00639096816780687,0.00263932524816346,0.000795542772184731,7.13231961670066e-05,0.000143144385234546,0.000911375922200678,0.0024144281272919,0.00480675634460271,0.00837329218840904,0.0135765240961322,0.0211454026092011,0.0322242991872247,0.0485936778305822,0.0728704296211318,0.107964151775253,0.151711985146649,0.167175217490735,0.0432349811825916,0.227004225203846,0.311109530628148,0.232020614951412,0.147041243608419,0.108296604776646,0.0658425303523301,0.0372812530699052,0.0176895423089379,0.00548214564328241,0.0020543843013632,0.00213059374620024,0.0151859188452233,0.0479654278690991,0.113285761941235,0.224470516514853,0.393917969183741,0.595065668402601,0.753845717977149,0.827276748796128,0.83385930613985,0.808673827986459,0.778159864848278,0.754014290956348,0.740150092960209,0.737224721268491,0.744673700653822,0.76135995043021
0.0439527697403969,0.06566348550395,0.100744239866871,0.160941234474707,0.270939023317387,0.475976601630281,0.781641960259658,0.888846640707116,0.631976891039561,0.38016617724197,0.233815308938372,0.152568032760821,0.105051087338788,0.0755003002800053,0.0561724730925467,0.0431350962613236,0.0344120202630751,0.0293362094461317,0.0291016212310057,0.0426785510678003,0.15775988552923,0.442570791387765,0.436699861886142,0.291454371865175,0.0594996909848225,0.0152614406337313,0.00240044413637548,0.000346778521145567,0.00492777432399263,0.0169274685486262,0.0396632954373041,0.0786636978157567,0.141495047408225,0.239893560663811,0.377173144247815,0.541086372702063,0.69649080982875,0.805817007636539,0.858858279762057,0.872493539755831,0.869430576734671,0.864943830770267,0.864414379506683,0.862958957570155,0.843199817408671,0.776606497850767,0.643884370454031,0.46783171044129,0.301668038938914,0.180906496165299,0.103747351185967,0.0582091356143494,0.032194184999961,0.0175673846891892,0.00966038200974579,0.0053674746351795,0.00324526562630287,0.00255388764174428,0.00342526413660202,0.00877123762998454,0.0405172826885421
0.0565791414708534,0.086499631529214,0.13650030028062,0.225087112990787,0.388225015033094,0.662344780965389,0.904048341501146,0.782613258681157,0.506532724433754,0.315491744212835,0.206008108928731,0.142336624590514,0.103344208536076,0.0783336524465932,0.0619044603966169,0.0514434411239519,0.0463272103118415,0.0492397593866013,0.0787838994413373,0.306055970189553,0.29943517172854,0.401470482594657,0.0686394451767315,0.00969044276455588,0.000850071996676249,0.000778999051297316,0.00585494480240848,0.0174356937448873,0.0380259531041878,0.0761055777552356,0.139814838496325,0.240589336134506,0.384112333895758,0.555048453668446,0.711557766688281,0.814407441759369,0.859865465490567,0.870524070036243,0.869148308563334,0.866716991071823,0.860210862707438,0.830959950234325,0.748676206931706,0.598922437680188,0.416504378974081,0.258259328087971,0.149532254017956,0.0837792139220573,0.0464304020589451,0.0254948076233676,0.0138939233708343,0.00754984082924458,0.0041553771325409,0.0024306877130828,0.00168922470896162,0.00166976393230133,0.00268163800289732,0.00658263633305228,0.0228942079794465,0.107264137529944,0.30762382128107
0.0117750690397918,0.016466106260771,0.0232391866205309,0.0334295350417395,0.0496376349098645,0.0774229515123386,0.130088576347691,0.243241591209561,0.50492689983287,0.831995513093754,0.561263491409277,0.25783519321039,0.127126314262307,0.0689740751213038,0.0394588501050602,0.0227480142008374,0.0125373422315619,0.00606576943248756,0.0020990409137859,0.000207524070186897,0.000547362357993416,0.00392398326762047,0.0121483812227886,0.0288885580745693,0.0615015373397837,0.124520828125878,0.241358616541403,0.417667123519748,0.366295351653639,0.230743649323427,0.163083283123161,0.0234537527803378,0.0444647097687546,0.292379542432192,0.604057939154012,0.782889296970354,0.847071184533154,0.865496683380417,0.870005092823233,0.863464510290941,0.832222965529441,0.757509099982999,0.634401956417647,0.485234527780045,0.344605273464362,0.233744962606769,0.155297002596912,0.102715589921388,0.068161341555031,0.0456521180490305,0.0307442916400505,0.0208085478660284,0.0141123754015461,0.0095489645559485,0.00648046041347052,0.00432517842740931,0.00284825999695976,0.00184276534357951,0.00116127582116824,0.000715418838092558,0.000436287127213003
0.0137770321159944,0.0188533045085308,0.0259275025625222,0.0361428149307448,0.0516217015813189,0.0766416070024044,0.120723051071058,0.207473389666786,0.397399512042605,0.748841024979426,0.742552403871677,0.3607924239596,0.164741311875752,0.0823470884115516,0.0437729336589085,0.0236079523301567,0.0122414455235028,0.00562417889950448,0.00190665890610672,0.000228392108685348,0.000241395724861336,0.00191627185162328,0.00547328875500058,0.0113801814675768,0.0203948846986382,0.0336419017682957,0.0526952723176306,0.079550438153978,0.115970922346638,0.159771098845993,0.183556801167692,0.0807427576707272,0.657926356387676,0.746373630567718,0.575761846002305,0.291400642102501,0.0585343949536969,0.0210075633078569,0.177259496473729,0.433910649769606,0.665568869496217,0.806811837442011,0.866463318902934,0.878557816169629,0.870690364402553,0.858839250480152,0.85086752136411,0.849964503027861,0.85640364688965,0.867827424720043,0.878352773435156,0.875824363340407,0.850267183535731,0.784448390051022,0.673060370783586,0.532638407194913,0.393205059151235,0.273360871752369,0.182103520172503,0.117704521070873,0.0751177268977241
0.0769402480226201,0.116873248624156,0.182357690969307,0.294237729582907,0.485163766282971,0.757328290795972,0.922241829682016,0.767950729987516,0.511160825983618,0.326978333421631,0.215070387577212,0.146854170431225,0.103402091422753,0.0743350660226595,0.0540081973108879,0.0392634548388123,0.0282965322291122,0.0201136993452941,0.0143489410888704,0.0116957691822056,0.0209585528480219,0.241365652546558,0.21447024585284,0.0841871300827314,0.00236346768315266,0.0246141672040896,0.069778240403038,0.145327290306489,0.262377547447623,0.420944930210285,0.595874754854284,0.743044693879006,0.83411428017835,0.87457762520211,0.886136720981212,0.886396765158742,0.88164758990112,0.865367179330015,0.817793109008484,0.714248388685567,0.55297054605463,0.374431268778258,0.227264293635736,0.128523319630613,0.0696631079293558,0.0366171550218196,0.0186401659422682,0.00909636543089386,0.00418808210439395,0.0017926686244196,0.000718621583114121,0.000305159152257822,0.00021530480976787,0.000405451111624903,0.00136916192982131,0.00524901396554149,0.0207687696477049,0.0881732581278306,0.323155466518982,0.409531108027455,0.284608815158642
0.0137833240517906,0.0188974587299044,0.0260481546210519,0.0364147666333494,0.0521985231732797,0.0778652530545594,0.123436495518972,0.213972096151817,0.413439340754827,0.767631712512461,0.711001399600846,0.336802799792378,0.154102295344806,0.0771293628703151,0.040823367892767,0.0217492205173221,0.0109951333471958,0.00478999419320939,0.00141523970037123,8.66683939286419e-05,0.000513263132335317,0.00271837861363379,0.00697731930599006,0.0138161676864981,0.0240501589395105,0.0388517049788587,0.059838462223359,0.0891629482272039,0.129498514549408,0.183400914423505,0.254734639918468,0.344302429220961,0.450251466452336,0.564801057596458,0.675799348775302,0.776842481976055,0.843147704354216,0.888355317195836,0.906498926634534,0.910722816784293,0.905536589959196,0.898527993853055,0.893706082310962,0.89252431561228,0.893855537727369,0.898567363425767,0.89500449062832,0.87438178571543,0.824658541494142,0.738324028659166,0.620151902833223,0.48775698729974,0.361029164391823,0.261676200404503,0.182072455542784,0.124426074395267,0.0839774797939292,0.0560460545722928,0.0369337036953774,0.0239260040140461,0.0153579429143058
0.0173379479342303,0.0243993162968237,0.0347261337281718,0.0505181459432008,0.0761481806019388,0.121121283628109,0.20806198871852,0.391262067475911,0.725798288965315,0.821569901010915,0.476201667187495,0.240121191585352,0.130220597728918,0.0760675172562972,0.0464639651992286,0.028780079049758,0.0174839452774121,0.00994822690250732,0.00487250952832247,0.0016540769897756,0.000143003436004372,0.00057599177148938,0.00354155379946555,0.00933316605465463,0.0123545696505597,0.0274639627790638,0.49804152717859,0.421287608191457,0.196938738413555,0.0790322245788846,0.0266656277552284,0.00458390234555028,0.00163301867383124,0.0170181598199797,0.0578432992972921,0.137103466283595,0.266305274126385,0.442222280474567,0.628077097623413,0.769661797477859,0.843118557694697,0.865396025797638,0.864736908776819,0.860600595054089,0.861089608865086,0.864725285037551,0.860182674313508,0.825748473506712,0.737758617183524,0.594493586950821,0.42925864835714,0.286135135622129,0.180273565803596,0.110469764796927,0.0667563082188796,0.0399708283647041,0.0237230926347022,0.0139660399847202,0.00821297787368154,0.00505883010139327,0.00358158262816635
0.0173147778489283,0.0244747510052024,0.035022388840205,0.0512739896680156,0.0778481977105804,0.124809324040595,0.216089662961433,0.40810355935664,0.746740312357377,0.808848822376715,0.461244610575863,0.234128680558749,0.127452592956554,0.0741139485370573,0.0445603412854755,0.0267021781524933,0.0152152317010808,0.00760444370127773,0.00273338707012602,0.000290529679147669,0.000713591268057451,0.00551625284042627,0.0182822565500885,0.0469207334130086,0.104805199245315,0.144834548244098,0.225525613500336,0.26642963976139,0.0998026442533603,0.0171052704702258,0.00865381848707349,0.0936149071392203,0.299882677610661,0.566266570447254,0.752909026564963,0.827781216154463,0.846741341925361,0.850068475311036,0.844354286947137,0.810194465628311,0.716082345523872,0.55625953538224,0.37707712019624,0.231774312201427,0.135590362231848,0.0780030782951544,0.0448123882629884,0.0258418262890585,0.0149111232286681,0.00862819953644786,0.00504353108239764,0.00299857584971326,0.00186576649093084,0.00128509299804884,0.00107008162851817,0.00116126210247328,0.00173655432388546,0.00339714447001755,0.00816747542917797,0.0237735879067563,0.0866947543822474
0.0268329777619296,0.0380395258169514,0.0546698166824794,0.0805665103989164,0.123492284112382,0.200292070865043,0.348146821104061,0.622978081214077,0.882018315872625,0.680985239065074,0.370615025355502,0.199206792292021,0.11356306935602,0.0677728789791923,0.0412324967365488,0.0248100764320414,0.0141930234588244,0.00722841874850984,0.00282888522999682,0.000502165594001928,0.000151981852363133,0.00201495761233861,0.00668349764146316,0.0152005728571927,0.0292190628689324,0.0511459013121641,0.0836261029336904,0.121993713564226,0.0931967724469392,0.581485638396952,0.526969089571074,0.0341834318884207,0.125796307638187,0.351877983453409,0.562880583060749,0.724118251864261,0.826858210133698,0.880080216172741,0.900453300911226,0.903785664361673,0.90113588086733,0.898737426597332,0.898805002838704,0.899888831725229,0.896496574075168,0.878615057719811,0.83309700304296,0.749652312174647,0.630341209320916,0.493017482191988,0.361928580916274,0.253201784939126,0.171331974347851,0.113331740755832,0.0736226294477482,0.0469325715141367,0.0291685524993022,0.017851736084343,0.0102911248089395,0.00553115396873152,0.00269384544591181
0.0138384915993728,0.0192409766023337,0.0269737062766895,0.0384811859708262,0.0565222008190829,0.0868424189244929,0.142685130672323,0.257511863853249,0.507263293396029,0.828693542639824,0.618330760332897,0.295903138309803,0.145002990125634,0.0770250721954349,0.0427871310337862,0.0237267092520685,0.0123827692633167,0.00548735108679186,0.00156931216961762,6.75883756084222e-05,0.00101014753250185,0.00495241259562498,0.0130823820206876,0.0274708923550036,0.051557279783392,0.0906266276813935,0.152176612611952,0.244848926156467,0.37341394294566,0.528350426335972,0.677273103465836,0.760041725786253,0.785315499889137,0.668622321684289,0.719220437257651,0.870095914864385,0.884001233886394,0.883064625964199,0.866863546902976,0.822495731394263,0.735589430016562,0.599573683990256,0.443977990628308,0.30393450560378,0.197818511717168,0.125412938630994,0.0786204213757475,0.0490747870179748,0.0305461594788942,0.0189200735946491,0.0116400635901501,0.00706296608005,0.00420952841499593,0.00245609798981994,0.00138431869103898,0.000794382240179461,0.00047355163492321,0.000336890516317659,0.000350707159362453,0.000604028469448229,0.00157051091348848
0.0106761635225586,0.0145754061197408,0.0199976954835633,0.0278172441567882,0.039668169470114,0.0588842416543117,0.0930622860777488,0.162019425316909,0.323754652232104,0.685905686587243,0.719745978096748,0.313455631041541,0.133556601594871,0.0644947946113787,0.0336337844292493,0.0179486174861046,0.00928048499105109,0.00430562233728898,0.00152510045054735,0.000229514736342413,9.89657920945603e-05,0.00103663004084896,0.00310002482960236,0.00647985477233163,0.0115078521682483,0.0186886327166158,0.0287580299478623,0.0427753389292436,0.0622578410164684,0.0893484643469178,0.126902832065291,0.177854042259526,0.240317954367856,0.274430710813738,0.137999235544142,0.577273520837126,0.456467477272422,0.180038981956187,0.0276087540560761,0.0200498581432508,0.128716165644113,0.309655952997483,0.514043641406628,0.690958464451535,0.80869022828821,0.869008537077875,0.886724977759177,0.881761950480411,0.868283915051238,0.854707100285465,0.845396440192464,0.842217028480539,0.845116856149734,0.855286677638286,0.869000363492278,0.883654110224942,0.894411129777819,0.894453839923998,0.875766558725365,0.831334611984192,0.758532290390103
0.010155202532378,0.0141902072704225,0.0200141603692629,0.0287764808558686,0.0427193665675339,0.0666516347317049,0.112173827226783,0.211139012361716,0.451503486558662,0.82204360772318,0.583883401796012,0.264077714018546,0.130463122443878,0.0724836770662358,0.0434272851774493,0.0270226884338898,0.0168877000396455,0.0101996534807149,0.00560571919292742,0.002460738023715,0.000555170080550593,9.84428730772513e-05,0.00196227315895327,0.00820077445155963,0.0190570551006882,0.0107777276068554,0.155777626623659,0.0749409219255097,0.0350103018339017,0.0237886624769113,0.00917301187177925,0.00246986440965536,0.000162088138639692,0.00169458104976252,0.00802860503788548,0.0204625910494254,0.0441356663887873,0.0854113173830308,0.152198977239549,0.255408242098338,0.398956197661817,0.566329296241231,0.717139761372375,0.815184096911696,0.857799655464375,0.866687182246919,0.864119222351687,0.862845626360912,0.86617033135625,0.869432975607022,0.862050261131281,0.824278359035475,0.741982974757463,0.618184637636842,0.476843147445458,0.346071247606602,0.241284506736818,0.163879469454738,0.108704048625488,0.0791257161708602,0.052864816781477
0.0670741704016541,0.103924924345918,0.166578235778974,0.278800907926696,0.481137817569598,0.775781130210856,0.910844680299239,0.699442996919254,0.446337642238538,0.285140087075987,0.191607832820732,0.135707082330635,0.100650024780637,0.0778360191324751,0.0629106247938665,0.0540004000974999,0.0517085090569232,0.0638571182765615,0.157774730157073,0.314705352301854,0.209420275978555,0.080851084443384,0.0060026674493412,0.000164075659809314,0.00249102599713417,0.0104861889218007,0.0259003155968441,0.0557400482653275,0.108314115852163,0.196302738875534,0.3302377018261,0.502457884893733,0.672972263271801,0.793293436577378,0.850852560583562,0.867550401271727,0.868390515006064,0.86467487984193,0.850432040890924,0.801811392881326,0.689079776499431,0.515507521451543,0.334670904525147,0.196384990042703,0.109169341757657,0.0591909190366672,0.0316540635737558,0.0167523560460377,0.00872998170082912,0.00447092604651546,0.00230008207823025,0.00125552934851829,0.000839923238304407,0.000857514159379118,0.00148043101933955,0.00397751254698171,0.0125048298649816,0.0471772829645093,0.200173770512243,0.37887401197639,0.251665259374954
0.0377403631520923,0.0539324234558322,0.0782795144090768,0.116724302601394,0.181162115290584,0.295988657115981,0.503631862588992,0.79754408712254,0.867680012921318,0.586676079569492,0.333904237814885,0.192539320844305,0.116156895819031,0.0724708729542439,0.0458224316514813,0.0286730867596863,0.0172165329723534,0.00944554111475759,0.00428963891431444,0.00121732238633144,5.19128352672433e-05,0.000893828416675128,0.00409690806205022,0.0102494980741326,0.0200130514098178,0.0330597279974149,0.0409061441772401,0.0650320674012779,0.448951028814159,0.581210433640212,0.124638963922356,0.0320001436521806,0.161041447991766,0.315595018060838,0.480002923136683,0.631352890112323,0.753776540729551,0.837894389671588,0.885371567513017,0.905002902863192,0.907783233407412,0.903014551420129,0.89713635862885,0.893813726358114,0.894231294779738,0.897010300246701,0.897550332598372,0.887077256055997,0.852740249167764,0.781539152733802,0.669525621911845,0.529781336654845,0.388212576767997,0.266368844372267,0.173598127300607,0.108432866277381,0.0648044879122843,0.0370756902069582,0.022148393692303,0.0114324401921452,0.00560100418469518
0.00561270890508212,0.00763726672936777,0.0104198803834896,0.0143627071200314,0.0201858465387754,0.0292821593870027,0.0446263579258411,0.0734548142278996,0.136626835357676,0.305285251412548,0.710969642442714,0.554154606996118,0.205847256971881,0.0880042711889712,0.0436056205401443,0.0232632206137247,0.0125668119669406,0.00643986238361496,0.00281596900361095,0.000797272404837936,3.63456930079139e-05,0.000526377122494058,0.00257283648848425,0.00690407566738379,0.0149852537469602,0.0297587122894351,0.0573987140388423,0.111399104056335,0.219063618809399,0.395959571109011,0.397280429288565,0.0520961760329354,0.0522411701501312,0.0299742642678066,0.0160422198788353,0.00108660804781878,0.00975469056493484,0.0490996630693679,0.135299910271965,0.283402207662072,0.481087213759803,0.670815398628927,0.795319642185493,0.850930087715982,0.867471236847024,0.871035633203491,0.873531784948338,0.875050676655342,0.866503563512886,0.83120980089849,0.761321237790203,0.650772763699821,0.519102156218043,0.391701091162851,0.285218282763686,0.204053166538232,0.145229235870679,0.103551658834203,0.0741995159356087,0.0534657717325007,0.0387133754244794
0.0207758399489952,0.0297075816324648,0.0431249833317405,0.0643070724476331,0.0999986875828012,0.165299232556516,0.295848848564027,0.558938470009926,0.863785441035681,0.697637303737977,0.37956654653763,0.206023585052104,0.120641211288023,0.0751020729682237,0.0484459909851739,0.0315580478434853,0.0201600189499746,0.0121059459115835,0.00630471296851503,0.00230041804541806,0.000208704600190408,0.00106736808294799,0.0083095839944382,0.0338952599251945,0.126222725637997,0.321534417232959,0.0250619333567264,0.0127861574103511,0.00362950476874976,0.000528015772251401,0.00877917727793118,0.0322260676004618,0.0784195022105393,0.158025291218749,0.280119833823835,0.44031018397024,0.609592751722035,0.746820820765161,0.830804197004656,0.869820633908449,0.883535405466498,0.887046087856367,0.886401549173099,0.879054447375182,0.855214744340369,0.801457855835925,0.709445088892817,0.586076778440134,0.452775967794692,0.331835865949505,0.235908597805328,0.164858140615937,0.114547847758774,0.0795907103547957,0.0554104325424845,0.0386292462732782,0.0268946023483111,0.0185863620237594,0.0132014185260948,0.00878654952359642,0.0058409748086929
0.0223336186530689,0.0323522400376537,0.047712613585187,0.0725452824342424,0.115546343033905,0.196502492044558,0.360781278708326,0.667541469568329,0.876953536163951,0.612713484571647,0.336480117202176,0.191559438804705,0.117302316929721,0.075859104143943,0.0505731493865007,0.0338993892439087,0.022157171876434,0.0134477427448562,0.00682608673509883,0.00207791087792611,0.000134428755616398,0.00543012447809947,0.0351812220368208,0.0197617573801742,0.0790881512910633,0.0268920582180835,0.00481475855718571,0.00107421632697429,0.0166102073544318,0.0645799627981381,0.169025308062939,0.348168764382763,0.567648088540919,0.740254576776373,0.826307719419761,0.855439301725403,0.861887472552062,0.855688018291844,0.824365853979745,0.744413441997905,0.607720249067441,0.443753121148262,0.296800500591527,0.188899980884248,0.117979532250025,0.0735838990993209,0.0461705269761529,0.0291879348799672,0.0185522353592264,0.0118312405964928,0.0075363884764092,0.00477622012393494,0.00300055265634546,0.00186534423857359,0.00114981252107415,0.000711291228438417,0.000454302133461551,0.000324397637115441,0.000291057446151547,0.000372058940356517,0.000698340850765638
0.00595904644723925,0.00805902695426483,0.0109176223844793,0.0149255485063898,0.02077678622406,0.0298016307463782,0.0448122635471688,0.0725706164229961,0.132332985778533,0.289661702953945,0.682448689357692,0.563705159556197,0.201830232712573,0.0818499682818234,0.0383561297704371,0.0191172676266076,0.00939388474987607,0.0041321489333519,0.00132599957471416,0.000131263637795285,0.000241477597772363,0.00167139166204676,0.00470689205372883,0.00995515018827174,0.0184971308662627,0.0321886880395211,0.0541830393126691,0.0896069897754872,0.144939207157769,0.215038205588964,0.191709037154332,0.156680802922912,0.362421731106976,0.258328522100757,0.159825265177033,0.0758210233081281,0.0291808297034746,0.00407871168393046,0.00889753942512279,0.0602592690164951,0.181512322893778,0.380051163106315,0.603655376664868,0.765333544641634,0.837250561068766,0.852763984103563,0.849041249426376,0.846033223315497,0.8503190908485,0.859843025580152,0.866469882187337,0.856694997202965,0.809926818652196,0.71684753189265,0.587767169681612,0.449359139206811,0.326253060834289,0.229423565602837,0.158865097387883,0.109066882254882,0.074489848924258
0.011540191909993,0.0156714356708047,0.0213608789754974,0.0294701155935676,0.0415837132949493,0.0608676324419622,0.0943397574477184,0.159642114975239,0.306287351871434,0.635258096339259,0.772763457958984,0.370347273142168,0.155727040349544,0.0731674528470498,0.0371201467401815,0.0192380058400634,0.00959590810530539,0.00421962485463253,0.00134236767061167,0.000133972540915088,0.0002151724420398,0.00145512718492649,0.00388390739132353,0.00765743488796734,0.0130499736406425,0.0204641043106459,0.0304545998770359,0.0437656250626368,0.0613816136372942,0.0845904527086416,0.115050042321993,0.154826848427047,0.206311860689021,0.271726578208574,0.35108663247569,0.438661898874285,0.468088147719919,0.398904452407185,0.732696861833341,0.50704619516554,0.0796873767565146,0.172463051798937,0.522619723804824,0.750218473110757,0.854191868560844,0.889233710173545,0.890819047998453,0.878620816306745,0.863039377064234,0.849001575380788,0.840742633084543,0.837687695224094,0.840508664423466,0.848756325084164,0.860979984365317,0.87520651998214,0.891668760712243,0.902515891028645,0.903545184785433,0.88882960862565,0.853037282641481
0.0146567887205263,0.0207201579377649,0.0296653747614796,0.0434958278294544,0.0662646963098566,0.107004939117925,0.188073911878771,0.367001941057154,0.714550946031447,0.795696853563682,0.436993947198027,0.218985834654416,0.121102766146731,0.0731855783442574,0.0469267570092942,0.0311413851209656,0.0209467347546012,0.0139974026036445,0.00908474201375371,0.00556645683780661,0.00311599901866413,0.00160358238094358,0.00110263320785935,0.00419426236505617,0.0777884682054062,0.460078193546494,0.452584491175975,0.212927640293274,0.097111899902418,0.0464991695856043,0.0242215677758741,0.0115706470953482,0.00429559145771589,0.000773843221616921,0.000318788612691703,0.00316305973492671,0.0102719084399017,0.0234820283152941,0.045865281025392,0.0820401987597254,0.138486387103938,0.224561416311501,0.345273301106709,0.496726122871905,0.652967829021918,0.776659841811489,0.845535022624984,0.86611447444052,0.859535076197762,0.843973507911087,0.831750857436182,0.831704125110063,0.838372681805396,0.851966053105522,0.866717653101174,0.871964759307318,0.852426822288032,0.793069211159542,0.689442902312224,0.558465406700564,0.422284377580096
0.00328736550223813,0.00438034131297477,0.00582779405598844,0.00779153244012927,0.0105463546891071,0.0145911606664957,0.0209121864759552,0.0316917137333696,0.0525710565527362,0.101761543733244,0.257608109947652,0.693234229115226,0.310205831543957,0.0908657673359264,0.035119056793394,0.0155733505244673,0.00707992564940319,0.00295610558365079,0.00092927724715958,0.000103360070945206,0.000109926122712005,0.000825096738702692,0.00226702780943685,0.0045633951149852,0.00795399428113539,0.0128193280335678,0.0197381769915715,0.0295866942816555,0.043702941396469,0.0641546112834646,0.0941517562434171,0.138566421907528,0.203993051124218,0.295116126193485,0.391058092422174,0.305830929966152,0.316042924170507,0.419864772728299,0.253946748101072,0.114138006026691,0.0216592277245752,0.0128851120689378,0.118541206422457,0.343739531652861,0.601130477066855,0.773985601070234,0.844580703574882,0.858508778382697,0.854453241487449,0.851056488837709,0.854431612886752,0.863053737204454,0.875091834591015,0.877681829147718,0.858396656661983,0.805344823502499,0.715570252295281,0.599919377929773,0.47781750468754,0.366412726573879,0.274399978314774
0.00885310263341544,0.0123224262477862,0.017289912955299,0.0246855662705383,0.0362906325464779,0.0558397335251437,0.0921059606206367,0.168668107256062,0.354482788643114,0.737168694982038,0.686849769590453,0.316489549637965,0.150934256357175,0.0820579739638905,0.0488396157777839,0.0305884382131093,0.0195102385260813,0.012258866047192,0.007250322197943,0.0037077137944004,0.00130908188558405,0.000109792557883065,0.000656742899638275,0.00387099544879384,0.00475551326258524,0.064763719807662,0.131999162928412,0.0692997322801546,0.0351885588863873,0.0182122823119149,0.00923678426741942,0.00392514964848148,0.00098953795874369,8.97513086266819e-05,0.00147146939249565,0.00593174932984309,0.0149929795895582,0.031319834678596,0.0592754850348691,0.105468607910102,0.180352245869544,0.293402762833048,0.445168593880116,0.612080467404744,0.749931377169826,0.82920483251301,0.85701658163197,0.858484554433825,0.854236556351041,0.854240470735735,0.859935535545313,0.864455963462169,0.853413500632257,0.807884330744879,0.715553931435058,0.585009730992627,0.443793365744201,0.318387028358899,0.221095412540197,0.151554527314801,0.102749625337037
0.00570829388255947,0.00772817626109099,0.0104826164915957,0.0143522274869835,0.0200142876555443,0.0287698528418305,0.0433764676570802,0.070487153634885,0.129137688677837,0.284524101041733,0.677881490906373,0.564727147988711,0.201619385804633,0.0825809380015892,0.0393646893249699,0.0201491995699759,0.0103462014883069,0.00493891154369352,0.00191581598520578,0.000401945211906187,3.25739254962019e-05,0.000722710903561268,0.00258808059940873,0.00594063138298368,0.0113388776963173,0.0197014503319395,0.032516757671551,0.0522141082448161,0.082801064292636,0.130850515830089,0.206388583201767,0.319607249185741,0.444865806850528,0.397072542631376,0.231496638673397,0.246947568693308,0.0961194796388496,0.0103320399519883,0.035993163835244,0.189386388367954,0.436100885097698,0.665994591361352,0.803717083044885,0.859624259149929,0.873894627725266,0.87510817907379,0.876375257761046,0.880736473804628,0.88456122208403,0.878705299252703,0.848821275196161,0.789077086236448,0.692542563194197,0.572816117742495,0.450077247411374,0.340832443467942,0.25251135898109,0.185186435452665,0.135479118232999,0.0993214257618723,0.0729931027913494
0.0114400618629084,0.015849899033396,0.0221415966584342,0.0314967766655086,0.0462108837374355,0.0711912295926415,0.118257238825854,0.219888567316338,0.465567697247073,0.826594357227241,0.550280428232538,0.236356352980037,0.111430949540412,0.0586617780529276,0.0328700394191093,0.0187524192469902,0.0104098742349946,0.00527829983720111,0.00215513578179079,0.000477253373758985,3.75717397773973e-05,0.000883319738266199,0.00331347828091857,0.00796378660892977,0.0160177581381195,0.0296457010688388,0.0528201764096089,0.0919763644824755,0.146339798378402,0.10315133360646,0.205702593354853,0.192217180944597,0.0764418749351043,0.0187763543586472,0.00411260638709465,0.00398249448289666,0.0274886244942869,0.0745731563515403,0.151262103330097,0.263654937663272,0.409864895575392,0.571853161204327,0.717220607584566,0.81819648200786,0.869272402563255,0.883798128001784,0.879663697133264,0.870464416305345,0.863997240390412,0.86345521063232,0.867811636734362,0.879159810950942,0.887171240733542,0.884057503804281,0.858433748613028,0.800410391838387,0.708191352204628,0.591887713182781,0.46927940572487,0.35663173406865,0.262836776023687
0.0477359771319355,0.0715928704227484,0.110283563217773,0.176707597382976,0.297140200527332,0.5149850993127,0.812565660951843,0.880747731879909,0.622869318275298,0.380210295118114,0.235914863326532,0.153595162386515,0.104188254575618,0.0725792692785774,0.0511164477362773,0.0357673937487439,0.0243149718389605,0.0155296064613536,0.00880357711747535,0.00402944960566606,0.00162406448955179,0.0144362092597543,0.36748572642355,0.163883600444372,0.004179040876365,0.0198822052362815,0.0936973773895491,0.243303197862173,0.467039011194141,0.682792230720982,0.80468149494626,0.845184984949827,0.851420296170166,0.840424995396233,0.791494533167898,0.66697545293046,0.474193429216587,0.286566806528073,0.156746243698588,0.0822334395612643,0.0426287188123329,0.0220446270086386,0.0113790731314765,0.00585995880297851,0.00302762056129118,0.00160602800056033,0.000902700976683739,0.000620380160101063,0.000576836483218576,0.000762725692446501,0.00132660608045909,0.00269735111101963,0.00590878237177684,0.0137658028599889,0.0338934748378973,0.0901887888341365,0.250092250245543,0.500787237783892,0.458764367832963,0.318273631263487,0.232866059522981
0.0116051738474723,0.016015302534848,0.0222535985983119,0.0314240631725422,0.0456259916758276,0.0692229799541558,0.112339646320502,0.201544867749279,0.40915690490886,0.779917388578309,0.663618430534291,0.301703254906631,0.140705913616836,0.0733119641122159,0.0410215155585893,0.0236176414887631,0.0134198103754466,0.00713850726352584,0.00323833137691623,0.000983426076178695,6.05377208547364e-05,0.000430143658669507,0.00228681768169313,0.00609233263228715,0.0126827348118543,0.0234701981466798,0.040721575470436,0.0674168591130993,0.102232368713347,0.0945827050849851,0.22272781781038,0.47755399378954,0.269023395102486,0.0988356600057768,0.0232384108173341,0.00145115416766497,0.0187525568764066,0.0731573118602478,0.170231250055721,0.31225755048131,0.485455170080208,0.654909223977016,0.782613797667886,0.854031338716035,0.88052744787363,0.882331553069628,0.875776915397926,0.870411720132608,0.87036192013331,0.875812801781,0.883081918178412,0.88516372312325,0.876394021835105,0.837937465044164,0.76326584737175,0.655260989585063,0.529434108497359,0.405825705701507,0.298912491105101,0.214143268617201,0.150415072381156
0.000719965189471736,0.000926391001687897,0.00118202972976037,0.00150253923589479,0.00191202367907139,0.00244939090877725,0.00318116829685568,0.00422976113522147,0.00584339591058432,0.00859835521199621,0.0141296972445277,0.028889082099953,0.101336159739275,0.355938400192514,0.0322032662778587,0.00663872318686956,0.00167288075103447,0.000312439369342779,8.00232367513366e-06,0.000130377625306198,0.000483522085845335,0.00100397095328109,0.00167927291386975,0.00252168764989672,0.00355919409531807,0.0048330494335964,0.00639848348413986,0.00832750441528484,0.010713769153262,0.0136800498140899,0.0173893713896368,0.0220616051844777,0.027998366305733,0.0356207300008791,0.0455268829392063,0.0585806804343464,0.0760469036213502,0.09979143645732,0.132548792275192,0.178163277077436,0.241308179125065,0.324710017937199,0.416662470861152,0.436666905067093,0.132625600693023,0.455735448534189,0.499470453721058,0.398819313795446,0.288026568837325,0.192414100646039,0.11358079008152,0.0499867670411583,0.0124229207200248,0.016446098235272,0.140202534801024,0.429656124289853,0.695453006704356,0.770210284441764,0.73592202322822,0.693239137407007,0.654545578220368
0.00268658405758786,0.00357078412324646,0.00473730880388327,0.00631364514143177,0.00851602489527791,0.0117366391293808,0.0167505562225794,0.0252749776440651,0.0417719460694853,0.0808934638833911,0.210335201572386,0.66398959678638,0.269511292306764,0.0723085275032667,0.0268092899006587,0.0114534091508037,0.00495627352728094,0.0019001778513755,0.000485996643686692,2.00405589492052e-05,0.000229448200336688,0.00103950406496383,0.0024975779423259,0.00475596195319688,0.00808849734044747,0.0129386445264679,0.020009684749711,0.030418895409664,0.0459401724796899,0.0692967777498281,0.104039636471677,0.151354758765628,0.191853186661475,0.128522162341566,0.0411735841749596,0.202843737492784,0.212465643219682,0.165960938117559,0.124045449403772,0.0897009221365479,0.0641714115336639,0.0449850302253892,0.0302149998332406,0.0189236839974511,0.00990271642127453,0.00413618597890573,0.000592676596662086,0.00181140074355463,0.0112265709267265,0.0357373851093829,0.0883974424868766,0.188645082880114,0.329784251917895,0.548658189970079,0.724139587060615,0.797850047579708,0.792139612497463,0.756030373972399,0.71886309951002,0.691531895165959,0.676575028759628
0.00132850281552953,0.00173325647340719,0.00224817359064365,0.00291421527835732,0.00379662613893063,0.00500505873756159,0.00673649610478402,0.00937665650090041,0.0137740647085512,0.0221320554319388,0.0418306991023497,0.110623285123481,0.439532316339245,0.170022869084943,0.034184016325815,0.0105542527126243,0.00362663512619334,0.00109025658773486,0.000172505413370933,2.14365402237561e-05,0.000333319830135401,0.00100412490364023,0.00202088053138473,0.00342477477040719,0.00530077361197691,0.00778005814121296,0.0110516442411401,0.0153839048102262,0.0211598324492335,0.0289335464456706,0.0395209403342412,0.0541453087914992,0.0746678565022675,0.103929688330137,0.146147739367157,0.206839092150666,0.289635233006461,0.378363366150284,0.349676546792134,0.124173107372786,0.428727346819927,0.38129229512103,0.265122152802766,0.165927313881374,0.087666487453079,0.0319297905178627,0.00382780274618477,0.0253316336886077,0.13901801821762,0.372739571329268,0.640997528146569,0.786770497696266,0.816641620873892,0.801188879140998,0.779521753696337,0.774525874785732,0.778936586846565,0.794890898836468,0.819185917080196,0.845671316473254,0.864455102093276
0.0478340514023426,0.0716749073788297,0.110361374801175,0.176973258004716,0.298499316329724,0.520118818904264,0.820852820067463,0.872111282822727,0.602017181818178,0.363712990096919,0.225760984764431,0.148184260425034,0.102199270666967,0.0732529580457153,0.0540916649406785,0.0409684195888647,0.0319394111088357,0.0262123990544281,0.0244088513725891,0.0323697989059206,0.107865021816399,0.425523497025295,0.403275610466954,0.321286924348437,0.0560714589299971,0.0110149218496897,0.000701383305189025,0.00242722911335511,0.0129953369789742,0.0351462797213729,0.0695659549126298,0.13355287847388,0.231404536105941,0.368667641987987,0.533178380422565,0.689876663550818,0.801294442783101,0.857005797505385,0.873284677516242,0.872240131382118,0.868683406041057,0.867424509677352,0.862606441615404,0.835681785172588,0.758608983086117,0.617028193412808,0.439816653912162,0.279473252055343,0.166163819675379,0.0950365915885379,0.0530091638224857,0.0292008473228343,0.0159309654831105,0.00867545468779146,0.00483987575937586,0.0030099692217509,0.00247941922601692,0.00337970890351977,0.00822778415609415,0.032579327556359,0.171779861782142
0.0368904083527269,0.0529611793895399,0.0773162034830063,0.11614120950283,0.181966573750796,0.300770381219658,0.517276725127716,0.814715806825486,0.854802379797088,0.563242032574582,0.320813806618285,0.187176930684208,0.114732976994019,0.0729726813852066,0.0472545996701325,0.0305119335400655,0.0191516202993666,0.0112585937559287,0.00579334363320773,0.0022208939020065,0.000340435372577141,0.00021871569548823,0.00218192086775818,0.00681531573226007,0.0147370174276421,0.0245240589114643,0.0183909980757374,0.362828849306887,0.558970778098245,0.163770745559856,0.00797877832355011,0.018577326418018,0.0735825816956786,0.160402293116929,0.273313610244204,0.407878255678668,0.551548667874192,0.684970504474707,0.790096498073588,0.858695341611098,0.894037056373478,0.905979330068405,0.905187982113802,0.899998384215065,0.895687554036017,0.894736062365014,0.897064522730809,0.899810472193587,0.896667540210372,0.877446907440858,0.829255523428215,0.743273080414003,0.625119036566521,0.488400900216462,0.356874138841066,0.246715885794357,0.163102885779997,0.103624718575405,0.0629749523621084,0.0370120921056008,0.0198713281859387
0.0243514626013401,0.0351431770288559,0.0516762208779071,0.0784663529391084,0.12516403819155,0.21410574849618,0.396587642332982,0.724184048133796,0.85774028211231,0.537698869680105,0.284818774122455,0.160128406486824,0.0971272333597833,0.0622161757224753,0.0411480638182741,0.0275191303883158,0.0182060151680824,0.0115791714930216,0.00675878788463726,0.00329204271663048,0.00102361713529852,5.472486950672e-05,0.000491295783203144,0.000474369067627057,0.132847198131276,0.190716723562051,0.0543320880003958,0.0148992878621564,0.0029000337195798,0.00016076626687299,0.00286254206701907,0.010881423182372,0.0219997663695414,0.0431486853559145,0.0787620247576586,0.128917375773731,0.201236571054567,0.300396464726388,0.425980113212609,0.566948999319089,0.700694562231351,0.803087088445067,0.863111539792233,0.886646150890846,0.887993095790812,0.880706828088208,0.873828147401072,0.871820060161846,0.875051426662119,0.881336638283592,0.88496497096207,0.872053120325164,0.829227926003852,0.746555533284334,0.627821212459298,0.492238906499341,0.363261520067807,0.256005169081867,0.174394404357215,0.11532248853899,0.0742317214412712
0.0212432593181368,0.0297907392469748,0.0422310486772982,0.0611518795133714,0.0916511680151705,0.144626021593094,0.245094894572115,0.447520244858991,0.776410428060172,0.817606488858446,0.476721523013258,0.246110593546827,0.134914238571545,0.0788703405258137,0.0479288132480912,0.0294416490425627,0.0177281139004414,0.0100370114269768,0.00496656858409727,0.00180454754018758,0.00023940472693871,0.000237942641006301,0.00201079726983059,0.00603868250535809,0.0131584899816704,0.024725670397978,0.0428710051080591,0.0707493691516433,0.111525456250822,0.149931949360205,0.113131089363213,0.593185413207223,0.261568771844957,0.0143570352358052,0.0570145811221099,0.179120893189067,0.356948806318003,0.538104394495197,0.693203958385225,0.803288848889345,0.866904207138793,0.895396634197718,0.903203523368706,0.902027159792033,0.899310081065842,0.898674872748952,0.900556377516202,0.902366496065043,0.898257935979556,0.879197874890786,0.834768033666534,0.757785052972169,0.651557590361274,0.528603438263376,0.407134281769661,0.300958816511302,0.215932701065187,0.151651715510158,0.104739815978814,0.0711575737659313,0.0467878103974176
0.00216553223193149,0.00287123170871691,0.00379557168863169,0.00503200423653273,0.00673499720873218,0.00917575527194923,0.0128680855960629,0.0188874001082972,0.0298128948931391,0.0531687460572878,0.118460825300371,0.388750737588466,0.518498389138397,0.120723308089571,0.039066926275669,0.0158168110426192,0.00682124236148181,0.00274541911014692,0.000829075904629446,8.08919263288079e-05,0.000126148257382188,0.000863661689678655,0.00235779717806782,0.00482147670416352,0.00865551790597871,0.0145519342891501,0.0237045797954977,0.0382285845166814,0.0619975786457085,0.102230003532852,0.171563697594938,0.283378991250931,0.394906862419287,0.207940324748162,0.0825109120202704,0.126395525735258,0.109865813780928,0.0674852037573198,0.037539341117222,0.0158543129606087,0.00381726945283312,0.000868700868815292,0.0130493568368263,0.0516536024410418,0.137977067877321,0.294817223121779,0.509732498158516,0.703715732440905,0.807671368906535,0.83558653132756,0.831171572120866,0.828935682738946,0.833954225597128,0.846117756574863,0.857740135415437,0.853688919463511,0.81546339889823,0.732040646700577,0.611644492209727,0.478695372245161,0.356571391780215
0.0193009211816054,0.0270590842510329,0.0383371545539485,0.0554445605777201,0.0828953796425223,0.130279194100485,0.219668290151452,0.40134675304977,0.721931478759782,0.832008261090373,0.501128797372954,0.253366429236155,0.13471386249351,0.0760636880904998,0.0442284948205443,0.0255014296224014,0.0138753440499195,0.00653802793896218,0.0021550525390071,0.000184393684969743,0.00061179954029153,0.00389076397519031,0.0110154583294104,0.0237136019387249,0.044764282733182,0.078328542350495,0.130422501636045,0.207664959122218,0.312468733317957,0.406732427199526,0.64075718123303,0.743721911465384,0.575951501449661,0.831561741523408,0.879046604895662,0.885132472891659,0.887405130116322,0.886142873663546,0.880426766673874,0.85858738821602,0.800467383244113,0.689585979114018,0.53491419453239,0.373644649954115,0.24092248744034,0.147930960916754,0.0885292853596588,0.0522909551396299,0.0306393827936817,0.0177939531239813,0.0101386474175779,0.00582170580614149,0.00335645886456766,0.00201320228948765,0.0013639324450845,0.00119263008160029,0.00152717193366186,0.00290483270471742,0.00750304718031348,0.0247757327442411,0.104357504056339
0.00184722681524947,0.00242595673253074,0.00317230266221686,0.00415400518788191,0.0054819723271871,0.00734892741539829,0.01011585757295,0.0145289178399097,0.0223538952336493,0.0386790624239086,0.0834634679752956,0.281384071560072,0.498125039103647,0.0938965260631538,0.0265888347400962,0.0096299190765608,0.00361815560437521,0.00115986632449123,0.000198488527668115,1.97697772507111e-05,0.000351453855570311,0.0011010714682661,0.00226716028658983,0.00390864115312746,0.00613840245571912,0.00913068077678047,0.0131404759678151,0.0185379884234242,0.0258655811341913,0.0359308892652319,0.0499584036933926,0.0698306613717001,0.0984385250222566,0.140022922603273,0.199654506576053,0.277713926390929,0.34227110306317,0.2307445299732,0.105861942360374,0.284620121828781,0.246123088120459,0.193468616068032,0.124682696457144,0.0771292587297498,0.0421838414482242,0.0162218482423052,0.00242475847255661,0.00579865681094326,0.0398875858569458,0.118363032936407,0.28484884995296,0.514333886007214,0.711864026393016,0.795931515383611,0.806178361355542,0.78002969419742,0.749842952373399,0.728366695394982,0.71862631526694,0.720586291080454,0.73324689839163
0.0232312846508995,0.0328309231420593,0.0470107899829756,0.0689854362998823,0.105258559514086,0.170119329073736,0.296718332923626,0.548740203869054,0.860045050743271,0.717898415719926,0.385504332262578,0.201934510879197,0.113410951259003,0.0674223330707038,0.0412958012052568,0.0253325262788415,0.0150592794378703,0.00826401748654485,0.00381233801363881,0.00114499406235651,6.07142739401724e-05,0.000636640366474783,0.00323462665960878,0.00858899280508712,0.0180110493864863,0.0338034961259901,0.0600641942921775,0.103922984449534,0.172470974496163,0.226659012003881,0.20551740656474,0.20543117617612,0.0317418765640997,0.00577791944335458,0.0570585582516491,0.157410295661016,0.295861593471118,0.455785659069263,0.616335167432481,0.747244427788662,0.83423009314485,0.87978121589365,0.896365494213918,0.897515794639066,0.893362856478121,0.889957666332106,0.889950766305038,0.893193862088616,0.896816125842672,0.894641665948768,0.878927813650869,0.839684359093584,0.769052462026387,0.668949323935223,0.551085089724961,0.432081393554479,0.325593201083706,0.238273662510077,0.170697564570673,0.120171163355439,0.0829234391984219
0.0025389380887873,0.00336316195298783,0.00444141355000406,0.00588223766148176,0.00786552101656223,0.010708313619387,0.0150146365495157,0.0220590648686537,0.0349356775179076,0.0628361705622169,0.142680649259424,0.466468106662051,0.457070476541431,0.108429863477754,0.0354986994063328,0.0139888166805833,0.0056349023988435,0.00195765426392632,0.000392999800356486,1.93927072219948e-05,0.000502196624648382,0.00177439918972998,0.00393553124400195,0.00723502466883006,0.0121047418350785,0.0192401760459402,0.0297512663368395,0.0454271608165126,0.0691855115400118,0.10576362447864,0.162395313028689,0.247342168307025,0.355734490736259,0.400541213449045,0.0960968077674202,0.286060790461393,0.294951326725391,0.214468715673737,0.132932942659138,0.0687326587720815,0.0243144358468483,0.00248211755337119,0.0260823322217029,0.139644700313052,0.37384501060024,0.636437851231031,0.786411556338003,0.827905789447299,0.827905902949396,0.824811385992544,0.829730127218042,0.844992233054187,0.857299555186475,0.850330742708931,0.803771493570026,0.707908263035918,0.576369928792457,0.438584013857686,0.3187493364798,0.225979176374587,0.158672176715489
0.0248870727308368,0.0355592363913998,0.0516400153887382,0.0771796800310967,0.12062321244134,0.20102498761364,0.361993534905161,0.6627550055033,0.873932329338444,0.599363217198101,0.316100139722694,0.172330923979258,0.101000309022633,0.0624221829209219,0.0396940259160931,0.025348413492577,0.0158179022885172,0.00928182312088453,0.00478093319415583,0.00183386211069569,0.00027495169310079,0.00020989811827827,0.00205424344439669,0.00660877185767325,0.0146792954943019,0.0212365828459994,0.0355711105756365,0.383239599712273,0.165295268868788,0.0388510218163999,0.00462259202336873,0.00165744442655077,0.0123304189628176,0.0367518433699134,0.07768651650504,0.137340659483609,0.220914844745395,0.330690780739739,0.462326814016193,0.601425029509274,0.726185437319432,0.817870965830473,0.870610928084592,0.891348503773902,0.89251244607781,0.885499744852927,0.878124223249168,0.874616199320311,0.876146698620038,0.879147486220323,0.887689380231348,0.887215431819513,0.867290262845003,0.816785600173758,0.729367107263411,0.611051009805365,0.479780732670019,0.355788913540001,0.252032990386004,0.172164078113522,0.113839054704674
0.00628235769177047,0.00866514526318824,0.0120178752052316,0.0169023321596751,0.0243617576439746,0.036506736277104,0.0581065608101212,0.101609853085726,0.205652850283834,0.492653989232303,0.791369138210456,0.375240664237675,0.151756476053873,0.0722754516927842,0.0382833853427338,0.021098575030608,0.0113332859788174,0.00539213291743995,0.00180656608128564,0.000138985575644985,0.000800377213039505,0.00560835876865319,0.0200745719722854,0.062001103128125,0.191251504389362,0.444475687634518,0.148114183069484,0.0163164814029578,0.0452945149071054,0.0135649436829525,0.00945772779152484,0.00372250801310537,0.000394134551591444,0.00187427983201149,0.0124434034503202,0.040631208564443,0.102296239338249,0.220302327706975,0.40528136469009,0.613083250436633,0.761756775738662,0.827551405039588,0.846329692718803,0.851098260655179,0.850949536949481,0.834292439029591,0.777218135167747,0.663270999823755,0.511902213731129,0.364229788951895,0.246176580804413,0.163114674409924,0.107986144083498,0.0720656137996078,0.0486084392503012,0.0331100834817343,0.022717398511803,0.0156610458005584,0.01078116826044,0.00737995450038243,0.00497582441929088
0.0454049850884144,0.0647836383476675,0.0937851020509097,0.139159543901568,0.213870217449157,0.342441788519058,0.559439107173681,0.83056868728291,0.874290572911247,0.614649075433121,0.36667914480685,0.217701801227702,0.133379098859741,0.0837785293954047,0.0530023947808882,0.0330007819932531,0.0195839838691396,0.0105027760104555,0.00454872784428917,0.00112661662841625,5.31850444830017e-05,0.0014722905255287,0.00583282263218583,0.0138886650782355,0.0266374771633258,0.0448796017243546,0.0667398815967863,0.0710154836223137,0.27099224895132,0.490868725069022,0.622339102188547,0.128336664754751,0.245343610360394,0.51010367882935,0.690687554764364,0.80553359500928,0.867831857974461,0.895951004707775,0.901250952592204,0.896472659798576,0.889602197837105,0.885037634104215,0.883829138898832,0.882951433580313,0.873203978784559,0.83683523834403,0.750859488267352,0.605815106663612,0.428595348951152,0.267857372426216,0.152541022574897,0.0818208527431453,0.0428950309363371,0.022563130127429,0.0132646308015927,0.0106278804403188,0.016228008310102,0.052958197295095,0.23894344573319,0.307543413001886,0.198486762709974
0.00428995359101397,0.00577064843352855,0.00776463499761507,0.0105228329298855,0.014481031864457,0.0204517724009509,0.0300941382328316,0.0472285776454087,0.0822190976162281,0.170083675806016,0.447225829702961,0.716382415906343,0.257246075380979,0.0921530209972177,0.0405539279076009,0.0197961853405237,0.00987014850811881,0.00462916909151999,0.00178384568054961,0.000380904575329087,2.57183264448133e-05,0.000610488999715299,0.00222175843708597,0.00513034973849453,0.00983954206869898,0.0172014748878938,0.0286432554645914,0.0465916664052658,0.0752576919845554,0.121962599611184,0.19844012464959,0.315502417285105,0.432443383499195,0.221188921936821,0.198213592118542,0.181693697803761,0.091507423288626,0.0249894928362219,0.00251254569283023,0.0329700836797273,0.141262992849051,0.336598545967391,0.569299959687055,0.747698344956669,0.83552203217147,0.862206896053826,0.865039712969829,0.864934095872332,0.86896889533319,0.875396341097497,0.875748139377205,0.857057274397731,0.80428010587838,0.712203256776551,0.591578304891728,0.464250211840297,0.34966411779233,0.257038869373234,0.18681949018795,0.135255876333062,0.0975663716617159
0.0162090702182577,0.0230889409346488,0.0333684529506792,0.0495093084345187,0.0765920494940857,0.126185122202572,0.227299768877489,0.450306515662481,0.809660812934596,0.729385177328825,0.379607082210156,0.195340082222651,0.110701642689687,0.0677234411632787,0.0434073733826725,0.0283781633693364,0.0184199302522468,0.0114694909830777,0.00647372662726466,0.0029340376608344,0.000738709794474847,3.99381570660036e-05,0.000206269103335719,0.0261448625274659,0.229669219138271,0.184746105337283,0.0680079057504267,0.0309298961664466,0.012757922308621,0.00395946563828459,0.000373674769428735,0.00123143414878708,0.00747143932300432,0.0216046328065507,0.04810394254166,0.0945673840457304,0.17132775624881,0.288723515520906,0.446197959682694,0.617403436916282,0.756543141679005,0.835803049244437,0.86428052587356,0.867265389235376,0.864611768206877,0.865162736301894,0.867642436086461,0.860784097656997,0.823377476822622,0.737922376850894,0.602048163587888,0.446076554325049,0.306601420476332,0.201437971502957,0.129406677512166,0.082106178988537,0.0517368596858075,0.0323281245169285,0.0199293838855348,0.0120279307596608,0.00705326573302823
0.00147647012746921,0.00192752145532612,0.00250252953434959,0.0032485654270742,0.00424129101514501,0.00560927356509102,0.00758666187054904,0.01064011927611,0.0158208927455965,0.0259521774968463,0.050988036661697,0.146335155944071,0.5581367673841,0.128498757574577,0.0293883458063906,0.00963019182488899,0.00342174576768959,0.00106052320872646,0.000179821401090765,1.52929454871662e-05,0.000282244405832355,0.000874952514909207,0.00176868587186432,0.00298412358887009,0.00457472560971144,0.00662431500474797,0.0092506109788399,0.0126137172266249,0.0169302684191265,0.0224953090414069,0.0297155997135453,0.039160325995782,0.0516384548980839,0.0683161501389864,0.0908905211071135,0.121826742140461,0.164600519538442,0.223599185304463,0.30217408372463,0.392460420572965,0.421628542982965,0.194478127256349,0.555209508137242,0.487267440511454,0.306120534919781,0.133609711289035,0.0294869431628583,0.019812402434213,0.171713448155884,0.461064628075661,0.710340942375897,0.817067233338644,0.828837131592767,0.807500547926371,0.782680037814303,0.764767521707532,0.758523080099383,0.762421378745475,0.775553165777966,0.796524507681595,0.822664793795758
0.0121568621793249,0.0166431275035844,0.0229012242974873,0.0319403634989075,0.0456258345247435,0.0677038081071571,0.106508933283011,0.182904093175986,0.353105023975206,0.700477140415342,0.754101917867541,0.360839809400329,0.158473515122612,0.0764638985221642,0.0391177303421527,0.0200305356009662,0.00954814695865961,0.00371742827158669,0.000798564515488241,4.81669277284364e-05,0.00125958219749413,0.00459444251044381,0.0105495192151553,0.0200064667022059,0.034350565086754,0.0556554605412557,0.0869129217627759,0.132202682238123,0.196442050856563,0.283664976840192,0.390333456067142,0.478730521218115,0.356579912241624,0.760127047549547,0.676285882452115,0.35312888094901,0.278049650313654,0.737801300828032,0.847030724041412,0.868028979631258,0.867742355981137,0.867452889369687,0.870884310395837,0.873751061543152,0.864033997626005,0.822348660864661,0.730471085152726,0.590236653529677,0.431664306377087,0.290942000772624,0.185590251669624,0.114393052911248,0.0691494337090025,0.0429944171788141,0.025782605233073,0.0153530915064242,0.00930223501187997,0.00589978632019163,0.00428482008661069,0.00424377221475649,0.0071297351911873
0.0218994244437219,0.0308131348493446,0.0438766370744678,0.0639235040083335,0.0966114065994508,0.154209966176341,0.265129225310106,0.488578534493667,0.814324808851228,0.765435130115223,0.425528964968217,0.220959421464471,0.122715463782257,0.0725040181775083,0.0443939520886164,0.0274071077860834,0.0165492879155991,0.00937406861445566,0.00462555607837313,0.00166465014577796,0.000212499085098939,0.000228147610539014,0.0018214805286743,0.00505743233473777,0.00915485903222349,0.00927939482262922,0.0107647265763888,0.466232801110595,0.67567152816264,0.597660076957161,0.30492232942619,0.10895930563939,0.0283857710129988,0.00221607402259498,0.0103635535676032,0.0403720426071175,0.111193263099774,0.157593802404422,0.313012137095838,0.481857698436881,0.646761102503419,0.775801552146159,0.851839664209465,0.880946776781743,0.8809240178766,0.868626202844068,0.855273311456255,0.84692823263994,0.846076122225776,0.852225793617633,0.862571153423026,0.877714351480704,0.880270220736505,0.858440361815868,0.797674895963805,0.692327129341289,0.55547640971894,0.416858796557086,0.292151851188368,0.194931732468891,0.125022867953775
0.00521457822250943,0.00695067607744396,0.00925297446194835,0.0123831291399953,0.0167879767894945,0.0232836081985197,0.0334930636628972,0.0510253310968695,0.0852041135512675,0.165404024654448,0.399923605771644,0.7646440520353,0.330034338138905,0.112907112950022,0.0470226001645567,0.0218349934389289,0.0103571165801545,0.00459038274839037,0.00163690540556456,0.000296318962634163,4.00032394098177e-05,0.000648692175280868,0.00207006762931706,0.00436054979904202,0.00766403828521569,0.0122097360601252,0.0183222174353685,0.0264415462506249,0.0371533511735215,0.0512294435133481,0.0696786582692173,0.0938038233466579,0.125251339770804,0.165919365327132,0.218095043604316,0.284564762414377,0.365677462103599,0.461075088077792,0.566327833073609,0.672485785845509,0.766088305395693,0.82744323067365,0.883310188014654,0.889231726514129,0.866689660540717,0.895635985528573,0.885098132764443,0.872724197648672,0.86382665723518,0.860395713036251,0.862958482657501,0.870912618774703,0.882431345449078,0.893609883714022,0.891080611110346,0.899387583969256,0.88094892543431,0.838385941990951,0.771472306397018,0.686130177430497,0.588788667293955
0.0315766387064768,0.0456865402717837,0.0673307039625334,0.102351994010614,0.162907107578586,0.27535032174221,0.489429458185961,0.80129944359958,0.847913682526601,0.546847615544271,0.307990310679095,0.180147891459256,0.111596915055388,0.0720834448865513,0.0475731339544486,0.0313954613745354,0.0201842741348368,0.0121586879363315,0.00637728194621268,0.00241973891852941,0.000297640327748391,0.000568893338081922,0.00481650188528952,0.0170997700401685,0.0472359950151279,0.0685003856697734,0.168121886843575,0.0611466016511604,0.00604047687398478,0.00414808463731463,0.0293816843125384,0.0805517637142241,0.163859425758225,0.284249701904919,0.435996434070543,0.596028344433235,0.732081270288085,0.823588155290489,0.871852322683564,0.891171738530197,0.896356522811739,0.896907594645538,0.896164447195127,0.891642389508519,0.875254087364026,0.834693689376515,0.758803778660962,0.647001110454955,0.514494096027087,0.38423598415768,0.273799269791086,0.18970335538664,0.129087434629471,0.0868905189739832,0.057976244766862,0.03827899079186,0.0248835120466438,0.0157897471214194,0.00972534496211494,0.00544942986644716,0.00284912812856204
0.0104448437344483,0.0144636146370309,0.0201700320045703,0.0285861934277119,0.041652164036831,0.0633910857457763,0.10311566798437,0.185284370974949,0.378104480365465,0.751689465706222,0.694052458309986,0.320014844430792,0.149068749468184,0.0779480373332637,0.043981626965024,0.0256291088242121,0.0147864774249103,0.00801200958093908,0.00371713900891243,0.00116313375758717,7.59725104030908e-05,0.000510749481816681,0.00284851881472526,0.0079061120770253,0.0172042865094243,0.0335277274242062,0.0620780260299575,0.11273079630385,0.203568236316371,0.359016101227985,0.538037472206159,0.314057490148512,0.110593094128975,0.0472925335881086,0.00367960665515512,0.051108356097936,0.204507081989397,0.432022023276536,0.647774727912352,0.788469113463902,0.855451849384564,0.879941068214585,0.887388854856053,0.889993759665583,0.889553348833691,0.880284439832447,0.851197507915936,0.790888858102393,0.695799444684072,0.576067775754381,0.452195012681527,0.340861810510807,0.250813232336051,0.182539602541776,0.132550439100275,0.096506695689469,0.0706104204171682,0.0519574131359081,0.0384685269869986,0.0278228950675499,0.0206993824671852
0.0117614594866358,0.016448962080496,0.023220896504593,0.0334189446219389,0.0496612706526987,0.0775582457999039,0.130573723135075,0.244877554474054,0.510300360323333,0.841258771234549,0.562944311172908,0.258758352884204,0.128412305053098,0.0703217838265618,0.0407296987217899,0.0238773662134084,0.0134738680573503,0.00675374559903886,0.00248630244889097,0.000295688219401564,0.000557623679288085,0.00481110916861769,0.0171943416664024,0.0483587031932124,0.116948583496855,0.104883342008319,0.105994503049401,0.121287683844987,0.0704286526460734,0.0323833787036634,0.0106680579800839,0.00121531814443028,0.00428297923771306,0.0279521772127613,0.0877198712594532,0.206113804435488,0.392915458278301,0.604777355343946,0.760802066603036,0.832745456672222,0.852863119418517,0.856251182363626,0.857543863354854,0.852068513645438,0.819098049197037,0.732421178642606,0.588447731973219,0.422999728486768,0.280006111752763,0.177465649713599,0.110568075398993,0.0687462298122072,0.0428973569540449,0.0268304265686878,0.016778835031774,0.0104494547777438,0.00645702757054692,0.00395434194079667,0.00241392930963983,0.00150875861082013,0.00103501313161878
0.0060560528494703,0.00809359790116971,0.0108110084879115,0.0145321112629749,0.0198167695226706,0.0277031303546632,0.0402955066269202,0.062386837312983,0.106724891357276,0.214387957896337,0.519396965572213,0.721238975463855,0.274459226986478,0.100670088084574,0.0437695628651234,0.02071519200697,0.00983854417220667,0.00427670147584141,0.00143186766816383,0.000200410206775964,9.46409263290727e-05,0.000922052187065596,0.00265736329810227,0.00539134242098514,0.00931512733083864,0.0147245732394889,0.0220393445571487,0.0318361530250795,0.0448979825126292,0.062281971970354,0.0854065105952818,0.116148184344356,0.156907991391183,0.210516313506547,0.279581670195858,0.363825288764511,0.449763846383406,0.432509948513102,0.629489235533611,0.765380717490294,0.570728782298473,0.152951390239948,0.11530785425298,0.511157618539705,0.765616338891947,0.859885193672583,0.880523833063922,0.873918883541135,0.859304632957794,0.850300054389148,0.845559845728762,0.847396453337466,0.855619249833678,0.868613922405349,0.883262552646011,0.894374132859668,0.897167781024864,0.881601133701479,0.841311226589117,0.773537517228606,0.682192859235392
0.00772140781937943,0.0103656239255581,0.0139269639294695,0.0188662346017438,0.025998966171345,0.0368817888048289,0.0547868867918007,0.0875146765390265,0.156910456053648,0.334046371823859,0.733445926851626,0.560057805486314,0.202766832582229,0.082132258339534,0.0378565137558863,0.0183878778986504,0.00874261481421307,0.00369388422047682,0.00112672459251573,0.000102425545274761,0.000195964792596849,0.00123962607159536,0.00321572737802547,0.00621121161477507,0.0104012584817555,0.0160487040388455,0.0235139167518047,0.0332732190995292,0.0459454411497235,0.0623264315011065,0.0834300761016287,0.110530515319058,0.145192044919139,0.189260289201496,0.244319988809213,0.312521864214842,0.394708407379831,0.489301747339544,0.590313329999999,0.683389589881527,0.696076977006497,0.816161323106314,0.819079442269589,0.429965862030686,0.593459558128291,0.854676455236153,0.886760638846543,0.880017564978374,0.865665713752038,0.852437297435268,0.843593374368966,0.840361244104942,0.842857663212346,0.847676209732543,0.861883535795606,0.878013610805887,0.893076288339384,0.903260724927587,0.906026761821854,0.893472383347367,0.861502622678052
0.0146377842018394,0.0202731856474813,0.0283200431575948,0.0403050396508784,0.0592038814623758,0.0913840710342242,0.152062506257211,0.281362400830527,0.568344552388662,0.845186920557721,0.51719810018281,0.233886124794211,0.114636997220737,0.0615665334764044,0.0348133596626552,0.0199232292198239,0.0110623591293198,0.00561251053947196,0.00231075883205305,0.000538572003877656,2.77092057962105e-05,0.000737087912082887,0.00281138411481076,0.00658873488073528,0.0126470463612867,0.0218800322260721,0.0355453995006306,0.0549390518966519,0.0787446852830503,0.08710087093011,0.030717766230056,0.457692466637343,0.489634875041496,0.288836709470326,0.128825535123532,0.0431638215711208,0.0115934913361829,0.00155637215448313,0.0187655979488973,0.0521743645187303,0.121239048136754,0.215354567258122,0.350943422171429,0.508798956931164,0.662411607519544,0.782859361038525,0.854453591587904,0.881439779171992,0.879022725996609,0.862493838441578,0.842538414618258,0.825083785431188,0.813535942318445,0.810281418254541,0.813450687669364,0.823366537381258,0.838854775459447,0.857739698621689,0.876400514755851,0.889237329214357,0.888463886986207
0.0249092200556485,0.0353414575556029,0.0508197757347777,0.0748931580421791,0.114694310944801,0.185643013414104,0.322068992040404,0.581458936074285,0.869672723549407,0.727437542209904,0.409772724181894,0.223701552650517,0.129846265238003,0.0795878136272852,0.0503583715270331,0.032103219147704,0.0200603783240699,0.0118280677848859,0.00615449020404416,0.00241598079667152,0.000395584133577584,0.000218095787979853,0.00240176266100035,0.00805298060078988,0.0193014524504611,0.0400602481539743,0.075097635768531,0.0880065052115907,0.31200958246626,0.233036609590189,0.0288277897044678,0.00588958206525323,0.0453552152756701,0.132210793643492,0.256517835101977,0.4148845087329,0.580142996203292,0.721874725439324,0.819565120164353,0.872888535011885,0.89480401713094,0.900184097308684,0.899821533898542,0.899340435354799,0.899691218419187,0.897412225597552,0.884551839423051,0.849583421586592,0.781623438570151,0.67822441320406,0.550623373754991,0.422162501293371,0.308070490939677,0.217449932073564,0.150211474075226,0.102245148142934,0.0687207590211862,0.0455032695028689,0.0294804590349352,0.0188901310151957,0.0113766234712142
0.0099697056106126,0.0134395173677359,0.0181389094323979,0.0246845502492608,0.03415531325435,0.0485780343346301,0.0721131338511451,0.114292715061776,0.199874558548028,0.396705723639073,0.758169806801514,0.639404581557119,0.272081415358397,0.116919092589974,0.0551172102791669,0.0269409360442991,0.0126891000050103,0.00515103274008871,0.00136844991247909,6.04587443370894e-05,0.000719364452873939,0.00326750902629126,0.00793193622151328,0.0152198826305329,0.025953222129891,0.0413465772252883,0.0631194777059395,0.0936201405780543,0.135894199497685,0.193527448622968,0.269891623568321,0.366114970725776,0.476141622836774,0.577525793108869,0.514338838632392,0.77002152658568,0.832871343978615,0.659198391011678,0.210287298361382,0.715181479227501,0.853977040882018,0.86585017979753,0.860330435775777,0.85905053610477,0.862650047923874,0.870804334863142,0.877671713613773,0.871349076282774,0.834103878976096,0.749639038287325,0.618546494746576,0.465846796399066,0.32453237496851,0.213910932776019,0.136405472005425,0.0852092947733017,0.0524989109383885,0.032192518451312,0.0198376524388029,0.0126828273194701,0.00919199544794516
0.0166985106458533,0.0237140399287674,0.0341284887799401,0.0503379245094994,0.0772062102561139,0.125567206358482,0.221844623588449,0.429110361636088,0.781281468289322,0.778343242610712,0.425972526595426,0.219580385201352,0.123385005740021,0.0747011115842146,0.0473069352663161,0.0304472147593318,0.0193042292346275,0.0115397352688503,0.00598636922658144,0.00215606582031037,0.000175408789865853,0.00125341336842879,0.0098103502759844,0.043502359071894,0.176338020438596,0.225470169946561,0.0117277382306785,0.0148777783465687,0.0039943924798646,0.000299872849851685,0.0021109614950354,0.011524292367608,0.0323991268902688,0.0713189785744621,0.137893538683834,0.24253506719206,0.38799948393083,0.555940000965282,0.70694795838721,0.80873305033505,0.859653947852369,0.878314461360369,0.883198359009883,0.883833651495457,0.88008742638941,0.86321221867575,0.818591850071088,0.734013273447503,0.612303956134352,0.474753163215429,0.347240690653213,0.244644871263294,0.169118929153976,0.11611146193132,0.0796700567125449,0.0547335681547785,0.0375849419679313,0.0257069672528341,0.0180114234893296,0.0121191439848276,0.00795325121484407
0.0212784840483911,0.0295600986769224,0.0414334176187392,0.0591661494512325,0.0871225312644412,0.134403758355997,0.221525656961054,0.394670265117928,0.704407691871229,0.851997770501435,0.528641310337688,0.262901313449651,0.13568481141215,0.074069481067547,0.0414745921439959,0.0228757233653527,0.0117602023447921,0.00509590354099831,0.00141880675564868,5.98664382059412e-05,0.000819116184071217,0.00383541990857532,0.00955548136059809,0.0187642948467573,0.0326610936693568,0.0529660452340058,0.0820161958818436,0.122711509886163,0.177836609401617,0.246812269486751,0.305838713771074,0.225571033145694,0.719269001000365,0.77711836747728,0.388306325852238,0.259064275253166,0.678665092129317,0.832683378571216,0.879532457809835,0.888406246621992,0.883981111462749,0.877847537283978,0.875214159903516,0.876941419714734,0.879797016360786,0.874990953237695,0.846647800629931,0.774992660376021,0.650594222430034,0.49148989641738,0.335811545482983,0.212426373643835,0.12779096694059,0.0745688495525943,0.0428168487399559,0.0246713319965542,0.0149664879945502,0.0106184145554571,0.0111172980326212,0.0231709659607744,0.10406520750689
0.0266784009036363,0.0375193807018868,0.0534136731429809,0.0778284449890813,0.11768291067607,0.187844585715877,0.321373462015949,0.575008564774159,0.863152015831335,0.71727240652813,0.391627937364835,0.205698531397122,0.114441737271325,0.0668121544649591,0.0398473895309286,0.0235434653493858,0.0132499020271623,0.00666270371783349,0.00260239849257409,0.000487116614239262,9.645272739235e-05,0.00146880351106023,0.00486668804262357,0.0107777546174616,0.0199188899570718,0.0331513284261816,0.050918191308212,0.0702223814496226,0.0672341979390569,0.17018736922468,0.622294062445948,0.701448979379316,0.408586660963542,0.0580553850893435,0.0229966691760069,0.113233100697139,0.287269455107772,0.475711858405018,0.645954428486136,0.768873596730759,0.854047769100026,0.892416737188365,0.901720783396008,0.895590400332359,0.883934626119791,0.873046090419282,0.866461438834219,0.865764346909598,0.870988888544845,0.88053693523225,0.890594965477833,0.893902405884426,0.881251786898743,0.839595931400452,0.759529402831131,0.643580931386798,0.50806521422046,0.375347102757262,0.262187130657076,0.17494569334835,0.112197587701277
0.00548345394807838,0.0074780367271023,0.0102294079502162,0.0141437675331976,0.0199508868362312,0.0290674130727261,0.0445306543597012,0.0737599614558672,0.138226918218286,0.311284262344437,0.722436175232449,0.55310597169745,0.209113500404756,0.0913051757669771,0.0462483841804893,0.0253131076316692,0.0141235285765792,0.00756487180449875,0.00354174394567353,0.00115131445552742,8.60398727362235e-05,0.000481613662675435,0.00304835131994561,0.00963848849235128,0.0249259274095895,0.0609834092811126,0.139994554589921,0.159568558997867,0.0238555658107949,0.0652213909849641,0.0441533494586602,0.0284204019307638,0.0151582723781074,0.00675979154929672,0.00185294380363842,0.000144807031873182,0.00225147976763535,0.00983617448809785,0.0263414715017989,0.0576658368846718,0.113087633776203,0.205806598429308,0.345853117486197,0.522343805104608,0.690302866277758,0.801178998845067,0.848157869844604,0.857433105331261,0.855316832477368,0.855419395779088,0.860787079545803,0.864792038489406,0.852448717394507,0.8049507940466,0.710997751053653,0.580595154759677,0.441420231042996,0.318721497487824,0.222810932389389,0.156254015110699,0.107984066270887
0.00919623034965418,0.0124626367542662,0.0169279364866915,0.0232157338821133,0.0324325770916528,0.0466944118832069,0.0704449081152578,0.114175744159591,0.206177310511227,0.425156861288846,0.779788037164853,0.555084981250578,0.228728032145666,0.100089728854296,0.0480404567833033,0.0237524029717244,0.0112115107383797,0.00447751599631271,0.00109912352255252,4.14289355135822e-05,0.000957223181236367,0.00392212936741559,0.00936155844512388,0.0180805445722455,0.0313704669250393,0.0511876055899684,0.0803802320024936,0.122940552142989,0.184051442985783,0.268964980375606,0.380446646456741,0.513073923556882,0.647470336534139,0.751455199394106,0.783035803390906,0.510078824575048,0.518950716997854,0.476016380719143,0.127847189653885,0.466044205527296,0.806886808187503,0.856630270508254,0.873923541466157,0.878631780043817,0.873483130612059,0.844757416975044,0.77543415972067,0.655658658601843,0.514854925874746,0.372327877498092,0.254358108025892,0.167800830688741,0.10846106026195,0.0689766869344629,0.0450002997767349,0.0282414186421886,0.0175250682119006,0.0106965653666207,0.00639944768719663,0.00377278098912466,0.00226339435723334
0.0100558927569052,0.0139685174540753,0.0195490795773612,0.0278195018525724,0.0407280829390894,0.0623379183978921,0.102125027735942,0.18523381237767,0.38273878763827,0.761795966769409,0.667431716930607,0.301390520846641,0.140052553949693,0.0728259251634529,0.0404955386325268,0.0229019851421226,0.0124644525227013,0.0059923622751917,0.00208221624262514,0.000217345498925217,0.000484347423145241,0.00360586720603518,0.011279644067225,0.0270372854111128,0.0581815828747491,0.119705529078212,0.237749847594631,0.41249231681463,0.334989331070824,0.173196203399313,0.157407892982902,0.0514696217846377,0.00393940703396998,0.0717859947074485,0.299509220713589,0.587337396324594,0.769401259806871,0.839120167514165,0.859303757862639,0.864665104630728,0.859843473903375,0.8309696820207,0.757443305692253,0.632795161557931,0.480537280979816,0.337785786710288,0.226630270178904,0.149050058604107,0.0976967031911762,0.0643737123438198,0.0427156862997207,0.028533944090873,0.0191352140067495,0.0128172131180326,0.00872977787330213,0.00580455146299787,0.00381991884805328,0.00247796772580318,0.00157686753109679,0.000983975505568918,0.000608399181310864
0.00803267758095293,0.0108508204875867,0.0146862076450451,0.0200688129769394,0.0279475028205589,0.0401585442866809,0.0606261013600459,0.0988837382780576,0.182064820462738,0.39572610226783,0.786593155851973,0.503400089067583,0.189958525344428,0.081203316905582,0.0389409482308073,0.0195214994025908,0.00954320229523082,0.00413904373648441,0.00129446790916553,0.000119656329359392,0.000243933750374089,0.00158434809474044,0.004260487426781,0.00857887525102706,0.0150612966694672,0.0245104057261324,0.0381081646831515,0.0575134263769542,0.0847799493631025,0.121287125053907,0.162040902953886,0.168248962868118,0.0482353551791615,0.484275960600503,0.59298068457999,0.470046614305356,0.318860141857751,0.18728496885975,0.0932988062580243,0.0327728209919894,0.00396042847000396,0.0131745902886255,0.0764606346483278,0.212904008960263,0.417888855891154,0.633234685761275,0.783100559495657,0.846830994504925,0.853687661678151,0.837214590872712,0.817420963788838,0.803247050967559,0.798158655886418,0.80349939954008,0.817085226734135,0.837043445949558,0.858946851421573,0.875303670218475,0.875106431136192,0.845510322424783,0.776642657474244
0.00160521410701056,0.00211268093734529,0.00276948607024139,0.0036367559061668,0.00481475286534919,0.00647807668277819,0.00895463224962488,0.012924487967689,0.0200044650915157,0.0348865079414298,0.0762241830866395,0.265449468368308,0.480135194993208,0.0861345457862039,0.0245800690798731,0.00902543736910757,0.00345679792078437,0.00114397114329272,0.000212771343697603,1.36473540324106e-05,0.000303712724922834,0.00100952982448338,0.00214896137445115,0.00380807027945432,0.00614363141941431,0.00940450074760692,0.01397540076498,0.0204557369218229,0.0297991955176284,0.043561126469416,0.0643258682618654,0.0963462232962818,0.145850644273414,0.216673638290201,0.277665524038372,0.150875959310111,0.107816133949211,0.206696108472667,0.154676086600969,0.121362440390884,0.0770569545822034,0.0465105720703528,0.0249790639471428,0.0123221496089725,0.00268530124469174,0.000804654759451028,0.00947923954696344,0.0369115702467235,0.0986436265241806,0.208923216392706,0.39644173289811,0.608140927861609,0.762778994557389,0.817513411947384,0.808136533872541,0.779935273493345,0.755804269613258,0.743595015797663,0.74479698973658,0.758492126372396,0.782385427362848
0.0263736170466359,0.0382543912520901,0.0565576198647114,0.0863563798501841,0.138420652032194,0.237158854392424,0.434852625470759,0.761257004846503,0.854884285567053,0.543765907301947,0.298384213615476,0.172309588922259,0.106521552874074,0.0691830292024849,0.0462005716513661,0.0310602140601368,0.0205295396879823,0.0129147571140947,0.00732507064011104,0.00335900239253753,0.000960723021443787,0.000127454928569809,0.00602593798397184,0.364512054061565,0.329725381284071,0.0872956538448182,0.0363086281555279,0.0044922236286604,0.00136632964052824,0.0145565850664756,0.0489520364742314,0.115714990047578,0.229186856719229,0.393722735204958,0.581825076265134,0.738004547516283,0.827795048040884,0.862126253775118,0.869316875463892,0.86918229394409,0.867104666248299,0.854240203421128,0.808638540728752,0.706723869459493,0.551605610234743,0.383871126543229,0.245443956605738,0.149569753392242,0.0892025910855011,0.0534790361538101,0.0316897247140653,0.0187143690240888,0.0110049986776923,0.00645256530741099,0.00380984691025787,0.00233741432633333,0.00160648386112419,0.00142878078672542,0.00191832305563301,0.00414218621308453,0.0137505525847874
0.00148887104700732,0.00193667874304273,0.00250307737837114,0.00323082707528678,0.00418758115846096,0.00548616088463697,0.00732736619674548,0.0100998745053838,0.0146459369781894,0.0231068285158483,0.0424207325520026,0.106262700375562,0.464959242908528,0.188943431116769,0.0356210357176499,0.010256138420586,0.00318092986817014,0.000770796176314521,5.08652903704313e-05,0.000131237285721356,0.00070524067908801,0.00167558879795424,0.00303961738453893,0.00485063920794261,0.00720676153342984,0.0102523301578381,0.0141875966026482,0.0192862745033046,0.0259229409020561,0.0346142374245435,0.0460800793375118,0.061333526981681,0.0818092483886689,0.109535256181675,0.147323538104041,0.198851465140768,0.268192443463239,0.357524283328341,0.459750948939231,0.535501750720232,0.39392047005695,0.37360947133992,0.602334860722782,0.541137255872648,0.417873418942722,0.276362864671725,0.132323512599735,0.0226401197504073,0.124278542375696,0.525393056584583,0.760865649258146,0.793409556998194,0.776374045291182,0.760630346753732,0.757006419758655,0.766303081808912,0.786722274351666,0.814728027220574,0.844384639485219,0.866277380498197,0.867706939539483
0.00131624733513291,0.0017219180888201,0.00224075382325628,0.00291614889630701,0.00381785007925079,0.00506434877369346,0.00687136122569059,0.00966852533900006,0.0144225538591493,0.023724579227178,0.0466846484070064,0.134082902853685,0.552526560471227,0.128824830472213,0.029221503005042,0.00965593181580397,0.0034987744036198,0.00112734814969244,0.000213501697160027,9.70834659633217e-06,0.000241227855154369,0.000811581697121679,0.00170798759453531,0.00296883883325708,0.00467500093701977,0.0069532887835852,0.00998941255681808,0.0140519848950406,0.0195328727692181,0.0270142707862911,0.0373813183808893,0.0520131361103406,0.073104461448606,0.104171422732003,0.150619336977636,0.219004849900347,0.306679022588342,0.338385148133409,0.0967111019448037,0.312095948998672,0.271302305144153,0.164125030476939,0.0956159789554022,0.0386907628339507,0.00790216354569423,0.00375109060603534,0.0345801418833487,0.129416544877577,0.309247369607996,0.545653246685293,0.737129070887309,0.820507116775061,0.824801496280985,0.805712351547314,0.784820404396176,0.773425621937062,0.774424619270539,0.78714381248216,0.809030793114943,0.835412116392161,0.858634458930162
0.0181854824319273,0.0259151755888661,0.0374658567317194,0.0555936770667577,0.08595260863039,0.141252610215729,0.252413686790039,0.487986603810581,0.830258844711618,0.732653331510206,0.39435505957932,0.208454524425304,0.120058663828803,0.0742455843233087,0.0480017330678308,0.0316515160440049,0.0207601773616624,0.0131276524434469,0.00761425644766039,0.00365972449635914,0.0010973711605769,5.73324290741025e-05,0.000265705316370248,0.00789677812027202,0.242432469369016,0.263130174016401,0.0914895524939221,0.0374052360877327,0.0121804466193932,0.00232458486695207,0.000379443600845435,0.00560402377007063,0.0196744118502144,0.0482708585362669,0.0989897702125211,0.182656277424847,0.3085146958593,0.47180616848024,0.641143379400488,0.771933457651933,0.843391382299239,0.868540472715875,0.871599124326511,0.870020270613079,0.870732557984628,0.870962298432214,0.858304561260626,0.812327056535042,0.714690661612267,0.57613487414328,0.422908358552267,0.289636761801045,0.19020497829253,0.122323695513773,0.0781463673438888,0.0494508072440042,0.0310495370805979,0.0192469964530578,0.0116916732859303,0.00689703222013303,0.00392339176204234
0.0344507101645306,0.050535126300377,0.0758031062893649,0.117874897362012,0.19299166391603,0.33598739685944,0.598590962906267,0.875124046915914,0.755829990223379,0.455474402144986,0.264020959633269,0.162080825696934,0.105584063380816,0.0719082181826718,0.0504345033227278,0.035949884914648,0.0257332346958487,0.0182957726408069,0.0128229082817757,0.00895506090418013,0.00690926915199081,0.00980062024174617,0.0831037107902327,0.450641903447436,0.213171993676407,0.0414777719245482,0.00900787144263654,0.000795037195236402,0.00112975522274728,0.00724495268993566,0.0204107430733165,0.038239981162552,0.0719641900618744,0.122984058666946,0.198084563709805,0.302356487705332,0.434343052211509,0.579984239064091,0.713542246102753,0.811154390982139,0.865618018764543,0.886423909486821,0.888930437692771,0.885728407291474,0.883891173669982,0.884989674560591,0.885039291800913,0.873775442144419,0.835244138244952,0.754247602009011,0.629840274944995,0.482911228650578,0.343518722405548,0.231228111811935,0.149957923175959,0.0946937991375596,0.0583884662028007,0.0349854099725577,0.0200694833061059,0.0107579695108376,0.00521373709684629
0.0202364188575403,0.0287309730427502,0.0413906375505316,0.0612380122737009,0.0945194916475168,0.15539345601203,0.278353061302568,0.535103998733491,0.853151897826325,0.672925167216043,0.346931028497234,0.180647929256546,0.10238503633177,0.0619119781875788,0.0388438938030662,0.0246323072625252,0.0153548433451935,0.00906604145455136,0.00475694660715051,0.0019177321806971,0.000352235957329184,0.000114422209073297,0.0015058241429992,0.0049979829529045,0.0101208519155409,0.00784134055281992,0.136967149041414,0.389779506589024,0.170768610093309,0.0538137866794142,0.0136738743720021,0.00152093156229723,0.00175996875920885,0.0116444617182437,0.0313395491731647,0.0549837137867951,0.103113646494196,0.170792041915538,0.263317925751557,0.382718281861058,0.521306178343776,0.659950774631287,0.774313362885572,0.848456558804636,0.882663190568028,0.888696872389901,0.880529401564338,0.868862439625739,0.859970000184707,0.85475120894064,0.861445906683322,0.872768128047033,0.883149446151166,0.886286265573112,0.870946277999695,0.824709456398771,0.740436666150027,0.62345974882697,0.491579144742082,0.365550976477979,0.259106092241061
0.00366895743209085,0.00490240639012205,0.00654234776901465,0.00877624458201461,0.0119229740013087,0.0165625496696937,0.0238440392069652,0.0363158736846537,0.0605768695259998,0.117876816602072,0.297246238849313,0.725375951668787,0.308100934805497,0.0940341072661958,0.0365590908553901,0.0158833063000623,0.00682969141746202,0.00249808131734739,0.000528354219581511,2.51404351613415e-05,0.000689304191997434,0.00254252524764926,0.0058573881289604,0.0111907387753472,0.0195074594746019,0.0324286698305569,0.0526820786212869,0.084862347654573,0.136458749772879,0.217863926055205,0.334018609973381,0.44022394975385,0.283482967603842,0.158273936267343,0.287703199367288,0.228434705319751,0.148625206780063,0.0797114288234771,0.0279254038654711,0.00301244872133638,0.0380721225118114,0.193608931821456,0.47049495245024,0.706555981345688,0.806153767389295,0.82851170025904,0.832590407066655,0.839377490710997,0.847174950385505,0.839615090678053,0.791631026875686,0.686872644310608,0.539775661333085,0.389229818582441,0.265354122608815,0.17579882553029,0.116185526163306,0.076370136076434,0.0502947636443012,0.0331308827368288,0.0217553793280537
0.0121152919268782,0.0169287737924062,0.0238716099155617,0.0342946430183816,0.0508046637150547,0.0789069324324561,0.131552644178285,0.242588111651568,0.494107559043916,0.828996305523341,0.596027936446811,0.27833727274071,0.136556723117949,0.0732634549226091,0.041227199400548,0.0231741690894717,0.0122338068599238,0.00543016437881647,0.00148555222895433,5.37019189571221e-05,0.00152874620399786,0.00721124146845884,0.0198877522827557,0.0451104356241964,0.0936720382864492,0.182936531580362,0.339144458686289,0.524356616953262,0.337485155780157,0.352120866074554,0.177452139370423,0.0218830881159082,0.34537576480665,0.704862635269159,0.819319842749328,0.846142182122509,0.851005438678075,0.834092477340595,0.770747195660375,0.643688815269971,0.476316710873815,0.318636114973423,0.200808946146114,0.123523291716635,0.0757056352815832,0.0466434517046902,0.0289563717439657,0.0181029250256393,0.011272010820844,0.00707707913108348,0.00443859277563212,0.0027786589809807,0.00174906307632673,0.00112073132044296,0.000748213303693213,0.000553261472952658,0.000490116699316317,0.000558861580130186,0.000842175791625402,0.00162274697427369,0.00383319072966517
0.00429877120571445,0.00579387649899557,0.00781399452728699,0.0106192111184912,0.0146633385077389,0.0207972934837694,0.0307708634463639,0.0486509476095428,0.0856087150861734,0.179911099195439,0.47323746717325,0.69389082302134,0.24907699709409,0.0912379938190224,0.0408203037038548,0.0201964952124482,0.0101924871137358,0.00483268796815223,0.00187531773631127,0.000394586499034095,3.47708502784982e-05,0.000762737940991471,0.0028149784938804,0.006767760525261,0.0137583817034987,0.0259840162096336,0.0477488740273887,0.0872270234261257,0.154961475608418,0.217165347343875,0.0494812846164692,0.127813957659205,0.128619978295278,0.0974293862578395,0.0581229263073986,0.0316581372791699,0.015516261473739,0.00524553727622858,0.000530179454858315,0.002396011430609,0.0139868440362975,0.0416506007980026,0.0964149499958856,0.193928529007623,0.346160353958463,0.537505100718122,0.711002243533351,0.814245693435456,0.84903947562572,0.848460085134619,0.839679134539702,0.837431154356651,0.843822504491002,0.85641140002048,0.866541235246078,0.859684173944142,0.818760698794138,0.733975645179466,0.613349769894796,0.480072885611601,0.357386546811623
0.00147887629344702,0.00193364359235616,0.00251483363467514,0.00327092848195757,0.00427998847541377,0.00567493240231774,0.00769848338480753,0.0108361150617004,0.016186806131032,0.0267230092297841,0.0530442344222403,0.155342044471552,0.580197173786986,0.121494487085604,0.028448149049695,0.00935685408174549,0.00328315434949363,0.000973342544479759,0.00013728085277585,3.4108822269623e-05,0.000394339944954618,0.00112948638526408,0.00223877857327591,0.00377813001832349,0.00585383217353149,0.00862991888527873,0.0123473902270825,0.0173584080678881,0.02418325695027,0.0336043127415475,0.0468205817550095,0.0656959080717017,0.0931208078425126,0.133353625408019,0.191381194147541,0.266784806817006,0.325372565562743,0.220764896903531,0.0641147880515308,0.220972097139395,0.22165560622741,0.190344052107038,0.138731662954482,0.0979949369930675,0.066653509463918,0.0445375346054373,0.025647214085331,0.0114417711279522,0.00254068868981663,0.00161288045579998,0.0160326370503691,0.0607172887370468,0.164095236631569,0.351213610348564,0.575840855173547,0.748023445652785,0.797528874402963,0.776239042735024,0.737614835704136,0.704949936065355,0.684748778378875
0.0421098070686283,0.0614013285316421,0.0913232325927435,0.140179638653759,0.224718592301122,0.377493012620754,0.636062391026547,0.888004058186461,0.787655332396205,0.497737011049755,0.293712963687858,0.178904154100202,0.113441133936198,0.0738005110527516,0.0482829001561683,0.0309951174358753,0.0188523583548391,0.0102176943048257,0.00429016932607076,0.000851145379427417,0.000212150691449782,0.00330637507371411,0.0118564339530183,0.028089842120919,0.0484774258780811,0.157227947258272,0.426508630553904,0.0835447309702316,0.316346758449515,0.569620156267398,0.740413754937016,0.835765400722943,0.8714153137432,0.879342348183859,0.877106401037448,0.865685048693053,0.828940465876851,0.738772033884502,0.582561067381399,0.396477768988843,0.238194619913427,0.13225492189154,0.070387103361455,0.0365580626385075,0.0186206578106737,0.00929408128743627,0.0045529400936867,0.00222440677255292,0.00115604240896613,0.00073227428900521,0.000698317440470733,0.00108012190792101,0.00232860213502124,0.00569630903657111,0.0154597361969815,0.0446420183265824,0.138109100445803,0.382091398491238,0.504504135170087,0.364128576364721,0.264339029228509
0.020716170669288,0.0295532520002877,0.0427898806994234,0.0636308578003265,0.0986794204794376,0.162792703951352,0.291502548094339,0.5545713245023,0.864645967659623,0.683391346940183,0.360203721240895,0.190456602044774,0.108686884469677,0.0656659287717565,0.0407776463814515,0.0252273554508181,0.0149549999135576,0.00797291586174729,0.00332161599800682,0.000660443622515379,0.000163628330291166,0.00265054771435755,0.0100594596027083,0.0266769930110377,0.0622084525099765,0.137115009990691,0.237395540500548,0.133330112278073,0.152408644071599,0.0324473800949215,0.00260055791509756,0.0458606483883899,0.161561987648942,0.346313395276254,0.558226517352829,0.730206724615042,0.829692467976981,0.871907338588068,0.885124098173395,0.888330634381125,0.888390829315673,0.882210036702381,0.858527402846269,0.801829437323361,0.702671595611571,0.570015555377036,0.429600057193465,0.306245435377657,0.211022794316836,0.143079910427278,0.0964455407309869,0.0649711925282767,0.0437896627646367,0.0294811316114007,0.0197526550509772,0.0131135706595887,0.00861966078485941,0.0054908441015145,0.0033696061578266,0.00195456966659113,0.00104016697161374
0.0341742374196356,0.0506063954735366,0.0768552264724437,0.121484353335526,0.203218578223465,0.362737841336616,0.652633425590116,0.894384877360869,0.693800514955655,0.404540712053591,0.23726843350993,0.149111849595919,0.0998282814568009,0.0701600835722018,0.051133803251274,0.0383315506770013,0.0294697448995947,0.0234054322608349,0.0198915478864616,0.0206264259973842,0.0424080343565768,0.260386760615213,0.0836656395299634,0.010414409585493,0.00164236185779621,0.00065014093152727,0.000276946048352318,0.00211404454833987,0.00604498033831436,0.0129040821828425,0.023607273680291,0.0345592595930903,0.0606224586465434,0.0968231273210536,0.14893842961057,0.222477140457322,0.321536508192282,0.44490009021552,0.581169420198615,0.70869553716408,0.805533608702875,0.862549861631302,0.886030538975849,0.889559042056825,0.885646108637473,0.88222891306759,0.882322792404348,0.884138693702358,0.880188437494898,0.857775881542819,0.805614205742258,0.709488229709304,0.578959462237534,0.438380972636452,0.312407731660753,0.213363878259385,0.141660844640597,0.0921099157104618,0.0586321044072156,0.036743210041032,0.022092119354027
0.0171341084863677,0.0243156238815822,0.0349868521702643,0.0516351360406229,0.079349036040037,0.129571773846243,0.230468682722191,0.448498142424925,0.798406234715959,0.742879665970486,0.396179730887638,0.204937277469914,0.116220251372213,0.0712159037667848,0.0458903428177743,0.0303717706722126,0.0202112596920178,0.0132223789590052,0.00826324900516598,0.00472708335074053,0.0023118347836791,0.000890670792041507,0.000398340902608911,0.00282430689539016,0.101994720101529,0.51053906056901,0.399742353771224,0.163400524397638,0.0657017414017291,0.0278590765972926,0.01087795311564,0.00284506124211386,0.000184230149730424,0.0020580411476331,0.00899691772730864,0.0227072654171336,0.0463141899654302,0.0838273142757276,0.140134156023338,0.22813303822031,0.349302215921691,0.498147554415003,0.651340560264206,0.77478254978431,0.847366943191055,0.873448652062114,0.87174080413915,0.860117471971438,0.849399219567299,0.839841336228822,0.853177573102328,0.864931668453362,0.875039473297571,0.872249958910352,0.840701556793718,0.766917598347649,0.651051325131245,0.510804288099128,0.379536758047974,0.267892081417097,0.181504078539544
0.0125397649245603,0.0172307721029056,0.0238266759957048,0.0334609915442041,0.0482787727084789,0.072711518131432,0.116955528229699,0.207426950187739,0.414351510041856,0.773301825712123,0.657937861563989,0.301967987649251,0.14006039142403,0.072107046093159,0.0397204636489154,0.0224291583385674,0.0124338510046271,0.00639446910168372,0.00274984626997775,0.000742782823210058,2.99965966529566e-05,0.000518656077237599,0.00230307038576924,0.00565325741441234,0.0110335844428372,0.0191272409056817,0.0307852219667768,0.0465555517379504,0.0642768612881698,0.0682647672836048,0.0207430450750512,0.373668981956939,0.609194187894036,0.510004536454028,0.329320458067364,0.183793611213663,0.0931231982919435,0.038220294089246,0.00935393076718872,0.00119281896670349,0.0138384083141918,0.0516929854974252,0.11939858067026,0.232834766240353,0.388313515170739,0.56529682448796,0.721393792289085,0.822870489810996,0.865302209337989,0.866777064712475,0.848499083648093,0.825179523220166,0.804645146706251,0.790496333886088,0.78476583362777,0.786830069132609,0.796431131812103,0.812585436422388,0.833534249859092,0.856315384474001,0.876174682653696
0.040288973114205,0.0597481282981456,0.0907775923257265,0.143153777488451,0.237296821891615,0.41310293771515,0.702838477472379,0.90387150844896,0.7101149404978,0.433173512936674,0.261172020695331,0.165581362825648,0.110148117307186,0.0757688807569249,0.0530435378776849,0.0371678479951974,0.0255617608087965,0.0168050548466862,0.0101682363525724,0.00545893874736034,0.00328231417356505,0.021226989035894,0.398887226379374,0.24301085533118,0.0315608849026841,0.00125352505943101,0.0108110142257423,0.0535803801964329,0.148950934737912,0.31901572077544,0.542214495593942,0.729295571659536,0.822384814797615,0.849256824159387,0.85222650729801,0.844471013181036,0.806597996745753,0.699945564111527,0.5185546855849,0.325979292003863,0.183705634525775,0.0986025687531498,0.0522109607366189,0.0276577673153352,0.0147182559407121,0.00789066564180203,0.00429895045920759,0.00244079707982337,0.00151787544003828,0.00112875970304511,0.00109975069841724,0.001454071787617,0.00245298375081545,0.00493849693853982,0.0111091229750884,0.0274923285648621,0.0759696011631708,0.22736736647451,0.471584338685586,0.390508547957516,0.250860248795626
0.00785883895967523,0.0105786099614008,0.01425579346677,0.0193748296888568,0.0267921340568911,0.0381384129265069,0.056825474233793,0.0909138011286448,0.162574885714525,0.341178074787268,0.730106835789942,0.593914989636031,0.228657318501417,0.0957409083872213,0.0455714434866825,0.0230694523329975,0.0116532046635049,0.00545055127351043,0.00206313780974696,0.000419429327923764,3.41489202945774e-05,0.000722500285994478,0.00248416556380419,0.00546065190408674,0.00993106118014928,0.0163345073393013,0.0253177131425552,0.0378112602427415,0.0551367349549355,0.079125459136996,0.112126492531339,0.156332826810519,0.209751217350154,0.244142257704829,0.117711908770335,0.528716992292759,0.637847545958215,0.468810656933065,0.249046985711289,0.0867821526258665,0.010813482952237,0.0224788208380269,0.126613198276977,0.312856450708532,0.532304427661412,0.718203235935474,0.827917067414128,0.869951174219881,0.872223772449984,0.858134747204026,0.84142548300084,0.828813503190253,0.823083644360738,0.824887310524453,0.832570002577198,0.848659206805694,0.866808315674904,0.883521676681599,0.89244025417465,0.885233648148324,0.853354454958271
0.0157644428669285,0.0220689196057689,0.0312060529140848,0.0450295385893418,0.0671824579029225,0.105504442498413,0.178648521598531,0.333648679699895,0.64892152737325,0.845768201286527,0.509449062552903,0.246382585157884,0.127785190562178,0.0717025339897051,0.0420571931429674,0.0248560386303114,0.0141934848314527,0.00735229740167005,0.00302951620553232,0.000646265426723683,7.92701139221425e-05,0.00159143488766429,0.0058972119766317,0.0143772542681936,0.029525381925496,0.0557788820476385,0.100689069189328,0.172951589220674,0.232043025214274,0.258698260034863,0.427205095703563,0.121466273756652,0.00612329497093419,0.0779286667501355,0.265092574384941,0.504476928596128,0.702039316670597,0.819519910630107,0.871128222489333,0.887160720878412,0.890015457521147,0.890745505658121,0.891640039463343,0.887974417527454,0.868728192594379,0.819247783714526,0.729475643654371,0.604911266962156,0.467344385659352,0.340191289382489,0.239956684319508,0.165530045595082,0.113081058771386,0.0769349876162812,0.0521908718458174,0.0352050404718404,0.0235767603829444,0.0160319016714074,0.0104008275934127,0.00654949120639298,0.00395880025487556
0.00818758083399155,0.0110427391505372,0.0149263847901476,0.0203807962466214,0.0283863138993974,0.040865119186114,0.0620005820451148,0.102224648411975,0.192328636730214,0.431641790337218,0.796169622306503,0.417729006391867,0.153124345734666,0.0653714232781765,0.0310778541315306,0.0152787661355797,0.00721970192804965,0.0029475658390866,0.00080394589875776,3.98878651879322e-05,0.00032159786859361,0.00153420818627118,0.00369987155577158,0.00694590048222049,0.011498651022557,0.0176940744958508,0.0260025958290477,0.0370695771889958,0.0517747233111615,0.0713138152872377,0.0972997971536343,0.131851898112568,0.1775360296272,0.236623400085254,0.307435196005132,0.365577134180376,0.244626976466815,0.521329518479278,0.638597506020069,0.428613511139646,0.170696510505538,0.0203648908754621,0.0716642447681503,0.288345418219148,0.543327714517362,0.735536955368113,0.838352160738574,0.873871943411747,0.871201844571009,0.856419419242085,0.837133662272183,0.820698129374737,0.809903929822577,0.805726976890964,0.808061618770808,0.817132362676111,0.831719632855544,0.849702510952442,0.868825988246452,0.885286854355677,0.893792068975576
0.0122227011994391,0.0170252637031528,0.0239213656809577,0.0342371954674884,0.0505475368583769,0.0783403851856695,0.130716267328138,0.242746678604562,0.502392998319989,0.834493606131123,0.555569341385985,0.249018270678942,0.120117802366013,0.0636988327113462,0.0354828596941246,0.0197833729564131,0.0104189749635505,0.00469818164872209,0.00140747066055746,7.58104561922931e-05,0.000707218749161395,0.00372463485690836,0.0100484731493969,0.0213055329941372,0.0401987591301222,0.0710620720520388,0.120522985571181,0.197508152172781,0.31043814787381,0.454721423567014,0.555283064038474,0.60670261147444,0.563066257402624,0.114056299867255,0.644964395562432,0.831754106134364,0.874929067214824,0.88473663904564,0.887552222190986,0.886682308202776,0.874535881669769,0.83660935068712,0.75867272421909,0.639752619286081,0.499205087231479,0.364953573283732,0.255431453510602,0.174701393996714,0.118399242300727,0.0802886983898323,0.0546861033371837,0.0373418455420408,0.0255582127204612,0.0174891350384698,0.011920653168651,0.0080586800251161,0.00541371177791997,0.00356149237096896,0.00227903118365951,0.00141541139256495,0.000850728816021471
0.00337207161748391,0.00445314027357926,0.0058617700713195,0.00773720084751433,0.0103107304492442,0.0139910616215814,0.0195589230803805,0.0286661313169984,0.0453298977386164,0.0814578323406392,0.183747379863899,0.550922612624079,0.463004831209753,0.121366753476285,0.0417972574273325,0.017091857357687,0.00724151624639759,0.00278912211624074,0.000764286286216508,5.02814952565969e-05,0.000190606990541347,0.00101066248432938,0.00248092113253864,0.00466559296983919,0.00770741342207763,0.0118318389844034,0.0173658946101838,0.0247725592939895,0.0347053640210476,0.0480910574921643,0.0662495317665792,0.0910522164736661,0.125073619754258,0.171496362407662,0.232766204841058,0.303808263966425,0.338714696332909,0.140818314468101,0.504343980427629,0.578851961429173,0.43152339687224,0.290402201281794,0.148108322699583,0.0490381335641586,0.00506431925520644,0.0413362889759318,0.192077836078259,0.439216047107325,0.679478438276303,0.811686500414211,0.848673263226538,0.840254183981181,0.819752959439762,0.802048902367017,0.792286496787233,0.791795154959973,0.801352163485887,0.818030156228902,0.839755659799641,0.862484776861369,0.880031662382365
0.0207319586905642,0.030154742704829,0.0447303585412584,0.0685830513373851,0.110596843816441,0.191638960180891,0.361643526523243,0.686706584758423,0.872428538585897,0.571625130423355,0.30993915169904,0.179319051165288,0.113168117359903,0.0764443401765964,0.0542610225788971,0.0399504200301822,0.0303041622548557,0.0237631315658813,0.0198612088868902,0.0200620728276582,0.0390981879871832,0.134615226840301,0.282038304889662,0.0582201480430662,0.0201541052496813,0.00778558609282879,0.00264572626826789,0.000405836628999426,0.000249262298506214,0.00246381330385696,0.0080939103585073,0.0191243993220304,0.0389771531673218,0.0733387989497753,0.130919768398883,0.222895688764783,0.357090802386736,0.523567407736621,0.684350857641588,0.796449974284509,0.849790851710123,0.865081476831734,0.866267408250016,0.865809829711292,0.862537257803415,0.84177733423363,0.779254772468733,0.659181028982591,0.501019887303404,0.346191034382394,0.224711283727179,0.141462381369756,0.0880269396648707,0.054717785990801,0.0338965274932956,0.0208827352426932,0.0127152131743661,0.00758676382262641,0.00439046894603355,0.00243697600913149,0.0012873770344356
0.00531382129805814,0.00717548597907787,0.00970375669750713,0.0132394316670324,0.0183863276773171,0.0262984136876157,0.0394066019583408,0.0635367769345891,0.115289748492124,0.252789680771018,0.640691858868581,0.589166102389552,0.203768302975286,0.0812282287869075,0.0382007384683741,0.0194548781862681,0.0100131364204229,0.00484119569924116,0.00194571366955092,0.000461161173181484,1.92647414611042e-05,0.000519446186393618,0.00205160333912161,0.0048959868111448,0.00958641128547271,0.0170599487850285,0.028962254635458,0.0482575763867654,0.0803889359805022,0.134803820476602,0.220429468904477,0.278943875087914,0.0558134546590769,0.181240727805264,0.126151023641881,0.0584584771687274,0.0213327837357942,0.0033296582456746,0.00253651380111921,0.021024425392475,0.064596232666393,0.143636274738084,0.268240204613547,0.435658015283355,0.615350287539215,0.758865487224118,0.838792793910776,0.864827920272324,0.862201039521029,0.851022087971696,0.843732472341871,0.844048504727422,0.852034401864174,0.864985654719445,0.876608786833319,0.876886335064431,0.853357718868621,0.795830078290221,0.703411191996721,0.587627796305748,0.466722618188545
0.0127309129214299,0.0177721388931731,0.0250507265670354,0.0360170152950472,0.0535146351806582,0.0836667368348291,0.14121251243899,0.265439687497921,0.546690843895944,0.841305139959059,0.537187977864917,0.252007262444403,0.12874412734333,0.0728129074431378,0.0440135153570656,0.0275389106838863,0.0173399321382475,0.0106619243034975,0.00614463428672391,0.0030887724241693,0.00114530814947643,0.000167340640089322,9.79430916748789e-05,0.000732940882806263,0.0010188626639276,0.00142654081022691,0.135780833902816,0.549938022511037,0.531341319001528,0.314849318708605,0.163890351415232,0.0862987792497283,0.0459027325696826,0.0230969484025924,0.0100069407315203,0.00277831724663381,0.000231110909044532,0.00243669796621246,0.0105516385787779,0.0270087810954824,0.0560388608827842,0.10140797721936,0.175457117099698,0.286426136271519,0.409147479432549,0.583542090766644,0.730801628931119,0.824218856416397,0.86036503020692,0.857670031488186,0.832884213366916,0.820688031496156,0.8090491845424,0.804899517908229,0.810279665085485,0.82417915802797,0.843720317280992,0.863452774272069,0.874263367292011,0.861976142477195,0.820305609770078
0.0424925486581033,0.0637705194359137,0.0984035636175416,0.158363092419704,0.269104277820632,0.477737741465828,0.78792419707616,0.883781829718876,0.620182022601887,0.373693591870513,0.232054866980323,0.153471424903989,0.107437762883939,0.0787911707294928,0.0601076934329369,0.0476478703562528,0.0396269166184366,0.0357874401643695,0.038995412885404,0.0714980468362969,0.335259567556419,0.308430189248045,0.0278087592271799,0.00424955697519891,0.000490943281713168,0.000194827612511227,0.00200453883827183,0.00633644090401452,0.0143600072801888,0.0275502745802478,0.0493927494670387,0.0839086009884394,0.137128885992733,0.216160025596152,0.32630884433023,0.464578390604319,0.612813680668568,0.741479863783221,0.828166481336712,0.871598405095873,0.885902620711789,0.887123031178289,0.885647386250302,0.884469855879045,0.878848647231136,0.855869410266342,0.797119318713816,0.690385813280616,0.545861094033731,0.394787118341507,0.267724964002493,0.17386938396196,0.11013653003097,0.0686383790785132,0.0421162551087528,0.0253010346005196,0.014709893988511,0.00811228996380381,0.00410187060016215,0.00178251025626582,0.000564072506021777
0.0351262881628596,0.0496767023122284,0.0711820823196957,0.104436316294076,0.158832013087636,0.253560988821515,0.425358684297235,0.703397272280781,0.893633093611503,0.684047878644183,0.394391236998771,0.221295481004284,0.129135259074355,0.0779493394476782,0.0476427235858956,0.0286938352527591,0.016410107332201,0.0083737963409268,0.00332134634021767,0.000636395343956938,0.000119044811994666,0.0018911313515932,0.00637573776648162,0.0143137705749134,0.0267546237941809,0.0447905849623997,0.0680010561201615,0.0862396769728565,0.045384054596194,0.453503281153722,0.723211245489414,0.6513956195518,0.334697143184802,0.0724935621727515,0.0100887311503318,0.105771876406528,0.294910801457581,0.512283144024372,0.695277674412508,0.813061431925502,0.869489916082529,0.884872131343172,0.87927541004503,0.866632585793397,0.855117113820183,0.8489583591592,0.849746712182344,0.856745014494461,0.865975703234541,0.868357871742635,0.847255265923323,0.778122608581391,0.656942517215338,0.491851014175605,0.328059881847528,0.199524895666921,0.113832238635938,0.0626459961959814,0.0351027333298619,0.0230871231557427,0.0286267386473408
0.00559910782868799,0.00750960629555811,0.0100744595450527,0.013614430497078,0.0186902028558414,0.0263560825460254,0.0387889704204288,0.0610746990376119,0.107241152427992,0.224827794601789,0.567102927246586,0.650542676475623,0.224862065333705,0.0840479909766631,0.0372479295965667,0.0178290268296073,0.0084948896886119,0.00366042511529225,0.00117914207758507,0.0001356575587664,0.000135504163431332,0.00104458305296256,0.00288811675987554,0.00581630360087155,0.0101046839487559,0.0161794050395026,0.0246677904333849,0.0364811514883472,0.0529416296904076,0.0759641723763587,0.10827707697624,0.15351778291056,0.215366047429887,0.291546908800645,0.336597145539461,0.154341502611016,0.603181547623575,0.533607038264803,0.288985217431387,0.0827204954176836,0.00792667238905522,0.0969700637344084,0.320007507601211,0.575408128388008,0.759406993877997,0.848035318374043,0.87283671226252,0.868890315313052,0.857522894645676,0.848962858005332,0.847198208986899,0.852755930496704,0.862453230458004,0.878687888199554,0.888992377390739,0.885746050628624,0.858939748128835,0.801002631669162,0.712177313338265,0.602421007695044,0.487131154471872
0.0339729741419406,0.0488934765830914,0.0715731265263753,0.107854025510697,0.169675181755475,0.282314972681464,0.492313877459487,0.798724471713627,0.865056387466933,0.571571037346232,0.322659397401282,0.186857825214826,0.113895472611969,0.0720226528484907,0.0462524241873544,0.0294419364969784,0.0180020584923505,0.0100547310194442,0.00462711725385772,0.00129639327155017,5.37307884728742e-05,0.00130241035926636,0.00597268114802582,0.0157566408355504,0.03325949863553,0.0588203768503627,0.0479905054059839,0.504571034807251,0.35256442664412,0.0158165217115355,0.0510772577009525,0.186263232646937,0.362954242927933,0.54750964947441,0.706766725045814,0.814564924659816,0.872328870196732,0.895767073782769,0.901632249761854,0.901430645599985,0.900622101636598,0.899162282364204,0.891491795336695,0.866372585886464,0.809244955355668,0.710613270744884,0.577468318661503,0.433882888128646,0.305536020084796,0.205550764652354,0.134348484420783,0.0861212853373794,0.0543184151999192,0.0336363791192138,0.0203071953184784,0.0118086050469164,0.00649115267014864,0.00326716571182317,0.00143221468364336,0.000493819912455753,0.000108789093719247
0.0141816930118901,0.0197805641171283,0.0278441410684905,0.0399388284248567,0.0590930311430389,0.0917065738777679,0.152770889805739,0.28054655872443,0.556815817326396,0.850395908695316,0.573781679339208,0.272790403364921,0.136635659347608,0.0743304134982666,0.0423274568630393,0.0241758225560751,0.0131518512060912,0.00625734293394977,0.0021177296693449,0.000200410487108799,0.000546629325654967,0.00376890500218741,0.0112782852183632,0.0258331846715103,0.0525744229594403,0.100105554464799,0.173572200980663,0.176765916268402,0.328994407758861,0.411477817767104,0.191517011112633,0.040750892955982,0.0101767749939246,0.127678964441723,0.385858818276178,0.647454910993529,0.791753537370037,0.84045359078697,0.851065665383557,0.853238101915624,0.850552015465967,0.827223163637088,0.755060615456255,0.618335776856993,0.444952787961989,0.287282025431794,0.173546199847095,0.101489137318414,0.0581953147765009,0.0354279906389807,0.0204881858341582,0.0118352240666135,0.00689151995105138,0.00409130411418013,0.00256295099737969,0.00182782289329139,0.00149349462335881,0.00189337286105343,0.00348828423562318,0.00890227687012079,0.0308220641454582
0.00704358791258634,0.00968955528467862,0.0133987574949509,0.0187811629122568,0.0269658299210292,0.0402269538919013,0.0636697285112243,0.110467298434365,0.220477629424089,0.509568289963518,0.787112787860124,0.394199674065916,0.163120882081245,0.0783396177848183,0.0418397543515287,0.0234120695288361,0.0129873347304627,0.00665453488472467,0.00274278426163815,0.000577568500118761,9.57540325180553e-05,0.00187345385650938,0.00761218716676802,0.0216540754453013,0.0551242542883701,0.129808643750295,0.162749425677648,0.0426492914582526,0.0826985078850065,0.0549644553728773,0.034689387136089,0.0169194759458908,0.00615121678234969,0.000793073494425284,0.00190408860424533,0.00933734404117366,0.0331733260792598,0.0825099308299762,0.174170116365137,0.323155825204632,0.51696648186059,0.696594791068508,0.805375739267465,0.845653144785086,0.852416134273269,0.852522291121252,0.855780394137239,0.857901838142517,0.842679789569529,0.787681624116651,0.678859312430657,0.532651111281987,0.385583027095135,0.26493992046651,0.17741954721567,0.117568910560201,0.0793620023748739,0.0531185467740162,0.0355985083483332,0.0239016472309152,0.0160263835968804
0.00296481554021538,0.00398154165692662,0.00534677827520538,0.00722910441195494,0.00992052075867849,0.013964166009758,0.0204674293155789,0.0319835920379014,0.055505596691156,0.115618178234747,0.329098554431118,0.700053056004564,0.21970935117456,0.0706353155749791,0.0295458661357897,0.0139352852580653,0.00671513894973692,0.00300192918587054,0.00105129028736721,0.000162165379747967,6.34429081519668e-05,0.000711692760112464,0.00223593660005245,0.00496114852869754,0.00951200293547102,0.0170550128994215,0.0298422761565469,0.0524784431238018,0.0949397339469574,0.178779297072471,0.335424517260521,0.494529111299653,0.25064339298578,0.0128896661928494,0.0334704176588489,0.0263579816155312,0.011537350692043,0.00288584555471006,0.000348940710195247,0.00619640602287235,0.023998219589928,0.061467447502749,0.131288518182551,0.248696089158096,0.417937118769562,0.607675275771021,0.756765142607698,0.832119875294601,0.85158032990051,0.847916954569446,0.842774861808401,0.8447559312009,0.853988177209314,0.864042070725513,0.862371534471879,0.832570864339325,0.762320688195727,0.654266790510786,0.527549980069133,0.405369395885982,0.302345409882263
0.0125052236497579,0.0172099558274613,0.0238410285918651,0.0335537225704646,0.0485418685354575,0.0733576386689148,0.11853347611136,0.211541548452902,0.425841601709556,0.795110554204595,0.652597677356044,0.293738065285713,0.136225677573906,0.0702688221996007,0.0387314947689536,0.0218370586206041,0.012048879181292,0.00613298401762413,0.00257680156062589,0.000649346221512735,2.50836450498588e-05,0.000627374873826639,0.0025709705969505,0.00616040598052218,0.0119332142632057,0.0207552588044731,0.0339909382526623,0.0537792516492262,0.0833805217097642,0.126932237452921,0.182978099483465,0.182843298277525,0.270800019824796,0.437695460814317,0.186018171097574,0.0410393794729151,0.00565263572239218,0.0411158789600887,0.13678828745588,0.278197549756796,0.448659236872419,0.618431744461751,0.754923345745906,0.841102972570684,0.881025746032336,0.890083646894029,0.883890991251647,0.873524399025628,0.865405894517996,0.862552066152897,0.865304132017958,0.873569436267853,0.885148631036412,0.89285241313877,0.88985203285315,0.866880462556314,0.815795428542876,0.734156036885038,0.628421339026513,0.512118159197667,0.399655945692287
0.0276712535334497,0.0398100518976083,0.0582739892135393,0.0878773469465923,0.138633748214463,0.232706600530227,0.417003627077631,0.728409714942249,0.872265578265046,0.587872216060942,0.325417903944507,0.186540439747767,0.114296796562079,0.0737581268557896,0.0491615146799717,0.0332236167357054,0.0223410138745201,0.0146156354237904,0.00900767116017235,0.00495182599383808,0.0021741180920294,0.00057835688863803,4.00785644763065e-05,0.000321886590812374,0.0547926396755937,0.491094826259728,0.396814322715459,0.117060087885723,0.0285681608377424,0.00458454413325175,0.000682212870321305,0.00698298861204403,0.0241163861674175,0.0536894605199651,0.101201430734797,0.171917958394194,0.271504765109147,0.400137621973572,0.546527482487282,0.686653451318436,0.794718059914614,0.859013924907795,0.885692955192708,0.88953164385574,0.884351216013513,0.879225655211677,0.878431650114941,0.882082076200627,0.886019138331167,0.880903364313094,0.852329464198913,0.78598695300155,0.675880634306144,0.536470295633951,0.394855328381787,0.273494789954001,0.180778907697483,0.116929696109374,0.074445345882862,0.0451460205301921,0.0264247868334401
0.03712784411454,0.053681197155669,0.0790945467360361,0.120267706475086,0.191460026377143,0.322566767738255,0.561597325690988,0.853340807221064,0.809005319660346,0.502542902541178,0.284768734420051,0.167934417019864,0.104275602436397,0.0671456797854584,0.0439929926488742,0.028736280780778,0.0182565405930103,0.0108775982392542,0.00568711343803541,0.00222553100538253,0.000353448410587176,0.000225701084846222,0.00235633418589958,0.00776968766275086,0.0179291313935658,0.030017183787882,0.0324884899767604,0.370156430807234,0.106512159269605,0.0126702112270782,0.00185693178147419,0.0186444728021553,0.0547669718649605,0.110334529291134,0.187813275113838,0.290572224830987,0.414973751558567,0.550678339644943,0.679784629831707,0.784015136224075,0.853580888966661,0.890202629991867,0.902999635509937,0.902575223378399,0.897457373965819,0.893118221516243,0.892180669703495,0.89470591606079,0.898068501590008,0.896284740049941,0.880132543467263,0.83918375569382,0.763053900105251,0.653056918230314,0.523093605602115,0.393658106246305,0.281122254568157,0.192477780183573,0.127128775957807,0.0809398440065799,0.0490977805654677
0.0639283656302949,0.0977047488228855,0.153957810645964,0.25258847505501,0.429260401655451,0.706466027923607,0.914248578229783,0.776243192225503,0.511235921144586,0.324777015114052,0.2147025484446,0.149138686671118,0.108226431924397,0.081529112476898,0.0636101712640112,0.0517033535910607,0.0448398472917602,0.044528506102355,0.0621699835317648,0.205918078396725,0.339548682512858,0.378350945945446,0.136166905428459,0.0159237609061222,0.0011048734894314,0.00157548120504605,0.0101757940374315,0.0293443053967839,0.0652277447620278,0.129965122161603,0.237697654690496,0.39589090972573,0.581753599779883,0.738038145022127,0.823864291392419,0.850526359713647,0.850994036603011,0.846669740971593,0.83778537941001,0.799407690352453,0.688212942502872,0.496933451532993,0.297812831685558,0.157350388415278,0.0787962523462604,0.0385056688597255,0.0187203370793059,0.00916230647733096,0.0046477962106971,0.00260316407824114,0.00183634632745761,0.00189380846242979,0.00295382288539331,0.00623055249519933,0.0157410744288715,0.0453010941915273,0.146423588151854,0.40403360547087,0.445840605073711,0.29618362679414,0.208551669610285
0.00646425651030994,0.00867763628021478,0.0116549682138715,0.0157756279084961,0.0217076881857092,0.0307198027190628,0.0454661265415572,0.0722571445435722,0.128878598642035,0.276157193987851,0.665527312706687,0.566967764514912,0.190869973610139,0.0725922646855949,0.0316739508778632,0.0143810750958953,0.00613674696479064,0.00208008390579585,0.000324170514396257,8.68822444203779e-05,0.00107650265207714,0.00326773476196021,0.00682193448202716,0.0120720802857452,0.0195459183335291,0.0300203667906148,0.0446082819521938,0.0648794940685485,0.0930057734739918,0.131870265316218,0.184923764065318,0.255083060473566,0.340335395819035,0.415678838620489,0.323105286015035,0.47791688148578,0.714882862319801,0.607913321306006,0.414090654448521,0.147784805490111,0.0277841301337266,0.298043230103373,0.654161792823855,0.813398265391714,0.850549673952507,0.847232800120369,0.838159591888379,0.83480124037362,0.839983935705624,0.852368712667937,0.866961821075339,0.873935592898225,0.856238162512662,0.808150979065992,0.712965386313098,0.584539231616027,0.447744856780331,0.325277705282655,0.22791162629934,0.155953468781437,0.105916785476719
0.0210210706547361,0.029775034847102,0.0427282686786337,0.0628185490589863,0.095969509533263,0.155168529041296,0.270760650291966,0.505057680728633,0.831201788040486,0.751984237215376,0.416122473767051,0.219489128334206,0.12423410710214,0.0748118787775074,0.0466790449289294,0.0293591232885268,0.0180437529512268,0.010367350549067,0.00513062455766231,0.00177215101044309,0.0001617185659012,0.000563938142508929,0.00370913933434074,0.0107588401831397,0.0210989757742994,0.0136571035693817,0.372699145282646,0.449353176511034,0.158867177194962,0.0391661813830093,0.00308404415618865,0.00765281400089146,0.0427859899224258,0.113016287867755,0.226195059795442,0.381803797811478,0.557786319386142,0.713389097470978,0.81714804324353,0.867605934263774,0.883244871687791,0.883753896289473,0.881714604654481,0.882145656603614,0.883452790423052,0.877344388935414,0.848892010820652,0.781105543943672,0.66739814023296,0.524304319014215,0.382530900230152,0.26323583977619,0.174837565575809,0.113665898484544,0.0728628851016189,0.0469243011585745,0.029363432655154,0.0180160509659945,0.010731989458162,0.00611702619428037,0.00330640960979169
0.00751372926431384,0.0102287667535837,0.0139727148621722,0.0193077133901459,0.0272588992847257,0.0398567995844178,0.0615739569951243,0.103720105374671,0.200121283730244,0.458074803539159,0.800932275931479,0.405729161911097,0.154869214365778,0.0688986378588403,0.0340532719675785,0.0174303484567355,0.00862511802190892,0.00374044636978059,0.00113343107022958,8.38278833869733e-05,0.000317879807246279,0.00182713349948093,0.00480736827694858,0.00965816367675276,0.017023729129816,0.0278716578885911,0.0436123978150581,0.066259580323756,0.0986116796725302,0.144362170573723,0.207516794634667,0.292991700761621,0.4011129136878,0.523137702194159,0.606558841878408,0.678823371266422,0.786312024103661,0.273645119553405,0.715124997012685,0.865649545802103,0.890112812207172,0.890950007816711,0.888424498045144,0.889412648376795,0.893558374714922,0.895971564905869,0.888562070724335,0.859860549097358,0.799352491189925,0.704654865082932,0.585724484405812,0.463990976517489,0.352736268052469,0.261610571596241,0.191578079145239,0.139641481613831,0.101771542343331,0.0743009018024603,0.0543353772993979,0.039771163739839,0.0290594591730563
0.0353595248852725,0.0502276746571934,0.0723673864523494,0.106947939036595,0.164273791653057,0.265736978687,0.451938709699179,0.743456267967568,0.885783282579349,0.62894273556049,0.354355344775449,0.199435343373784,0.117491293396548,0.0716961963382885,0.0443357018593383,0.0270619294259175,0.0157450271166001,0.00824492657585096,0.00343705251924229,0.000769747108783104,6.03173566579618e-05,0.00140643604706163,0.00515418476258061,0.0118753796608814,0.0222472131637321,0.0364042032077981,0.0505234507664947,0.0381413704006054,0.342321591990896,0.57104457997002,0.678164324782577,0.300643910945586,0.015690535418938,0.114480509994921,0.309811262968936,0.507041123917614,0.673605182963902,0.792891352207162,0.863381133807063,0.895016598887432,0.901795424762857,0.896159874400734,0.887009686998305,0.879836364956825,0.877401884116747,0.8801002995986,0.885618679547866,0.887769353470705,0.874963432394551,0.830589779940163,0.739867493668894,0.603438724211175,0.449456259342766,0.30630119355313,0.19622306318364,0.119646707769002,0.0706860377201293,0.0412061097940202,0.0249919184232137,0.0177798520854015,0.0220352112965512
0.00539901017507144,0.00731292712590527,0.00992278614157375,0.0135871981274236,0.0189419800506409,0.0272031653107518,0.0409343044589992,0.0662817109434543,0.120736216385138,0.264823920888836,0.650725536765876,0.579978305448176,0.206710725353096,0.0829903690990493,0.0388080666329727,0.0194080658176599,0.00961330125091801,0.00428876895621968,0.00141626573746396,0.000156693298743692,0.000217007277533532,0.00163517492177907,0.00473636266713895,0.0101950713109941,0.0192106193436349,0.0338580321423471,0.0577438730496484,0.0971512114782403,0.162556014383019,0.267557964873753,0.406499310714979,0.42311783770181,0.129824738674977,0.284753430288334,0.164419641667416,0.0521446138699918,0.00436659398591254,0.0611463144167104,0.261025576121397,0.53940686458183,0.74519083532738,0.834513313736547,0.85869229344937,0.862920894748809,0.866373783407246,0.871604440090307,0.870590648135606,0.847502488987458,0.784678676727885,0.677751305988779,0.543491531753424,0.408919848947459,0.295096391075582,0.208506261630986,0.146338605161647,0.102845001297105,0.0726178957134299,0.0515114880653794,0.0367180471618899,0.026492488271857,0.0188787291470292
0.0324549518983459,0.0473518297370083,0.0705986836567759,0.109077389012113,0.177588473017174,0.309015682918721,0.560555004039874,0.862712951779714,0.765518708636477,0.448952058031015,0.250738797854843,0.148705086516689,0.0936452401199903,0.0614644611796118,0.0412433377446984,0.0277557633545114,0.0183246932037844,0.0115044629458878,0.00650294171896738,0.00292717740690361,0.000697915919233786,8.08137524477811e-05,0.00163449459101392,0.00304510531586205,0.0873516390538265,0.146828468767519,0.033837756431473,0.00576926304726463,0.000327049339259658,0.00295244788187469,0.0113859993504543,0.0276739998209087,0.0541887889482199,0.0941789343627525,0.152608149474037,0.234507070417287,0.342519733863089,0.472540380152898,0.610012174783397,0.732697739195716,0.821825478217579,0.872254180543008,0.891855148484262,0.893517565204699,0.888519265899457,0.884132927060743,0.883654639855573,0.886786931895825,0.889343989222179,0.883094151674556,0.856143454776113,0.794545888492465,0.693729301894326,0.564381673461564,0.428953355902503,0.308284651251135,0.212532111340586,0.142047402984072,0.0924022389098892,0.0581692778383156,0.0367569571747173
0.00524860709916541,0.00714287443995586,0.00975171209196788,0.0134614145911497,0.0189717040443628,0.0276570055205189,0.04251604537833,0.0710750736018399,0.136103901772266,0.321137697868894,0.751985387850664,0.458725221256825,0.162284936443927,0.069941799648617,0.0349327531552075,0.0187096947279556,0.0101117141691346,0.0051665967717399,0.00224031694959356,0.000618058542353569,2.59101055457632e-05,0.000472743850525691,0.00224279735104715,0.00601591962115787,0.0131756896758715,0.0263969655275789,0.0498569098925311,0.0794292849016606,0.0377732062053112,0.106391187941533,0.148487873574168,0.0951405538920714,0.061406224129957,0.0362500857297856,0.0202519664918209,0.01061127334858,0.00440092077790968,0.00095723707991757,0.000227960273564097,0.00287294586247027,0.0111201573670491,0.0174528103007911,0.0409570058743255,0.0799060259414307,0.142871881730727,0.242642772996469,0.384973826716847,0.555395398878149,0.712390904258932,0.812581611576196,0.848918035902449,0.844959115678303,0.826626319769352,0.809887607288971,0.801852916480111,0.804569060827963,0.817221841005934,0.836651411505953,0.856785974804336,0.867833316633624,0.856800816193502
0.0195372662987618,0.0272291547485712,0.0382964464785145,0.0548739444087975,0.0810577880534733,0.125354814508536,0.20687227743258,0.369005070848432,0.668146229830331,0.861311140235937,0.571678178344803,0.293293642471842,0.155083480001721,0.0872816576470172,0.0509758101228613,0.0298615297399095,0.01682482443954,0.00853784652432553,0.00338816047519923,0.000649465108024065,0.000152026166603768,0.00219050279541708,0.00758078098867483,0.0178278793437104,0.0352268888460202,0.0615036544720358,0.0845525386760453,0.0345826691181903,0.521405776158467,0.504304159709192,0.307231830802843,0.113706650679491,0.022222984788687,0.00577475754782574,0.06405128783927,0.205280024634476,0.414761450034707,0.627978893832876,0.774452767427068,0.840996721546832,0.857277006540373,0.854274088114003,0.849853970859471,0.850520544919294,0.853783588282679,0.847012358980416,0.805752171486663,0.703215972663439,0.542253846167732,0.368530755630069,0.226158894477085,0.130822252416774,0.0728890289680803,0.0405620386005514,0.0220886385502204,0.0121607137717165,0.00715129742701983,0.00512348882213185,0.00557603299753547,0.0114700949398636,0.0452088008037188
0.00779740510780341,0.0105394300770474,0.014273811017383,0.0195175880509636,0.027195531162353,0.039094639439258,0.0590257275172078,0.0962192844719885,0.176835315823749,0.382801672782462,0.769542793096651,0.522985062639393,0.199765735461523,0.0859015531087591,0.0417096022977546,0.0213842901217217,0.0108735710867647,0.00508280525660095,0.00189546451931803,0.000359010907764118,4.74061179122458e-05,0.000812408194223737,0.00268306173157247,0.00583075451948867,0.010569687726562,0.0173827262734317,0.0269718498310305,0.0403376404878017,0.0588947155749882,0.0846258769963512,0.120250088835313,0.169265707168696,0.235271759809656,0.31427320602494,0.368713968358271,0.244252507211076,0.701571159280866,0.575113710889624,0.186804660103902,0.0278438065663341,0.253928313968885,0.558853443749094,0.759321344698069,0.853601441603626,0.883212831647234,0.886845008016631,0.879579467463221,0.872695388519621,0.870588486880525,0.874359214422442,0.88281001938171,0.892497596994586,0.897104826115779,0.888667953245794,0.859252404024804,0.7995301833491,0.710636279434518,0.601918679223164,0.487857070805603,0.381581643160442,0.290758165325846
0.011686995782406,0.0161806091089903,0.0225669901580802,0.0320029030382219,0.0466962148416045,0.071254541904819,0.116407575890317,0.210329597621257,0.428510774437684,0.800108832142286,0.650937747067619,0.297574756184142,0.141100991961573,0.0745231351540931,0.0421649893895946,0.024516916372727,0.0140660134759567,0.00756285962352668,0.00348161553692352,0.00108981719238848,7.68861125190197e-05,0.000403573951864702,0.002254099272932,0.00604968155080682,0.0125154260064869,0.0228190675860499,0.0389040164123699,0.0602222272310526,0.0972433845051852,0.151067748835254,0.229656123189013,0.339854544207686,0.478223469681772,0.591131238062705,0.309696581991456,0.431616591356637,0.0567050205609906,0.214922560621769,0.583892295976221,0.78267329066378,0.860944266753722,0.887914148526842,0.895549426254227,0.898128449399944,0.899398542571738,0.896980661607659,0.88397874263437,0.8507541717958,0.788901794197423,0.697146169205837,0.584578355009388,0.468197362563163,0.361336651706639,0.272316951913032,0.20262038789813,0.149997300690122,0.110995553810697,0.082296918342996,0.0611897628260412,0.0451750279108558,0.0336593148455481
0.101731678750198,0.158383311468796,0.253503551883481,0.415203421435705,0.663958250395707,0.899885466941744,0.872985966739313,0.639162846918627,0.425482638181151,0.285164880561686,0.197637382594421,0.141648886260568,0.104303645236318,0.078360887424347,0.0597492868835572,0.0462042590753732,0.036701889158233,0.0318401358220836,0.0395413988136475,0.198543783169478,0.0811207050447874,0.0578685849578459,0.00400221492727707,0.0253183723564935,0.0702521187774881,0.157735197385821,0.3094074913953,0.517090604892467,0.709979552819048,0.819243537276738,0.854836523924274,0.857898274712578,0.843615754796203,0.787297156095944,0.643480125902091,0.426821261988006,0.232792338516631,0.113123295192835,0.0521902163370416,0.0234368444415008,0.0102651004590355,0.00436718933637328,0.00181836278064691,0.00078092941085044,0.000436131034058231,0.000381891868284774,0.00060269747264407,0.00132512906358535,0.00321248297131622,0.00773643718492368,0.018846626827386,0.046160655488397,0.115828176643581,0.284895178620108,0.546941501212506,0.617265600647846,0.502537511997434,0.396734417944717,0.33123467047972,0.294148387812399,0.275518001355932
0.00496693708038619,0.00668330397116186,0.00900205384968013,0.0122265057466735,0.0168920497361284,0.0240176132639843,0.0357399238818168,0.0571572948967616,0.102767455102177,0.223954341590742,0.586491621009404,0.588249349528857,0.19565478164428,0.0752752111646544,0.034551302832201,0.0172370400187602,0.00868575390295436,0.00409218656194171,0.00158085855579887,0.000340945543791314,2.00387016187255e-05,0.000501768862139589,0.00182311414181603,0.00415385001292124,0.00781315065503817,0.0133178269413364,0.0214623059295072,0.0334153019572026,0.0507270153295567,0.0747434624548729,0.103356608151371,0.118108496551266,0.0624367565181266,0.047559603291939,0.235099293473038,0.273696682334053,0.23043884431519,0.177919916935611,0.133122646164287,0.100296862763332,0.075138417410768,0.0556751044062398,0.0402567600205157,0.0276537106333185,0.0184870177681584,0.0100628227670542,0.00405525215036361,0.000705911465763631,0.00149363656784689,0.00980144978209891,0.0318931810383883,0.0794143813068971,0.17111595305439,0.325619280662205,0.50863674184317,0.701570319577507,0.790203414897385,0.78800390598155,0.745960690579254,0.69800263512995,0.65751993138608
0.0542091612555798,0.0801722885923425,0.121387655715956,0.190407326479387,0.311953663948795,0.525062644035323,0.812483078725567,0.89118942596973,0.640498637744602,0.388500910739963,0.236150011450532,0.149605924203152,0.0983313357666331,0.0661188847602224,0.0447567502901425,0.0299427183474961,0.019326268458388,0.011592364371994,0.00602413788618457,0.00229118687908109,0.00033506621607162,0.000198414112773366,0.0011621603620119,0.00286517644069749,0.341435061958173,0.479516641335732,0.0642455634084871,0.0036910526254665,0.0388148649660728,0.104118988982255,0.199186932038338,0.325617724213957,0.475623744113695,0.627346299245753,0.753855408475196,0.838784610682103,0.883475278378309,0.900293005099416,0.902857421513124,0.900907987618383,0.899160233814916,0.897233747733417,0.889028662840514,0.861914852043434,0.798951660688427,0.689163159628031,0.542388076475215,0.389040610050834,0.258500462405502,0.162577608842746,0.0983516061093703,0.0575536352991197,0.0324617076181685,0.0173942177557007,0.008774271008323,0.00393287164533833,0.00144071200520515,0.000373909321853809,3.28465921476582e-05,3.90230927356387e-07,0.000165744691162406
0.0136580227036177,0.0192257590592473,0.0273623629301606,0.0397744739103427,0.0598266887011631,0.0947965138113396,0.162176864257825,0.307265969431871,0.615272866375361,0.838715929005348,0.507132912870692,0.243292925711908,0.125726193080147,0.0703146782459874,0.0409168979982706,0.0237164616275969,0.0129520024561656,0.0060387834012677,0.00184793107651212,9.21572346523459e-05,0.00118843301153742,0.00644096673002537,0.0186105405569635,0.0431314449812782,0.089958297700826,0.17732737733242,0.32534861642426,0.507869686263351,0.337062355769215,0.449918235327437,0.109176953737275,0.262488267978725,0.698509133977876,0.82361988922425,0.850962883536047,0.853924192366808,0.832197596326864,0.762149445067493,0.630344392233221,0.463259645038511,0.30916915658447,0.195023699131825,0.120250570174357,0.0738937661907164,0.0456315375556259,0.0283735849276723,0.0177430037003981,0.0111286719906877,0.00698744621261343,0.00437330244299646,0.00272765483220745,0.00169873400149556,0.00106606699765798,0.000688672414344194,0.000477333184206031,0.000381943022801637,0.000383371061214882,0.000508196317564492,0.000874298465318767,0.00184271198300581,0.00456773918935652
0.0302395082648034,0.0436277123404725,0.0641023000275578,0.0971516301144392,0.15425495440461,0.26069263603046,0.466863669838925,0.783854907729284,0.8498945060508,0.54346612705962,0.301241575594459,0.174325822926831,0.107431429622533,0.0693995128712586,0.0461044498240869,0.0309304723723698,0.0205669936890726,0.0132593315186262,0.00804675418497976,0.00440796258573371,0.00207483552811152,0.000900253194013717,0.00103066779073033,0.0129246135388262,0.284599350176665,0.610022041803982,0.655748805770646,0.381550014423858,0.153440372109003,0.0554273263026599,0.0160301835780773,0.00172819945568199,0.00299003777511153,0.0187316216013137,0.0524848849692098,0.110750158113332,0.200308528471029,0.329848371022704,0.489192493306791,0.650504489431138,0.776804942644007,0.848406020547789,0.872683148781556,0.869929313702137,0.85831681639105,0.849060016531315,0.847273535668396,0.853265508863887,0.862066361215165,0.859203442973358,0.830374641741597,0.74930578126262,0.609322719552041,0.442600151522779,0.291975504928306,0.17974901460281,0.106091006739247,0.060621561559862,0.0337695153865878,0.0185843175923085,0.0111245514932633
0.0162017411189979,0.0228952776980413,0.032752601200768,0.0479539572257019,0.0728871707997279,0.117252695281363,0.204703654851006,0.393895763475836,0.743047936111022,0.7989187595138,0.436497138631872,0.216986695550501,0.117443578183717,0.068427496195728,0.0414794881177626,0.0252638479965719,0.0148388817193312,0.00788018265355138,0.0032867814931936,0.000657600271598991,0.000164526255249199,0.00273693873529143,0.0107665678336918,0.0301353733253198,0.0756384428041996,0.171385884338574,0.101884772032712,0.0832971583223096,0.108561066226623,0.0311835074175728,0.00249100708515088,0.00762158580169972,0.0473199234284257,0.135692686072249,0.285411202749662,0.482247023396842,0.670722236443204,0.796947636639315,0.856151943014667,0.875375185571113,0.879599436193262,0.880784777951579,0.878998328060963,0.864357481089935,0.819920101245131,0.731198586460033,0.601716706393951,0.456888706033012,0.323296578476694,0.222314926004845,0.149961969333874,0.100431284120199,0.0672209632395413,0.0450256117685439,0.0301134731047185,0.0201837715470872,0.0133377496667586,0.00866544483697662,0.00548929630660578,0.00334392154192093,0.00192698930692604
0.0154009452851891,0.0212337531445827,0.0294857057366133,0.0416288113188605,0.0604713870826185,0.0918550129220027,0.149223487742484,0.266472944943456,0.52010779774506,0.840458087401615,0.611088393199619,0.287412874286576,0.139974884810311,0.0744495340463444,0.0418419940546438,0.0239133280580908,0.0133409782351033,0.00686924896950207,0.00293665379568866,0.000773515406505817,2.89863345073976e-05,0.000611013817110106,0.00262344923670558,0.00635550976277087,0.0123055670971151,0.0212269874670831,0.0341601783869668,0.052288894673524,0.0758704557563904,0.0985313794674365,0.0801662854405893,0.140572657191302,0.624409170553013,0.600351002955458,0.38739704672236,0.186488972708279,0.0652750157278711,0.0107149175251161,0.00509890320542109,0.0419883478932011,0.12407850856085,0.249669923214402,0.410781189999264,0.589087714522642,0.738275473333932,0.834035382519373,0.876640926503877,0.882420167843232,0.86938353175528,0.850438294354048,0.83304346298534,0.820883048403215,0.815164371142826,0.813706090150002,0.827245370841684,0.842398956786951,0.860821297873717,0.879161358145757,0.891820286288308,0.890945804563213,0.867344197765154
0.0124954701324865,0.0171918678391691,0.0238003070900282,0.0334555828886398,0.048300426402826,0.0727491978163921,0.116923060635766,0.206948123616361,0.412620707986025,0.78111056355881,0.679215226597228,0.309947127197851,0.142450395988065,0.0725378786168139,0.0393367098591296,0.0216656318862355,0.0115053710977377,0.00545123413776368,0.00194381552372045,0.000272248992420654,0.000187283959537875,0.00175690862699824,0.00533959372327328,0.0116318395470306,0.0217639797197305,0.0373430400721352,0.0598710564411805,0.0863571964250325,0.084130170461198,0.0690119683487569,0.569309346865685,0.554693518262725,0.381337288201588,0.20814018576007,0.0940431063722189,0.0324248145866521,0.00342535034534198,0.0110231197274958,0.0633210974065408,0.174431060701355,0.348099159547118,0.553052643316353,0.726336873812363,0.826111405099474,0.86024096478827,0.858766841876722,0.846294935905909,0.836317400570601,0.83448118015791,0.84162322105294,0.85451731756944,0.865427163923186,0.859165894017155,0.814873146220462,0.721831612001839,0.583431104767827,0.431090791693324,0.296269217028694,0.193539751132384,0.122146394213344,0.0751772335630061
0.0154175780546273,0.0217998478224895,0.0312070407913069,0.0457259014408517,0.0695529960127106,0.111955517501724,0.195523226941691,0.376761461312554,0.720800590183582,0.813911168755895,0.460224496134944,0.232816652906709,0.128694497180165,0.0773407014051221,0.0490663279493629,0.0319802860869244,0.0208638052013612,0.0132078287674657,0.00773092033517031,0.00378909520226014,0.00116003005788355,6.00644122411891e-05,0.00144221285742056,0.00728393927809514,0.00937282950163611,0.082650319297296,0.0450660576329357,0.063033737249614,0.0213034160420347,0.0052606247567143,0.00056243298989998,0.00106152538178946,0.00689061606057526,0.0197067063710007,0.0433327166320287,0.0830257666736656,0.146613398447536,0.242774430635246,0.375356505381037,0.532969721310681,0.684293422672614,0.795235581063673,0.854596733194981,0.875537191978817,0.878003367409406,0.876415470684819,0.877097853981446,0.879024672443386,0.874127628810729,0.847817672179413,0.784122600485462,0.676998106725669,0.540858874743398,0.403120601989592,0.285696095232715,0.196312849482658,0.132539465583168,0.0887360781206154,0.059606467414316,0.0392833444493436,0.0255477635201577
0.0179243390412807,0.0251369657782151,0.0356486012970537,0.051678318417471,0.0776484804779615,0.123211249170377,0.211485532559922,0.398356048282715,0.737686059508127,0.80373489895389,0.445567103207686,0.220449577166929,0.118081316524861,0.0681094264311701,0.0410154288536629,0.0250064388261047,0.0149382639143494,0.00836527166480132,0.00405924374850595,0.00140717251465096,0.000151983541571093,0.00027888790336529,0.00195562983933724,0.00542485081732235,0.0105290796309692,0.0145725221751711,0.00685200300587197,0.118036790733458,0.591046780264515,0.620163485260164,0.41849580101052,0.220063496295715,0.108436324752405,0.0466318861519152,0.0136318530957166,0.00302930187098244,0.00317301695910517,0.0217562181418565,0.0636765261417434,0.135758064342365,0.248931928684501,0.404977379807501,0.579402164543209,0.731341354092262,0.827792325999233,0.866890223057068,0.868541580351819,0.85428186313404,0.838383926632155,0.828189626158856,0.826404880221613,0.834106902887066,0.848720229935496,0.865601951469635,0.876262836545634,0.86757508276186,0.823996181465069,0.737366270330459,0.614045112210952,0.47438802135323,0.343469488823966
0.0138559520550642,0.0196429145711439,0.0281876049766843,0.0413848270549554,0.0630317511968237,0.101490312672237,0.177188701877357,0.342685989975067,0.676966290723622,0.823353386174994,0.473732975639532,0.235445933657096,0.12748739968508,0.0748320009824345,0.0459693112930966,0.0285017496900141,0.0170938431432458,0.0092707180170159,0.00390954456763098,0.000732678639640819,0.000341096285434745,0.00491765242018713,0.0206400471424423,0.0658008681849731,0.190589046947124,0.397492822000514,0.089405490855575,0.0538865146063831,0.0206812690304752,0.00170183175128964,0.0395006333818814,0.17497110381721,0.416718651890789,0.657552818847059,0.793309709596046,0.843470994164527,0.857401709735735,0.854337653857308,0.82638262076706,0.753602112027987,0.628253977937995,0.474167763801656,0.330327497941602,0.219560828908478,0.143268208246348,0.0934016811966783,0.0613531769209639,0.040720320354713,0.0272929308581839,0.0184495760589572,0.012539815253382,0.00854300669583036,0.00581401992651282,0.00393977514163744,0.00262203745875836,0.00173779106103732,0.00111833454351879,0.000708715656931029,0.000440583938004616,0.000270867805536382,0.000171388258075964
0.0097590165553079,0.0134811687801743,0.0187439779436237,0.0264671609419567,0.0383879694552948,0.0580925730364973,0.0938593703334455,0.167538618471206,0.342720233186849,0.715516948726851,0.695019510227236,0.308199048564643,0.137197625474098,0.0687568976274529,0.0369498998966719,0.0201579098021012,0.010508026702066,0.00475652633901392,0.00147883327835765,0.000100614171812343,0.000551118293162476,0.00317561475755847,0.00880214046437871,0.0189588807810844,0.0362999853916199,0.0653423122767283,0.113564025686434,0.192116288320683,0.310500445793414,0.455439386218257,0.3967318956611,0.47706152061881,0.364015972917375,0.0700276237505272,0.12238853565932,0.509324346417564,0.76383556700701,0.847841630490631,0.869897010434174,0.876091023875213,0.877760985826337,0.86960791606852,0.836400679151553,0.761248713420476,0.64110843037677,0.496642840190601,0.358973022813534,0.248122475752899,0.167767143190909,0.112514665251638,0.0756433964116488,0.0510945949549204,0.0346544963069193,0.0235503729785441,0.0159521473922348,0.0110530718625804,0.00741962755144535,0.00492955286649362,0.00322611346413344,0.00207022091543908,0.00130297726971747
0.0284596960805803,0.040504544436337,0.0585020602396852,0.086753590160324,0.133995346922078,0.219147383190095,0.382627440047358,0.671966277668672,0.885376825259117,0.64912975476211,0.358503511841835,0.198951448502313,0.117283534070755,0.0725817670121776,0.0461411293350555,0.0294532974372189,0.0183969603512662,0.0108518456074809,0.00568882471664491,0.00231724894292173,0.000468576739707014,7.10607003405414e-05,0.00109608217299248,0.0031070541525156,0.00374129288541731,0.00277516285251153,0.305661715357315,0.642335774791034,0.69242634475873,0.449363197488716,0.19455227273687,0.0620524978154898,0.0107736478383624,0.00198318240755413,0.0232389818412872,0.076350035016734,0.164756539213063,0.295070158484096,0.456911844157821,0.623533805544015,0.759122396495945,0.842158588787048,0.876011700704581,0.878233296679573,0.866578132348044,0.853212884597101,0.844851974109796,0.844337893352266,0.851566560803491,0.863123379660112,0.871081927333313,0.8603632112723,0.811654676956456,0.709686118045727,0.563345028609367,0.40540619718801,0.268964169457396,0.168221865534518,0.100888097112363,0.058685075515218,0.0341559499812134
0.0139115966860563,0.01925658973293,0.0268756421363516,0.0381949382475669,0.0559803464095499,0.0861163904109885,0.142590615823454,0.262354155215699,0.532601618033055,0.839590904612814,0.540595027030099,0.243242363864546,0.117874794974488,0.0627581858253574,0.0352389575413151,0.0200209929343928,0.0110055991799637,0.00548520569358991,0.0021697755936907,0.000441592630252142,5.11397557975771e-05,0.000992146271271647,0.0034593669267321,0.00784617313684735,0.0147405199074871,0.0248029656153569,0.0380772514121373,0.0509333856211929,0.0449644906618765,0.0182655536988522,0.401080424607175,0.596009022988892,0.513447336911295,0.362350112358788,0.233172846769318,0.141948205792689,0.0806587197216949,0.0399679107978701,0.0145069341986913,0.00202276875202418,0.00409218790479298,0.0262715916768652,0.0780324459615891,0.157418209252377,0.30066808884679,0.488610082797612,0.669990630055666,0.795445521940667,0.848559943871592,0.849972311977448,0.827212255754431,0.799965887054224,0.778370027649363,0.763917578078674,0.758732019802662,0.762833070149672,0.775591205665922,0.795736463954062,0.820370263229064,0.846758395595273,0.868490818125945
0.00636727964683581,0.00858413484477549,0.0115872044079139,0.015776231205381,0.0218598783578439,0.0311943915511066,0.0466434669497828,0.0750905054708975,0.136164373913454,0.297094855975371,0.700225230109484,0.544713847427256,0.187931022544801,0.074324982154178,0.0336366318927617,0.0159097791463039,0.00718237790131994,0.00269255705892945,0.000566721001990545,3.10720755349171e-05,0.000818876879749651,0.00296072100860097,0.00672503158421781,0.0126377215856439,0.0215652465518403,0.0348701552169022,0.0546579290191143,0.0841045424407602,0.127649898074739,0.189865047453015,0.267338117179842,0.30469065339706,0.0988870558247837,0.489083710421769,0.499237709952563,0.360127600590563,0.205132660815558,0.0852011220240177,0.015445902541866,0.0218617198203493,0.159913292988713,0.424235404264922,0.676970443062699,0.808111260727231,0.844467191903899,0.843609024971824,0.837631773749547,0.838398695247041,0.847422672683575,0.8592792929881,0.858796289754689,0.835921598354061,0.764139363329096,0.642394176014417,0.495020538106373,0.354855092490833,0.241435649875699,0.16290106608887,0.106722128907769,0.0689022722863009,0.0454854897604892
0.00822462442839238,0.0110948904137568,0.0149933881301058,0.0204529325656611,0.0284262376752149,0.0407541099676028,0.0613624600274337,0.0997626110709058,0.182911122321056,0.395212805475193,0.782935323500114,0.505751103479259,0.19098076632653,0.0814629027427076,0.0390027613139272,0.0195601278866084,0.00960824605763877,0.00423334328295871,0.00139297638090886,0.000168284658475426,0.000147395903864915,0.00118291653324028,0.00329122049825402,0.00661290405289881,0.0114038429563268,0.0180448737182975,0.0270657816193945,0.0391826058809945,0.0553482245122944,0.0768145738848519,0.105198675800705,0.142529734964464,0.191225091881606,0.252653476170296,0.329917355700342,0.422718745590951,0.515355608896981,0.495543176981454,0.731325621568485,0.770057904598737,0.355065678205055,0.407264050176036,0.767904866739085,0.873272180230784,0.894360585086287,0.890378548793686,0.879696171663738,0.869815509714422,0.860998762942081,0.857121703778966,0.868694967163588,0.879716092709181,0.891497502427751,0.899841255963608,0.896762337888641,0.876986121439714,0.841637950945943,0.776195990714354,0.687971748347254,0.586313877692496,0.482458991053593
0.0036332010379129,0.0048068736577732,0.00634169947598614,0.008394024527666,0.0112253387856279,0.0153017875941448,0.0215242912630768,0.0318294523941143,0.051032795831477,0.0938646463594745,0.220200526041518,0.637742449481599,0.381239943763897,0.102758782828411,0.0362784941486432,0.0146868739960605,0.00593137866716466,0.00202641819568744,0.000384738465634394,2.45943908545696e-05,0.000555383870455102,0.00184884413323761,0.00391958960332788,0.00688175292705492,0.0109387029603578,0.0163909593907119,0.0236576782406302,0.0333114810798655,0.0461284939789167,0.0631558965586172,0.0857968350675204,0.115903360170942,0.155843379134185,0.208450663022513,0.276652102133557,0.362353688247576,0.462701100458529,0.563266399648969,0.626698888248107,0.6397390364722,0.841621035612462,0.80512424276175,0.523990268374003,0.342077353329061,0.802332384061116,0.858980933441213,0.854087965900189,0.843495953591557,0.838066273063098,0.838285281783857,0.849923915747312,0.865483481065819,0.880970371217028,0.889151149087663,0.879223094421031,0.842034691826937,0.773431563775446,0.674517960894996,0.559989926900041,0.446049056994645,0.344517352217066
0.00153307564462874,0.00199400888509757,0.0025768850855386,0.00332555595803523,0.00430925165937855,0.00564304279623862,0.00753072504240993,0.0103638697708866,0.0149814543998418,0.0234781428803709,0.042431055984943,0.101856670214654,0.420366031269109,0.250756016728881,0.0469050956977736,0.0138865784933453,0.00471297575024913,0.00144332308210441,0.000256300955587093,1.37055205140343e-05,0.000311611594266265,0.00100270426633091,0.00204961436914795,0.00347362638608151,0.00533661506181718,0.00773698202086531,0.0108132373205804,0.014753524774345,0.0198115813655782,0.02633116183257,0.0347825541228351,0.0458167917549146,0.0603455599204798,0.0796567856547208,0.105573929740034,0.140648697328561,0.188303169445109,0.252591837473223,0.336506034628278,0.435456529749595,0.511770413632894,0.324007539280278,0.522565452265816,0.636953705781693,0.522598171105762,0.349871115452929,0.173582034789039,0.0351914774392945,0.0600231414606675,0.372935638874066,0.697409336781596,0.811235042747921,0.81497220564249,0.792858728698373,0.773732331290404,0.764593887858377,0.766514466253501,0.778309899385265,0.799347654548796,0.825816536904841,0.853050322770201
0.00229597059529246,0.0030228970912695,0.00396340461873383,0.00520413452944721,0.00688648587330963,0.00925509674214302,0.0127653975786194,0.0183502848770924,0.0281861753190506,0.0483901541497123,0.101748783817203,0.31184768573476,0.583508049595253,0.131800741230524,0.0381001070105055,0.0139849174145243,0.00536037871531312,0.00178167379785718,0.00033679480310772,1.94349104672023e-05,0.000453964613946238,0.00152543324228556,0.00325659506327053,0.00576886598550138,0.00927981871606714,0.0141236521837982,0.0207939566265415,0.0300155991128433,0.0428594321779019,0.06092039860331,0.0865803837606647,0.123342114986816,0.176032408877692,0.249906807131408,0.344868757731361,0.429881778698693,0.314510498911923,0.327306100571507,0.524707685051421,0.421176799447415,0.275200478296098,0.142505993396116,0.0405084261216289,0.0109759512475249,0.142861615734216,0.449809946792426,0.712175370264297,0.812687944734083,0.826086072169809,0.818614742675803,0.815397896863346,0.822279886510299,0.838768469573596,0.857448911263508,0.866774468332326,0.850969850277539,0.795812623708234,0.699063393269095,0.575529936123165,0.448546576353866,0.336358401864493
0.0255528739085284,0.0371071778317578,0.0548924306124363,0.0837752860936263,0.134005833104115,0.22863705982961,0.417326947086281,0.737615778188517,0.867906312587497,0.572024946885687,0.315271291633555,0.180794062521365,0.110396791645046,0.0703593765975039,0.0456058800913226,0.0291890296746665,0.0177097147732354,0.00946996148427662,0.0037355175602309,0.000515629277674307,0.000708139302601264,0.0067171562875111,0.0241821194081776,0.0659789071246183,0.161367403817811,0.357651955734953,0.492571022393704,0.180555768562928,0.0146938072636252,0.155244625711658,0.503082354974064,0.744920445709511,0.842167726422048,0.872304703958957,0.879140201465903,0.871059945128097,0.837256476158891,0.761331775348791,0.639508433561463,0.492640984811531,0.353093603013434,0.241626004985468,0.161697812993414,0.107549111508614,0.071724517751897,0.0481383674909349,0.0325362571099127,0.0221242350062433,0.0150605228322751,0.0102867532889834,0.0070036230062614,0.00473440821655747,0.00316168912453848,0.00207166747915328,0.00134425091658602,0.000831618475181471,0.000489253115601772,0.000276129482536706,0.00014700685924178,7.54577835286688e-05,4.16627103988398e-05
0.00664869450097277,0.00912357759096195,0.012578882231517,0.0175693579058852,0.0251161090853696,0.0372618830544018,0.0585547293227719,0.100627334402939,0.198627236913829,0.463286482702015,0.802467498802037,0.41627676892345,0.167990444471204,0.0795318503181684,0.0423530291466718,0.0238898160922334,0.0135628469330427,0.00731891170513021,0.003413775331644,0.00107943097775885,6.91475310693709e-05,0.00055082240614431,0.00324758190198103,0.00998057808605666,0.0252446929617648,0.0605966132015313,0.140252208211069,0.195547344220616,0.0291833201128643,0.0574360079492195,0.0407550481482927,0.0242739362512031,0.0102214333216118,0.00257284538484208,0.0001857643278546,0.00399843026860839,0.0143569953043752,0.0387136348663636,0.0836166844323327,0.160791821437369,0.282125037866382,0.446650577741228,0.623189674212657,0.761246569622927,0.83567397373523,0.861026023761137,0.864220161058415,0.863725925733017,0.866487080409207,0.869902686755865,0.864147185967623,0.831906077306854,0.75838404664784,0.643630458391619,0.507815838846117,0.377818477039665,0.270588737222427,0.18980689355938,0.13140542870319,0.0940855954453571,0.0657545822369971
0.00719924271390329,0.00972640253960095,0.0131652241611233,0.0179890640808383,0.0250440535999627,0.0359652907047518,0.0542443654215992,0.0883762380773332,0.162765257823418,0.357969205030726,0.760246996353377,0.503471367619428,0.183153904664527,0.0763862775042773,0.0359958486899492,0.0177329792559168,0.00846489097107129,0.00351914903538802,0.000991163250365487,5.4257590486219e-05,0.000376694951778742,0.00190175132022529,0.00476798376934518,0.00929556473926939,0.0160143559287085,0.0257294171419958,0.0396293426921855,0.0594454112978716,0.0876536847123118,0.127625232390547,0.183251936658671,0.255841576431418,0.325427695960704,0.218290704045644,0.628464767679176,0.663737682394352,0.375329754118497,0.127669134772879,0.0259523556722246,0.247582593087103,0.559619973349693,0.728968361948349,0.8460707487102,0.873639049657155,0.871856642788762,0.864433409086463,0.860762408950396,0.863718497930145,0.872303279064892,0.882024557864079,0.883974764037026,0.862006162027721,0.818746531467661,0.73257944425604,0.615655107543266,0.487598655068931,0.368213499692899,0.268963105931967,0.192352872122512,0.135693878058878,0.0946843366528407
0.0234275505816321,0.0328741096624095,0.0466420376699063,0.0676225329814437,0.101526639057039,0.160564116818283,0.272459529032085,0.493630721460734,0.816421895008288,0.786434204713937,0.443740108102563,0.228618572688699,0.124600737705986,0.0716471935050568,0.0422391101810093,0.024682675095165,0.013685486066584,0.00669206696621071,0.00243685050811098,0.000340649048949886,0.000255025417346123,0.00236897234209655,0.00720633489590165,0.0156854606667158,0.0292171611465596,0.0497495316527059,0.0792692755200086,0.115625972562509,0.11604630527006,0.431551742259425,0.679379409331826,0.547426975520094,0.0445659898283906,0.156356646625766,0.435921208069307,0.657142730063122,0.794201910644623,0.865851022926213,0.892636866117847,0.896840919547179,0.892939498957694,0.889056589059379,0.888477564399254,0.890310353508229,0.888934163328215,0.872851193185504,0.825539751584108,0.733103429008844,0.598527327534326,0.446908325921014,0.308782290212876,0.202846958389109,0.128282503351431,0.0788337095462325,0.0490519762599056,0.0293327850189016,0.0173629165136527,0.0103674009761205,0.00649136709587444,0.00483439227081814,0.00562867252933664
0.0332246891731151,0.0483988306112967,0.0719125980565791,0.110388695913164,0.177675242280264,0.303469120252251,0.538906394818938,0.844366836611613,0.822978698688724,0.51746568858841,0.296626967814558,0.177753918293051,0.11264055105796,0.0743209121137594,0.0501051847719773,0.0338413509354676,0.0223693053843349,0.0139934263267746,0.00780956119165482,0.00341104122206129,0.000769847717958608,6.35957383193207e-05,0.000293389926004234,0.0611276009733818,0.453953007507434,0.253111853840425,0.0376394174335892,0.00134901854620803,0.012874127604525,0.0565654341089437,0.141133549222039,0.277339757899202,0.457851723626188,0.641379970431427,0.776666454779704,0.847551769507004,0.873248518038948,0.878681994477889,0.87820544337577,0.873276336383265,0.852787817295664,0.795349503180545,0.68286676998216,0.525431616690333,0.363353117007712,0.232458663485984,0.14226334250895,0.085253241507349,0.0505969695484066,0.0298887856253864,0.0175329949685529,0.0101995214950295,0.00588657308402377,0.00340068665044196,0.00202656808003531,0.0013413368603211,0.00114433868742084,0.00154866946406503,0.00313990723697817,0.00938228655051662,0.0392709148605827
0.00848828349946606,0.011557175595892,0.0157974727038333,0.021860410499972,0.0309452375956752,0.045455860959797,0.0707646503027542,0.120678537110857,0.236803410215305,0.538680231226634,0.791375170202328,0.366734984678903,0.145702051734427,0.067202064568784,0.0342234528777149,0.0181017741455589,0.00939563011662811,0.0044496011937176,0.00166940774405896,0.000313713262634083,4.58404763968547e-05,0.000751360489296887,0.00246177693806359,0.00532665509069996,0.00961203002211509,0.0157169414227924,0.024206644264845,0.0358664172339123,0.0517934195768945,0.0736319050724583,0.0988127264098567,0.136784638066546,0.187249411920177,0.253086245257813,0.335634469427975,0.4349360063007,0.546157429512253,0.657068669292588,0.742660268285742,0.670740401384946,0.758296663996451,0.544115497521144,0.40615084614674,0.818137026322294,0.880314633415739,0.886284162351923,0.883185443565932,0.881453837618893,0.881400501223298,0.889604580537791,0.897649723340905,0.901669867682098,0.894719825891135,0.870749653101913,0.823241011581854,0.749650889060464,0.655876998319696,0.552466851141595,0.450731970623656,0.358901670663477,0.280755726090943
0.0110123066083998,0.0150907420827208,0.0207951695537094,0.029072833280473,0.0416997700003981,0.0623071492034035,0.099167493551483,0.173700001009185,0.346501601375801,0.708581851497526,0.715066377878298,0.325743993905045,0.145269078382012,0.0729348437598687,0.0396228500401414,0.0222374417994253,0.0123349956414543,0.00640111068020084,0.00282268475726763,0.00082290826360754,4.45521303400016e-05,0.000376803533778795,0.00188634761870544,0.00479972984157844,0.00951179706786872,0.0165904248660166,0.0266835309932444,0.0399549516542937,0.0535105852702142,0.051252653244553,0.0149085087080126,0.378758877641623,0.60130192458438,0.515425254773085,0.351699520713843,0.215541769124693,0.124779011593242,0.0665171079762678,0.0300793322630641,0.00898618530306784,0.000969523151572296,0.00630366362792108,0.0295748305153335,0.0763220305738126,0.160002006641005,0.287904667816035,0.45410313992418,0.630726782853653,0.769090079316941,0.843130734511393,0.860960957664634,0.846477533643241,0.820078073771227,0.793743846650053,0.773072809712803,0.760068591994226,0.755270284215721,0.758466730772927,0.769092342275908,0.786267259855027,0.808622006632557
0.00869369921547717,0.0117818910184673,0.0160106634706693,0.0219836715946217,0.0307840668727233,0.0445145978009019,0.0676862098921785,0.111289096089598,0.206421621261157,0.44535016457528,0.805658746335602,0.477225412011734,0.184442731838017,0.0798311552786122,0.0380069061002795,0.018512355863229,0.00849565877929538,0.00320088584754122,0.00066076107725025,4.40452377491905e-05,0.00107450033334577,0.00382021136397763,0.00863851623930856,0.0162088766267941,0.0276396566965594,0.0446583279716735,0.0698973249669792,0.107232330986394,0.161850315314767,0.238604882823618,0.33290206453211,0.387242687706127,0.138488252641451,0.514056980566854,0.524605947725933,0.365188473217488,0.179048163468689,0.0397110791698212,0.0280697296436439,0.235688664725838,0.555307384789992,0.759321569758988,0.829314026718226,0.839979026239766,0.836903839327714,0.837165042534123,0.843758770883919,0.850717081420734,0.842561464045349,0.795140696805304,0.688448910592408,0.535307652619059,0.372881299415557,0.241567947800648,0.148223758769925,0.0884447013807689,0.0518648467307554,0.0300211866665308,0.0172363957291455,0.0100532837963958,0.00638890498163324
0.0323492465353485,0.0470453033347023,0.069782745795674,0.10695503077808,0.172007087155977,0.294198826210398,0.526343440030482,0.838598504073358,0.822617368282669,0.509525408772375,0.287095439702258,0.169522838427661,0.10592743652079,0.0688338941379398,0.0455594043741419,0.030033440331272,0.0191706837954486,0.0113377036175042,0.00569038384842347,0.00190359256685987,0.000124891079971876,0.00111832101799281,0.00639576415612311,0.0137505926703243,0.0937744115407152,0.337000007972943,0.0781056017236381,0.00870418305252314,0.00261748175676778,0.0261450890110967,0.0791363212114154,0.170664439520706,0.30735826273388,0.478854540734146,0.649628985476358,0.778862838724282,0.851909490528401,0.882029470859037,0.890046075685005,0.890733686951121,0.889945026525334,0.885064109011168,0.865237501823788,0.813461594284108,0.716079678686001,0.578509207321591,0.428431008074616,0.296017881598085,0.195408770034375,0.125822388733223,0.0799691262402454,0.0503027932979025,0.0312652413683782,0.0190416429949997,0.0116763545992263,0.00669874251364444,0.00363968026139303,0.00181775052966919,0.000798918720894171,0.000290176151730494,8.34787078273071e-05
0.0495074359081129,0.0721143781177533,0.107118239299098,0.16405516949991,0.261589673524843,0.432919763508563,0.700377123308513,0.905719776004352,0.762233717863456,0.48371436627799,0.291197786366933,0.180507740899123,0.116111965203165,0.0766069115865108,0.051012163809418,0.0336467978972146,0.0214572841363936,0.0127534808985328,0.00660573301542698,0.00254825013874955,0.000414453509096737,0.000156900399694718,0.00128226328813614,0.000996141337362912,0.0654141837192939,0.451447493383997,0.598407775698977,0.345083699495407,0.0319553076231846,0.0128298903335561,0.0849153165797003,0.211691583579655,0.379918331327929,0.563082445587643,0.720261908080599,0.822531311713734,0.870246279479015,0.882342250514503,0.878801018262998,0.872818718948513,0.870040724377753,0.868516807930768,0.856284758758227,0.808381409255182,0.695766580287047,0.519530650686634,0.336663900478804,0.19309886752661,0.102924941636976,0.0527790087600494,0.0266876854632895,0.0135963433095038,0.00748310439917648,0.00516773118205729,0.00560242250738871,0.010682895050233,0.0322279123589613,0.128800165277297,0.386008173544717,0.333222058686431,0.220564702503341
0.0349075575098162,0.0508393889654265,0.0755262564474668,0.115869610727819,0.186143617182057,0.316276921608028,0.554622837539808,0.850561334460733,0.821172136404382,0.521338600809927,0.301343277089988,0.180915669946973,0.114212106843082,0.0746710605990431,0.0495638691807688,0.032659402449788,0.020749108871352,0.0121292467373139,0.00593490106835712,0.00186504579952413,9.99604828435255e-05,0.00114212683988812,0.00365455311637884,0.0234734928727013,0.512708605978902,0.327409835049796,0.0483954903516984,0.00229804171423802,0.0388984708296191,0.143550804570326,0.323980305419267,0.547290690590565,0.730645889486548,0.826312622124146,0.857175475085606,0.861867009831682,0.859958749067819,0.848192012191362,0.80182997875806,0.688036739727609,0.509827368807448,0.325751112513644,0.187994107084166,0.103140633737145,0.0555109247984317,0.0297173491285775,0.015827072198794,0.00851419843165161,0.00465727052090875,0.0026835884365306,0.0017457243406519,0.00142324377105032,0.00168628808444427,0.00265122625294291,0.00536383408260873,0.0127751552083678,0.0347958087807884,0.108608156136274,0.330705058871146,0.441250671456927,0.287958837233799
0.0362001436118956,0.052564309534932,0.0778451950010325,0.119097820821087,0.191008861726348,0.3245622823707,0.569082199774903,0.860673020183197,0.799418309240627,0.492267051894802,0.280569938110846,0.16728852739407,0.105253272821528,0.0688229731441272,0.0459387656960937,0.0307383331496485,0.0202010937395622,0.0126945228102568,0.00731929224208736,0.0035963590655499,0.00129258222798276,0.000243420768642683,6.7584607260422e-05,0.00549583426739249,0.241863211179824,0.543064807036462,0.628750817047844,0.305364124927659,0.0817230003450494,0.0130393718644231,0.00170408922701493,0.0192610705106165,0.0639554263656075,0.141347059344517,0.25831925422094,0.411500096118543,0.579570761971384,0.726232701846112,0.823518860536521,0.869398796404227,0.880465734495571,0.875794801990583,0.868730852617642,0.865983502584063,0.868469285027553,0.870879138260329,0.859637521200376,0.812660081098133,0.709856592059783,0.556320863171919,0.389846278883827,0.251412246385736,0.152291682637455,0.0890553379229843,0.0509087503196097,0.0286939775615775,0.0164103779368535,0.00978258743330048,0.00698574941415976,0.00800998228398086,0.0223708519554789
0.00202590338166805,0.00264953139589621,0.00344716316482988,0.004485952298771,0.00587423615893711,0.00779685442658509,0.0105919815586428,0.0149370634319672,0.0223666115663556,0.0370222214602382,0.0734991196142486,0.209664214607525,0.633562788224686,0.150513903779783,0.0383305515876928,0.0132290169320319,0.00492021226232921,0.00163308583657756,0.000333546696230134,1.04522714366033e-05,0.000278242671146455,0.000989599325989144,0.00210619672323337,0.00365068413152381,0.00568887263023696,0.00832523041336553,0.0117057391194789,0.0160262930649696,0.0215467493420463,0.0286119587471496,0.0376821672004977,0.0493762367781119,0.0645320362335413,0.0842883061311945,0.110188967451537,0.144298022255592,0.189275744562772,0.248270412998417,0.324229733682902,0.414996634519773,0.519067680437494,0.586000956443948,0.463309748264418,0.792193541141941,0.749296240272291,0.530242801189575,0.135999166575006,0.307460073756558,0.73721573572102,0.837158014340051,0.83636680977204,0.817439176845628,0.80099559917801,0.792382553308116,0.792626167846705,0.801032250413915,0.817812720243454,0.838920097892816,0.859106338900684,0.879633177377047,0.889175491676296
0.00927846603750345,0.0125765237067841,0.0170987905848309,0.0235071040587214,0.0330062591575109,0.047975524445187,0.0736263667280248,0.122978764933873,0.233735922852462,0.511528486990192,0.804656989230661,0.415794917215746,0.16535170725465,0.0749151807269719,0.0374463937767854,0.0194329343738983,0.00986992278353162,0.00453962763819738,0.00161837233178733,0.000260672141473668,7.7433803107951e-05,0.000923736897416462,0.0028082765736517,0.00585681016502339,0.0103032236168222,0.0164976753507192,0.0249280610871515,0.0362542549779817,0.0513560555387841,0.0713958983845186,0.097896466965897,0.132835578020237,0.178122960357137,0.23541341908374,0.305349973041774,0.39788062423839,0.499745635917337,0.587814049859927,0.45817032653645,0.75545512660204,0.561252641541619,0.103712087629151,0.560552029850747,0.804322991176801,0.877441378780761,0.892173067359262,0.886842569819547,0.876437343346738,0.867232403182592,0.86133272523007,0.864743075971288,0.871550543102133,0.882041865303754,0.893619362947486,0.901597779877431,0.902495409049483,0.887623825835865,0.851577720659385,0.79146786240804,0.709404087824635,0.612407170236055
0.0211079433206519,0.0303473942038892,0.0443498768010967,0.066664859140497,0.104631189450805,0.174715979622689,0.315358096521902,0.59283318800799,0.874813629750273,0.675046511928283,0.369017963742776,0.203421598539721,0.120450577887896,0.0753433053994866,0.0484634393543569,0.0311334489820815,0.0192390783991109,0.0107352350448188,0.0046745459754393,0.000921891304889307,0.000413239059995788,0.006451898654914,0.0285585923540272,0.0714461821023653,0.106014912242033,0.143039338625506,0.0468213908871821,0.00724389867720229,0.00399569502737786,0.0453856111662403,0.164242335386871,0.382921315618597,0.627377386202163,0.777767379179103,0.831044883636584,0.842929225254322,0.839172482059942,0.806996172402253,0.712388939069234,0.546665100650278,0.361902001730342,0.216515450576331,0.123721574070185,0.0699111411825231,0.0396522071094753,0.0226624981538072,0.0130444806943846,0.00755302281185523,0.00440532092617707,0.00260972802958826,0.00160214136899278,0.00106202322319414,0.000812650164842488,0.000776313400267017,0.000972627064757266,0.00155929054703541,0.00303408388621159,0.00681334376915011,0.0174965321893861,0.0531829047362517,0.190433675493591
0.00331484932390813,0.0043960920306933,0.0058150502233232,0.00771932447817166,0.0103557433867869,0.0141638981469973,0.019991587213273,0.0296540862115686,0.0476346625193185,0.0874937338226832,0.203589899121418,0.605998317127829,0.428415261093984,0.117376610509109,0.042392081271865,0.0180381251201434,0.00797795297240341,0.00326311191146659,0.00100697979407534,0.00010859644546297,0.000121079042344969,0.000888438398759112,0.00241681364978678,0.00483309103415334,0.00838580592728916,0.0134765848352371,0.020725426266293,0.0310840113149742,0.0460210845435538,0.0678020239037732,0.099803237066359,0.146300801230299,0.208584502228128,0.261236507497992,0.152344981610264,0.225107218899482,0.407037064803868,0.320123456936653,0.213643662160204,0.128337435417202,0.0680070258813231,0.0281918691849388,0.00562345492618242,0.00310778786524242,0.0303913532162272,0.107162888413696,0.255155815334809,0.467617771559496,0.675880429669334,0.80294069498494,0.84377303136518,0.838365940550935,0.819677423989829,0.805575759575025,0.801608102051396,0.807652907793624,0.822948200122345,0.844001416450381,0.864535606445985,0.87476808436201,0.861994376853335
0.0114486629422877,0.0158014767416732,0.021957429119471,0.0310019331843467,0.0449945194106661,0.0682044874627794,0.110504505637403,0.19772351984577,0.400664666596438,0.77442820795329,0.672293274854243,0.305490602504158,0.141706310097266,0.0733601367611267,0.0406984842118136,0.0231260366000736,0.0128503927094557,0.00655393808452906,0.00270979954329557,0.000619138900770083,4.27043553835579e-05,0.0010747336416425,0.00414458381929337,0.0101080944793436,0.020354985619801,0.0363531706696295,0.0542825602060775,0.031856396669687,0.272923016195313,0.518409693123934,0.334630249849004,0.174939089042192,0.0757904239754051,0.0254393636952935,0.00421464051466933,0.00290021998218461,0.0229400411183463,0.065088723833323,0.154083617039668,0.290876716360912,0.468103331952929,0.647958072150124,0.781852446238348,0.850553487836694,0.869887697847677,0.865551564300769,0.856250366167747,0.85161325409536,0.854788004930174,0.864081234107342,0.873453574089611,0.870592210751013,0.838109417960656,0.761339045077006,0.641003117284332,0.498259105138966,0.362932329871795,0.252261045796522,0.169767880712178,0.111945947465965,0.0726304405129292
0.0136580761810937,0.0190767692215076,0.0268911833488282,0.0386228430385711,0.0572079296716893,0.0888363490415728,0.14796796957808,0.271475250200728,0.539798825228854,0.842398175649687,0.583959354165546,0.278978310649684,0.139595064355715,0.0758120788685246,0.0430574364576243,0.0244665763349634,0.0131674564853476,0.00611499626503383,0.00193568743681214,0.000129221211454619,0.000793458298299684,0.00460684745076191,0.0130005136961187,0.0285381332659874,0.0554502692169583,0.100665005050346,0.173655807968508,0.284283223124338,0.43367926872254,0.5997570919604,0.721435893327993,0.829804462700773,0.726494811710278,0.872699940186092,0.883271807165538,0.878985532666972,0.876588002445317,0.852891142356732,0.789476218178278,0.673583463939483,0.519702820950995,0.365470667071027,0.240908663179286,0.153361923562567,0.0962730842043912,0.0602570090107647,0.0377607769826266,0.0236971185442692,0.0148655931859769,0.00924541524832138,0.00573510727474755,0.00351839682185134,0.00213645671244039,0.00129927773129518,0.000767192917703532,0.000496487398015419,0.000372141600007052,0.000365616263477387,0.000515962667921306,0.00101918959027344,0.00258115624406124
0.00185198231607895,0.00241563215633112,0.00313347113050822,0.00406414635635061,0.00530220417620811,0.00700888165915409,0.00947916373243919,0.0133044462089304,0.01982757871575,0.0326945364988679,0.0649497365923246,0.189633645188506,0.60586653818555,0.12570685201191,0.0306254681218627,0.0101441180648166,0.00354148378890504,0.00103614817328879,0.000141722818680242,3.76537531559629e-05,0.000414147113204623,0.00115428690462775,0.00222831475879493,0.00365419569232819,0.0054825602276638,0.00779213484636555,0.0106906937227766,0.014319871334344,0.0188636537903174,0.0245612388844326,0.0317256719426461,0.0407704119282913,0.0522468117304912,0.0668962880588205,0.0857211857070447,0.11007645306557,0.141776158222899,0.183184731685007,0.23720097849978,0.306891292459869,0.391865997094368,0.492366873244234,0.591185014882657,0.587404344168648,0.62419119497402,0.775519053530938,0.668811443854135,0.385861532732871,0.0678912404825178,0.464350397942968,0.782783858420455,0.832993285186197,0.816862150788231,0.791725434310632,0.771456369568254,0.75935915583693,0.755855244141652,0.759852490057932,0.767042661525359,0.78930158749951,0.812524937168702
0.0259705606946196,0.0368775842646916,0.0531217106026348,0.0785394039456697,0.120947087679468,0.197494628005427,0.346533298868609,0.62564567274043,0.878101289479442,0.662809183259507,0.35906548555838,0.194587445426326,0.112563549917663,0.068578773197932,0.042957644139742,0.0269818256466173,0.016510982763672,0.00944883915284383,0.00469711633800391,0.00169688966606056,0.00021635352369868,0.000237457004208775,0.00182937049915408,0.00475977141851806,0.00698817524827791,0.0023103450772264,0.134874937250525,0.624870678504471,0.687727111302497,0.490618904676899,0.248512787676182,0.107131144860149,0.0373202393771677,0.00717784507452304,0.00169191191141379,0.0187599221656908,0.0620508569395775,0.136682407408161,0.253753922798335,0.408413161846535,0.579292001758263,0.728606707595518,0.826240180827562,0.869121338154161,0.874268358769593,0.861713298039048,0.845753373707553,0.834383805706028,0.831218800957848,0.836889290388261,0.848757157840515,0.864118503718659,0.869066825519062,0.846159835863812,0.776051115243982,0.652570056683453,0.498105699580062,0.346625582871208,0.224477022987404,0.137900489285491,0.0813512549273911
0.00119358943739632,0.00154832220745516,0.00199444808598537,0.00256370442082599,0.00330575603283222,0.00430234430207733,0.00569661439690726,0.00775999138879714,0.0110648450217073,0.0170122971626247,0.0298937412102676,0.0687869620886787,0.291652797931783,0.248105404417918,0.0373973866291696,0.00972835178619513,0.00283469496527991,0.00063893317974465,3.22885601530187e-05,0.000145822547106763,0.000693520575697895,0.00158899177982769,0.00283359242231804,0.00448051467590329,0.00662557412368368,0.00941042906266748,0.0130344970583285,0.0177760807662142,0.0240259697140911,0.0323397032791583,0.0435185367299432,0.058734006482561,0.0797144827101957,0.109002522200747,0.15022412779784,0.208031149565169,0.286425748969484,0.381453610520989,0.457090102369522,0.360706847414371,0.11257472289991,0.383154559084742,0.390358489856473,0.319323046122176,0.253509089562908,0.191126605156907,0.132607190235392,0.0810058041398971,0.0358285701418273,0.00591184052354721,0.027971571414843,0.191400788995815,0.511767064905712,0.72966731241927,0.765530454700471,0.750989245994014,0.731753351158918,0.726436010677965,0.736643058425023,0.760176116679634,0.792770696703216
0.0321527035898308,0.0453998419573077,0.0649330097330499,0.0951029414725055,0.144532959714383,0.231281253685897,0.392157649979994,0.668116146452946,0.887933180080981,0.684725741380698,0.385456298214126,0.211790509702007,0.121984437930444,0.0731059186998804,0.0445611510723293,0.0268806484625624,0.015485918499723,0.00804338349523934,0.00333400599618496,0.000748267416984704,5.4234480600111e-05,0.00129535056416538,0.00475656771235387,0.0109692215347321,0.0207296574526306,0.0350705909982058,0.054934756659876,0.0792499258823993,0.0922541743129709,0.114528404445113,0.550674011953379,0.661518660954461,0.280686698084383,0.0259717906706167,0.190605485062422,0.392731265134957,0.576431796203736,0.720854139356918,0.820532930640216,0.878061443466868,0.903331226160083,0.909493723124175,0.904057736750903,0.895221658791419,0.887757354588053,0.884276424717856,0.88565899472141,0.891096899672734,0.897693521714102,0.899687278509648,0.887742165469623,0.849067467773421,0.770340870833568,0.666684034908664,0.533948344678361,0.399120520233357,0.28125714201391,0.188941687153329,0.121905420223633,0.0756979857315426,0.0455968142864502
0.0208845915507487,0.0296775714357966,0.0427882611406548,0.0633426807408918,0.0977815494967784,0.160624552484597,0.286851224805226,0.547020250566638,0.861633342234299,0.682208674023265,0.35561848496637,0.186114165954322,0.105527826642696,0.0636074755491594,0.0396143210552845,0.0247832951536393,0.0150812463076723,0.00851498717091076,0.00407230917607394,0.00128619806737306,7.50577870523019e-05,0.00075486026951064,0.00425572533687605,0.0127742936749763,0.0316382277212282,0.0744259462448553,0.160081357771306,0.0573346732454359,0.0828263670105645,0.0233486084993198,0.00984436030127596,0.000769392437894661,0.0109348747379631,0.0371474480868238,0.0822945577760125,0.15230158756395,0.252641593534662,0.383307297346821,0.53233905097953,0.675013801826854,0.78555536511688,0.852767207990216,0.882929857465034,0.890395507142822,0.88839146005417,0.885475109605345,0.885506631186926,0.888298503704125,0.889677432465806,0.879778622166594,0.853298490017555,0.793620746707625,0.698799002540863,0.578886256909272,0.45288158252756,0.338454641944925,0.244897189577405,0.173444840508031,0.120981426795544,0.0830980127389464,0.0563347338641714
0.0226194087244205,0.0319796722347437,0.0457979194320282,0.0671824061155125,0.102395141175993,0.165129847847346,0.287070240858674,0.530207628317005,0.844894167695134,0.73216566499177,0.398962074504718,0.208759173354804,0.116712319218989,0.0689603432779505,0.041861386105324,0.0253067555137,0.0146578946197314,0.00764670600103857,0.00314516947670546,0.000653682126271442,9.54241374484129e-05,0.00176400389986811,0.00636143283946844,0.0150434807691352,0.0290027237240724,0.0451475618454086,0.0273271321676105,0.491456748645758,0.658185552766349,0.33695464193591,0.0618546483062322,0.00584527531669991,0.0734158564598455,0.219975604593105,0.417012051952135,0.6143928279442,0.762716389993209,0.845440070395953,0.877974361755445,0.884199510087485,0.881874876689811,0.880172427650578,0.880956005832869,0.879130334216534,0.861686522973704,0.809011448948407,0.70560169140489,0.558893923745425,0.401914122423381,0.267887841789803,0.170094914684622,0.10487122826106,0.0639056541656259,0.0384359016907454,0.022830477044413,0.0134286084773177,0.00788438089496948,0.00486470055452161,0.00341833816869386,0.0033937050012775,0.00589800959664903
0.00208628737804732,0.00277487633982808,0.00368381936716283,0.0049122575383045,0.00662783822907881,0.0091335495867765,0.0130256376628556,0.0196185222409543,0.0323090969337482,0.0622173066786038,0.161879662313672,0.596722497726158,0.26149955148982,0.0643721086004357,0.0230650860346209,0.00966675669114917,0.00410702377632513,0.0015263733604492,0.000357022930218256,1.14186325749597e-05,0.000273683083926418,0.00110944510676809,0.00260925943504718,0.00499162425221692,0.00865240646729349,0.0142783656587422,0.0230794744761439,0.0372652461757945,0.0610238076360443,0.102345977547085,0.174358316488328,0.278264015923287,0.280859654822686,0.0263352759936403,0.0921286098891532,0.0868786116926113,0.0626059596691881,0.0393783528346559,0.0228458229597953,0.0112947670422605,0.00374718276846392,0.00129193046903578,0.000979525938326413,0.00772748518643465,0.025390332733362,0.0628525330440304,0.113523277306731,0.230894733295954,0.402295567138512,0.599240115783328,0.752169706391026,0.822193721398543,0.829075197106346,0.811971449167662,0.795178381898889,0.788633177821907,0.794654808552988,0.811631578733119,0.834746269118452,0.855189745376569,0.85966721536684
0.0147878123488587,0.0203947742756355,0.0283218069214369,0.0399700438322193,0.0580013276697025,0.087926812061287,0.142377655490159,0.25325181841392,0.495581826360049,0.832989009847664,0.635910442249184,0.298505028084598,0.143412972955514,0.0752167515719407,0.0416026035881029,0.0232600188575146,0.0125298170509742,0.00605097849106248,0.00224376510520074,0.000365935928792983,0.000132187681027126,0.00156203845334971,0.00493701739968135,0.0108247900930928,0.0201569240670079,0.0343467854583239,0.0553603198762278,0.0852226730154732,0.121874452942276,0.12981524951192,0.170624161961324,0.684796746905644,0.604037877316421,0.281807681293567,0.0823589812258712,0.0055046310273716,0.0637168047834937,0.21780918989318,0.427007595502919,0.629562233421719,0.776349498046306,0.855298600260795,0.883745880258633,0.88520926301011,0.877139472475127,0.869563954665361,0.867165801599135,0.871060480399753,0.879437921719869,0.88719589134433,0.885110767980272,0.860320384165671,0.800461997386323,0.700952152913991,0.573070195510463,0.438861609818258,0.318418638282934,0.221246749339844,0.15271969934938,0.101717068258929,0.066394211277063
0.00773060468598872,0.0105640438553907,0.0144973028011068,0.0201450954505907,0.028636374195268,0.0422238270043041,0.0659053311770077,0.112384842444285,0.219450704428395,0.498845802443909,0.805830543398951,0.411059109737899,0.167004025667539,0.0786631528744029,0.0413467429806798,0.0228930081998579,0.0126976182489377,0.0066638239872345,0.00301078300773842,0.000922937452195251,6.02193850872292e-05,0.000377097970277886,0.00208020480343912,0.0056762603794148,0.0121076214636046,0.02295156231494,0.0402864914016261,0.0630032435223931,0.0600619379754584,0.0645924605025319,0.356388977271072,0.288330514793658,0.166769924685162,0.0957898104703176,0.050092405422513,0.0226858644187924,0.00750432585636032,0.000823500294430543,0.0026100485990169,0.0152518510464726,0.0439552204005708,0.0974050553927636,0.187212254869804,0.322339104151075,0.494571896725638,0.666248899574879,0.790049523773861,0.849149376876096,0.861261543513493,0.852231829815984,0.839149584635163,0.830890721111696,0.83851198667325,0.849756954960422,0.864436173051553,0.874501488590354,0.867426325387419,0.82887742511868,0.75005135925809,0.636039256295364,0.506158333162785
0.00819413502309831,0.0112391521519048,0.0154886068522681,0.0216258556635714,0.0309132172434404,0.0458882121254408,0.0722330156443851,0.124539313143799,0.246309630962258,0.555219823707793,0.786121218463413,0.372876050905924,0.152805526295085,0.0717450894974852,0.0367868490437468,0.0193109237977336,0.0096848522651468,0.00416252010246766,0.00116010214059327,4.8434339521774e-05,0.000735909004953067,0.00356010326053691,0.00935479342190908,0.0196890157395788,0.0373576284827993,0.0672772171413092,0.117889879760652,0.202135772924332,0.330613728609446,0.458418283187799,0.239746887666989,0.354714591756733,0.293167238267427,0.111329470822919,0.00999355055768828,0.112559901608373,0.426899679761694,0.702504540714089,0.822541594938064,0.856789705704198,0.865252144452022,0.869306998956336,0.868426434547014,0.848775375543899,0.790035963596486,0.680916399432718,0.536195429207314,0.389824879219255,0.268537371765963,0.179932583479798,0.119440015686791,0.079307380395712,0.0528785202838962,0.0354082274290977,0.023767447587047,0.01595316949438,0.0106451927410457,0.00705452473071709,0.00460159996095693,0.00294665833498808,0.00185088573467892
0.00307448140018545,0.00404536290785095,0.00530335862171784,0.00696849356909117,0.00923991437383961,0.0124692455387897,0.0173281546990778,0.0252396855982467,0.0396800366830347,0.0710761493371733,0.161798939366148,0.51932256308631,0.417631622837613,0.0993638888721482,0.0326652094884873,0.0127371758550618,0.00504211314614333,0.00171938763788045,0.000343825362679992,1.37756799822418e-05,0.000362271437233623,0.00124620852090751,0.00263340147525332,0.00455827012730246,0.0071051555323071,0.0104047658544563,0.0146384942899737,0.0200491313729788,0.0269584319192543,0.035793346594309,0.0471239432473063,0.0617171614903228,0.0806110399021248,0.105212018061992,0.137407643544709,0.179652403881037,0.234880895856823,0.305805185928226,0.392263380896313,0.481778001612242,0.500553084450047,0.300645879377679,0.685838652494076,0.600480611906493,0.387196126001131,0.142647339286883,0.0211311683184104,0.21801333707888,0.571313636327867,0.783469273619003,0.84640705629372,0.842430497096542,0.818789243282724,0.79432633090404,0.774493885460665,0.76468346827963,0.762247550743587,0.767380682660631,0.779507193399996,0.797646272634589,0.820303615809168
0.0379634317563332,0.054766314235423,0.0804368921841724,0.121748870476175,0.192527802891225,0.321338449589588,0.553978735495959,0.845949289615357,0.82810849701655,0.526550736404519,0.300000470660216,0.176545650096784,0.109064994903355,0.0697296184806222,0.0452503087225729,0.0291692408739128,0.0181795747215842,0.0105140799170021,0.00522168087576052,0.00183147580952755,0.000193377000491997,0.000385828363245941,0.00254548919460816,0.00604245919415743,0.00541105132004271,0.105355578898597,0.50369446732891,0.569385276470584,0.149854244188842,0.00775298847069659,0.0159789324557922,0.0721663125286403,0.164896669031467,0.289748102049094,0.440489571345897,0.596468354707991,0.731388370028803,0.826118361176603,0.878156208783397,0.897928633159017,0.899458450433378,0.894225826340158,0.889462600066862,0.888445734016371,0.890808572121265,0.892040030118899,0.882317966812719,0.84642970745142,0.768854115183459,0.645972201716023,0.494671537789254,0.351580226614771,0.233638000586561,0.148073992573102,0.0904864306455693,0.0534779456870394,0.0304956939062406,0.016511492718961,0.00838976189956889,0.00397256096339361,0.00189523252382959
0.0119836625239427,0.0164060055647579,0.0225701282870302,0.0314690352774994,0.0449408061386568,0.0666779617563109,0.104884223819627,0.180025697295213,0.347084296797087,0.691967779354938,0.77862395173292,0.389768028351748,0.1769713429034,0.0890405679866505,0.0484421120873619,0.027289997142545,0.0152517358804084,0.00802383015734249,0.00363454738131457,0.00113488846749103,8.60871870392951e-05,0.000346754414263431,0.00198881482756918,0.00527994553779005,0.0107116986476911,0.0190715421249965,0.0315661789063161,0.0499939471738713,0.0768605061713513,0.114682822203251,0.159348896046597,0.149087666992081,0.27621327824232,0.608675519724831,0.384567313070675,0.114845048914799,0.017004308437792,0.026574134005318,0.134557721210188,0.30532357352966,0.501366495566551,0.675847302002937,0.800520740857033,0.866179709869483,0.889281262421129,0.889390858079829,0.881167681433937,0.873306372652539,0.87006881382276,0.872748734382244,0.880357389070133,0.889358947632403,0.892117860126028,0.888043649607363,0.858215541070656,0.797123121549754,0.70446289913251,0.590024496899442,0.469935225569447,0.358994580994551,0.265665700618253
0.00371062187745162,0.00495941886702377,0.00662494442490939,0.00890572602611769,0.0121454395908673,0.0169832895600707,0.0247232233518542,0.0383754784140112,0.0661973127192991,0.137151868165248,0.382514795742316,0.690093315334636,0.210480867629252,0.068580868705234,0.0282682436115964,0.0128810574061228,0.00586357506186057,0.00237900122865099,0.000677900937490558,4.54780209375283e-05,0.000186594480475624,0.00101172233287791,0.00255896361232327,0.0049727273869367,0.00851445433666541,0.0136015741494673,0.0208832932210241,0.0313750911728317,0.0466927491355377,0.0694483950855739,0.103842367711834,0.156046718485336,0.230985051148773,0.304342588714831,0.182043548803978,0.200072951253924,0.286278581786857,0.182411912791606,0.0907848837893332,0.0357836375162579,0.00669750424342606,0.00296281029046316,0.026117818185094,0.0897657583206282,0.209124783166624,0.386161069905784,0.587359140614508,0.749242436401637,0.834605902940932,0.856800181918131,0.847550868174411,0.830405356861015,0.817360108474809,0.813051346152638,0.818402115494942,0.832131533131571,0.850985428646137,0.869238994720376,0.878192506315412,0.866843108855672,0.825119913149401
0.0145216591973207,0.0199733764890844,0.0276579360067443,0.0389223319728185,0.0563338391939819,0.0852372256922424,0.137999166650462,0.2463568749893,0.486431876657348,0.815119645993098,0.609461851804189,0.279716221881036,0.132040667180392,0.0683353842050913,0.0373727113971701,0.0206902114754821,0.0110607985388327,0.005330285060251,0.00200730645989321,0.000364455733653465,7.03487269230149e-05,0.00103015929091213,0.00331781496235744,0.0071542961131945,0.0129139390183472,0.0211525699319677,0.0326572619891578,0.0485205760647119,0.0702416854919975,0.0998457765351239,0.139962403960029,0.193581390572774,0.261893859468447,0.330537523584531,0.300971256500517,0.574476253473038,0.586271872225225,0.154953774830006,0.0474110639500238,0.283433687698053,0.534518590112693,0.719128429687343,0.828446558254303,0.88127775059081,0.898290786423521,0.896187724376166,0.886817856883988,0.876607795244177,0.869591379138701,0.8675694087097,0.870932156452042,0.878900142627797,0.889296539014908,0.899294647894337,0.903352956354776,0.894462332304061,0.865514795476392,0.811234342065429,0.731320349492671,0.631933182367613,0.523863655708069
0.00301497382837217,0.00397461594385544,0.00522034981269138,0.00687128535893024,0.00912413511436059,0.0123243644886609,0.0171276249921126,0.0249117280662799,0.0390057782669745,0.0692407554054402,0.154667415261266,0.488118541985648,0.446636180343922,0.10521915900368,0.0333691865100772,0.0124296124167997,0.0045465616359086,0.00129363287515354,0.000128611266742081,0.000140073909418459,0.000991980351054941,0.00260006255138448,0.00502123212763603,0.0084189067261371,0.0130624732752605,0.0193480993260931,0.0278389613931788,0.0393282584008349,0.0549314193474593,0.0762139732482982,0.105352736898746,0.145292382555945,0.199750313887398,0.272634333783326,0.365782452900511,0.472619020212966,0.560488988391975,0.47318542629459,0.372868363132206,0.658205651613651,0.598353312068666,0.451372149500673,0.254115416285117,0.0553281342091596,0.148838541463095,0.594120761350282,0.791178988833493,0.820424584528145,0.815218605630699,0.812615211361484,0.819964124613813,0.836135703014409,0.855265936971799,0.866220317225576,0.855157352249242,0.803910508689519,0.707904434118895,0.580636834410571,0.447302648141975,0.329068078983335,0.235061063118382
0.00252610172316494,0.00332666239949772,0.00436515184860893,0.00574117907825246,0.00761989069704062,0.0102926504513151,0.0143155996153329,0.0208663697503808,0.0328223055213864,0.0588420046197033,0.134743620858829,0.461767749543672,0.409429823649585,0.0906703245049195,0.0291721052186616,0.0113333326446435,0.00451211905969425,0.00156603044842999,0.000330981430615665,1.05560265580851e-05,0.00028318455985233,0.00102516322535872,0.00221103358789477,0.00387502999372022,0.00609709020731637,0.00900065931158281,0.0127577581220358,0.0176001772800707,0.0238374416853347,0.0318834951113057,0.0422953021637271,0.0558278140024191,0.0735105735442818,0.0967500570029627,0.12745397940565,0.168146521770743,0.221964108020338,0.292205272016445,0.379194983213692,0.47947873435799,0.552727499990053,0.35878029676115,0.713149296493548,0.635733808983429,0.378421766093779,0.053790421586417,0.290979339949892,0.687710520137331,0.829466480991799,0.849626172281756,0.835134368874672,0.816045123630692,0.801714511554548,0.79650424242626,0.8000803774837,0.811287426423409,0.828650767422788,0.850751363862825,0.871826360466943,0.886081888059522,0.885591210861058
0.00114317375005272,0.0014862053215604,0.00191942650604486,0.00247480303200539,0.00320248457268973,0.00418521263920604,0.00556822227660165,0.00762748152246385,0.0109458890583084,0.0169513074174947,0.0300112043811776,0.0693982415283532,0.280582984143905,0.275409057224251,0.0435179384262139,0.011985020373251,0.00389851435017007,0.00113821087897651,0.000178241559794665,2.03768254429521e-05,0.000325587946295401,0.000980304054684382,0.00196892410440272,0.00333226304360227,0.0051563303986846,0.00757539957354353,0.0107853925364032,0.0150687467865848,0.0208357361918351,0.0286918987027315,0.0395482304461159,0.0548007275092337,0.0766139937728755,0.108318078138159,0.154712980529702,0.220998209461357,0.30449848354711,0.356226344235383,0.168032451906887,0.212107186661701,0.337969986560051,0.283039302687531,0.20763583528878,0.145295090673038,0.0966003910330322,0.0587928370539266,0.0294430593936115,0.00900267458194233,0.00160156830008325,0.0222208089849075,0.103860066281155,0.289829931830683,0.551517061523868,0.741198608145269,0.797616062374699,0.786064775693347,0.762519404378503,0.748305860938539,0.748470225931803,0.762559117891912,0.787729484572791
0.00693422702295084,0.00937207978722602,0.0126899392107172,0.0173384836755652,0.0241142283861949,0.034535761532786,0.0517921570653778,0.0834766460129073,0.1508160286205,0.322771927947539,0.714650468925946,0.563000731918596,0.206133117702872,0.0833109345841645,0.0379684702496174,0.0179405920404025,0.0080151169717829,0.00291279120902205,0.000546176267384698,6.31703036219582e-05,0.00119199463551876,0.00400989109309017,0.00887939067694978,0.016471114772425,0.02784985571504,0.044620999550723,0.0691338724575174,0.104707247952004,0.155746689710642,0.226736561407102,0.322847655198732,0.443019937405029,0.577075020004332,0.703757229309075,0.790330154020216,0.848683039334416,0.885863828462394,0.825440756968097,0.874299958845092,0.87720972921119,0.876334948541238,0.877903316951075,0.875763892603093,0.864748118414735,0.818569605609064,0.724839711208695,0.588500929347437,0.437785596289426,0.303958575920247,0.202003882655139,0.131136106151596,0.0845979968318701,0.0542019147913899,0.0346297628585764,0.0220455245030628,0.0139205152227549,0.00873607770954058,0.00544703316404013,0.00341035123343283,0.00221682680477295,0.00162946676098931
0.027267156132221,0.0386937512298558,0.0556554139222261,0.0820526104117633,0.125717368804406,0.203475400407425,0.351825909217707,0.623942455611628,0.88357612673371,0.700107818470645,0.390539475310451,0.213253382502592,0.123128510015489,0.074455480098349,0.0460127514738276,0.02825309612586,0.0166291154959421,0.00885729703320551,0.0037804348308974,0.000878513106715421,6.68682085788797e-05,0.00164279154812272,0.0063266483153582,0.0153568455989563,0.0304529322775064,0.0523175705765645,0.0658439612957813,0.205120544771027,0.608269554073462,0.464945886676276,0.0389059051165435,0.0730158247091861,0.273318223505881,0.495710767303643,0.682754213154918,0.805387923622592,0.867758450362281,0.890504961018239,0.894067443870624,0.891944560346674,0.890533096564099,0.890078793253709,0.884477481343144,0.860401622177102,0.79949528066905,0.689636660933803,0.541460064386837,0.387474743136399,0.257807623397986,0.163288436850156,0.101464259678517,0.0613955187660901,0.0368433827748972,0.0218951943741641,0.0127184375369363,0.00733563727253127,0.00430973078110081,0.00276343612414688,0.00233248468373693,0.00330159645887778,0.0089879835430989
0.0146727297869041,0.0204091729302796,0.0286337507858147,0.0409188947728598,0.0603090903276575,0.0932495800737102,0.154874320115816,0.28394337555707,0.563548790025059,0.856927507155608,0.57174749096247,0.270856766444727,0.136036759434605,0.0745972793879782,0.0431336033083363,0.0253244395844516,0.0144925498984782,0.00762975300577414,0.00329984141392999,0.0008386811245463,3.81139901761103e-05,0.00104010096701741,0.00433820135627836,0.0107954961900119,0.0212797139370764,0.0334264174904411,0.0236434413553646,0.18100183217076,0.582020702092492,0.447246349824266,0.245274749868154,0.110684595228341,0.0419537300432561,0.00894264765508851,0.00137195795211346,0.0185128187464962,0.0684476487502597,0.16363774776153,0.312510841548858,0.500437102802193,0.679464385044389,0.800435694605982,0.854380271813954,0.864858338670558,0.858366142553095,0.851433173133529,0.851127703522391,0.857514412982378,0.863841879448176,0.854535688782369,0.808410051430262,0.706245087008828,0.55803093318065,0.399166763206314,0.264774211166817,0.167390990038984,0.102827557203032,0.0619472050706942,0.0367559019189568,0.021489892606352,0.0125069334490604
0.00876716190794482,0.0120039511175451,0.0165129102022096,0.0230143512447935,0.0328374270877976,0.048647362396389,0.0763819969547967,0.131131685852469,0.256862054914181,0.565860183870882,0.800476211291651,0.401645573855301,0.171043865975872,0.0832010237514329,0.0447244885027362,0.0252430872713845,0.0142937250208996,0.00771511801089679,0.00365908982655959,0.00126058184349473,0.000142247924983923,0.000224654028880096,0.0016733507869022,0.00493219211813703,0.0108401366684519,0.0208360801012359,0.0370881836556329,0.0609402285057176,0.0773948005975164,0.0271162443681319,0.382194690627534,0.346966857721333,0.189240377440006,0.089565726305728,0.0366485142766391,0.0101634931079292,0.000785460127047796,0.00634072044949472,0.0296324703002845,0.0773039277679555,0.159925012910611,0.286048999717696,0.451187105614715,0.625209555042522,0.763461245135171,0.841607467111265,0.868778742204973,0.868312184268409,0.859502982713767,0.85317505096212,0.853296962420336,0.859844357911467,0.872735554866801,0.879186686349223,0.8687785329205,0.827667665376457,0.747305117905535,0.632815516666748,0.502899871450186,0.378928838620282,0.274578669499673
0.0171233417846083,0.0240032239075697,0.0340437685895219,0.0494041650687648,0.0744438013393864,0.118866835119135,0.206648015867284,0.398526645709379,0.75223309418137,0.766088542219,0.391759841145588,0.187441630593323,0.098489573167769,0.0557412092788046,0.0327773910939618,0.0193406958507205,0.0110105896673501,0.00570316429047612,0.00238466524892769,0.00055527528775884,3.32194166485556e-05,0.000874356936263076,0.00336857243673085,0.00809474189195049,0.0160159493563779,0.0284612235788161,0.04584366871045,0.057060016157274,0.0244433011641699,0.417217306158226,0.388586520949152,0.181805943438237,0.0656490417495233,0.0166436936091282,0.0011831568042845,0.00614607953299199,0.0278767099401001,0.0661993843797359,0.128607487393608,0.215916635593286,0.338079973963055,0.48255081173597,0.630756701790674,0.756206321102312,0.839703216598564,0.879430639473944,0.886943888765805,0.877055653051296,0.861481249609935,0.847480363894517,0.838520985209517,0.834210506144249,0.844342004877435,0.856530462043959,0.871501800546622,0.884304231669551,0.886953570830177,0.868948048171691,0.81998431327253,0.73541127900924,0.621260893193544
0.0125188845792527,0.0176121562924669,0.0250369979639217,0.0363184314950331,0.0544329063546833,0.085739509931077,0.145331771809486,0.272359035084865,0.551790797955801,0.845652301704407,0.568946477444797,0.27565908081219,0.141862369196201,0.0795130205368512,0.0467394556314901,0.0275870263160731,0.0154834023979606,0.00751506590458808,0.0024555594262341,0.000143575152659169,0.00157167016753512,0.00983114884269246,0.0330505512053628,0.0927307503388246,0.23913799723411,0.471868856334737,0.258533008034755,0.0841789979616182,0.0662381065357933,0.015431105943225,0.0109946413391281,0.139088429127643,0.44193221078053,0.702051798637219,0.801774737403469,0.827149157926484,0.825697176128784,0.786129335918571,0.678979996716894,0.511360285026835,0.339706541068886,0.209239519914657,0.125254704070318,0.0748704682501406,0.0451850052488421,0.0275985562112089,0.0170348328084571,0.0105942996300413,0.00661091332646947,0.00413571891073211,0.00259795817650768,0.00163437949572043,0.00104297609861844,0.000690236731411819,0.000489692734763817,0.000396881537313005,0.000399523390544378,0.000515362535574956,0.000841871463941071,0.00167778894850969,0.00388586247183284
0.0225754355633207,0.0317325002847494,0.045083393756454,0.065380902424192,0.0979672860339029,0.154000615250399,0.25812367857375,0.460197124271938,0.774007485992053,0.832535095126478,0.515049143876982,0.274198604270491,0.151568702795599,0.0881587149365434,0.0526357792360407,0.0312122286730866,0.0175952615196442,0.0087585529328179,0.00324228485265745,0.000455560424411122,0.000409998078902442,0.00367643905373562,0.0114998901174199,0.0260408336341421,0.0507318422379506,0.0910644888264454,0.154144051456051,0.247675714352121,0.374685734828046,0.521150663953114,0.676245948824996,0.768675280687972,0.856450145445709,0.885716907588673,0.895597797378513,0.894606102401591,0.888684338622276,0.884855384823689,0.861555881544832,0.802154069172852,0.690711990239365,0.53595808832391,0.374460300186885,0.241242775790829,0.147762038191936,0.0880492696794481,0.0516761500586745,0.0299987601185524,0.0172191459508314,0.00975491842385182,0.00545205707305841,0.00298957530004388,0.00168913156889675,0.00104452909032905,0.000808955338295384,0.000916662087557905,0.00159314688277705,0.00380056191747456,0.0111136644583931,0.0391841777791372,0.163045646058171
0.0434209046670687,0.0643903293679754,0.0978396078259383,0.154340916396662,0.255826982451604,0.443452899779786,0.737922659321917,0.901319323903205,0.682812071336454,0.415595591844971,0.252932451142162,0.162311359510506,0.10957865424286,0.0768947018290723,0.0554377058933703,0.0406803812701865,0.0302004370550786,0.0227104048991679,0.0177099612137438,0.0158555057519536,0.0237190918927834,0.147506064379597,0.414942305779311,0.349768806248549,0.0553032845547592,0.00756489408110493,0.000270285746104465,0.00419809120568472,0.0168580405411882,0.0400428041672632,0.0806539530918195,0.145715996562451,0.243729648622786,0.377778813134285,0.53571872423832,0.68679700982283,0.798490681751124,0.859867844387681,0.882836563889349,0.886261000184119,0.884266220687484,0.883111552808206,0.881011514310873,0.867368431052557,0.823029537973287,0.728834552276935,0.585787649228329,0.424763390674181,0.283150722376761,0.178499236508333,0.109030242217346,0.0652424899530724,0.038368129721137,0.0216674762513056,0.0120654212191198,0.00638296604329742,0.00314917093776337,0.00142539585295942,0.00060606552308468,0.000317687093616737,0.000405792245295399
0.00303568513674807,0.00404844371029042,0.00538952947785794,0.00720680278775434,0.0097489501564337,0.0134617110838749,0.0192110459417203,0.0288670234406661,0.0470956428314652,0.088183107519432,0.209956322458127,0.623097613672564,0.419305995579033,0.119977043066593,0.0453296531436826,0.0202573398257706,0.00954687930631816,0.00430375018510376,0.00160753713365483,0.000332216655993131,2.36970700592564e-05,0.000539641134377559,0.00192891381308934,0.00440866330640329,0.00840254323508066,0.0146466672295061,0.024406407455284,0.0399050509239339,0.0651694160806184,0.107600839527752,0.179869132119386,0.293712483790449,0.388271155970534,0.103878458939703,0.161730969141596,0.120562186207633,0.0971163583695752,0.0418803734672965,0.0109909170730033,0.00104267312384478,0.0162667617603894,0.0707893511967881,0.186180496456286,0.372492786789276,0.589123429062417,0.754883552737117,0.834132574812592,0.854496894490113,0.853175236866694,0.851041697861142,0.85381251716677,0.865150963973005,0.870239125711593,0.856278721455059,0.807355956871855,0.716451654084966,0.594334856036245,0.464411952678299,0.347571408532146,0.253381154336953,0.181480771295836
0.00157880543083196,0.00207128941237665,0.00270370954390323,0.00353017145357505,0.00463738336726914,0.00617200906671492,0.00839932680800507,0.0118425231340076,0.017660737544672,0.0288811387427386,0.0556382531531889,0.148487543673626,0.581437486499778,0.197642115230469,0.0460892104456988,0.015700715903037,0.00605687825815469,0.00221818583146624,0.000595116323912757,4.05981799191648e-05,0.00013415982613979,0.000730379095208364,0.00181663923119957,0.00346770388423939,0.00583970135810068,0.00918813642998127,0.0139102965297411,0.0206229771086286,0.030299603502136,0.0445117056233633,0.0658489304740312,0.098593970676767,0.149448351382236,0.226128183506633,0.321547856424797,0.332134737352259,0.0603051046792182,0.237319856982242,0.230780434758498,0.166773588646523,0.108062700273703,0.0646703572814532,0.0332103404221209,0.0116281247076435,0.00128231429094824,0.00847114489543363,0.0491844114648853,0.152507540636525,0.344085040507152,0.583098197887194,0.755785229231003,0.818215851342412,0.819411368101207,0.8060855889938,0.798882258609217,0.803985390123754,0.820262211510732,0.841972104154523,0.858387307913692,0.853863933128926,0.812289051991287
0.0219531248704052,0.0309904319512675,0.0442587030087783,0.0645948480775861,0.0975565682921767,0.154875894703973,0.262707802779612,0.47348713010929,0.790226055178804,0.814798446389566,0.493211187944248,0.264270250201112,0.148145222623698,0.0875263046968595,0.0531434207489969,0.0321135181636008,0.0185203426329132,0.00950615741234112,0.00370379282397306,0.000604717483614284,0.000346632027568021,0.00374658567055138,0.0125528112131975,0.0299724444208696,0.0611792616062643,0.115044235388894,0.199849140169055,0.284023199439126,0.574160481487143,0.630697484820634,0.189116541908139,0.66928279959711,0.825952787333459,0.868250258406427,0.877034915125032,0.877648926925571,0.872077703517851,0.846650326329448,0.777362683320651,0.648812685541507,0.480981173257288,0.320369334369989,0.198565316916767,0.118494500007813,0.069558486522549,0.0405600370982513,0.0235527273465269,0.0136066713017824,0.00780509306440624,0.00444688962777681,0.0025984861142182,0.00154000454527943,0.00100308996865968,0.00079656604266116,0.000870344156343245,0.0013199236609577,0.00262347752062244,0.00622362536579865,0.0171783802700757,0.0555002678180735,0.203299697692318
0.00809640763280338,0.010989693615442,0.0149572515873082,0.0205729243214439,0.028873572156063,0.0418891132975886,0.0640223850614933,0.10617220168224,0.199971964463449,0.44308178393959,0.802887946041157,0.44671263626061,0.169973698626419,0.0738597770484338,0.0354760107923215,0.0174929139078142,0.00817581714822157,0.00318565037007706,0.000724281482303767,2.8386405806857e-05,0.000837833482194286,0.00319813024014362,0.00739881360439937,0.013980937741859,0.0237914401094186,0.0380781510549969,0.0586210178494795,0.0878811815379121,0.129109990556347,0.185641025561607,0.262454808544606,0.360813833679006,0.477927808188137,0.602847138358428,0.712868870237731,0.78124014686678,0.870696388993093,0.848854755552283,0.869283159097293,0.895536860434049,0.891767726230244,0.887886173030751,0.888110271488795,0.89178185036324,0.894770494629007,0.887683805042061,0.857662041327448,0.792231542761837,0.688516282114293,0.559538556792912,0.428111007385425,0.313120786690321,0.222742124664107,0.156153556542738,0.10875480135671,0.0755534871627499,0.052407346470627,0.0361540926621719,0.024823386405314,0.0168315651986114,0.0116199853350737
0.0709905648438015,0.109108512829504,0.172991159833333,0.285147733383299,0.482382331885285,0.766484565435635,0.91648882018241,0.732261059457644,0.477712740864564,0.306402005750394,0.204661487675592,0.143138425812162,0.104161168692099,0.0783642916044449,0.0607979907626962,0.0489074705362205,0.0417873035821662,0.0409067846251757,0.0580474899442106,0.22266324549804,0.280985063960064,0.384225519428597,0.0673383230030793,0.00523907039918784,0.000625654083649968,0.00815799611162464,0.0269183252749346,0.064288693439363,0.13236774537531,0.247086722520752,0.414761831796534,0.605679890663162,0.756566872960994,0.832346876034281,0.852825550505728,0.852013371786323,0.847131975886906,0.830951929444859,0.769088911244128,0.62197250390726,0.414703491178604,0.233236739757985,0.119014088961583,0.0583303640002081,0.0282099872339396,0.0136272257248779,0.00666744552887768,0.00342716105627262,0.00202641444237323,0.00157018197132567,0.0018205782687214,0.00306817435206987,0.0065906284376054,0.0162754168640105,0.0434372106651966,0.130348789716364,0.364629616019069,0.511618672908605,0.373238252435742,0.261555799172184,0.20228576608549
0.0656039928997031,0.100838745437939,0.160059028148705,0.26498620840463,0.453982169269074,0.741782999165231,0.915129285058827,0.7316646677352,0.468598293735629,0.295455752543422,0.194928919668495,0.135120395855527,0.0976320072952892,0.0729604546230748,0.0561454924945645,0.0445953064563366,0.0372181565653246,0.0347503009568908,0.0451145028776476,0.166637192624387,0.297818888440712,0.104194072453148,0.00707499474216552,0.000279833331100173,0.00165003470406715,0.0075876363232861,0.0204724106512161,0.0437444894347227,0.0837135837181916,0.149281474493635,0.250138798973002,0.389676751888632,0.552938250412252,0.704161799032141,0.809866944939654,0.864001095024749,0.88299103758996,0.886138757380988,0.884795206559412,0.880063362736133,0.862256157583307,0.811811979628794,0.709451406314747,0.558842216825162,0.395134723097998,0.256614854683329,0.158009554353586,0.09449339384106,0.0550830238371819,0.0318534970628739,0.017991625962731,0.00982248611515317,0.00507389325068987,0.00239000436147418,0.00100262539777064,0.000344633537705324,8.96183422171239e-05,2.25885987072675e-05,5.33365657780315e-05,0.000473415096172297,0.00368174884098499
0.014602823168003,0.0207235363056869,0.0297852585862611,0.0438189329862219,0.066893335154795,0.107953385801705,0.188710111581632,0.363597960916251,0.701227512910692,0.814606856748588,0.466090856809649,0.233414912924516,0.126431988330843,0.0736121394123814,0.0444224387583378,0.0266808507022501,0.0151193773737387,0.00733229372090184,0.00233083552784351,0.000114915664007666,0.00186594843698465,0.0109977095846584,0.0362438264617428,0.0999885751623887,0.251463620949866,0.482258598716105,0.159885486168146,0.124476104987243,0.0446097544908559,0.008528896152297,0.168226971705528,0.518231449878179,0.748984979910695,0.82108603428818,0.837288728349028,0.826817817962957,0.768598616594647,0.639491692060765,0.464266810891211,0.301817740437255,0.184874196011509,0.111118064956861,0.0669516424430266,0.0407659072870089,0.0251126151461208,0.0156216381103555,0.00978376886020004,0.00614937716394844,0.00386946180786339,0.00243271922379947,0.00155653077933004,0.00099389462545434,0.000655411998943464,0.000461952063258353,0.000369580257661922,0.000355442365303416,0.000431205170653173,0.000658424387218864,0.00121408515950298,0.00257678977974324,0.00628858138542659
0.0448766106231305,0.0649179585404905,0.095622648824323,0.145021811452677,0.228973073941396,0.377544880718037,0.625320581417941,0.877934311743521,0.80854475426384,0.524432097036286,0.31099596628721,0.188753760803151,0.119076882107458,0.0772050340422501,0.0505600963934293,0.0327613325529262,0.0204442192155714,0.0117785059287632,0.00577585920780994,0.00195849798265264,0.000186780988698648,0.000490175318892091,0.00251976013102959,0.00320585192506228,0.0179945584292376,0.49099570608882,0.644410830532965,0.455218781191349,0.120582436854473,0.0115540700220145,0.0110839136892259,0.0682568093518894,0.176427667929112,0.332005855720936,0.514255096031957,0.682153137281406,0.799068091690654,0.85760358905332,0.874417056590357,0.870936884223709,0.862698381454151,0.857917433665357,0.858479616997633,0.859333722080603,0.845265716110494,0.78863739576229,0.665094615375407,0.486889319244899,0.308587137744316,0.175444542747563,0.0959861742417224,0.0497885033974165,0.0255316968259201,0.013438474622525,0.00795931502847814,0.00646852179336501,0.00925497358845097,0.0246438386123252,0.104122360800468,0.33637771370072,0.260760285828554
0.0077749503098218,0.0104769681247218,0.0141359011298164,0.0192390922159715,0.0266515155987402,0.0380299048067674,0.0568711642979926,0.0915482194553995,0.165568768558428,0.354319217890267,0.751255868600094,0.539636826416654,0.197982774422946,0.0811069020565198,0.037338338792896,0.0178450749798289,0.00814006387137572,0.00311294632247042,0.000702202237667182,2.54607237008714e-05,0.000738362869522915,0.00279331249364342,0.00635053220860889,0.0117583887538339,0.019573765432572,0.0306131503058089,0.0460323832423281,0.067432159688667,0.0969728159082864,0.137438462264103,0.192072495293489,0.263693240143563,0.351623728153844,0.439505725938038,0.402705406058972,0.663632054117396,0.808115667739672,0.692229368301868,0.269805875263984,0.207106839266216,0.680318679397298,0.840118207677533,0.871429903035248,0.867114524988854,0.861211973316773,0.857611700557339,0.860704827411026,0.869663915780517,0.880277621394431,0.884189922504511,0.868593480209618,0.819206736046858,0.728526181257484,0.604896016351954,0.470033208160435,0.346281504315149,0.245848598963382,0.170497663762038,0.116485345319462,0.0790150627147511,0.0531387317537815
0.0116997074005599,0.0160482485420954,0.022121236317793,0.0308921805707904,0.0441443832975737,0.0654146561490069,0.102433162050689,0.174077900741631,0.329907863678103,0.65219207065932,0.789244467856984,0.420959084421067,0.190482906389653,0.0935806491751996,0.0490830266352782,0.0261245981879367,0.0132651053595162,0.00581607530366812,0.00171862416485388,0.000103191540178637,0.000755082242858837,0.00393536867873588,0.0103780153873798,0.0214122189154712,0.0392188483241693,0.0665323769822687,0.109410175003037,0.173569185261575,0.266025019860218,0.389849845856203,0.535913579548698,0.675975161212834,0.766111045808874,0.681999079704943,0.605635278121134,0.552141691840853,0.142986578128018,0.732238380343534,0.855831986730045,0.87451241731731,0.878456332048064,0.865282016736418,0.820871939237369,0.729566655166398,0.59994163637294,0.44824756060158,0.31082526916551,0.205238669786312,0.131931521104162,0.083709072836964,0.0527513123366737,0.0330391463721717,0.0206336962676975,0.0126846371050843,0.00766914196312861,0.00454132852096615,0.00263022203651911,0.00151011529149491,0.000899027146591022,0.000630265291059155,0.000663983022691219
0.0173818750896717,0.0248436790474407,0.0360443855250493,0.0537201146572,0.0835377341655588,0.138418354017185,0.250465283533105,0.492511308475975,0.83540257835142,0.696895369444274,0.360432708053669,0.186643938355357,0.105361565247512,0.0633654298554614,0.0392747731813725,0.0242382503085837,0.0142567331798494,0.00741759334716855,0.00285430117063412,0.000384909580755405,0.00052568602130141,0.00492523138710645,0.017703344520109,0.0493810652694622,0.127761272329008,0.319413481382398,0.549849465533559,0.0973959420731004,0.0340441092974912,0.00631819932979884,0.00898603637221357,0.0769611323190228,0.237259944076363,0.46997028204488,0.682028307659465,0.80606310358665,0.857382416363201,0.874249011849649,0.878032929517741,0.871395990089593,0.844131561813265,0.780924772187044,0.674839525241773,0.53938637186601,0.402342864800431,0.28620361023905,0.198627326043288,0.136810052124683,0.0932842762184629,0.0649764389273904,0.045494016499281,0.0320689456136383,0.0227333768768108,0.0161701961748976,0.0115073236852245,0.00816432958447519,0.00575118282800122,0.0040017491893611,0.00272328164505466,0.00180822017104797,0.00115217021153592
0.000523307412434516,0.000671353473401517,0.000853579117284038,0.00108040757979573,0.00136775226088748,0.001741060189719,0.0022433674070503,0.00295281618143819,0.00402528814439945,0.00581505545187458,0.00929819687044076,0.0181585361364307,0.0582347790691985,0.356236802747041,0.0259410200678634,0.00454836990227749,0.000974712063047066,0.000121739215672981,1.50341871194635e-05,0.000201243393499573,0.000547764130501288,0.00101614112033319,0.00160338407626909,0.00232386120584287,0.00320354509703239,0.00427889669029522,0.00559804961535171,0.0072236868100608,0.00923773221341118,0.0117484628676492,0.0149011645358972,0.0188941896421798,0.0240034399663811,0.030620201501993,0.0393103805577894,0.0509081314160298,0.0666638248240106,0.0884723674533865,0.119195548926897,0.162984391449339,0.225005184459608,0.308045522329106,0.397072672175288,0.399774694733037,0.088739184968901,0.300634882657464,0.375604947978252,0.322819287208898,0.252691084632716,0.1924292500537,0.143757450623198,0.103964604800464,0.070226637772021,0.0407774338612672,0.016071209486866,0.00254939478987935,0.0218711382987874,0.135695462704329,0.406303440942372,0.668953602294449,0.722502368262275
0.0124632459219213,0.0170991412959874,0.0235839248448941,0.0329857517612318,0.0472948180789093,0.0705430412521474,0.11178139744454,0.193816601334406,0.377356503736685,0.733485540930667,0.734032155658174,0.348990556105207,0.1576924925123,0.0785586439337134,0.0416928667106825,0.0224221235240537,0.0115385555820313,0.00519616245693278,0.00165932879601457,0.000146140155314059,0.000380349117036563,0.00241667986273337,0.00658985496042875,0.0135337761300385,0.0242532490767189,0.0402436147872161,0.063651103830309,0.0974404405604196,0.145466798361296,0.209747151574365,0.294600036610307,0.387024051403863,0.356930329652014,0.731876821856343,0.754953192584668,0.203257083242307,0.586939337984606,0.820197519280532,0.880693729677035,0.893071435508206,0.890481592577598,0.888357974511268,0.888133506398013,0.890789269642914,0.891983127906722,0.882414532930112,0.848355831852029,0.776623345849415,0.664898673904275,0.528647562825997,0.393300931319904,0.27844913784935,0.191053744329113,0.12874390364264,0.0858408905482874,0.0567982154643739,0.0372587407566689,0.0243070884652071,0.0157672693323108,0.0100243550518976,0.00635719292100932
0.0153965686749904,0.0216070054941823,0.0306698916430317,0.0445198319141535,0.0670465459999651,0.106882339292639,0.185428786328634,0.358962891009098,0.707492787750449,0.796838297180764,0.417451661776576,0.196810818046476,0.102197150097066,0.0574719154472913,0.0336936618184649,0.0198538559767855,0.011288816181188,0.00583028394995483,0.00241703787371853,0.000545470763242694,4.0911246790855e-05,0.000969569726616253,0.00362621259983947,0.00857985195391689,0.0167949002095049,0.0299798153854868,0.0464339866959532,0.0766626619071401,0.122118064062311,0.189847914999687,0.289186301514848,0.426100741986911,0.585707768390179,0.689861208491474,0.437187823788914,0.145744880360604,0.0207467754367448,0.109646773924407,0.423905211613761,0.682768091700179,0.818233613344813,0.871133334936934,0.887827491672911,0.892250639268845,0.89451769844412,0.896963365055444,0.896893807519626,0.887701941222346,0.860194458286216,0.805720816549619,0.722784945203838,0.61718683387605,0.503458712857906,0.395989376237256,0.303802912246042,0.229740221492185,0.172581068352471,0.12940770313376,0.0970667203407073,0.0727555535137914,0.0539803560011005
0.0505496171473451,0.0762003534410444,0.11813866112549,0.190800551883593,0.323344166225076,0.559461992798989,0.850633059286534,0.860415722499804,0.590437299434195,0.364280858598038,0.23184261694615,0.155938549030414,0.110212260580686,0.0810746948991042,0.0616213430806412,0.0482356772938761,0.0390420770048324,0.0333575549480849,0.0322402714846827,0.0447229792556457,0.183395499171538,0.312422470849645,0.0226132104556407,0.00258867381750852,0.000108210272402637,0.000826949015955537,0.00409631569387174,0.0107930313314237,0.022745476099672,0.0427347949558322,0.0750033157145527,0.125490428488752,0.201329783765991,0.30815548145609,0.443904422968764,0.591958540955825,0.723883573128072,0.816562483561448,0.866610352586526,0.886322623537521,0.890907845808569,0.89052580488135,0.888041054072021,0.878547412213748,0.849352523769972,0.78358659472519,0.672169963716992,0.527913358023908,0.381378153040807,0.257925615650678,0.168117570143287,0.106953809800256,0.0669455485943765,0.0412584604980834,0.0248984966017533,0.0145444881484907,0.00804936560277617,0.00407432105101867,0.00177817177277253,0.000504151851122602,7.02818892357798e-05
0.00480764888206987,0.00639664259847203,0.00850055835713918,0.0113588479159717,0.0153834710504299,0.0213346724794868,0.0307472650957489,0.0471120848471123,0.079779517736187,0.160083745866583,0.414287823503264,0.709768394246692,0.245576492028869,0.0809624001161248,0.0328956275200144,0.0146534960354916,0.00646705215992726,0.00250432150392987,0.000649669996769565,2.93481193407694e-05,0.000264005396005029,0.00120341679015927,0.00282168538165036,0.00517399920344991,0.0083803295249557,0.012622881759378,0.018152204168533,0.0253003530333962,0.0345013107888714,0.0463200653923319,0.0614931102446533,0.0809865322630054,0.106093868496275,0.138695582289542,0.179721373618969,0.219987951498834,0.28558020820242,0.364127691831706,0.454736739676702,0.555068618237922,0.658000134997982,0.753046582068254,0.829343332770117,0.879120944833781,0.894984649302063,0.905630361481761,0.889804643852725,0.873831440719294,0.861961443892914,0.847008261920936,0.83644975486978,0.831746060090345,0.833261594973792,0.840690701866432,0.853103809169713,0.868831663872739,0.885254835155377,0.898581471976958,0.90348771896562,0.894986664748945,0.868337045771264
0.0480924178957217,0.0692766693939272,0.101502379193058,0.152886829439699,0.239186198855519,0.389440974166237,0.634637576886541,0.879928706602274,0.813214762711325,0.53120895338532,0.314536492239691,0.189176218770907,0.117575408469476,0.0746570581003732,0.0475138105299143,0.0295728174585652,0.0173755073902999,0.00905824549618834,0.0036405697637465,0.000690414029695164,0.000174457646077831,0.0024011124030307,0.00797825145198352,0.0175758710874351,0.030465544233118,0.0354847934728536,0.0796524906979915,0.519997804000937,0.651004611498772,0.298200696623705,0.0163271953200628,0.132575127331898,0.34135004196353,0.549536823433303,0.715340357708115,0.820708842052973,0.872018241488977,0.887684889069929,0.885737816112039,0.878758713225752,0.873722455960483,0.872804473186552,0.873015895647918,0.86389294525053,0.824783087272032,0.73000865980669,0.57354167221559,0.392029855004644,0.237746690997948,0.132661387542423,0.0704939103244027,0.0366380553780452,0.0192700150692775,0.0110531269141957,0.00817753026528906,0.00973196774582227,0.0220357199396517,0.0817734516428166,0.309438142698481,0.331204155651592,0.216887025233972
0.0229098794417489,0.0329323112399967,0.0481349239208845,0.0724339615232423,0.114023132395084,0.191511910480956,0.348253666118677,0.648683017068444,0.878786737945765,0.609761385433315,0.322035197819091,0.175612406288434,0.102741384642655,0.063070986270785,0.0394558757784948,0.0243492318974255,0.0141832074610632,0.0072047237469172,0.00261864584963108,0.000279525090660713,0.000693759512098268,0.00533935546414912,0.0175529180129944,0.0446325741891629,0.101118161272037,0.177341190596352,0.244261724552828,0.233096792846914,0.0314251899247375,0.0210015802238815,0.159094658004768,0.399120545185611,0.639704219619731,0.791346473060644,0.856061333051211,0.875993074917203,0.880628685083172,0.879362913290542,0.866127178588366,0.823696895775331,0.733752506937037,0.596712523975417,0.441183425796587,0.302559184559408,0.198219780216689,0.12712632926619,0.081000168810007,0.0516227737591227,0.0329210489219043,0.0210190677526789,0.0133774906847713,0.00844765905600118,0.00526845346052067,0.00322922475083496,0.00193478024829897,0.00113579614485173,0.000656730402389451,0.000400151996807681,0.000288611755177669,0.000303596357881805,0.000537451993602499
0.0511304997908036,0.0780420187304503,0.123010694837835,0.203014069865981,0.352821564893977,0.618217561907866,0.89058462461049,0.797442344178875,0.511954193326544,0.31355616082528,0.202152540796368,0.138560710025574,0.10018938879773,0.0758954013670044,0.0601785043130737,0.0504650626138507,0.0463263006192903,0.0512266526384712,0.0888734526800199,0.363150088343398,0.305488101884485,0.435192622926592,0.0747257154251703,0.0139193688922318,0.00250291202448192,0.000107872426990971,0.00200716025356028,0.00837564489666104,0.0212738035541496,0.0447170966253581,0.0836634610851082,0.149872672360855,0.252889908872449,0.397442476805328,0.56709028223216,0.720092893676566,0.818790827856734,0.860861172787198,0.869305509873349,0.866855860682477,0.864560935638611,0.859743122609962,0.834095754548806,0.756637954539683,0.610173253260368,0.427256789045174,0.266131305048289,0.154535426168739,0.0867672355859969,0.0480684866915059,0.0264524172697563,0.0144687174100835,0.00789791209679546,0.00437801250542054,0.00258434490052793,0.00184373111080082,0.00191281626792731,0.00335486623691187,0.00929221085263671,0.0379559144701931,0.191932251952458
0.0302532664520036,0.0427184924801351,0.0610924599719181,0.0894595699586873,0.135926688070571,0.2175742809383,0.370003369544946,0.638408801431183,0.876938777538859,0.698630129821419,0.396024495307026,0.217284789284607,0.125198150036294,0.0753430508257465,0.0463161519887011,0.0283347272003011,0.0166958229464575,0.00901028668106334,0.00402949371490956,0.00112448229823876,4.76008300697369e-05,0.000825760435299317,0.00371586990826801,0.00917050587890235,0.0177063331993126,0.0292699638289193,0.0402029741730699,0.0295940366928074,0.214107758104495,0.605577433491383,0.708497422626064,0.520315295841396,0.141822357085519,0.00901025998761111,0.0540903214355716,0.194008695100094,0.377281521340871,0.564014781676399,0.71904670570546,0.822329455202284,0.875407137111556,0.892432649591386,0.889434121235872,0.878798486839651,0.868417528991027,0.862624087493164,0.8631514987303,0.869456136257682,0.878190997809632,0.881848326503506,0.867327567026227,0.81712143551137,0.719254075766123,0.576480309022423,0.428754433857294,0.291529979160499,0.186333561795589,0.114166708557525,0.0683692933559818,0.0415289509923042,0.0272700856381836
0.00416430374518114,0.00554128139678293,0.00736128783298929,0.00982317342886068,0.0132613162451634,0.0182761587690839,0.0260395126385067,0.039101611512787,0.0638976698585336,0.120373040718618,0.287712475472287,0.715382646976503,0.355295293274136,0.105617535383885,0.0392746264173801,0.0162289514173956,0.00652157580878016,0.00211754280130513,0.000315392544189649,9.08984232128985e-05,0.00107538836073405,0.0032232034498975,0.00670306254076413,0.0118818052719649,0.0193622533584981,0.0300696708833315,0.0453964665329193,0.0674213669518992,0.0992081858759125,0.145118729275237,0.210821863866732,0.30197322432126,0.419101633549624,0.544820417350085,0.615067256033478,0.352058877397468,0.393077206436454,0.51095616190122,0.418688994444704,0.255114389017588,0.0723770389809245,0.0837770407962398,0.502732401658941,0.757678767523025,0.812742411605677,0.821474741183639,0.829054466060995,0.840496335029006,0.845162470874635,0.821167516669129,0.743805656563386,0.611150322512554,0.452858886676773,0.309321055997276,0.200985127694463,0.127245864525102,0.0801194159398135,0.0499577196895003,0.0308231218831286,0.0190098617558773,0.011653658810923
0.00444367255584108,0.00590508390174676,0.00783093275511888,0.0104288598754073,0.0140493824657831,0.019324195453952,0.0274901252846411,0.041247313831256,0.0674298929382559,0.127254787587647,0.304078226317271,0.72573659411955,0.350675389320229,0.107048960069888,0.0407135491341211,0.0172807679736025,0.00726045631905553,0.00259800950233533,0.000542619498131262,2.2204232574304e-05,0.000614060001266627,0.00219987868653831,0.00484040140947175,0.00873418432362961,0.01421591280966,0.0217792188212188,0.0321199470246274,0.0461999963198462,0.0653317955315559,0.091277278743687,0.126336380829354,0.173355681823986,0.235499960025738,0.315462175589169,0.409911334137218,0.523000151307863,0.633710062788094,0.671438156729807,0.805850906698128,0.868788470493469,0.806910909923729,0.542613510795402,0.850919560531837,0.866314326402964,0.858401464417004,0.85273794219254,0.852954920732955,0.844774943889213,0.869380731210041,0.881585201731901,0.878163467954238,0.847906218738618,0.780209986912142,0.672478134734472,0.55335529585572,0.429039419310864,0.319369782249923,0.23182767706093,0.165544625992288,0.118610370707698,0.0839605394701077
0.00301696140150373,0.00399014287710861,0.00526005585207766,0.00695237952833121,0.00927508733242807,0.012594086644629,0.0176049001077876,0.0257705272996686,0.0406246221685967,0.0725643608348963,0.162331444186326,0.501156864089563,0.471093899863658,0.117237792842795,0.0385996083346676,0.0150395781913088,0.00590343693563181,0.00194075877802982,0.00032739606326978,4.45216834597284e-05,0.000720320702757835,0.00227546332148755,0.00480692097504294,0.00856125011153626,0.0139546354216581,0.0216315478375119,0.0325699759909726,0.048252613294476,0.0709302739946233,0.103986715254136,0.152289824842237,0.221889450266721,0.316622604376006,0.424032771602093,0.46510127319049,0.157816935076856,0.35796600328645,0.43201499860171,0.345243404296323,0.239032149354144,0.13804278299947,0.0524797153417169,0.00665131419966975,0.0739099911316776,0.338450298818572,0.64544765482873,0.787924786604372,0.81720074135174,0.816856525010446,0.819325647311474,0.830857447250241,0.845963164136825,0.850780024968011,0.823235896094459,0.745000540759247,0.6188150493271,0.472787329497976,0.339013173286821,0.233807310566853,0.15840595550483,0.106278112908727
0.0116434170491323,0.0162887389397746,0.0230038596580917,0.0331238050114039,0.0492558614684978,0.0769926223625153,0.129773258421451,0.24377767681061,0.509247005966642,0.841736834646407,0.56427445428509,0.260098360603688,0.129674324683884,0.0715072159581659,0.0418547029427183,0.0249513491321614,0.0144904029708449,0.00767888241896128,0.00323428023439404,0.000674623776764818,0.000142088087673713,0.00262499928547481,0.0108896289061303,0.0324190274949272,0.0878226120572545,0.202058301797629,0.0635445279243626,0.0909388444981585,0.0617293891188182,0.0260299835514081,0.00717137484883602,0.000543800162948008,0.00612644538889963,0.0305935472100088,0.0857682803619382,0.188580771432748,0.349459690038985,0.545835661898759,0.716936432522056,0.81839250366866,0.8587520112007,0.868926777985791,0.871006847086129,0.872164177684912,0.866783294861406,0.838728733473305,0.768284963168608,0.648953857122036,0.501224933375682,0.361484822420545,0.248057303241651,0.166403768046573,0.110849298886464,0.0738763908476516,0.0493191269842753,0.0329176224337099,0.0225230831220891,0.0149795024522419,0.00986914696875512,0.00638587986017051,0.00401443494522034
0.009051290336557,0.0124361019338638,0.0171759027703968,0.0240507288673328,0.0345102035595675,0.0514877292459325,0.0815951951419974,0.141868829762824,0.282294233131679,0.618193125304817,0.773601933152776,0.363401265629998,0.155287552466,0.0753476039967897,0.039740316845306,0.0215090615844497,0.011242476154272,0.00518254850830034,0.00170598692242545,0.000155112214360893,0.000436959233595709,0.00294562861798356,0.00870701286701028,0.0198072537435036,0.0403001803268193,0.0776518881179306,0.141171695387375,0.198507801783762,0.0497446584255614,0.305991226299661,0.234049500481944,0.127547343566088,0.05654784744545,0.0169496731637641,0.00134360924169878,0.0178499220278185,0.0856252760927794,0.229733519335703,0.445864646201744,0.660494033208939,0.793117600905335,0.84284746228702,0.851864192868223,0.851709168644893,0.8544936378261,0.857836516902874,0.847000594075243,0.797856263120227,0.692079865216979,0.541559080215958,0.385480165901063,0.257121329590815,0.165679796376007,0.105534806413447,0.0668676110538972,0.0423345768326947,0.0267518266377439,0.0168185421184617,0.0104937840553424,0.00652698534740104,0.00405169590458446
0.0136037982658158,0.0192350762834205,0.0275204504346231,0.0402695212475506,0.0611013543472334,0.0979771169929103,0.170391874304123,0.329321729561799,0.660352308008949,0.830891000500208,0.477330081129542,0.233417925765787,0.124774525813522,0.0725450636808871,0.0442422327284231,0.0272876705959531,0.0163244928814433,0.00887721110293445,0.00380577550703569,0.000773802950696465,0.000240973872665765,0.00408878592431589,0.0179504526250121,0.059976318470019,0.193358564273274,0.466260420779634,0.0723818213835041,0.0498956933942027,0.0251612774834768,0.00439675106107944,0.0011628387544347,0.0188834960357973,0.074726774470712,0.192695303387509,0.382010027454872,0.595911170553233,0.754762512326945,0.833752470812232,0.862289041132777,0.870370663445217,0.868982572477621,0.852285966149567,0.80407266511949,0.710557806363841,0.577883527936233,0.434020247995079,0.307623392453192,0.211204243894346,0.143332797905925,0.0974479029379992,0.0666807347306722,0.0460187069232434,0.0320137274166138,0.0224060893422303,0.0157329044171261,0.0110444367021364,0.00772899468726704,0.00536047753157646,0.00362873267974151,0.00241865255826806,0.00155710389476492
0.0608281215930042,0.0936180558161457,0.148914520099377,0.247584114108387,0.428364293816548,0.715958354010609,0.913719304482501,0.743536888532222,0.476450400268631,0.300364978174064,0.199094272379345,0.139481624258425,0.102598494696363,0.0788341700804116,0.0633505047161074,0.0539734533797682,0.0508739648599464,0.0599245337529125,0.126010449536978,0.408353528255482,0.253704560289589,0.191553005007604,0.0200871324404165,0.00220531382321618,0.000212390312950613,0.00343170425858036,0.0121441180659479,0.0292976592658549,0.0603958332226741,0.114454588610649,0.203260392330298,0.336262850783689,0.505545067139654,0.673155216536309,0.792766261288157,0.850975629982241,0.867935252464253,0.868530499193811,0.865718836015637,0.856894068181759,0.822446485818691,0.731650192485639,0.57387671707908,0.390033592634572,0.236793057005262,0.134721360829411,0.0743773966702216,0.040494105552078,0.0219002702294867,0.01174553696241,0.0062486778251389,0.00335619920259984,0.00191261647164946,0.00129972789355978,0.00126964726450092,0.00207182166893534,0.00497844079488513,0.015631413563699,0.0634934964596983,0.262669198607304,0.304725213161036
0.0117073427990643,0.0162584503922023,0.0227579741134297,0.0324042705844027,0.0474813716463269,0.0727469449133638,0.119244235149003,0.215746060829951,0.437370442914396,0.799069892971831,0.639975133001398,0.293474808628853,0.138432284764109,0.0718090863881363,0.039238813604083,0.0214493619507273,0.0110029793367441,0.00473143744070692,0.00124475007929638,4.35170591384986e-05,0.00121414554076196,0.00539333996136655,0.0139192667048623,0.0291813262629176,0.0552166747999276,0.0985147557407678,0.168624882009574,0.27621990527998,0.424014806254989,0.583637744941503,0.587921944654978,0.741945850774329,0.485768872806018,0.536342275227121,0.826224885874687,0.862867443953074,0.871399646887024,0.869568269962953,0.8475961591121,0.783777793179183,0.664673257651679,0.507598486661842,0.353013334611019,0.230594574784081,0.145902820891557,0.0912724964152432,0.0570431276125453,0.035755944748674,0.0224436354984039,0.0140184837109228,0.00879514269006185,0.0054861163684508,0.00339223946933115,0.0020971097999376,0.00130785020257969,0.000847215056301216,0.000608067692868454,0.00053258590492513,0.000630877054644208,0.00104632765682169,0.00232265734171889
0.0204633919555347,0.0283500254299014,0.0396207093084906,0.0564213511637028,0.0829174270232095,0.127907214146902,0.211647685241225,0.381610776422616,0.696369465810144,0.842084270708813,0.502825338347892,0.244505984325638,0.125541754061407,0.0689194997837287,0.0392242446998032,0.0223361225479984,0.0122007129978408,0.00599122261099611,0.00230566138681479,0.000438946822553015,6.6994954891243e-05,0.00110428708563219,0.00364243662216653,0.00793191267269486,0.0143915037194,0.0236402062197407,0.0365504911466173,0.0543198366659717,0.0785367673586535,0.111121659563004,0.15357133179026,0.202399465279679,0.218174112033335,0.197982614646988,0.673463409815314,0.519928416102704,0.157857347656255,0.0118391759039422,0.0859630967695172,0.258407030524962,0.452855194868061,0.62934789712055,0.763896077952853,0.849201257486797,0.891387718074836,0.903009062080724,0.896765165853226,0.882589435795862,0.866839706743168,0.853468291791515,0.844592677408461,0.841188922125023,0.843478300168703,0.851066208636352,0.862928728854965,0.877860555770348,0.892459877152922,0.902802787599143,0.903276075289744,0.887187143135818,0.848172305692009
0.0205135780753741,0.029266692058279,0.0423960878266699,0.0631136912571213,0.098062828313292,0.162250509901753,0.291663087662207,0.556333447210906,0.861960057796898,0.677064552226731,0.36051880219815,0.194205502023328,0.113651854788627,0.0710856455702249,0.0463894561376514,0.0309124144374085,0.0206086256359947,0.0134344011298447,0.00830259265745007,0.00463129354968306,0.00213471417435887,0.000696448394772603,0.000198167747186795,0.00205381684053873,0.11154533695598,0.515290545343833,0.339014663129025,0.0971065282524723,0.0569944776748597,0.017182456189008,0.0037441286432688,0.000230811052058259,0.00327207638383652,0.0131176808531219,0.0317063220606213,0.0626598382375184,0.111442079010032,0.184795660436691,0.289206072076442,0.42448764009792,0.576577361844249,0.716619651842178,0.816519201523526,0.867856512635032,0.88220689656792,0.877557519083495,0.868210883323983,0.862414729885046,0.863359061973887,0.869569171604326,0.877579612382703,0.879274726819663,0.856715961336461,0.79589399775406,0.691617092845994,0.55710838569716,0.41812229942933,0.296701536246878,0.202322452852751,0.133929162515879,0.0864210700541918
0.0100840407417989,0.0137866055787964,0.0189327157438031,0.0263354482801102,0.037493484236717,0.0554071004138171,0.0867392835022385,0.148285402821383,0.287623362925982,0.609328014329929,0.795723100292351,0.399307754010668,0.172428817493009,0.0837933316973618,0.0445106106557971,0.0245861691876743,0.0134620867526396,0.0068913681981598,0.0029767751694247,0.000825313466904937,3.67981239747791e-05,0.000496444069465396,0.00229518828065342,0.00571496759015201,0.0112584305591339,0.019722262540113,0.0323263280922769,0.050921647956363,0.0783010311159978,0.118571530264469,0.177107545409484,0.256451384815751,0.322980218951536,0.200573739393409,0.596077944447841,0.336780252546306,0.0503665711162986,0.0384986639491648,0.227401073441373,0.47603636711542,0.676861696913378,0.811902783692014,0.87156173591552,0.89040664099715,0.891267273692518,0.887710665942532,0.886320214270252,0.889030275090192,0.894297910333015,0.897285610253338,0.889742399264498,0.860137713901108,0.803269247108794,0.713518899999929,0.600759314852948,0.481314073991439,0.370557354941656,0.27733474375408,0.203770910538522,0.147929209678085,0.106185206166931
0.00423509018672852,0.00567767335693227,0.00760726459434728,0.0102543532421445,0.0140144135507018,0.0196141757045468,0.0285111699195113,0.043986347899584,0.074683400451159,0.148824726670769,0.37851299922963,0.736471308787273,0.289815601016175,0.0967571849670341,0.0398116890714853,0.0180664193881394,0.00814150455350244,0.00320286067195232,0.000815987477151176,2.92910537337568e-05,0.000513032678291612,0.00227757885625381,0.00559865446139379,0.0110472708344251,0.019608416237581,0.0329158874640745,0.0536660731024676,0.0862890775339746,0.13781142347966,0.217857354347065,0.332276337847878,0.449472483518098,0.353041285438853,0.21746748692366,0.341954590688875,0.284458445612987,0.155803384604655,0.0506347314157661,0.00686372313001382,0.107126216132871,0.396180757480456,0.679239359219854,0.805053603340228,0.836532871994453,0.84280121284597,0.848894345039581,0.855481907403222,0.849096282771003,0.807424117308088,0.711875610946426,0.574659204946675,0.426086927849298,0.297627879167817,0.201438141748045,0.134740722601477,0.0900072136576287,0.0603121415258793,0.0407203686855163,0.0273939550252249,0.0184766407001264,0.012352082112309
0.0325511780028525,0.047800953611964,0.0717701261125609,0.111647045546993,0.182698241576525,0.317893584546917,0.570468224192633,0.865266381498619,0.785203653298645,0.481894389482929,0.279676307753324,0.171213871676099,0.111048023589582,0.0751225213350139,0.0521078910632266,0.0364530557757264,0.0252746228692447,0.0170194746857684,0.0108947431516376,0.00671300508165109,0.00562446732203513,0.0370883209026263,0.433428157036121,0.24023309254025,0.0534201364656669,0.0115736535120054,0.000787375648014325,0.0038902231284794,0.0221983409530579,0.0655058579938636,0.151691283482637,0.29988454566324,0.500905314932564,0.689148717871093,0.799562678437062,0.83789357100468,0.843949766507743,0.841757090903932,0.828005135385902,0.772939576046062,0.641453025953374,0.450592074503651,0.272465016643129,0.150830418534729,0.0805513555169098,0.0426649195416517,0.0227616181899057,0.0121429477826469,0.00653734645713892,0.00362983113887502,0.00216096608387905,0.00149279006448249,0.00133342422822359,0.00166511731154625,0.00283342899158114,0.00601554440691676,0.0151072192745683,0.0441961691143796,0.150963629400338,0.395644088337952,0.323273702076856
0.0522904704323093,0.0776965841829918,0.118284542954906,0.186722781325118,0.308118497881856,0.522390281423496,0.812509370245584,0.893650891713836,0.647258174030241,0.39837901202822,0.246820449047392,0.160046646746584,0.108248250249624,0.0754643802490931,0.053542273266495,0.0381707600334925,0.0269612870847803,0.0185423189801773,0.0121244378815839,0.00729636728780756,0.00395957579109741,0.00254797546365967,0.0154729888461997,0.325485968551961,0.143105064958086,0.0129935765993137,0.000352298083847712,0.00576739371234841,0.0209642331933056,0.0472704214969752,0.0902083532965476,0.155448761922771,0.248921796860423,0.371959984622339,0.515253774713706,0.656890444261546,0.771674091450981,0.846186288159971,0.883830288512541,0.897268872286301,0.899215267265069,0.898009555779864,0.896705615752559,0.892915149105461,0.878323950702338,0.839141884014814,0.761171391491364,0.641436237954708,0.496970189323608,0.356028091079582,0.240766801526481,0.15602509437098,0.0980735940054507,0.0600295650757627,0.0356159601409,0.0202095025478011,0.0106877286887375,0.00507756320306042,0.00193563197189065,0.00033512176331987,7.86368183605055e-05
0.00361389474211374,0.00480964157575397,0.00639006358351141,0.00852984991788879,0.0115259423264572,0.015918566767191,0.0227797223989894,0.0344968227937796,0.0573079493109207,0.111706525632623,0.287815395962671,0.714891013429412,0.264648120192203,0.076624468787673,0.028549172142894,0.0116948371426055,0.00456696421062368,0.00137231320995879,0.000146981366463435,0.00014793086913069,0.00111792253053213,0.00304520053865222,0.00608617538299431,0.0105567873783122,0.0169654785468332,0.0260850675853895,0.0390732844419032,0.0576595858284744,0.0844140124337547,0.123072098192804,0.178701196978934,0.256825715577939,0.358576629662505,0.462673670763529,0.445592899762045,0.211546770877127,0.558408992201101,0.492026052655596,0.336403827630119,0.163765291487319,0.0296949420072861,0.0704212250587501,0.398549030672426,0.706061257760351,0.815741579540731,0.833601497552455,0.832725890819647,0.836142772551675,0.84696471094362,0.858776673453397,0.856809288099464,0.819694926605503,0.739101745117669,0.612407994425177,0.469067378745624,0.338635641246209,0.2358413043157,0.161344188607155,0.109515914665673,0.0741628336311859,0.0502420507532105
0.0133567794581548,0.0188019773075812,0.0267630406699857,0.0389307337724778,0.0586732189292989,0.0933794937313726,0.161171522367812,0.310321429983948,0.63266125157552,0.832879212838648,0.47489197825027,0.225071584233447,0.117003700018123,0.0662780845855482,0.0393129453730998,0.0234527482113151,0.0134146952620629,0.00680137356562878,0.00253362219597963,0.000309487981473092,0.000555345932824655,0.00486931579204051,0.0174937930244368,0.0492475041302256,0.117519941572787,0.0823830168100642,0.122137070395955,0.10874057769679,0.0574104667641096,0.020200834283007,0.00312388134968222,0.00272729822586519,0.0254742521524613,0.0874940234293904,0.211795587082757,0.405060022589924,0.617127913464568,0.76765607682237,0.835714572008797,0.855379902979954,0.859317940680441,0.859591728764215,0.849457526994315,0.807368429315077,0.710175469112321,0.561109086159954,0.398824729368526,0.26291766505648,0.166563754280165,0.10427139301368,0.0651675426598602,0.0408743975990935,0.0257301423024298,0.0162077189112691,0.0101803233304192,0.00635628228550181,0.0039428883782128,0.00242318680347068,0.00152189834984852,0.00102980955155137,0.000841040367447665
0.00432300701999013,0.00578948724292637,0.00775032589125063,0.0104415743814772,0.0142707579646907,0.0199925485171479,0.0291356333662203,0.0451872087086737,0.077505782445466,0.157439409442162,0.411312175923973,0.728508960322821,0.261497301301447,0.0895348101933067,0.0380101950740247,0.0179301286683804,0.00859569971560969,0.00382160776588355,0.00134300428107993,0.000221067569664371,5.47915109868646e-05,0.000702735577567939,0.00217764774195613,0.00461079424739249,0.00825147217159654,0.0134912626633833,0.0209134131583625,0.0313749046002213,0.0461355225724414,0.06705446147433,0.0968734889478325,0.139565169698099,0.200528769398684,0.285529613994526,0.387573525064275,0.47798290363702,0.255245490045195,0.559463307537969,0.433948456141259,0.159783927630844,0.014280172459156,0.158302574951192,0.480039758732383,0.72310788135183,0.823390237153594,0.867742431285066,0.871008278712135,0.867583457771855,0.867703373288271,0.873442111444336,0.882243962665966,0.887345823877167,0.87907365857546,0.84836852347982,0.783931156340345,0.688331844609184,0.574098170055074,0.458330126647069,0.35447319732869,0.268771092999254,0.201606829211091
0.00814695801822977,0.0110834760753484,0.0151292146025613,0.020888476546867,0.0294609728533198,0.0430170328245295,0.0663069101426108,0.111203231301022,0.212376258705338,0.47361328084637,0.810454171701099,0.436955642331835,0.173136172491966,0.0787621763315149,0.0398678133196551,0.0210965049040297,0.011003658398576,0.00524871724018475,0.00197881204360787,0.000363744686793432,6.95393136303352e-05,0.00106078612961494,0.0035419161095926,0.00797547592539418,0.0151574546999081,0.0263219044749686,0.0431048904775795,0.0664042431001951,0.0889877544189407,0.062706836472444,0.128424011284122,0.490979605991571,0.446193126678868,0.304016932837705,0.187006524975927,0.108520252842116,0.0576136160414606,0.0250827155192208,0.00632107924288184,0.000975847794414037,0.0126127585128622,0.0497107999624125,0.127052830420531,0.260234915641404,0.445977103785003,0.640569538929751,0.780646786754107,0.843121157000612,0.851472605168294,0.837492675512605,0.821217826614305,0.812305592259745,0.813891738202576,0.824980907742261,0.842930092260495,0.861505442990344,0.869806857199672,0.850200106830926,0.794167657389922,0.704276493259736,0.57679081214797
0.0095175191010773,0.0130265084316041,0.0179086643879866,0.0249370842429609,0.0355355001473586,0.0525521552430252,0.082312173916526,0.140796560012005,0.27386577806439,0.590981938736235,0.797032938660683,0.394300860614858,0.166882954023537,0.0796568059953532,0.0413878284474202,0.0221058827466601,0.0114261004452828,0.00523266127453756,0.00173971713000669,0.000179598050944648,0.0003283951475406,0.00235065953605253,0.00680596022527907,0.0147861715230637,0.0282140809200824,0.050354322421612,0.0863768563843587,0.141970041612342,0.204472892087057,0.116343179656229,0.409460146249599,0.426609945512274,0.280857672202256,0.123801270713597,0.0306368190771882,0.00369184850554823,0.0574411934566719,0.214869037255561,0.45447855542552,0.678110267596677,0.807532013745951,0.854142977084423,0.861737424857828,0.86009905309804,0.861524238090096,0.866616019754281,0.866620973645241,0.843704763768304,0.77634558147451,0.65634643587612,0.504665711801337,0.357629477736351,0.239908689303486,0.15617034250072,0.100638833620383,0.0642592565625655,0.0408509441995821,0.0258189061025894,0.0161802372021811,0.0100409380287689,0.00621755200885566
0.0268607598858513,0.0381001829296415,0.0548236737996264,0.080973064960715,0.124582040387921,0.203259062627516,0.356062751970712,0.638100182520616,0.874095417335794,0.64406608750683,0.345659826799547,0.185973885246392,0.106501469893799,0.0639488208673245,0.0392365208579939,0.023917555142555,0.0139867204104737,0.00742657623100297,0.00319565649849004,0.000787978195039424,3.72265991233499e-05,0.00103408502610319,0.00408739080354324,0.00963001505511897,0.0176926128915294,0.0250550545027581,0.0140729301574773,0.274757092930328,0.647303629258669,0.609944836750102,0.285815691829184,0.073614067035501,0.00691797157285277,0.0114724695778897,0.0617999377314096,0.14911899426604,0.278424101311761,0.436012438292347,0.59905324630229,0.73752667372693,0.83099315426409,0.878275844947564,0.891881728468159,0.887230099999304,0.8764099605015,0.866983470514534,0.862871177700263,0.865316346404847,0.873197063981522,0.882517033140557,0.88493444682915,0.869337624274897,0.819439879541427,0.725985964176559,0.595414437016969,0.449876932925697,0.317212631973245,0.218516597851963,0.141012484182172,0.0880283601080258,0.0532378621087645
0.0257118084060986,0.0367483492007534,0.0533178263957488,0.0794231349280637,0.123178781474833,0.20219989346127,0.354946580794234,0.635129963430192,0.883167316865249,0.680056452318427,0.37885535488955,0.20904301109969,0.122018367758216,0.0743854763655182,0.0461266051835034,0.0281953943397615,0.0162735517301891,0.00821988411051241,0.00302129683096297,0.000370468029378572,0.000548310063534405,0.00450882231828618,0.0141317209898863,0.0328684314030263,0.066269460799379,0.122713011318469,0.21071525205463,0.302223904964368,0.57198949730641,0.451069075504639,0.719897607511722,0.84055516828118,0.876969972479248,0.885792040836255,0.884994629603981,0.876788060974679,0.848926769026918,0.778677460094973,0.650559736315392,0.482858059603491,0.321224042245359,0.198098324078033,0.11718329685657,0.0679531770871206,0.0390034427792291,0.0221985176337411,0.0124973985072993,0.00693144487757269,0.00377443560526355,0.00203417447268283,0.00112190554345155,0.00065182970616865,0.000462572050315325,0.000472034449806308,0.000734051539728546,0.00155807169321566,0.003909041230909,0.0108274480921252,0.0341674680606638,0.1243524677842,0.36457644033394
0.0184125300323966,0.0261949855828169,0.0378066777439443,0.0560147423036231,0.08651986739956,0.142228987539855,0.254903264586289,0.495840382499118,0.839484000681135,0.711327824608478,0.369903398114289,0.19141900538525,0.108092221866148,0.0652915828298779,0.0409342493531541,0.0258684365411111,0.0159411104903231,0.00912229406892851,0.00440143069580233,0.00135863597496146,6.44444217579223e-05,0.00128277497177544,0.00732474339964865,0.0251417974519988,0.0790056246805473,0.251827637730573,0.401456661565714,0.0432909896682278,0.00331941887602664,0.00181416256932338,0.000384256657731423,0.00583996058663235,0.0207221154903778,0.0491505706538156,0.0974549228498589,0.173703704942675,0.284633753291011,0.428203715837081,0.585272174152864,0.72344392393501,0.817984300123874,0.867173568139912,0.88553469041502,0.889436789498422,0.889661357904866,0.890333717637274,0.889585182114775,0.880002360286347,0.849385995402666,0.787822607808365,0.690520025256532,0.568703647632133,0.442785794151687,0.330582324419729,0.240446874429385,0.17256625319594,0.123223096949014,0.0879247991946343,0.0627747219368586,0.0447751418409074,0.0319374297197667
0.093919067437065,0.14572475765768,0.232692826232117,0.382166833070173,0.621942790331373,0.879097063037279,0.890075440881373,0.658119912481781,0.433647097343962,0.286893075791456,0.196804694813122,0.140111634923513,0.102856315009921,0.0773388589874756,0.0593032394107735,0.0464281596304728,0.0377258223617829,0.0340454395938876,0.0449620341508521,0.223692528550244,0.130572189574926,0.0432091598119676,0.000457770517370638,0.00711241187395075,0.0254430712196112,0.0616558915572649,0.12800870412006,0.239620028450725,0.402241429652147,0.589751171341269,0.746490583334162,0.837227734207789,0.872789114336158,0.880860924300338,0.878743886784149,0.866104561940674,0.824499064451519,0.725420325785485,0.562002648465213,0.37688892892286,0.225050142234836,0.125147458965062,0.0669223091910494,0.0348665414108094,0.0176799996156603,0.00863497360707963,0.00399149938980709,0.00170489580313813,0.000664712878718703,0.000276766026951459,0.000132939775653042,0.000154254120281222,0.000428211483669445,0.00154384306555242,0.00552565896365063,0.0180814596623625,0.0694060342527106,0.25605132804089,0.468946770622427,0.368932110693274,0.274785895998013
0.0105427459068987,0.0144886123165512,0.020031594963295,0.0281148171425876,0.040517438113833,0.060907437453259,0.0977407172859895,0.173297135696601,0.352126731760715,0.727615872176021,0.694675744252562,0.306115232429102,0.136032579309992,0.0682888557926915,0.0370110702039671,0.0206346672625319,0.0112924720579499,0.00570841646952704,0.00238103096393872,0.000593030246211924,2.32543239772444e-05,0.000585044921012977,0.00236178836239025,0.00559178155088831,0.0106855855325411,0.0182748938116607,0.0293126070633765,0.0453471213404175,0.0690354067230489,0.0912531295944025,0.135680702781899,0.193610217438721,0.270981267204345,0.370601391089083,0.489931226019775,0.613525746461018,0.690121342278209,0.399668029192725,0.549394533433588,0.135854148095997,0.334557577423093,0.724053942243832,0.850032302148935,0.882661401434666,0.887887700727824,0.888337238532785,0.889503764870713,0.893336870174596,0.897759907271165,0.897786336894878,0.885864755551893,0.853946944828435,0.795605763688053,0.711028712008679,0.608323138234152,0.50026698134568,0.398729825912074,0.310946727694792,0.239235598815493,0.182638180490748,0.138583178080457
0.0022846493944483,0.00300818655031038,0.00394599781947869,0.00518695758169937,0.00687770102988802,0.00927537303407472,0.0128670295881383,0.0186736210713086,0.0291555343231259,0.0515745925209016,0.115206652940277,0.389001329018725,0.44902385547117,0.0976947513104852,0.0301779229032977,0.0114851995449602,0.00450786855731029,0.0015350503111199,0.000306459393457758,1.28838625001106e-05,0.000341824138354341,0.00119020422860979,0.00256597371463592,0.00455560615801679,0.00732079485666985,0.0111136790655421,0.0163101593044007,0.0234669638349542,0.0334135648090733,0.0473941685624941,0.06726797373313,0.0957130745804647,0.136084229046113,0.19040977507967,0.250039781115175,0.263672995421536,0.11162147267847,0.0756872442625152,0.215473129087604,0.230930411897617,0.195960357406095,0.155306162828048,0.120472123026093,0.0924338210652778,0.0698856280638591,0.0512041765208443,0.0375439330071693,0.0250844995850757,0.0139739765937866,0.00549955400063944,0.000841410616754649,0.00340045182110178,0.0208593907655223,0.0689969545823329,0.176489883189878,0.369364294816855,0.600158558991401,0.746881472753978,0.770075349685024,0.730801295112512,0.680719519324073
0.0367205183459008,0.0527529517052896,0.0770351460817348,0.115639541160216,0.18071720879123,0.29709857202971,0.507319030860502,0.801841743785731,0.871110269039396,0.594986075806059,0.343189456686696,0.200061257388951,0.121639105348673,0.0762145298238517,0.0481540015564548,0.0298618519769713,0.0174957302185784,0.00905721175340216,0.0035449139597664,0.00058331727569196,0.000287402976363229,0.00326951243389831,0.0107554279761528,0.0247832108367719,0.0481600598275235,0.083580994749289,0.115408698788437,0.337556682262445,0.49359894238285,0.24205814317112,0.581879203563715,0.750998970398433,0.841102260755728,0.87764285835266,0.891594231362357,0.891567080253781,0.8879031655005,0.878710107311409,0.850648220406735,0.780175241318265,0.649209345455211,0.47451064475643,0.305600012435788,0.179321161499217,0.0994200069405145,0.0532940853233643,0.0278917057148875,0.014289531875776,0.00719200807470976,0.00362278908743784,0.00194505603757823,0.00127334788663196,0.0012573862073951,0.00204037164268712,0.00471267914226209,0.0133148775138068,0.0427257749030148,0.151709346243854,0.417008534815422,0.414598423571309,0.277850147008865
0.00654605005843435,0.00899995954258509,0.0124388877203891,0.0174303561023129,0.025030295956919,0.0373833176562212,0.0593697368556294,0.103882594640416,0.2116842091092,0.510652767155229,0.753107647177694,0.335726119536184,0.133168486003053,0.0621217323956324,0.0320181675477135,0.0170220620780768,0.00871670303090081,0.00388009476985332,0.00116725151155285,6.66849654290628e-05,0.000564176158756397,0.00310547752017244,0.00878972802303303,0.0199196387412179,0.0413295850866491,0.0835329557839286,0.169112765165102,0.331874566832558,0.508270926879882,0.211488644214469,0.0720612004259174,0.0666105727867743,0.0289032595600291,0.00392022977303163,0.00777577341639842,0.0604600363436858,0.192634368441995,0.409960762097485,0.638055999022197,0.784114533402356,0.843670533482912,0.860562367918848,0.865631487893508,0.867690304126202,0.859527814811611,0.823453413137521,0.742128852488702,0.616588096622704,0.472096120266642,0.340761471981817,0.237514485369763,0.163405028796104,0.11243549706868,0.0778730324075653,0.0544026455410316,0.0383180274883837,0.0271550849477315,0.019307335782315,0.0137535403258212,0.00983334283899025,0.0069210585276602
0.00189639069863179,0.00249797598593561,0.00327811708935263,0.00431092117790522,0.00571863297253852,0.00771560088069332,0.0107078405980137,0.0155467406392828,0.0242863797256773,0.0430103455380912,0.0965788476425855,0.343912375917422,0.439611104586532,0.086176258408782,0.026182789518032,0.00997060715647334,0.00395680634107124,0.0013881660540461,0.000306006379038035,9.18212289645924e-06,0.000221886602543531,0.000843841371769882,0.00186326785749385,0.00332524900755394,0.0053228873040113,0.00800061041160513,0.011566844893546,0.0163171185272679,0.0226717008248356,0.0312356479659539,0.0428947172161553,0.0589689461208062,0.0814555298096429,0.113390851127213,0.159278747215834,0.22504685447513,0.314664739430275,0.409482997999173,0.348630971502999,0.266573003712402,0.42612659057908,0.271412215588724,0.11555439904072,0.0218203580151289,0.0147341301156281,0.127819352805705,0.365228110621205,0.627631390535495,0.790797394842669,0.84496841501645,0.843041042459374,0.825924866090004,0.811648337324012,0.807420132952752,0.81406857742132,0.829456002801413,0.850216796399189,0.870110079698314,0.879842271153002,0.868089699647877,0.825252634559089
0.0587199547191676,0.088671771228584,0.137701748822221,0.222429109008621,0.374548914750846,0.629970239178173,0.888881897372834,0.82611694599176,0.55271681136545,0.342797428508967,0.21939020921645,0.147379653920738,0.10323907383265,0.0746747906888535,0.0553164114602126,0.0417609357300709,0.0321893805076531,0.0258218863263062,0.0231648450425424,0.0296549739763572,0.109780400931099,0.331821590630538,0.393671059104783,0.139257304999344,0.0120991542750778,0.000488375233955824,0.00770602425683453,0.0271150094694495,0.0640047596222053,0.126605899380221,0.225582357817321,0.366155135042259,0.534637638856042,0.693308318798836,0.804321802921731,0.859593302205089,0.876942945248901,0.877926131052682,0.87547830094552,0.8713471541114,0.85490843173221,0.802757740775519,0.690435290689275,0.523701270814062,0.349192696978478,0.211379206609727,0.120855973449679,0.0670060111085056,0.0364465440780806,0.0196789984704255,0.0103861299600351,0.00544006965322477,0.00291726313694957,0.00175715753444396,0.00144013479206032,0.00195603643742133,0.004512297468969,0.0149008284654972,0.0633905664782218,0.268539166952906,0.306295280930659
0.051322676070279,0.0761033386073666,0.115596270642486,0.182062977724829,0.299976153177001,0.509445654707753,0.800060850297974,0.892621010801186,0.64791914807758,0.395715508673797,0.242836368308629,0.156001465042772,0.104552497321308,0.0722179246644716,0.0507610339724572,0.0358671804113206,0.0251777098085277,0.0173754518781183,0.0117638191041603,0.00813661855790368,0.00724649379379862,0.0187837874604121,0.26077023697607,0.363758697100546,0.504564707822383,0.112675465533275,0.00862020796455196,0.00353839816180846,0.0243776377881933,0.0678957151402858,0.139334326592263,0.246293822439603,0.389515594589095,0.552750278794571,0.702619054014581,0.808697642660267,0.86422655672512,0.883146870843576,0.884149711944744,0.880671676420669,0.878530707238779,0.875524055789867,0.859787615964,0.809084044734595,0.701065712790175,0.540124570487939,0.36788251509321,0.227394679354144,0.132094609704987,0.0738358482470035,0.0404970822400678,0.0217507363094983,0.0115148913794595,0.00613157361860113,0.00350904193893688,0.00254853693272079,0.00303921230668245,0.00677205416867517,0.0246241146152103,0.12445817376047,0.315777406087982
0.0164426445335102,0.0225982955551252,0.0312545690123392,0.0438859272051128,0.0632552846738272,0.0949827490617708,0.151638255620447,0.263832108425722,0.499791803039034,0.829145887897746,0.672823023012813,0.325531306383233,0.155277394359523,0.0797478765259037,0.0427904909408469,0.0229208540450251,0.0115680355803008,0.00498364513051156,0.00142094695065764,7.1931108512463e-05,0.000637193131152742,0.00315077902616477,0.00792349641781222,0.0155535633396415,0.0269862351213613,0.0436144340413946,0.0674019900174406,0.100951417881713,0.147216521031965,0.207716597716779,0.274137246113067,0.279522861483548,0.238106229728526,0.727015123575604,0.692813457100983,0.439836859729836,0.117185459891008,0.0403194997473817,0.31351242356381,0.625561627701366,0.79893115619804,0.861109377558298,0.871217483069498,0.863552163197684,0.854180399634679,0.84988909954916,0.852688628725819,0.861157003075987,0.869708680166732,0.86657247798677,0.832867424510207,0.748763670419675,0.612683520322462,0.451470656785929,0.302581471584649,0.18921520963184,0.113135522561663,0.0656718203053137,0.0379750753915977,0.022714613580394,0.0163701724687387
0.0411845394404479,0.05934558272703,0.0870393174396283,0.131489374300483,0.207288815848364,0.343803613400505,0.583667348884408,0.862009198584469,0.816092586860618,0.515929784447581,0.29497559919817,0.173645549023625,0.106796840724632,0.0676520140087618,0.0432659816465026,0.0272905564088907,0.0164588072342494,0.00902484379334632,0.00405644676189202,0.00110413961090573,4.42495887858327e-05,0.000997330246533075,0.00423078022124887,0.00979171656458379,0.0156614603910943,0.0096653557499748,0.297187050108115,0.483550340764997,0.614591803477823,0.17821935647171,0.00912934536891011,0.0829931712872654,0.222737758521548,0.388784846771323,0.555922592535184,0.704140515777393,0.809740537549279,0.870298459205781,0.895594473533551,0.899657122310719,0.894572162122008,0.888438055611078,0.885459641611858,0.886202318853065,0.886969715349,0.878106872182498,0.842770391147953,0.761474700919594,0.628035117595113,0.464985101787975,0.31124046986599,0.192476692886119,0.114588064290533,0.0650997076569492,0.0360453335904438,0.0197804812216447,0.0112703646931578,0.00762676679636182,0.0084482536604871,0.0217382206211359,0.11895122777677
0.0257756921533239,0.0373695830293399,0.0551985544535136,0.0841463631754121,0.134535346793536,0.229702010720906,0.420249386792713,0.743821680212941,0.865987489853069,0.561702830386754,0.307388176412147,0.176017238435844,0.107667929482662,0.0689645338985067,0.0451381428110323,0.0293976322939575,0.0184016259976252,0.0104392045233801,0.00469702795861034,0.00104313495633859,0.000259225262614748,0.00527092803362894,0.0262448370822968,0.102016806862055,0.179645535144441,0.0455595812640414,0.0227272944688413,0.00279176898190004,0.00393206804228879,0.0296298891896877,0.0908764144030484,0.203874792860496,0.373979200836066,0.570199675975467,0.732725036823223,0.828044386038246,0.868741790192385,0.881754826632572,0.884483447481969,0.880782562829214,0.862914511345289,0.815230236294873,0.724003188535498,0.593005219470379,0.447649312050676,0.317040644801207,0.215929767449471,0.144381765518649,0.0960124418506025,0.0639871994399288,0.0427348952022214,0.028598045894249,0.0191198299110858,0.0127145304354815,0.00835800505269337,0.00541643170513121,0.00339926076989225,0.00204115957918788,0.0011458793058179,0.000583987531796592,0.000252034157059435
0.00786612851081829,0.0106394282500279,0.0144283543941967,0.0197751533544581,0.0276632949204651,0.0400283919183742,0.0611020973539126,0.10149441598957,0.192707278320213,0.436053978912925,0.792461895214748,0.416598130748115,0.155366010569683,0.0675329166204002,0.0327946487761628,0.016577175675881,0.00815757993379342,0.0035697517979762,0.00114213104871974,0.000119186304672822,0.000168819643204637,0.00118852676127255,0.00322820129731934,0.00646670696634549,0.0112201251584028,0.0179763057050533,0.0274593609187331,0.0407339571731945,0.0593604507475066,0.0855874588195449,0.122418110056494,0.172620119345045,0.231673820286655,0.244509030807679,0.101286672164151,0.516960131000719,0.433659026976667,0.231145543057595,0.0863530886291518,0.0157709867285337,0.00820504591469668,0.0510444139999155,0.161083190554122,0.327165934379041,0.521830969291914,0.697156362211365,0.813349623801436,0.866221361827499,0.875238423571975,0.862594646629473,0.843635177172764,0.826762220293456,0.815878187490415,0.812480115903235,0.816828532709866,0.828060410105517,0.844629252459372,0.86378463937885,0.881131082186967,0.890245613846589,0.882920580221297
0.0272727853321376,0.0395663319515317,0.0584528757702452,0.0889961481543478,0.141671104335751,0.239327395885993,0.428438942573814,0.737263088456383,0.874654246309817,0.606888644205094,0.347382305265868,0.203700174849162,0.126480605450857,0.0819495339146941,0.0541645322021215,0.0355734644704624,0.0224040355494529,0.0127215355177799,0.00564537567751558,0.00116164194307208,0.000504189129403272,0.00772672689602703,0.0341489950642824,0.0769940054681213,0.232658422169984,0.121874194818734,0.011409727779154,0.0213059861536228,0.150125436949298,0.405223299542147,0.663991025808209,0.799269430224747,0.841157435447021,0.849543412087603,0.839850890844786,0.79002071905909,0.669084619473811,0.489613181780406,0.31386273404265,0.18581891242198,0.106603029960478,0.0608579187045898,0.0349280158414305,0.0201895340163675,0.0117361566918182,0.00684848254684345,0.00401310762041235,0.00237474278454386,0.00143129515550337,0.000915480448104229,0.000654181375674793,0.000561187003250915,0.000613455921910276,0.000858049333487766,0.00145950792141983,0.00285325155475618,0.00616237701215686,0.0144573552413192,0.0380150407707433,0.115829394177122,0.338905643879446
0.0152170309981202,0.0208935751344168,0.0288597335443596,0.0404662896010336,0.0582565960684062,0.087441231312882,0.139819760444812,0.244879825197583,0.473086990863284,0.815705182668722,0.665770862648554,0.314055968631238,0.147677857001671,0.075603635042724,0.0407660235057577,0.022133794863083,0.0114775355000243,0.00523050927006457,0.00172867118229621,0.000184744204196562,0.000273066606727038,0.00195508717322333,0.00541227940611419,0.011035372078825,0.0194501433900728,0.0315722928018722,0.0486852115388003,0.0725186024439621,0.105235997571558,0.148948714502318,0.202915731049726,0.24570320741638,0.151720107050145,0.687703142059423,0.749680058479078,0.463068295500753,0.0477386113909754,0.14251821083624,0.443085463261093,0.678442578450915,0.814965398267093,0.877929909754874,0.897248087091533,0.895119255484176,0.885201808875035,0.875464307467164,0.869963598604741,0.870323379066144,0.876370474519568,0.88613010554517,0.895332978931661,0.896755266500104,0.880208260225441,0.834934934339941,0.754599494916787,0.643569735339136,0.517121933426718,0.393949380617917,0.287502968699456,0.202963062187376,0.139538953765791
0.00121881027408164,0.00159927055105391,0.00208842154962309,0.00272889584055447,0.00358953863626165,0.00478797315144299,0.0065398514949465,0.00927861250774137,0.0139915651085292,0.0233722137947546,0.0471612154163376,0.14252300170809,0.5726560137999,0.11056253127209,0.0263364719273705,0.00894095095994146,0.00329193990876541,0.00106817713042102,0.000198786463993481,1.12266243403755e-05,0.000262945047671424,0.000880597019038467,0.00187802570893468,0.00333252732750209,0.00538706354147678,0.00827134154116528,0.0123459407064189,0.0181842302758182,0.0267242796662485,0.039557679589265,0.0594912102101532,0.0916258616310374,0.145125389909695,0.233568830356925,0.355533748580949,0.380901617652251,0.0524303632303803,0.115152519924909,0.110172457594408,0.0711534298502255,0.0423204470432476,0.0217346332422431,0.00819788361515276,0.00177646127035543,0.00185250507541206,0.0153975813234874,0.0463796032590012,0.120548018611846,0.259279621619048,0.463038018283297,0.669286314211651,0.792724109510089,0.82555033161447,0.813201071194071,0.793579856471402,0.782987919821117,0.78587475425867,0.801346238318447,0.825059950219278,0.848713563963855,0.859272994554987
0.0151728087660729,0.0212733333891539,0.0301376524815374,0.0435899921651442,0.0652323378222114,0.102866701502044,0.175236400757849,0.330312351477062,0.649622049639891,0.836857051164835,0.488260564616055,0.233530663216796,0.120725782348523,0.0675087881139604,0.0393370805160008,0.0229544470024363,0.0127887686243609,0.00629470953376403,0.00228416275072265,0.000291018760914399,0.000349581385826049,0.0029914342603789,0.00943134591942263,0.0220156306696289,0.0450810127786285,0.0860076648205041,0.150623262801042,0.157638864910047,0.418786958156934,0.389754750839418,0.123769899821805,0.00750156447725334,0.0630173368699753,0.256997083046018,0.512949718367975,0.717901348790264,0.825977331993646,0.865536511171122,0.875277147349657,0.877169901245734,0.877490308113017,0.870665438144612,0.841202533925479,0.769531368058302,0.648222608633517,0.496990934655794,0.351199247948978,0.234964858012852,0.152712778474862,0.0980861509242103,0.0627949003889335,0.0401668409306719,0.0256114866426003,0.016512381566818,0.010432131590936,0.00652366321579648,0.00403121065876624,0.00252696537830553,0.00159068134322855,0.00109565605799724,0.000951269225501198
0.0114514528977231,0.0158125937508616,0.0219801926212358,0.0310275453536483,0.0449691973919316,0.0679249196596404,0.109255212023706,0.192892053044476,0.383103877938249,0.744051620272067,0.703812601931081,0.32944781453762,0.15066109437004,0.0759664848266543,0.040599637371999,0.0218075635207864,0.0110376885756553,0.00471339578546416,0.00125831644989439,4.45841907777301e-05,0.00100844085493858,0.00454335896046841,0.011547450193431,0.0235972983063169,0.0432604539356383,0.0742345129952823,0.122743105605933,0.195795081929891,0.300084497128198,0.435599667864608,0.587292927910674,0.725131247319851,0.817834168076775,0.870900971522939,0.880062257498925,0.87833455625205,0.888640460030325,0.886223669035285,0.862677021849687,0.860689196701935,0.811654698178945,0.711733444106126,0.569207064508225,0.415226905526953,0.282173188182966,0.183654456359211,0.117038327039986,0.0739909972128716,0.0466800907647642,0.029396399199063,0.0183909964797028,0.0114874137461618,0.00709747768577557,0.0043194814624771,0.00263251624393886,0.00158472203037414,0.00096933144479386,0.000647359161919971,0.000535926762180168,0.000646479877111619,0.00122204093881826
0.00920028463379612,0.0125589125471985,0.0172133002306072,0.023884349220415,0.0338940957119728,0.0498741979761246,0.0776358929417088,0.131788336199938,0.254416967627203,0.554442884687473,0.80883516953563,0.413404475267596,0.17291912781391,0.0821037858764207,0.0429271749716709,0.0234179600293019,0.0126726843459138,0.00639922553814621,0.00270788432491061,0.000716510755216825,2.82547065771126e-05,0.000520014617912062,0.0022574435743129,0.00547012120831309,0.0105621002125237,0.0181496849811057,0.029125838822085,0.0447549273624011,0.0668081634353709,0.0967897917936969,0.13981202382868,0.197621597420495,0.274238077608669,0.371504255494867,0.486445015318408,0.605716196009056,0.674752862707698,0.702710335687993,0.703791298854877,0.248998951434623,0.754211981613794,0.871919361594535,0.895458270598609,0.897715194416773,0.896615246845458,0.896865502694187,0.900617977089359,0.902889442120567,0.898255454747718,0.878413864224849,0.834854979936449,0.762888920557701,0.662000767151022,0.555085672384643,0.446676896621487,0.348917941566778,0.267499129976971,0.202988028857507,0.15338444576757,0.114412894344665,0.0860206739007505
0.0832220546835389,0.128947794996825,0.206003528429275,0.340351791390231,0.565715244440127,0.840768094509437,0.904265243304685,0.685661639122483,0.451168212837326,0.296675917391909,0.202874825536018,0.144634525623844,0.106884909413131,0.0814439159581425,0.0639028365869509,0.0520181810512941,0.0452653780271606,0.0464371024653642,0.0785482661952951,0.340044845721979,0.151314190196929,0.184987789021566,0.00461333996224363,0.0021825037161148,0.0149466784496599,0.0435998857865919,0.100165800800126,0.203670126947664,0.369001967947474,0.573122707433427,0.742186002606759,0.827272624456522,0.850165843693173,0.849554566514375,0.838792560536617,0.79631457951922,0.6757194715356,0.472523711565079,0.270771417786563,0.136774608373182,0.0653941187483491,0.0306563877095696,0.0142614799213143,0.00663357160525879,0.00315203626529989,0.00162928995583143,0.00104325078865873,0.000974076099647642,0.00138604498943629,0.00264221735426703,0.00580627359255035,0.0136347608177249,0.0335718020531846,0.0871950555621636,0.232028218569964,0.497196396601707,0.564190433943672,0.431886329777528,0.32378352836483,0.261332748885293,0.226238430592583
0.00197707126498582,0.00258509239904755,0.00336212299730731,0.00437294476929046,0.00572188162169696,0.00758664822660777,0.0102919980130266,0.0144881442654941,0.0216489478234978,0.0357654692342597,0.0710385788374862,0.205149136459912,0.578774836833634,0.138600417506069,0.0339811626128614,0.011114081411426,0.0037658182351779,0.00101707410705535,9.71828142025694e-05,0.000102055589380523,0.00070338115704181,0.00179511675884274,0.00337807677978452,0.00551971496345422,0.00834271596087266,0.0120275884852792,0.0168247703380148,0.0230759579314001,0.0312467405059636,0.041974513093022,0.0561373539984856,0.0749504207212784,0.100093746911375,0.133861145256695,0.179273025130582,0.239964909412781,0.319339127543527,0.417744025150019,0.524533160768556,0.584569844210271,0.314211589902234,0.72035815060734,0.715649353096502,0.592619667173099,0.35284989517925,0.0698072554722086,0.295969420554996,0.722804475607215,0.819466250265264,0.817434420447102,0.803297762002706,0.78150028499332,0.796435462359706,0.812270728443028,0.833183796106496,0.852153680264364,0.873731894379896,0.879373186830479,0.85609780780389,0.798747108885976,0.709556029665888
0.00709659231097264,0.00981187741432133,0.0136599914142333,0.0193247037876636,0.0281052227222391,0.0427077737805921,0.0694817688296689,0.125793978655196,0.267623283552151,0.636482866503526,0.705079841171657,0.293233035416583,0.126512837652278,0.0640624590140327,0.0358348467230868,0.0210085827726834,0.0123442634107357,0.00690249644154515,0.00336493276062754,0.00114537253401066,9.38435502844361e-05,0.00048681505318746,0.00332394889806675,0.0112609009688963,0.0303198482204863,0.0550573060102486,0.0123276491269954,0.0716397309312694,0.0505093339889279,0.0299291309669159,0.0172903795351956,0.00940835686924277,0.00442253062982184,0.00145070246106473,0.000138414251882689,0.000536280974320705,0.00305765493523798,0.00862561459641143,0.0193451422966375,0.0304096839063501,0.0568370964350305,0.0977820522515019,0.16165544779607,0.258851588782074,0.393122390908225,0.55322003696035,0.704202761534612,0.80721104269358,0.851000126179126,0.851519489668416,0.843783943777372,0.831803489234512,0.827280953806549,0.832544693650817,0.845709273147621,0.860885199244565,0.867409900348482,0.85038143711212,0.795715064562582,0.699883828769499,0.575736434958073
0.0102131715398356,0.0139757062190289,0.019216004615427,0.0267672974244127,0.0381616563712779,0.056459244825743,0.0884405155201803,0.15114438689266,0.29255624017556,0.616009333749318,0.786394977230404,0.388255820883231,0.165298030341117,0.0784635803460837,0.040119563075344,0.0208243905937606,0.0102453232600576,0.00426747044654782,0.00111331998543004,3.88839415181532e-05,0.000861795068364586,0.0038098521982888,0.00953339826003021,0.0192490365738758,0.0350415612912296,0.0603758087559369,0.100754802708072,0.163535132065811,0.250517912576827,0.304373966974474,0.101823996113372,0.48192425946985,0.407750724838286,0.225394997225769,0.0741962498849232,0.00813268707813915,0.0657918660642742,0.292425935919997,0.580229738668166,0.763862093243099,0.831088355717729,0.844252639088165,0.844575417327582,0.846951168062694,0.850158896405068,0.839941091520944,0.79062567864242,0.679988892086261,0.518919152469011,0.352636885257566,0.222313608704743,0.133661095122244,0.0785910648142794,0.0457076079081671,0.026391678906207,0.015160360182102,0.00873328465099837,0.00524823207121777,0.0034822912111538,0.00303556879036758,0.00439005112886262
0.0514046268522411,0.0772283082954898,0.119255039598128,0.191709801668117,0.323252767196046,0.557118674398138,0.847545206738149,0.858991260141501,0.586595662602236,0.358282823474228,0.225168895318578,0.14923070245394,0.103649262789875,0.074667400966652,0.0553235635755589,0.0419766829841997,0.0327185072909734,0.0267603550811678,0.0246926317883737,0.0322028508952108,0.108123636690255,0.391254411614147,0.39876017257758,0.272666118509466,0.0380488035717591,0.00422554153346035,0.000713462604455064,0.00848754899851638,0.0272710714696773,0.061705895478765,0.120139758082101,0.212600347479539,0.345451391726076,0.509061452683847,0.669943981431811,0.78870441680808,0.851353592837979,0.872375317515303,0.873927594986535,0.871213576772085,0.868880485367527,0.860030241669825,0.824597208322154,0.735083904835947,0.583310156187382,0.405444541699876,0.252835019049494,0.147327303050109,0.082646160286999,0.0459058982328572,0.0250063625843566,0.0134740707004543,0.00723794619362737,0.00399523071458857,0.00245900810249651,0.00194982107410193,0.00262114479075358,0.00603581907535572,0.0209309616349478,0.0994121898041597,0.310391149169669
0.0271197948241655,0.0396820408518132,0.0592843430429705,0.0916600002033219,0.149109857041936,0.259518190286128,0.479244592948977,0.807228103374418,0.825166086371584,0.508463761460927,0.283985911961086,0.167784951120489,0.105637858115153,0.069463117476914,0.0466273190729369,0.0311699181831612,0.0200861705639208,0.0118070235440923,0.00558898913287457,0.00138313632808202,0.000246513312517973,0.00629682236426611,0.0345734854097756,0.0619886694516762,0.11768433685925,0.0309017023965114,0.00193957299854075,0.0099805891847287,0.0583010101908747,0.169433887460273,0.358209245464531,0.581439923197245,0.750348231903263,0.833020622062215,0.861365266246763,0.867472158111642,0.859943857686159,0.826781790718431,0.746596249942519,0.612517517301333,0.45169173617473,0.305617360440606,0.196460983114923,0.123570515477173,0.0773900965216975,0.0486378887634885,0.0307323923796551,0.0194956788997207,0.0123824244426447,0.00783737453127085,0.0049216062561728,0.00305084522452891,0.00186449064603597,0.00111692488144251,0.000661431490414037,0.000397254485304767,0.000253750825792563,0.000203354347103078,0.000237613669085323,0.000431058287488967,0.0011041750504919
0.0290142299840612,0.0424492533045093,0.0634737312735979,0.0983614875230635,0.160654669972402,0.280935622891682,0.517254916713265,0.836029533362212,0.793079426953139,0.478220351647458,0.270796699235609,0.16358854438559,0.105874712717378,0.0722346814230604,0.0511597025905363,0.0371644207461101,0.0274558766916304,0.0205512379178914,0.0157054234101834,0.0127915948690468,0.0130581628625352,0.0277267563375213,0.223627290406269,0.491380564521058,0.200178736054619,0.0449319485891346,0.0124162920068079,0.00280655114479242,0.00014869719685493,0.00148192881788222,0.00659506609836549,0.0164972160908092,0.0331841917720206,0.0600878888361848,0.100728348393573,0.162917847961617,0.252240717836816,0.37176889843161,0.514283404248758,0.657827960244986,0.773808223976237,0.845556961357582,0.876919751729732,0.883419220117464,0.880309244600251,0.877265134000105,0.877876256604433,0.879942206426014,0.874913589742203,0.84698129306884,0.781451612163649,0.669529753279452,0.526418158988388,0.38240451079234,0.261561581224436,0.171803481740059,0.109772420206777,0.0685981002879843,0.0417844301826908,0.0245595498821467,0.0136540935682437
0.0174623649250304,0.0250677829609397,0.0365711935013773,0.0548893995413144,0.086116568644483,0.144249650712252,0.264029283037807,0.520635551265322,0.854454683580794,0.692682962938114,0.369306343187136,0.200651712984444,0.119720983061137,0.0770588024626913,0.0522332963216976,0.0365481764989363,0.0259459663662551,0.018363461692396,0.0126821604116709,0.00829153252280138,0.00495195469190288,0.00306503693532181,0.0131219050967372,0.0991761393249196,0.0435783625262803,0.0147857256728484,0.0060271369991075,0.00196732048017356,0.000232664921659803,0.000350836392294943,0.00259314571249132,0.00779286464251113,0.0172582892197078,0.0337226019786796,0.0609479149166381,0.104884777090684,0.173701540961321,0.27589005011839,0.413565579249752,0.571412360745578,0.714861682466579,0.812382765574927,0.859565691981889,0.873841556975167,0.874958016092506,0.874608493694905,0.874918154436189,0.868757877310586,0.840353178790975,0.770716612338082,0.654974417103454,0.510059971407473,0.368590818785018,0.253218547722839,0.169204037466408,0.111652281550585,0.0732513946451462,0.0477940463307143,0.0310388074934831,0.0198914276515418,0.0124485285344426
0.0072458852906375,0.00984760448968096,0.0134231621555948,0.0184960326563655,0.0260132098514053,0.0378311685077357,0.057984229948831,0.096496887391541,0.182781807702434,0.411959967424218,0.794014022723206,0.455557200268192,0.172510255879456,0.0756092522001641,0.0371466791153925,0.0190532312355454,0.00952807895128889,0.00423089192007227,0.00135751946390451,0.000129667427916412,0.000267836982207691,0.00180267769354289,0.00503149047424452,0.0105642474206045,0.0194592327566221,0.0334840422467263,0.0555617037455053,0.0903912312182898,0.144490237884472,0.21982739616999,0.260412776485724,0.108973627785134,0.443046338406226,0.335560360749813,0.182331616019076,0.0663680278050436,0.00839079703808476,0.0165594866104016,0.108420249796482,0.296304073350721,0.534846606702601,0.728866612282238,0.83008847131481,0.862147232923902,0.864026271777392,0.860091737186642,0.860568976087258,0.866871870035225,0.873892456555337,0.868543340986252,0.834946575357605,0.770899265302778,0.659471419725737,0.524105181684147,0.391728244598639,0.280625058086899,0.195989948715348,0.134717825619524,0.0921602655751359,0.0649945685072205,0.0439847845747328
0.0128316623155431,0.0180540330719434,0.0256976014680822,0.0374098308101113,0.0565048783069461,0.0903585119198433,0.157465898029015,0.308826741497225,0.644274670027333,0.81819192241003,0.438093652373887,0.203683627308443,0.105636213681564,0.0600566075533554,0.0359344570990051,0.0217990892458551,0.0128779232148202,0.0069827993029263,0.00307557344189793,0.000743107765179632,6.65355440341185e-05,0.0018119895719374,0.00826946358845926,0.0262709525856173,0.0792628526763144,0.245702135218921,0.426842848556756,0.0415416871203867,0.0065334364360927,0.00428502626106986,0.000348520495975312,0.00120025944963122,0.0076344698901442,0.0220316697774673,0.0482811501548541,0.0923948040727015,0.162473975519081,0.266517104706266,0.405645139282765,0.564076048172709,0.708652655127295,0.809455285567057,0.861028748617916,0.878365870923664,0.880072153938992,0.878766786513286,0.879679391492488,0.881542533954303,0.87594549295408,0.854879832021032,0.80113625812793,0.709155118101353,0.58834938546162,0.459839764926427,0.343614493919188,0.249706810353403,0.178931511139002,0.127549294825372,0.0908242131212114,0.0645545214718174,0.0459535769264302
0.029503104829474,0.0434102975070781,0.0653890094871227,0.102309113058684,0.169211780879738,0.30029385500125,0.556681732029525,0.863362507190285,0.752711798401875,0.44076286530211,0.251195742375054,0.15374228843522,0.100827153853295,0.0697132259897331,0.0501210583120656,0.037136079166038,0.02828408347042,0.022360276546778,0.0191091309014246,0.020044853796842,0.0364557221566395,0.190379508174862,0.522707505522401,0.484362941161316,0.167329427745032,0.0491278083145587,0.0188072080101126,0.0061113700845153,0.00105443640775885,0.000291856257685993,0.00342059459291728,0.0114061517090485,0.026431025413186,0.0522610093476631,0.0950436556159416,0.154662963375414,0.255680303422613,0.391115664361239,0.550144408470202,0.700239944650229,0.806522858471966,0.858784014549123,0.87225279623445,0.868566676876815,0.863114142796974,0.862818696267278,0.866961352422795,0.866638187194117,0.842636551653544,0.776108546118216,0.652842767556192,0.494927773308686,0.341716489287292,0.223908704016871,0.140343690243568,0.0859954426470011,0.0517839275759133,0.030584300532471,0.01760970250501,0.00982359324257098,0.00532311641931548
0.00515173330030357,0.00695512106668247,0.00940054602877592,0.0128123918565847,0.0177624615398701,0.025337319810662,0.0378111374603236,0.0605945810969646,0.108991514113646,0.236535153026818,0.607771151803131,0.594275285549093,0.198927175500356,0.0759035134733026,0.033959504762224,0.0161312156685745,0.00741808714490957,0.00289864539793131,0.00068659208051632,2.34136238337855e-05,0.00066802642893595,0.00269133550177112,0.0064307033938999,0.0125351526296777,0.0220942971132081,0.0368772093352693,0.0597308979535316,0.0951783547153366,0.150065942353272,0.233120277116921,0.348233005030527,0.46030079230079,0.30129333031222,0.459522957472726,0.454758563759618,0.257323074642241,0.0553278670762351,0.0563341212800803,0.357199664760988,0.684526536425554,0.817718177202346,0.850587821788199,0.856800203580113,0.861372446616602,0.866460571477928,0.861627688639256,0.827793947257763,0.746798306063514,0.618996236052512,0.4693181586981,0.338692235481617,0.232892222006226,0.157365365397053,0.105894615396106,0.0713885874655212,0.0482357501384589,0.0327579931346621,0.0225551298506839,0.0152348502729386,0.0102543779849496,0.00681734415321673
0.0100040128787176,0.0135739772187225,0.0184707474643842,0.0254072727710246,0.035675485424918,0.0518107601804412,0.0793149045395107,0.131724865064886,0.24714692954301,0.526200958323629,0.81614284862581,0.4379997297545,0.176868927647566,0.0798105969517686,0.0392544489135166,0.0197497577562551,0.00947009225229946,0.00387262577293889,0.00101581944667731,3.84182594448141e-05,0.000602059435240019,0.00267235054169589,0.00643694973681137,0.0122890530854404,0.0208495372737734,0.0330176825073811,0.0500453446662022,0.0736259237177737,0.105974415003996,0.149842260781473,0.208360971973905,0.278929266753777,0.372199993343451,0.472834537437637,0.483080160366102,0.721921639101867,0.814813586757306,0.664409346884134,0.750442054865314,0.881030172047461,0.898559624017877,0.89447778946349,0.885850468872978,0.879198597403137,0.877423381896691,0.881875151718312,0.888692943973461,0.89290722298161,0.884968549627737,0.852042131529449,0.78282141326631,0.676118273486477,0.545606701339145,0.415409480804858,0.301331320810917,0.211643418055922,0.145605828837984,0.0986965434933543,0.0667192873798836,0.0443330507361987,0.0291162132508296
0.0171749937320501,0.0239094133924506,0.033593472651108,0.0481178927400918,0.0711627275873791,0.1105407914902,0.184474171852173,0.337538014752411,0.641521225971766,0.849293190016159,0.534299814968384,0.262994446253752,0.137354344940312,0.077696677453633,0.0462630405454563,0.0281245841471657,0.0169255886302838,0.00970315543372646,0.00497901587655425,0.00199701175245561,0.000396286708633377,6.80310584632599e-05,0.00109866474591746,0.00375593123879472,0.00847830207288367,0.0157487719400554,0.0253040444690796,0.0319183578127373,0.013771835022384,0.32146765237205,0.643232328779208,0.51156930109132,0.241377167472057,0.0833232295619243,0.0180984396489581,0.00125112560927723,0.0146396578103559,0.0525699399325542,0.119290429366473,0.209817514244762,0.345947878763484,0.502318507522692,0.655688758302337,0.777613435411757,0.852589911379518,0.884369369545304,0.887534315720026,0.877033825201305,0.863504161982485,0.853109785882377,0.848763925754607,0.850786924733324,0.85775562998471,0.873730487243701,0.885875952115534,0.889004402199814,0.872587865869543,0.825521180253827,0.741884616629037,0.626834710922204,0.496261356713852
0.0339577037912871,0.0497451410424401,0.0744130506573293,0.115153432565164,0.187088661354775,0.322460399115721,0.57277291085039,0.868324136470302,0.800082650143946,0.494378828905813,0.285414006906123,0.172699601672903,0.110146564182748,0.0727886724344568,0.0488162380449645,0.0324501069345743,0.0207067458531363,0.0120083499667284,0.00559964346809673,0.00138715875908115,0.000182230182017427,0.00486741216849314,0.0244865250049493,0.0954982839413083,0.228442553630003,0.0586842053481666,0.0136082301647186,0.0020748046533428,0.0313556687571404,0.108494446687605,0.247356200599946,0.44038641274551,0.636782630978755,0.77772956126644,0.850569417472747,0.878959677817017,0.887449438147944,0.887694606665803,0.878789246438123,0.850062799859312,0.786451160162063,0.680257186181426,0.543359868362751,0.403135120648053,0.283372386231186,0.193018861956064,0.129653918964145,0.0868196406064279,0.0577488236875958,0.0388500434008598,0.0261210965823737,0.0175166675895642,0.0116675997065971,0.00767439145213498,0.00494609482562534,0.00307967912665365,0.00183301486097085,0.00101344596724856,0.000498157151313408,0.000199224190360512,5.18205467439032e-05
0.00711771205199645,0.00961224357009148,0.013003823689685,0.0177562909151152,0.0246967961738745,0.0354183788379838,0.0533063878683151,0.086539890080959,0.158391079602211,0.345246296320469,0.748640593258486,0.535229547327569,0.197881642895166,0.0832098434485055,0.0399008925180905,0.0203022055237624,0.0102733147176398,0.00478889215970459,0.00178623480650735,0.000342144740962328,4.13472581188475e-05,0.000731407745635159,0.00242231337968082,0.00524812039132528,0.00945984852799171,0.0154378389044914,0.0237195948095946,0.0350424596832973,0.0504012237061035,0.0711181996755667,0.098907843283484,0.136091970302439,0.184299011003075,0.24766470575862,0.327268819718256,0.423171140551075,0.531370451001168,0.642115731099144,0.735665746417001,0.801553004054601,0.857939220491998,0.643042862355793,0.8445044160362,0.895604786527966,0.896444026856164,0.889964316027027,0.88535441319793,0.885189021809384,0.889564245873653,0.896498298733621,0.902850603353634,0.901988779843821,0.886433560963069,0.848662255548317,0.783790334261651,0.6970060076538,0.594880728948233,0.489984293057366,0.392609008087705,0.308597438073949,0.238697629249775
0.00848224036193778,0.0117319369159065,0.0163327756240749,0.0230921428151301,0.0335348626885618,0.0508105566856942,0.0822123503163337,0.14720530188382,0.304945024526181,0.674390827409295,0.708976803634777,0.307763391509013,0.133663226712056,0.0661220207431159,0.0352361915005264,0.0190313188357395,0.00972132307202784,0.00417381888997204,0.00108135150726385,4.08239441513919e-05,0.00130711876476264,0.00592443357431961,0.0163125648546846,0.0377785471882725,0.0821513549903707,0.17482549468905,0.349073445720506,0.501846170980549,0.0989126472981966,0.105367240610804,0.0839665694468791,0.0369335989123169,0.00609196955231423,0.00820220603315811,0.0758693224763883,0.252272847771405,0.512185418078671,0.722641053648542,0.819532471870652,0.848753218560184,0.856696708402151,0.857993882227733,0.843670163303995,0.790991637758684,0.682458172891237,0.531377228649792,0.377751337882112,0.253263268164422,0.165268762032372,0.107184032881688,0.0698938900946063,0.0459377174819043,0.030423602922732,0.0202595056412995,0.0135303600902529,0.00900630796642041,0.00595415985500351,0.00388675894998115,0.00249632240227273,0.00157065902637492,0.000969312471989002
0.0455568759508568,0.0673910775128131,0.102107568512439,0.160531809015085,0.264949131053777,0.45630016994528,0.750352130966508,0.899559404056496,0.671411496721965,0.405288860600237,0.244701451534978,0.155414637670654,0.103510773461902,0.0713748689173995,0.0503015258926554,0.0358187876192576,0.0255203494463889,0.0180847877091982,0.0128450793480378,0.00971808642011876,0.0101057334757017,0.0298093800104183,0.329975204998443,0.440015608229073,0.538622217597761,0.15180935611134,0.0257347168816082,0.00167269838696307,0.00451815213825594,0.0236937208556821,0.0600719092927256,0.12291365374508,0.219283910855924,0.353219379540005,0.513924408450522,0.670790498488763,0.788938949923911,0.854403463789453,0.878043047296192,0.879663472466904,0.875085756324679,0.872493955800519,0.872370815015073,0.866462876319094,0.835798862823942,0.754948858374065,0.613774981520254,0.44092200994277,0.284332428150683,0.170896940640848,0.0984524899877787,0.0553482991681111,0.0306079955730879,0.0167430377653812,0.00920611015789927,0.00534998550252137,0.00372672638562961,0.00395516490258896,0.00791271722008213,0.0292966063833122,0.159655988471686
0.0785599125940515,0.121080125153539,0.192308178688061,0.316327202154955,0.527994175867347,0.807877034454564,0.916769341504245,0.719039294423637,0.475230209177773,0.310606534455102,0.21088969338568,0.149485380927463,0.110030601773143,0.0836497283268063,0.065578772263517,0.0533709969542124,0.0463071232097145,0.0465618092740962,0.0709349576010483,0.30679546346029,0.194185411919164,0.328263490138562,0.0244513608208043,0.000510826358422711,0.00498672690964802,0.0211592115245058,0.0545954152547491,0.117863677885083,0.228635256211065,0.397094998578955,0.595511863850639,0.754976315913527,0.834806244360295,0.85637246298006,0.856015200372126,0.84950387050988,0.823480773510888,0.736330391683699,0.559253046937649,0.347464570606163,0.185552391354888,0.0918813302293669,0.0442335693405276,0.0211105397942881,0.0100835838344196,0.00490188972318767,0.00254000158654131,0.0015523794073915,0.00128924828227263,0.00161999744814791,0.00285105383597142,0.00611162903476094,0.0145381557699255,0.037229044540795,0.102574873958424,0.284919974581336,0.535310548997645,0.48364324389174,0.344346615750179,0.259500486614622,0.212882384246299
0.0105709676144254,0.0147517941047366,0.0207811203416135,0.0298518205921618,0.0443022858449576,0.0691829137364683,0.116796333562434,0.221296432745426,0.475668302613865,0.826874614032545,0.545153351281887,0.24227138528521,0.118902643133718,0.0654181719271765,0.0386061712405681,0.0235024068972716,0.0142311260471146,0.0081944942158643,0.00415559685449823,0.00153954474096998,0.000187093798620849,0.000350860805987805,0.0029754034883053,0.0106382360844413,0.0301329855248643,0.0691434240063446,0.0211949518361337,0.0673291471102233,0.0397918367570726,0.0218443280015324,0.00831265732861533,0.0017230260662982,0.000138248773258173,0.00238763306030677,0.00913393834636732,0.0217954317222316,0.0432269070776754,0.0785388872013199,0.133134784064679,0.215095973940114,0.33041907541585,0.475695059730016,0.629733705397089,0.758489589029869,0.838149357194821,0.870562550520152,0.873836928685245,0.866315142653842,0.859546460289981,0.858977671069381,0.865856579040249,0.874704710774342,0.8773298475124,0.860563049374527,0.810404191734867,0.720629942190648,0.600419402578994,0.470905865769167,0.352397868408462,0.255511725828025,0.181433950538839
0.0117927382425709,0.0163463309132512,0.0228256139443954,0.03240780969187,0.0473375115105367,0.0722911685533487,0.118127326066813,0.213198835199144,0.432480491528652,0.800973309328749,0.653649469050953,0.300636987571173,0.14244375398608,0.0747314967791468,0.0416942291689441,0.023618765544226,0.0129034217901476,0.00628614998146782,0.00229050103671464,0.000311036298132575,0.000291832061262095,0.00268383986598888,0.00861977584607126,0.0203854171789558,0.0423776752859796,0.0823909534014767,0.14721925827106,0.167801918358398,0.193321262494421,0.356040097444942,0.198894612102367,0.0789938906930275,0.0167891991000558,0.00352417474613251,0.0495497350393962,0.177703922581273,0.38946849197401,0.618174708556272,0.77488632335654,0.843708338317232,0.862327813742568,0.864778022923725,0.86640313701169,0.867610067045343,0.856652105081939,0.812151612912765,0.715032774777032,0.57081758205891,0.414041755051669,0.279867941118512,0.181787489883935,0.11598414072309,0.0736365026805925,0.0467924274504271,0.0296451063994356,0.0187238640829447,0.0117529220338902,0.00731818848994444,0.00452598668132407,0.00283594516950003,0.00189054664105143
0.0110553206864233,0.0155834847285351,0.0222101530528252,0.0323409009732292,0.0487665153225837,0.0775933306876971,0.133843479713676,0.25884062104668,0.551604693555583,0.848399012762556,0.522350001821506,0.245423376893473,0.127477126972164,0.073420603022103,0.0450543032147472,0.0283831648651655,0.0176649361194672,0.0102827239326249,0.00500199765823932,0.00141406582788676,0.000119462157333733,0.00457370902736418,0.0301261759312858,0.0859567279581087,0.0133587572547524,0.0211299877870621,0.0225541300442474,0.0123026917611482,0.00559448953004284,0.00155199034790666,0.000105238487010688,0.00210966109572575,0.00942838739765885,0.026278323006261,0.0598221665905337,0.122196660870459,0.22943185587514,0.389901429681942,0.578474047261867,0.734703153226942,0.820403492664008,0.85055127042627,0.856986261610079,0.858162444065925,0.854304884846902,0.82961984204339,0.759813877870977,0.633976825792729,0.477863722393591,0.331094529095907,0.218332341793883,0.141143593304803,0.0909915454410105,0.0589256487242276,0.0383797954981225,0.0250912237957671,0.0163929603427697,0.0106424730803022,0.00681580343206656,0.00426635237601891,0.0025814527213517
0.0248203448274934,0.0352905419185174,0.0508820838863243,0.0752398577728935,0.115733286226444,0.188399465881041,0.329080924965945,0.596155418252019,0.875410234552322,0.706404562370901,0.392885240927346,0.214547119572702,0.124774021820834,0.0765227602492654,0.0483328340355884,0.0306522966057961,0.0189507837467158,0.0109452766045871,0.00545748408780786,0.00192447049824085,0.000197529241279501,0.000493591338762625,0.0034523689658748,0.0102520835654822,0.0223624417740231,0.0367184274525274,0.0220390414511242,0.546833860563911,0.391550857457258,0.0704126978294057,0.00284048146291511,0.0375699693234683,0.128606858799257,0.268292118460106,0.442458308998177,0.617977735626539,0.756706906008259,0.841320412835679,0.8801806576289,0.892039767053441,0.892890219404482,0.891933779663255,0.891868021030711,0.889354366047063,0.874771638294893,0.833195714136657,0.75080615724831,0.627453365124713,0.483281146105199,0.346488586501062,0.236439811662882,0.156154621146596,0.101106205533511,0.0645318505265588,0.0405902847633525,0.0250522554582623,0.0150345959099829,0.00865034330721414,0.00467935251201136,0.00231245864418256,0.00100518833724403
0.00486496836729555,0.00659286912152337,0.00895242142192098,0.0122725340499962,0.0171404175926905,0.0246903007162509,0.0373484218453228,0.0610651707639494,0.113426900975371,0.259582367112542,0.672601110442374,0.492759864724285,0.15962695012172,0.0625901714157865,0.0284245163933687,0.0135018907853975,0.00608293365458271,0.00222537027118269,0.000411084362895591,6.17655529090967e-05,0.00106786344898852,0.00365350377342736,0.00839934352487587,0.0163965434105839,0.0295836329765971,0.0513988005142998,0.0879606941694585,0.149787198271585,0.251699597077416,0.395737533476319,0.480380389265588,0.115431065775473,0.241434079967607,0.220721311350188,0.128749106782718,0.0432273836551387,0.00427540192894849,0.0637955639795391,0.286825128013064,0.586053078520065,0.769678243934406,0.830825668166777,0.844585337461482,0.850344043521722,0.855131792389487,0.84724856143945,0.803815960484525,0.706329161364267,0.563656978713303,0.412356366942305,0.284338538384178,0.190426115558103,0.126475238833012,0.0842153864618157,0.0564419088808127,0.0380539717802071,0.0259655835637697,0.0176450979607677,0.0119672832485086,0.0080650034164851,0.00536795121923454
0.0222951725654063,0.0317331026506684,0.0458127987498346,0.0678655151234079,0.104683147381557,0.171294483300449,0.302614217529677,0.563320931733056,0.866733304878003,0.707176207605534,0.38422917086518,0.206081188318395,0.118660600609518,0.0723724631763326,0.0455555844618305,0.0288086706944048,0.0177427713770224,0.0101717788840758,0.00498294775078469,0.00166487893170106,0.00012681384340579,0.000686239782280231,0.00421778788881042,0.0125669148305602,0.0295521482769993,0.0634159524276714,0.13284328492709,0.269754357437934,0.330662023862287,0.113154896086101,0.04900237580098,0.00293860875431874,0.0270790740039701,0.113934731265898,0.25992428795421,0.446046937942677,0.629048912463789,0.766330353855108,0.845711906049587,0.881602007896969,0.894183033387472,0.897628632862576,0.898228527101838,0.895495706576081,0.883154261480285,0.850568761326984,0.786935791532592,0.689016938325798,0.567015693170336,0.440520559864628,0.327431832307008,0.236624919943421,0.16832398023751,0.118886827727564,0.0837501815522662,0.0589282173888619,0.0413824373494064,0.0289368933771666,0.0200679687131365,0.0136354159552506,0.00912870539381553
0.019740828717192,0.027433279028903,0.0384618736511006,0.0549282717326804,0.0808739575832036,0.124733885364191,0.205646212527863,0.3679836235847,0.672190138123826,0.860333274771786,0.548576459839304,0.271702621252217,0.139632431714918,0.0762956617610841,0.0429827889909745,0.0239885476569888,0.012580501491676,0.00565110138393838,0.00171389231049268,0.000106171127592182,0.000663474949525357,0.00360506383105554,0.00953621414718167,0.0195368295099547,0.0353237449887365,0.0594258137127397,0.0949972954439089,0.143174516058179,0.184520845235941,0.0859185765501261,0.623102497072877,0.677866300102032,0.426738156038693,0.129072352316713,0.0109219497380172,0.129135393506973,0.392614328705518,0.644052013417248,0.795347788647862,0.857180273049108,0.870568169157369,0.866126930422712,0.859985856252228,0.858753595539019,0.862766502318574,0.866206985976844,0.855003650813027,0.806475668876135,0.700297120938512,0.542835271160802,0.375672926847549,0.237028619250512,0.1408771140385,0.0808539394498742,0.0454700944158085,0.0254287056281912,0.0145102479872294,0.00909761858270109,0.00750829313548913,0.0108991714746573,0.0347368135308772
0.0337411203841427,0.0483588784144,0.0704323880623553,0.105481581210877,0.164729374031403,0.271953890107957,0.472307743157403,0.777266835714864,0.875161269108798,0.587704619337138,0.328237873072588,0.186765900251513,0.111675653462923,0.0691418696408925,0.0433032863768714,0.0266875312433803,0.0155861610474746,0.00808654098513604,0.0032187519966412,0.000579817852982692,0.000182402493591143,0.00242788697070776,0.00816556031636618,0.0188141923089018,0.0364496364934439,0.0631794511095409,0.0943802619603656,0.100061929632026,0.493095574502195,0.476103715203866,0.0800746307161009,0.360392479875163,0.5875666270247,0.744404728221798,0.837960179780116,0.883897876443333,0.900117632658901,0.902493390009081,0.90080271220394,0.899096094242729,0.895941213717625,0.883777073846911,0.848488889169503,0.77334978108728,0.651694104680127,0.500128994782788,0.351426080647008,0.23086505585788,0.14510157013574,0.0886876451566359,0.0531214957877157,0.0312571124139596,0.0179981750154761,0.01015590768925,0.00557425664170467,0.00304355289446234,0.00176837698792472,0.00131895502629082,0.00170375695839117,0.004297323906425,0.0182934116059671
0.00251989146059682,0.00335424728390145,0.00445781539364523,0.00595339789254102,0.00804994914593133,0.0111280014229691,0.0159435916676308,0.0241840127397423,0.0402806638529301,0.0790380216459012,0.210960365639917,0.667818361092062,0.24820161446111,0.0671123152028416,0.0252227045430704,0.0109379157767549,0.00483317552440908,0.00192490914925248,0.000543699405732215,3.73419429676825e-05,0.000139962492342963,0.00076360705345849,0.00192313109862898,0.00371238950250408,0.00630612842483705,0.00998116762395375,0.0151598612512357,0.0224871976408386,0.032965101001033,0.0481887687342141,0.0707659526476681,0.105042081272023,0.15816909336832,0.240422434374914,0.356258351741426,0.441855188044478,0.178181315913138,0.200247389463558,0.18277943056596,0.0845896664437101,0.0225888975650121,0.00237545149670908,0.0342663051594336,0.135252075030139,0.319852808959204,0.547780752272164,0.73193920329875,0.824602152005699,0.848197007639283,0.842037510903424,0.828468991678832,0.82835946572305,0.834365517970268,0.847549740659406,0.862957316438314,0.871394057734951,0.860343594968129,0.817760524074126,0.739138624804301,0.632578866176028,0.515347364697159
0.029142766575223,0.0422316631348705,0.0623393016635131,0.0949304106908883,0.151450198943905,0.257160815622613,0.462704577588504,0.780907251575959,0.852783446139245,0.548608126712416,0.304172366188086,0.175207957797428,0.106861401876712,0.0677239029845482,0.0435126711818244,0.0275498776835115,0.0165309169305446,0.00877696547062867,0.00350636599118466,0.000561032203155473,0.000395513536502179,0.00431585544790147,0.015138463313664,0.0378257252835161,0.0832643128583252,0.160943061098627,0.147225352580406,0.446677485167921,0.0210265532073412,0.171052987072975,0.465394405274766,0.698639688855665,0.822077951382608,0.870702433567614,0.885480829885322,0.888468314145229,0.884385447393342,0.865022321378153,0.81352734923596,0.715224045913759,0.575287366877997,0.422954646936242,0.289910199867791,0.190328400066152,0.122333316262975,0.0780073908010524,0.0496444024623046,0.0315679072493561,0.0200103265522703,0.0126052693123271,0.00784442430425147,0.00478978558863996,0.00284580900672035,0.00162665386706196,0.000890477863065573,0.000465501245740409,0.000234050201327948,0.000131674968351036,0.000109684045306766,0.000184473466070631,0.000543783643661826
0.0360016361624497,0.0515405361018374,0.0749732509380501,0.112111201514403,0.17467922556035,0.287067263291422,0.493126312989699,0.791868449358872,0.868710533735124,0.585068357395075,0.331838444512174,0.19155037640806,0.116106061092542,0.0730138011505918,0.0466987811167542,0.0297048070697568,0.0182750661062597,0.0104265864754338,0.00509584734468068,0.00174434983143327,0.000170775807396244,0.00041167799687061,0.00263438535822503,0.00678887819959875,0.0110375803070398,0.00629503600459769,0.187819034059221,0.53656900698757,0.661527843997431,0.401287939968811,0.071153947353744,0.00465682186957515,0.0520084835020901,0.159374585555328,0.307009796440794,0.4782290466825,0.642411339397422,0.770600426804642,0.849715300097843,0.885605723262451,0.893413872250804,0.887911978534116,0.879539851001954,0.874262510688059,0.874355739856307,0.878581307030444,0.881201860441609,0.870156854108337,0.826911864511831,0.733813769286989,0.590450947679444,0.429047047676858,0.293574407326782,0.184761851669324,0.110788948476304,0.0646823090931122,0.0366718539967068,0.0213597470508995,0.0136641733578461,0.0120186992632995,0.0228376695558765
0.0299381275788554,0.0423664775369513,0.0607672099912918,0.089338404316905,0.136488932139812,0.220129183081289,0.377942507424962,0.656257632587336,0.884856642996824,0.675284644603311,0.375265938505659,0.205583957968582,0.118879453373513,0.0718764799630132,0.0444142984099158,0.0273358623938066,0.0162355451145651,0.00886815564057868,0.00405484017599325,0.00119784118956973,6.00290111564457e-05,0.000671757218070345,0.00330864786324101,0.00851617923017778,0.0171593365083686,0.0304070884971728,0.0491118607117366,0.0688456479023787,0.0463915354465316,0.473630558265836,0.622535854389069,0.24659946883288,0.0224473674808384,0.0227502257878115,0.108841415673272,0.231820150831724,0.380403924540427,0.535801772297773,0.676820471675759,0.787478681893527,0.858947611619692,0.895076822754291,0.906221205031151,0.903334744861323,0.895073055564817,0.887176531807603,0.882891849661811,0.883502373445293,0.888557267910012,0.895671569999487,0.899898070223424,0.892176775271486,0.862652065759275,0.807382607604916,0.714051478568643,0.592955082522094,0.461971702950466,0.339802443143779,0.238061764086512,0.159781296062803,0.102431394630653
0.0143172694275639,0.0203232415687552,0.0292245699294278,0.0430484036529893,0.0659039910103156,0.106970947894469,0.189032832782378,0.370816339500403,0.72286014282049,0.79776862046398,0.435807932076195,0.217475858527709,0.119210437071967,0.070813005936776,0.04401909018077,0.0276563048891014,0.0168583734621645,0.0093336255003718,0.00403080906235677,0.000753162838132341,0.000501576700812232,0.00755832968560003,0.0381988050871287,0.0664709069969912,0.0431669646817079,0.0581861468302338,0.0329088237195556,0.0146237609272068,0.00428259244552756,0.000341737334261514,0.00377461287712377,0.0199349564103279,0.0593363226373361,0.140196705571155,0.282964733154381,0.481939315813136,0.674747156176463,0.794074345547585,0.840648932680934,0.852187498943107,0.853896406484727,0.847541682241102,0.814397479137668,0.726776200245767,0.579410511101017,0.410453921664965,0.266814209578756,0.165939126627152,0.101810515460861,0.0625873127699992,0.038708820921116,0.0240863601443758,0.0150356183678357,0.00937390470235476,0.00581377031796695,0.00357642275392106,0.00218416580276567,0.00133526377938193,0.000846813518080606,0.000601988634008455,0.000554939229205389
0.0104268368814956,0.0146310865043048,0.0207353610424107,0.0299781675315959,0.0447862067971067,0.0703857346006613,0.119414964517601,0.226381169257315,0.481924395359586,0.83646316969331,0.582062273935199,0.270941672179772,0.137366463245635,0.0778975806638149,0.0474940769156863,0.0300055818334859,0.018966676067517,0.0114747911792669,0.00613598642214391,0.0023498735313196,0.000227802772165765,0.00142772221820095,0.0139803016631376,0.0800727287997436,0.143414875552279,0.0072180221042142,0.0182949804470323,0.00766275153544794,0.00424340225037148,0.00139337648048596,9.69720109610251e-05,0.000847221505459462,0.00503775330598142,0.0126209036815189,0.0286674763074431,0.0570521309037453,0.105631047642111,0.185236500783937,0.306009308264116,0.465304651157852,0.633197695498056,0.764072324450254,0.836118190297781,0.862973531285071,0.869025432882725,0.870085608291468,0.869439280679365,0.85879276787768,0.820674066792627,0.738198375083251,0.611916141872301,0.466449958090431,0.333239218220539,0.228984401817998,0.154574974431983,0.103776910022236,0.0695105583629529,0.0466035890957231,0.0331302982809783,0.022373633355086,0.0151244953963717
0.0196457751350844,0.0282436432368993,0.0413193115324549,0.0623208876145677,0.0985882890374531,0.167325787351586,0.311441465809748,0.610497724933464,0.875476294530854,0.593736271927988,0.303110142823251,0.16369590353508,0.0965417381059336,0.060620176231326,0.0394364266170791,0.025909583576997,0.0167022336810421,0.0101206072620116,0.00529026778168952,0.0018624905285304,0.00011620210775418,0.00206586265005301,0.01818773835415,0.0966512921914219,0.0120392019564416,0.00888091303948737,0.00443456920165644,0.000988813310806009,0.000104929591061223,0.00175006342573881,0.0126220873139922,0.0122707669623643,0.0286859208079042,0.0535988018988759,0.0919843339672273,0.149935020662555,0.234122587404209,0.348578765211892,0.488206977852263,0.633224331560393,0.754940678828784,0.833921439151969,0.871197252505839,0.88128665058755,0.879778211623258,0.877066313707847,0.877519827560755,0.879957962728984,0.876352212780476,0.860328175081618,0.812154930317095,0.724209515149507,0.603159214269439,0.470161525722129,0.347767984588721,0.248466754033151,0.174066918643306,0.120749828494283,0.0833493177823528,0.0572881288276721,0.0389500540482193
0.00919888339950841,0.0127304909361759,0.017743130099269,0.0251345504536286,0.0366109556613624,0.0557196285998278,0.0907209967784301,0.163669937662984,0.339811538188811,0.720233549499872,0.698109590879136,0.313103765642378,0.143465159659118,0.0749293104928643,0.0426727195951516,0.0253470555670567,0.0150972281337679,0.0086215188329041,0.0043964491429581,0.00170509193382209,0.000274619959704,0.000167766320716876,0.00183297801303622,0.00632431249650231,0.0156551680137058,0.0317088123916919,0.0368188836111012,0.0596757242314963,0.233409418492366,0.142329046595505,0.0764361491680105,0.038401125539023,0.0177071275483215,0.00638309988072371,0.000983128857771961,0.000823342574733264,0.00691603455454676,0.0205492404236568,0.0480200947257552,0.0957950986288911,0.174092390952051,0.292479602345255,0.449637179537499,0.619383405038835,0.757245285912766,0.835771680907939,0.86284062196909,0.862801158380451,0.855868470152048,0.852811181827124,0.85684550302224,0.865979297846302,0.871794448844183,0.860644411106436,0.815908518872748,0.72755966881967,0.603182271529609,0.466397884355969,0.341101005453966,0.241912864378104,0.167545888500661
0.00529965428367907,0.0072312961611332,0.00990372052369113,0.0137243425593372,0.0194365195623134,0.0285139292076931,0.0442109596692275,0.0748288024300583,0.146008148884744,0.352579559882887,0.774376078920138,0.415669111514989,0.149199953842281,0.065509475650375,0.0330158009425637,0.0176941349717516,0.00947492963168274,0.00471575024320848,0.00191082055038155,0.000418487936201246,3.91651258235669e-05,0.000904249803873469,0.003554889794911,0.00928333730089917,0.0210984783566064,0.0464839851525395,0.104911545356519,0.230368790815559,0.270775162878334,0.0113867626789829,0.0316749885766957,0.0282782001728441,0.014973557906313,0.00582164239806118,0.00126216718971044,0.00026039343354234,0.0028069040484666,0.01060145131045,0.0265772227700021,0.0529232180337721,0.1001719457472,0.1760705414077,0.290772359988872,0.444626643449338,0.613788784114349,0.753672335930835,0.834009567611052,0.861148372341061,0.86011279816093,0.852063565893902,0.848732075776633,0.853144863194586,0.863067676986996,0.870752168317457,0.862987623824889,0.823929442798303,0.743675196850187,0.628138466113763,0.498122487054076,0.37594820982852,0.273946338836337
0.0129312847310398,0.0184170487228972,0.0265967781098318,0.0393948733567703,0.0607527090805888,0.0995975291273548,0.178550500949589,0.35810451798004,0.719639874929485,0.797008817499145,0.430793625964474,0.218065453596902,0.123292458360399,0.0766643875001642,0.0508649577019601,0.0351494881143315,0.0248080498917088,0.0175538503804704,0.0121861973700778,0.00805942593863772,0.00491179329100442,0.00311921954385232,0.0114393386213597,0.0955386984085477,0.0439656560692464,0.0183960221538918,0.00914524657893379,0.00442816442468008,0.001730408520419,0.000324308795712989,0.000113779787963173,0.00135945959903367,0.00467867769699074,0.0112527807097652,0.0215480780808626,0.0392153830585115,0.0723670429430858,0.12357827416798,0.204533923843185,0.324031073431567,0.479042853157478,0.641630716741017,0.768514189748356,0.837404877297999,0.860613346680196,0.862879516079833,0.861786720249695,0.863302504608534,0.862132727739398,0.843739601508625,0.788192958261187,0.680695471231079,0.536403039322729,0.389738243761151,0.267926258495129,0.178711423437306,0.117338129414036,0.0781120342616094,0.0521298110678447,0.0341696086098878,0.0223337038156852
0.00943010261861202,0.0127856033358207,0.0173840446669912,0.0238920077594934,0.0335166650061636,0.0486256784123626,0.0743563780348517,0.123372955523215,0.231691971854453,0.49999788494329,0.818416346891727,0.44761075065391,0.178887147045719,0.0805766872204672,0.0399424135178862,0.0204743731389828,0.0101770082027247,0.0044786250315762,0.00142535871695144,0.000138330894609911,0.000252155159644146,0.00169538002020688,0.00460951847632901,0.0093361766502707,0.0164480264596046,0.0268162101731893,0.0417053494286634,0.0628460305618692,0.092240335413406,0.130583792598795,0.168833672335986,0.144436277565388,0.173318056957907,0.65118998350279,0.628919581366401,0.432660613033339,0.256422493785129,0.107353762791389,0.0232340838143264,0.00614973953577632,0.0654708633597771,0.211473339482151,0.428640116161947,0.645253588958255,0.791605775681297,0.855676233463039,0.866311655308001,0.853984196205274,0.83726577719415,0.825068594335287,0.820908571234382,0.825248480426772,0.838241135159711,0.856062468882838,0.873426443121271,0.881692689772408,0.868773461420862,0.822377933470895,0.736910329503975,0.619738445661537,0.48891893184047
0.0182841518310321,0.0260238221996121,0.037560927369903,0.0556133608560691,0.0857404036181674,0.140406642262946,0.249898173441148,0.481698267027391,0.821795397385533,0.72761539160611,0.386570150602107,0.200114621948075,0.112335877103243,0.0672030836539233,0.0415119877729188,0.0256173221040613,0.0151627120702079,0.00805376457284097,0.00330416053877098,0.00060430776331107,0.000247460669965629,0.00336722367849421,0.0126971088179599,0.0344483060842794,0.080951752144881,0.133581311029149,0.196792323036704,0.232972637936371,0.0653218664601542,0.00483292328403609,0.0208879231063682,0.115638987525104,0.299303452575247,0.531847906471267,0.721942008841162,0.823448221229992,0.860884101005472,0.870988979596306,0.872620855882278,0.866317124738511,0.838265061396555,0.767436137774984,0.644114487329902,0.488790894878133,0.340157684119193,0.223828888175575,0.143313515707338,0.090958868486113,0.0576720209774594,0.0367099407808066,0.023422000124259,0.0149316902339397,0.00946366203817901,0.00594841797463562,0.00369508351682609,0.00226459610338409,0.00137790819742691,0.000852784930325827,0.000572448645504541,0.000475292685338204,0.000584291834997044
0.0107484284461632,0.0149024724908934,0.0208203917311457,0.0295880874749868,0.0432843570276938,0.0662653537341125,0.108740941679386,0.197830769640693,0.407772886406303,0.775548941253445,0.651147940063763,0.298565323582445,0.141822114081676,0.0755497588715999,0.0433881419261597,0.0257810160919615,0.0152495852443719,0.00857003844293964,0.00423295693115575,0.00152599760399556,0.000184599045168103,0.000285304555821371,0.00229267827228853,0.00727921529936439,0.0173877693408237,0.0360723239233743,0.0597865350077405,0.0224395747763429,0.248215917230469,0.204107060245567,0.0964869408442387,0.0411086338277702,0.013989486799635,0.00234994212335264,0.00113034668901972,0.0108714421743827,0.034134634905441,0.0784814546460715,0.153129015782075,0.267235136009213,0.420706563967234,0.591101838576285,0.736981613754677,0.828062134758732,0.866259774427145,0.872808537869074,0.868134702426783,0.864432880877727,0.866399028520095,0.872941010616031,0.877506359751434,0.868629626577453,0.829960632734714,0.750033981854236,0.632260572991351,0.497048166526897,0.368974389473046,0.26313792320105,0.182737784904816,0.126373153274861,0.0865176091054002
0.0165732821769853,0.0233495392424009,0.0332756634668994,0.0484824175746439,0.0732145334219895,0.116731772586956,0.201237387665577,0.381099725733649,0.719120898794981,0.827272779887603,0.475170846117525,0.238097686828444,0.129012932714106,0.0755101886740729,0.0463020439156221,0.0288464747641686,0.017674004841003,0.0101903113444253,0.00510849069666894,0.00182677671042289,0.00019335402125974,0.000480966281093981,0.0035649783917188,0.0114740891026039,0.0288979969071564,0.0674711854545052,0.156065179863897,0.291947245368333,0.0503625362845855,0.0798235522434441,0.0278055731311663,0.00225501593223812,0.00721864923969822,0.0416284426341766,0.112606040452522,0.228964120651928,0.388862245684462,0.566430317423084,0.718954185268915,0.818409161741403,0.86770540187169,0.88603881962052,0.891010048234198,0.892244013333347,0.891500409273034,0.883729816524413,0.858263774263331,0.802463602526866,0.709842788119546,0.588105891257989,0.458706310478132,0.340651471780874,0.245126376488916,0.173429058376602,0.12179716745776,0.0853232194664632,0.0596987583665323,0.0416299460277792,0.0290769896581976,0.0203426802914933,0.0138578738933205
0.00157857579865672,0.00205584190795488,0.00266130574106237,0.00344232888052492,0.00447448142693446,0.00588504168659503,0.00790327442029742,0.0109797038510478,0.0161102168507389,0.0258982734526353,0.0491455570377266,0.1315301332434,0.532805660459939,0.159477638056652,0.0336555104510073,0.0104103559843979,0.00348256807956788,0.000973629059950045,0.000117624791824363,5.12120377855994e-05,0.000463499712576739,0.00124614226405113,0.00238249251216031,0.0039089170123841,0.00590260599191624,0.00848165370351722,0.0118131461312452,0.0161290336395178,0.0217520350110692,0.0291362733674968,0.0389305777023506,0.052076793092477,0.0699601858492811,0.0946279505144887,0.129057991070671,0.177291090002964,0.243580569639132,0.327488579748824,0.40520569413677,0.365108342631285,0.0698945563367922,0.287035765717232,0.327307150026563,0.27220251139169,0.202396885163867,0.144945830266562,0.0970925243062641,0.0588606382803425,0.0288143980598987,0.00794946532455193,0.00218966698206406,0.0269965999117054,0.114702497488181,0.304524178254515,0.562447250812688,0.747684977212825,0.798339230131757,0.775472004451356,0.734996304670045,0.699665028839999,0.675637833665741
0.00568582201694529,0.00764897856220836,0.0103014558442945,0.0139922710084708,0.0193401219012417,0.0275292051017076,0.0410616833656027,0.0659671221130964,0.119587831209406,0.263399645764214,0.661487592967044,0.547473870814779,0.182340028928595,0.0713918147480917,0.0327133390285062,0.016032561098605,0.00779161836883357,0.00343196811768719,0.0011478013223627,0.000151405274303542,9.69074589271156e-05,0.000863616829109508,0.00247042471352066,0.00504633804330512,0.00883097021769022,0.0141972309064263,0.0216975738755342,0.0321420421409241,0.0467237258924907,0.0672147413344195,0.0962530449121024,0.137670938974928,0.196403292053901,0.275330148742301,0.35349146137282,0.240924959818751,0.394771410752832,0.41835797991676,0.207168838974172,0.0493787690075975,0.00597655638704449,0.0741737978469037,0.240107456130054,0.461342443989026,0.665781816724395,0.800720957126353,0.861303354334619,0.8743822309945,0.866330014380516,0.853580255358423,0.844303368759683,0.841384993616973,0.846775989659079,0.858787451979566,0.873369078797914,0.885760382633838,0.888292802350793,0.871621938906965,0.827495529888585,0.75309744578931,0.65409299930734
0.0235925577865906,0.0329100377927647,0.0463369303212504,0.0664809450771401,0.0983327146784049,0.152154928967691,0.25030331912428,0.43853189116785,0.743365757098124,0.851104613865554,0.546833066679612,0.288677506761895,0.156327244250719,0.0889870377581685,0.0520367680108347,0.030250460701577,0.0167420625575587,0.00821157077687645,0.00303301913986292,0.000457479192384319,0.000276560052968247,0.00269911259918211,0.00834660691500934,0.0183322343338818,0.0344045134231429,0.0590964548431851,0.0955942765995186,0.145868101003275,0.197013563292387,0.135204485254673,0.652391655150582,0.731494428048776,0.300509512653624,0.152317373371416,0.547708324263994,0.76499657129384,0.851468470938588,0.878936489004815,0.881094460022897,0.877131925367524,0.874965520381427,0.875694116694906,0.873894154988153,0.855847036321003,0.799820049828371,0.687619676506861,0.528203622374203,0.361790352091731,0.226517544403592,0.133846121613857,0.0763978966970326,0.0432998939141825,0.0241857950254144,0.0136929528194282,0.00822941766583317,0.00578158724561278,0.00575161568408415,0.00946862965983324,0.0263664135941632,0.11247599700217,0.313133563119411
0.00867557075792511,0.0119409851235293,0.0165404941983482,0.0232695464369099,0.0336362244240767,0.0507737275503968,0.0820028344685516,0.14714885952975,0.30787209807914,0.687839629757472,0.682073321065761,0.283985780493148,0.122887001568023,0.0612752494895361,0.0332767847237952,0.0186766525657103,0.0103171341779755,0.00526792117907124,0.0022085585848141,0.000534840429585765,2.6386768089348e-05,0.00073537406524385,0.002996650088901,0.00755567838754416,0.0158844096767118,0.0308302660374034,0.0574298953671962,0.097936763353031,0.0828219180211886,0.132505579845809,0.188078586245437,0.0960870228204318,0.0472876626893064,0.0174959358289496,0.00391211641394747,0.000390532186475791,0.00579624592990113,0.0182088038701867,0.045474417229764,0.0882493638620212,0.159422203849279,0.263596379868172,0.402723346471769,0.562526246270245,0.710407322821681,0.813873483270096,0.863910176245444,0.87455639713241,0.865999531464893,0.853359195188073,0.845072397120998,0.844653567299299,0.852105962519547,0.864927505597677,0.87747798736137,0.880426520334751,0.861393256724214,0.808875714171914,0.719449791782827,0.602754721125616,0.477555386252529
0.0271074872023737,0.0382323598902175,0.0545987084766343,0.0797923883369962,0.12091263444531,0.193017115833569,0.328804527544651,0.581397607459299,0.863458322848496,0.733677590918053,0.412845578711266,0.220194677224065,0.123198064496601,0.0718599976925622,0.0425215163738576,0.0246635722071668,0.0133612832372572,0.00618996621098936,0.00195261775738353,0.000137182049509616,0.000689750326912643,0.00394403372153785,0.0106454730331968,0.0220464620486875,0.0400535420006835,0.0673588928705206,0.107258663886772,0.16143492543197,0.215155933176417,0.29786369809074,0.621122549868432,0.637326938525038,0.305910872739507,0.688363402587459,0.825600968207005,0.877716447171177,0.891125563215273,0.892114825520353,0.888229202655662,0.885661287847767,0.883375433989775,0.873210888319071,0.838275058816227,0.756692650441474,0.61938026845039,0.450427935386901,0.293856029098668,0.177215511717401,0.101777275331194,0.0567643467994579,0.0310452130404902,0.0167629292086453,0.00918624461301934,0.00535251248715655,0.00373263095467574,0.00392200895273208,0.00667736475763251,0.0182183717582942,0.071267286232824,0.283716798003586,0.300367307511595
0.00900173290093283,0.012340597827424,0.0170029567273598,0.0237462661192536,0.0339760220161058,0.0505311212355025,0.079797198695111,0.138199174389039,0.274043285383467,0.603346263494457,0.77962088659342,0.369455042015908,0.157446663209284,0.0765916241935418,0.0408171212192536,0.0225825222108858,0.0123210116008168,0.00620557358935102,0.00254579841610734,0.000581165513530304,3.80880001142138e-05,0.000976537055043472,0.00377804911440617,0.00922963555571916,0.0186520821619776,0.0336933734840834,0.0531219236369153,0.0514520953810756,0.0602982004513146,0.42582479960162,0.356371810228509,0.23978755423491,0.134698675533297,0.0724424477382641,0.035387496380497,0.013485638511111,0.00227996199272328,0.00176041414414901,0.0151171218223709,0.0498378261190345,0.115987074185437,0.231188279323301,0.397795602094339,0.588149823376598,0.744777879811742,0.830115595342107,0.854563727128659,0.848816132585354,0.836539116730567,0.829346434085089,0.832420323985677,0.844617744153866,0.8590172413338,0.864639909838085,0.843991818508257,0.779255601968608,0.663917320087012,0.530525774249403,0.392061114642346,0.274488524799477,0.185855890550441
0.0154439286863281,0.0216895139679569,0.0307986742101104,0.0446910207650263,0.0671860317343928,0.106630019365625,0.183247099500632,0.348717611800806,0.681423027054528,0.829257208531619,0.471042650246279,0.228623380531393,0.120805071030362,0.0692667455756677,0.0416491110077112,0.0253923932754721,0.0151389164299354,0.00838986252843058,0.00392594104421387,0.00119148046033162,6.117105301719e-05,0.000794502249099872,0.00409650999649469,0.0110375303102822,0.0207312592440733,0.0134071296207647,0.241025696725585,0.445023101321817,0.237885535373504,0.102347344169154,0.0394244662114215,0.0114934790034011,0.000901607777342874,0.00486664795206611,0.0240034143211451,0.0671965538693538,0.14394772932338,0.264684691655463,0.428056959846346,0.606085115767156,0.751915885181633,0.836983901176579,0.868983116709325,0.87230002739534,0.867345673237189,0.865075633810368,0.868448357682454,0.873629032275414,0.869250122183662,0.837756809327003,0.761987246254031,0.637925082956133,0.488868001780001,0.347154437473114,0.235256719626137,0.156415096071412,0.100958901699544,0.0644023109827491,0.0405663225206554,0.0251137709828314,0.0151717510027171
0.0183930986624854,0.0257717911029378,0.0364690528420318,0.0526232378509459,0.078364757260126,0.12233900434751,0.204139336093567,0.368598244743648,0.672402477319474,0.855478912137094,0.560553899410011,0.289353358657149,0.154828334353265,0.088202640423996,0.0520809285677185,0.0307698152042092,0.0173966806779234,0.00875331386679362,0.00332367378346173,0.000509005238103412,0.000352556797861514,0.00353061215329395,0.011560989234675,0.0272746472501751,0.0556158037425603,0.104444465233564,0.182129593005637,0.255354609434805,0.387039772993476,0.646926651656925,0.187727090635059,0.139673170039376,0.557389184048369,0.778665449369072,0.848533907384422,0.864831114147589,0.867919066499823,0.86639167223904,0.850130763199553,0.79564828256953,0.681621593182859,0.518621194250651,0.351965541295022,0.220340467501003,0.132061049009542,0.0776943261927613,0.045419327721271,0.0264938964999011,0.0154334739543228,0.00895501828823217,0.00514347465141316,0.00303043856634498,0.00186018797722104,0.0012690129225776,0.0010513251432619,0.00119278361826574,0.0019050919812015,0.00404468060150913,0.0102755413368765,0.0314962706119722,0.11792943045765
0.0143790387814571,0.0204080406902496,0.0293381341803516,0.0431928875756428,0.066062105006472,0.107043079912603,0.188585691938274,0.36833030534759,0.719957632261724,0.817289348346038,0.455230191609435,0.228782068870106,0.126205041656742,0.0756530986652213,0.0476834837506154,0.0306114587434036,0.0193305964039497,0.0114075075189211,0.00566236508546565,0.00170226579047495,9.94688869905132e-05,0.00401359245607794,0.0272726180191576,0.113689423904611,0.0249193153851738,0.0300949801454388,0.0216032462725613,0.0102620390300854,0.0032151604844364,0.000215137800058375,0.00200653697061312,0.0110763466122145,0.0325780764645015,0.0757911905679198,0.155069651099317,0.285427069500857,0.464051973283261,0.648192497965901,0.779812397017307,0.843201814898523,0.86350088186069,0.86783575109752,0.867749447855718,0.858600334767747,0.822532671200702,0.738523441642586,0.604516001724514,0.449476019700639,0.310293780589496,0.205697332262684,0.13407387450704,0.0871986245526714,0.0569338372554648,0.0373497750931262,0.0245643515460958,0.0161315789538672,0.0105179683091691,0.0067626841844813,0.0042520812055941,0.00254408668651732,0.00146418329593689
0.0565148762779823,0.0838810044278219,0.127491303384078,0.200689306563226,0.329237185200926,0.550593897879444,0.831641049983664,0.883776289918868,0.632859557685714,0.390256162576944,0.241985880350225,0.156361992801508,0.104909342271804,0.0722129086441452,0.0503216789995328,0.0350088949656078,0.0239365255530787,0.0157811251547703,0.00981168871397927,0.00568968922927324,0.00344375250095027,0.00493475897010804,0.0837332767898352,0.304026412993481,0.456728302803897,0.128402521166637,0.00325366827371066,0.0176213532590524,0.0650652576759087,0.143064613854544,0.257358419992531,0.406595564130576,0.571553978023696,0.717982983951966,0.818492582383817,0.870018686279409,0.887605667262199,0.88899839287834,0.886181172912094,0.883501905509245,0.876993716310736,0.852604322149296,0.787030255832026,0.662181651742521,0.492474580102001,0.32433082125425,0.194899436431521,0.110506348099982,0.0603641097364191,0.0321218414903816,0.0166578467868258,0.0083766074403776,0.00417253603209308,0.00221092243273012,0.00152123242617712,0.00185337428307751,0.00433675185061247,0.0155074623508945,0.0720020477253305,0.297960947271936,0.312227799398392
0.0309243330693145,0.0444454042240174,0.064987839607871,0.0978751044568048,0.15410936140445,0.257599496778276,0.455830736611547,0.766179334125115,0.86136709441007,0.567237957894132,0.315141510518178,0.180894250455128,0.110192822854744,0.0701853577913276,0.0458128760406547,0.030026046589161,0.0193109675346991,0.0118160213183809,0.00653771351581786,0.00294714005102029,0.000805362004800272,3.4985655707753e-05,0.000469722423507418,0.000980601421719388,0.00291521914805846,0.312937068027871,0.573089233803776,0.537072506516719,0.181052637886455,0.0382815543407379,0.00242650114292462,0.0086215260100567,0.0401231874473679,0.0970545387600461,0.185548642404017,0.307520156896345,0.456703781662057,0.612126163054816,0.744380080364246,0.832959975167705,0.877031747970604,0.889710511191333,0.886637806221866,0.879572859207551,0.875261698791927,0.876150699100915,0.880739227786114,0.882874486625035,0.870499710078481,0.826055159197314,0.737332736836284,0.605004710309367,0.454221814753134,0.315658344207256,0.206620398758632,0.131862550549191,0.0806638186032831,0.0479066233160052,0.0275133053191738,0.0151775150573919,0.00815318914798054
0.0038030620820633,0.00514452482058757,0.0069705228416379,0.00952988837264707,0.0132638581628613,0.0190171376350129,0.0285757400436575,0.0462561812272756,0.0846264764249868,0.19083986219064,0.552475675814172,0.571407478642852,0.174898721246085,0.0660185998244728,0.0302764166182117,0.0151351698178556,0.00760330581738238,0.0035078478867156,0.00125263007224638,0.000187191043173725,0.00010129111088435,0.00107743357916837,0.0035163338936861,0.00834106433214395,0.0175546834424423,0.0356984725647209,0.0736429097383196,0.155188513902158,0.280108683402569,0.143697051933471,0.0252617459232162,0.0440973718449553,0.0321908396400102,0.0193370659530555,0.0102994264164393,0.00418791792681241,0.000839572510685067,0.000271214012648674,0.00332492681234779,0.0097496045843393,0.0244676613058817,0.0506644084950881,0.0966925880566117,0.17306524100712,0.291330389248102,0.452521252649215,0.628188892949936,0.766113060360204,0.835949704434693,0.851253149826929,0.842523029922201,0.831007966253063,0.827198699089237,0.833659561065516,0.847739241420833,0.861810092530888,0.862749341484111,0.833925245628267,0.76313010296632,0.653313958200778,0.523727973124485
0.0148061246572539,0.0205621810038717,0.0288050818376491,0.0411085205510374,0.060524858844633,0.0935306327975734,0.155374277914123,0.285180681333878,0.56581670652788,0.848614623231449,0.556982987084978,0.263660844679405,0.1330298420588,0.0734902122008207,0.0429958021197729,0.0257433640702615,0.0152471305536053,0.00856188309883559,0.00424815557659842,0.00158504647100968,0.000241686799360094,0.000137365045616938,0.00138800888742765,0.00428821540184838,0.00925876687264203,0.0165009629712,0.0241646125575345,0.0205598463788281,0.0396855308214516,0.509977067372319,0.590037350613817,0.391485530586383,0.199681124648027,0.0915916672204765,0.0359072142094146,0.00909791144512249,0.000694002817296663,0.00755865480602949,0.0309490818960436,0.0753415421306139,0.149161408115483,0.248781923477938,0.392380343829817,0.556248777848756,0.706536397216248,0.812862718156461,0.865881707849322,0.87772313509746,0.86727007625458,0.849571695324931,0.833562743414061,0.822898339776549,0.822728640626583,0.829501056416337,0.843020006471111,0.860616109361855,0.877219027476144,0.884700090430982,0.871973584086046,0.827570669885277,0.745400134425916
0.0392250893102769,0.0558837589997335,0.0807644024251708,0.119642599355856,0.183769441304394,0.295409515483668,0.491953943002044,0.773176934257087,0.886861703686013,0.648021511536849,0.384331796858205,0.225397475775988,0.137156487998805,0.086159045988337,0.054897191671447,0.0347028245039558,0.0211452896108112,0.0118730010778604,0.00562647780016041,0.00177895834437952,0.000123672660620556,0.000780034866414961,0.00413277588300207,0.010629372819802,0.0196983620696701,0.024135765513943,0.0124010207023831,0.520845537038955,0.691751353448615,0.553111822312915,0.203811913591526,0.0291605889290272,0.0113326604202918,0.0829531154306139,0.226172001732101,0.412772324523817,0.601813896965438,0.749668719778394,0.836995775381255,0.872759306647363,0.877447104806847,0.869118486679412,0.859377867656619,0.854255428540056,0.855529283581951,0.860670684803608,0.860778059719569,0.837020988267649,0.765592042953383,0.629445130442967,0.452803005244301,0.288092058195093,0.167322432686305,0.091598335892775,0.0486162110551128,0.0258365073486574,0.0148418201155207,0.0113474673314031,0.0163194899606981,0.0565775372553604,0.236337384211502
0.0263567275282601,0.0375630415729048,0.0543320326396203,0.0806691887631819,0.124689267804823,0.204006263321343,0.357119476919349,0.638036899336599,0.886034328218301,0.677947768873105,0.374793568833458,0.205626768284637,0.119562252685399,0.0727566078984415,0.0451746101994201,0.0277987771220565,0.0163221582455947,0.00858497256771211,0.00351508796990706,0.000685828182239848,0.000161148108140738,0.00250690972015459,0.0088904515103045,0.0208589680550014,0.0362512532660585,0.0196384841018415,0.501425566245489,0.565066433482484,0.235607403218956,0.039872467241456,0.00535489741307599,0.0702187404279847,0.221927847963631,0.437745118735434,0.649641541831049,0.790154250981562,0.852105298712247,0.867819042198301,0.867367800825706,0.865720874733702,0.863929297257797,0.849329697130189,0.79538490450027,0.676118432194847,0.502202553071039,0.326940020154628,0.193978946059473,0.109407099165617,0.060299552120933,0.032877360986842,0.0178919446055481,0.00982523197489365,0.00561309606140912,0.0035660684769582,0.00284654143762839,0.00330110826521663,0.00586884959371644,0.0149677978758756,0.0512085555519666,0.209497839793055,0.354556173632099
0.00723953749486171,0.0100171780850516,0.013958276321365,0.0197679367751562,0.0287887402463081,0.0438252280451013,0.07148278165662,0.129915070072202,0.277753191019073,0.654790014090787,0.687434260932001,0.284015912746369,0.12288111499078,0.0620569233688084,0.0344081368620777,0.0198346447680914,0.0113082323073174,0.00597464813417835,0.0025744274075833,0.000600533011608134,6.51504276152867e-05,0.00165546386963599,0.00759939864189788,0.0249829288708566,0.0793951465420043,0.245919838747337,0.29886895257212,0.00730739952307306,0.00770070049829724,0.00658753937674487,0.00314440421785828,0.000736471218508226,0.000107459157220734,0.0019078635796483,0.00531828631098005,0.0141580540963363,0.0296842212747824,0.0553308415259912,0.0970184614912094,0.162998205331515,0.262505627103944,0.399454567230362,0.560335538187959,0.70936196591256,0.810552757794068,0.856804059149861,0.86671517820637,0.862616414354584,0.858643914096026,0.860799085438838,0.867216783606059,0.869579864810197,0.85360045978913,0.802665642782081,0.708699640505924,0.582434415741255,0.448736768430315,0.329925445392769,0.235879264374437,0.1661045530258,0.115355818914713
0.000980599315060761,0.00127698096035499,0.00165254722463838,0.00213604379909805,0.00277294775868538,0.00363907210943169,0.00486925610794147,0.00672419778593128,0.00976781338721174,0.0154302717749159,0.0283362358523138,0.0711478000743616,0.360280286880231,0.168484828997498,0.0287777438527709,0.00833768673438492,0.00273904325840346,0.000776660695818552,0.000104024327502822,2.85830130516737e-05,0.000310637995918996,0.000871310817061484,0.0017043365799359,0.00284725535327836,0.00437446882624391,0.00640134496298108,0.00909715622771727,0.0127087950286763,0.0176009893176241,0.024324290051564,0.0337317734299706,0.0471824082101612,0.0668948826895422,0.0965283742234382,0.141889904620546,0.210263951982553,0.299080033956976,0.332267445241817,0.083068001826861,0.204254783465203,0.229438889865687,0.165498837681788,0.109271948905313,0.0672200584315425,0.0373083130120591,0.0163590502094123,0.00371074962197311,0.0014589158697609,0.0169981664735411,0.0608497204675715,0.168507831947575,0.35965275850343,0.593535789969116,0.758248850331347,0.810609201720496,0.796396760332761,0.766728840358496,0.744144135791437,0.735197672063232,0.740509822363385,0.758585552869884
0.00423940715801189,0.00566511373492621,0.00756335580602235,0.0101555081654819,0.0138215640912356,0.0192608125188128,0.0278800176556188,0.0428641580744836,0.0726955225530309,0.145669855899305,0.379174707594681,0.719122603345191,0.252586060429865,0.0814782170988827,0.0325223727181844,0.0141337227595056,0.00594148777721185,0.0020465247651503,0.000356149458357851,5.12765650883422e-05,0.000837211956867079,0.00269073301638891,0.0057769380037921,0.0104396208325454,0.0172366140254584,0.0270163800416433,0.0410440509020519,0.061190462180734,0.0901892970900338,0.1319121630461,0.191405586358872,0.273790009156472,0.379277625155267,0.48473270476981,0.424043702270328,0.432669265102602,0.666694295223762,0.518966063846656,0.273938585383742,0.0364357550406903,0.283407059316492,0.682010554639195,0.82198074208736,0.847154069313918,0.848175050697629,0.850747450275942,0.8591132827366,0.868161668242997,0.865354957818016,0.832466384257351,0.753509854692821,0.632427673314488,0.492185566828768,0.360261039667188,0.253784527426741,0.175321992244322,0.120209352170205,0.0822896177008408,0.0561627539918003,0.0383578263648389,0.0261893227513324
0.0275607011493851,0.0391016609395467,0.056234996626996,0.0828789995236909,0.126850778252403,0.204791785267937,0.352325112667533,0.620487226262469,0.88052038425295,0.710818955752893,0.401340458404561,0.21969623975087,0.126554130916877,0.0761060856679541,0.0466119360245763,0.0282204599019947,0.016231971660078,0.00829439732621453,0.00323265460734229,0.000548335180837972,0.000220689756042847,0.00266835038202368,0.00881935330049542,0.0202480607557091,0.0391684206719075,0.0668016437118665,0.087200298516479,0.171461375310721,0.6330448747409,0.554793483641126,0.047951666084282,0.15046442478972,0.439523083841621,0.671304897259831,0.807441766895152,0.86365030258354,0.878509853668412,0.878479707017261,0.876357373343625,0.87389975508199,0.862147521575119,0.820385496210926,0.723313138081299,0.567432660569254,0.390839212358057,0.242055123725505,0.140156692199256,0.0782529742321848,0.042884032687339,0.0232913875950807,0.0125797914745303,0.00696138355051669,0.00413672939462692,0.00293364344557217,0.00290070262741741,0.0045649221813268,0.0102501340199914,0.0308596000659676,0.116812081217447,0.360280515074797,0.318364536661743
0.0185935215602233,0.0267397082347206,0.0390903965786593,0.0588098950573425,0.0925244391499491,0.155457476941381,0.285003888881541,0.55616371493207,0.864024081279051,0.658402341995097,0.346219030635972,0.18666935485519,0.109430051551918,0.0682162533697892,0.0439020632915622,0.0282901636167455,0.0175561518517898,0.00981356458265035,0.00420502409912996,0.000712314647748809,0.000769904664979336,0.0103866573222705,0.051264498318089,0.0512040950031342,0.0736894922209186,0.0408989397872551,0.0142776873172614,0.00248793778726427,0.00136500983453459,0.0154310252091773,0.0564476139970583,0.145701965084735,0.304843731399094,0.517756581351647,0.706651120676952,0.811882366019544,0.849809910600074,0.859124881320185,0.858649022397634,0.843406077094475,0.790901859317382,0.679665299580222,0.520818673235928,0.359145909043286,0.231182247527884,0.144187265395583,0.0892486949618812,0.0554482894564898,0.0346863069901374,0.0218337903524445,0.0137786218789404,0.00866955064232956,0.00551829386817731,0.00343107746046297,0.00211526040583282,0.00129664762970874,0.000801526875771885,0.000522596382907871,0.000393163792936855,0.000392902638413768,0.000589828589179752
0.0194085860305445,0.0268689855325642,0.0374951051396082,0.0532548990962288,0.0779273518774071,0.119396606770126,0.195619843149014,0.349102765641597,0.646097442664707,0.862376201190493,0.558293209195577,0.272628444156236,0.138347676792777,0.0751186587029191,0.0423413728672295,0.023857643135277,0.0128323110558566,0.00612231424924956,0.00219859207100174,0.000319523635768667,0.000179416722536516,0.00175592261982659,0.00525075705993862,0.011080963499278,0.0199028241697326,0.0326599865308122,0.0506474695266671,0.0755700922944901,0.109525038335383,0.154654017281497,0.211243318148193,0.262636137216446,0.252766742564729,0.639555888429693,0.712514234002784,0.185154258947625,0.333295154903388,0.639666057696133,0.794938716748563,0.870625101752157,0.902181909624256,0.909126898647847,0.902479443610789,0.895616283764328,0.889084823907556,0.886225272038385,0.88810934906108,0.893890968031611,0.900727235345117,0.903242540479947,0.893184825196625,0.860325292502244,0.795382921061458,0.700394741368099,0.581475669965711,0.456616526824896,0.341979649625822,0.246741499075057,0.172934450246127,0.117967159742322,0.0783421854006606
0.0155450264676984,0.02167629336489,0.0305160075976802,0.0438147029776722,0.0649965226297149,0.101390688046176,0.170355884411257,0.315876840986801,0.618485157044746,0.847151440450806,0.524852306817222,0.253115735416879,0.130999660581891,0.0738669125079102,0.0439516183408706,0.0267176222141501,0.0160636062873566,0.00917159225221419,0.00464947736256041,0.00179939367986651,0.000308292095557103,0.000111821693116494,0.00132369298540418,0.00413140564634422,0.0083884896820371,0.0118998004915893,0.00620335296869483,0.0650883204314623,0.518900835979813,0.610381357859568,0.449247060709252,0.268877363338867,0.152224153660134,0.0823888074819959,0.0411043917910201,0.0168026135020722,0.00377010736140059,0.000762130013236151,0.00909563557010861,0.0328908659801618,0.0794893516802449,0.159193959611488,0.281313810926051,0.44377394127595,0.618705259245653,0.760127313105809,0.839094923391877,0.86211746854425,0.853367226324075,0.83398146738441,0.815972780680466,0.806638014545258,0.806312631267428,0.815352738627515,0.83200509671732,0.852274386247991,0.868749211245639,0.869960037295749,0.842458173559964,0.773180158701219,0.662903803579064
0.00891079248224738,0.0123908936996769,0.017369199958196,0.024778335054532,0.0364137381891885,0.0560719239535142,0.0927968231731564,0.171453943968349,0.366971700539203,0.759147642507393,0.629995515925703,0.270667039550838,0.124780002409645,0.065377726356937,0.0369740929384176,0.0215110264202445,0.0122835319671065,0.00646139594311813,0.0027635763294984,0.000650701313693145,5.22543691859526e-05,0.00135652841790312,0.00565499274128914,0.0154780567672474,0.036846541130237,0.0852835839474463,0.201888431842263,0.443111847907835,0.544722661525,0.0913691647786286,0.00985276651151402,0.00763469819099432,0.000784676982329925,0.00526658917797934,0.03116609868318,0.0923744352834058,0.206013467387686,0.377155039536898,0.573058000692544,0.732733997297442,0.824316393325215,0.862545127781853,0.874933835129411,0.87856596328014,0.877181519448038,0.863851318615453,0.824854887181644,0.747904550572956,0.634131414112808,0.502391133831715,0.377442892127686,0.274042909979059,0.195875472587385,0.139566980170634,0.0998450452903343,0.0719512162155963,0.0522763135104721,0.0382765400835119,0.0282153328328794,0.0208066063213587,0.0153816532430434
0.00422849706112122,0.00560442125252071,0.00740996292027,0.00983467515825237,0.0131978181084161,0.0180733252037457,0.0255819307582731,0.0381639529800837,0.0619856064920261,0.116246240176384,0.278551097182711,0.714451136394379,0.351060528309502,0.102173353587014,0.0378285332539278,0.015749421832748,0.00649613449122624,0.00227039810574947,0.000451412384632283,2.30991774248408e-05,0.000578822389486709,0.00199087334867467,0.00428989352381319,0.00762351377911076,0.0122518156999172,0.0185659048885334,0.0271271817561002,0.0387305401038142,0.0544976719054569,0.0760049435075766,0.105433082750445,0.145656382230437,0.199948993754505,0.270187699947238,0.349589008222801,0.391964358062879,0.180001878222241,0.482301848723192,0.619299796404127,0.519433217216736,0.368311738002785,0.219809314824957,0.09363721142756,0.0149147125224978,0.0338920190396149,0.216101341906736,0.516997850793146,0.745904553895458,0.832270028724755,0.839284779930538,0.822216810010251,0.805239873242851,0.796518395845774,0.797981163966683,0.809200817456283,0.828192181854011,0.851170164360699,0.871865794932276,0.880807303699591,0.866176456237612,0.817667040246858
0.028514760279586,0.0406225036838273,0.0587461956604586,0.0872573928273317,0.135056850085744,0.221458981880526,0.387628175360999,0.67991066861929,0.885385607104453,0.641630990648091,0.353873080734632,0.196857156382011,0.116388322587936,0.0722305580650092,0.0460417320144758,0.0294673288175995,0.0184520425003946,0.0109054105251081,0.00571387147282055,0.00230126228711603,0.000429782728243282,0.00011632845663002,0.00160073971239072,0.00527182851332061,0.0111130012069807,0.0150397202325611,0.0118028919892314,0.487299776297963,0.54254919947093,0.191570171093252,0.031796930649729,0.001459328580017,0.0152245964535017,0.0506840994755573,0.120248376805797,0.198295299414559,0.323787984709029,0.467337885772236,0.613952884891415,0.740608875514001,0.830092326848006,0.879520156041907,0.897872046838333,0.898027611994352,0.890998226892425,0.884095326999029,0.881204911981847,0.883414971873745,0.889183241905771,0.89381339688191,0.887548262447652,0.86246629361187,0.802345209224532,0.70271799399327,0.573446320233031,0.436166359471852,0.312118370183656,0.212562883342216,0.138482012838831,0.0891442082765199,0.0556880120632878
0.013473398204681,0.0189689389637893,0.0269993150049163,0.0392585020354698,0.0591053407276454,0.0938580532730595,0.161282610453891,0.308029663439472,0.623053926072476,0.847342148756688,0.507576282836796,0.244809163248902,0.12861353567505,0.0738568647299904,0.0447340244254691,0.0275927920494461,0.0167015441937488,0.00942149170581018,0.00448914066461968,0.00137147892870517,6.49976054000177e-05,0.0011812382601834,0.00643280352744102,0.0201080768037254,0.0536697061272484,0.140859858866769,0.353019971378854,0.583931158620437,0.198186487234023,0.00732008898006247,0.0059335607346914,0.000543941968977832,0.0115803871378437,0.0526225198661537,0.140250917407035,0.287607883200288,0.48022954792683,0.664204560382107,0.789149374685726,0.851210188943649,0.87503021926642,0.882573586044896,0.883230427746931,0.87505075718823,0.847848485298786,0.788694478802487,0.691937656049036,0.567883335977444,0.438625019131832,0.32436409635129,0.234401191666416,0.167584631748491,0.119793474280677,0.0860647260680605,0.0622777422632546,0.0454002470812759,0.0333142594761517,0.0245726176152069,0.0181685586220305,0.0130719262908684,0.0100057295028437
0.0201808782512521,0.0286804812557932,0.0413427094017957,0.0611632680218883,0.0942947676918874,0.154574229181063,0.275448876543244,0.527241307859801,0.855677490931532,0.700605775095014,0.365295435512179,0.189692940952817,0.106742153708262,0.0638537615665566,0.0394164052214633,0.0243667129058244,0.0145660262145422,0.00798716794775634,0.00361461702780265,0.000991147236421768,4.07722820253621e-05,0.00104022071547005,0.0047139538392007,0.0125111540768441,0.0267008984313373,0.0527107115101398,0.100859375167968,0.190453887794859,0.353551767935912,0.580919606785969,0.630125892735085,0.133426500802587,0.00964220722243003,0.00317158767461069,0.0435428724013259,0.167214112430463,0.358908367941799,0.568018584781169,0.732872000723392,0.829703445191188,0.873601488468526,0.889131691761492,0.893709092614868,0.895596581893818,0.895972640106022,0.890554824165082,0.87081522617137,0.826550158253119,0.751012367679972,0.648088623692957,0.530874146217445,0.416207395228552,0.316408639972602,0.236225538122341,0.174912619501587,0.129276704547783,0.0957059178463355,0.0710553926831944,0.0528527945885922,0.0391668410551532,0.0293530134111444
0.0034907676049067,0.00462063369522563,0.00609894085285079,0.00807651262823752,0.010805493383702,0.0147352218232384,0.0207339982576837,0.0306685790183772,0.0491844572723971,0.0905252968413552,0.212999062283589,0.623606967402324,0.371584324076849,0.0983728173530595,0.0342361272368307,0.0135923925167832,0.00529974181713966,0.00167180653436254,0.000238021949775483,7.55543203845148e-05,0.00083500200395533,0.00242810434032588,0.00491817114978443,0.00848579381361458,0.0134296771864914,0.020190008449897,0.0293922946926957,0.0419144717417251,0.0589820270851207,0.0822933156175761,0.114162876400165,0.157625102880027,0.216320699542023,0.293714160092905,0.390657032464497,0.499243861061995,0.583281832470281,0.444787342320288,0.642941998109489,0.755302620250984,0.652148295960747,0.408712227017192,0.0842220952142345,0.429642419204836,0.771802819293816,0.831203360820886,0.832069062762486,0.830152972909822,0.835139800627499,0.847615204758364,0.862853635729204,0.871263041774749,0.858268870598747,0.809302338819795,0.718560010754193,0.595326169889878,0.463398212170885,0.344136210832646,0.247974459203189,0.175635525102654,0.123451832083245
0.00448830319880325,0.00599621843375567,0.00800438105690059,0.0107483180080758,0.0146333505165009,0.0204076024476405,0.0295813942653866,0.0455884674175633,0.0776160510357847,0.156394623792986,0.406556985269783,0.718061294047461,0.250247419013352,0.0829942732139704,0.0338736618043786,0.0151038785237562,0.00661668893499504,0.00248699478297228,0.000575505091056108,1.82260959048327e-05,0.000470597734595336,0.00184414944326648,0.00420982669508821,0.00776891295978735,0.012858575234017,0.0199818524259868,0.029861356660758,0.0435205419651839,0.062397600741802,0.088491577207247,0.124516723534282,0.173970226230883,0.24083403384695,0.328179878890646,0.431631060842992,0.534870350228624,0.476451719385621,0.711117585581331,0.754692095083963,0.498421836436953,0.0840594170429204,0.481271021908732,0.792035960781567,0.860354769374118,0.865974401268622,0.860188807212758,0.859086762103755,0.863755322364213,0.873629173755041,0.88384462833324,0.885607469966189,0.8663501360007,0.816030819319749,0.731198495811424,0.618200311683798,0.496120520608721,0.38247928926173,0.287189339383991,0.212476533643953,0.156141261468476,0.114316235727732
0.0107172350532591,0.0150455327505483,0.0213316167762142,0.0308518050145472,0.0461091606275884,0.072503896801613,0.123130200535242,0.233823823571114,0.497515967221473,0.83785951068203,0.551885055605709,0.251076691587363,0.124660924288884,0.0684944184464358,0.0397789611772631,0.0233011844492454,0.013022745144239,0.00631752800699373,0.00207845007898994,0.000128103393709718,0.0012914359771503,0.00830017790834945,0.0288689285410619,0.0857431781981456,0.239925796593189,0.470474216729479,0.249744722968281,0.0213458459887417,0.0366078661913078,0.0163063321681803,0.0022632745084118,0.00548098683879827,0.0461454614609479,0.161266113934715,0.375613058183248,0.618690506760368,0.773535869807406,0.833457549764221,0.85034454934291,0.851633715248022,0.832972339753177,0.771505160455265,0.651318290522001,0.492461580540317,0.339655709684795,0.221945037001068,0.142060418827908,0.0908483865696294,0.0587298872460105,0.0383244578742217,0.0252595827838087,0.0167764422172557,0.0111881885438295,0.00743979383478223,0.00493117665308102,0.00323674380176192,0.00208953188629454,0.00133533022813176,0.000822996948169378,0.000494951530492463,0.000294138307125055
0.00184217086422253,0.00241757019623775,0.00315808937650594,0.00412929975329203,0.00543771995877415,0.00726662954316119,0.00995495569029309,0.0141912461650789,0.02156554734609,0.036493217259469,0.0752697961446732,0.230571861245389,0.591277399023193,0.124341999312157,0.0333929397798556,0.0119441357239403,0.00457391144377019,0.00156883576055652,0.000340709909811126,1.01072096875248e-05,0.000240989033846363,0.000910769734174784,0.00199954956837458,0.00355026158776713,0.00565653320132466,0.00846429963795585,0.012183067372604,0.0171070289286921,0.0236490811756637,0.0323937454610567,0.0441787741983045,0.060219862695128,0.0822958299690724,0.113000215452049,0.155987861876866,0.215802052228011,0.295473402204802,0.383954219718656,0.385050698279038,0.23993460498416,0.594064600066965,0.500702324953752,0.308352596377025,0.132266611676908,0.0226592755872435,0.0366042766385939,0.241545324545573,0.553199127756222,0.761881190953865,0.831178936297932,0.835801010022666,0.821676808854567,0.810893126288545,0.809717870748485,0.817808646690267,0.836134513586957,0.857074110121919,0.873468348243989,0.874340389169028,0.847697707110657,0.786090044948363
0.00658160827888796,0.00881678038380793,0.0118106446262409,0.0159311068295581,0.0218179562351746,0.0306656184793538,0.0449144926028842,0.0701729784844562,0.121465973628575,0.246311756716704,0.564963499507847,0.6923797686,0.273257788276278,0.105284086849102,0.0473636442396175,0.023107718635941,0.0113662628606604,0.00519961130025272,0.00192106141009893,0.000372242290923987,3.83473857909095e-05,0.000721061133540787,0.00240939949365412,0.00523252489807915,0.0094540091206295,0.0154942264547307,0.0239793244274609,0.0358208709532027,0.0523291816111522,0.0753396654200458,0.107216717160655,0.150104006989559,0.201567928708977,0.232516224121409,0.111525350355495,0.385285740189618,0.577565904493356,0.464562006604998,0.296069439250492,0.163883594963423,0.0690557467457001,0.0160226870434755,0.00380570812303997,0.0430156990752776,0.144445391000155,0.322890325704014,0.53891109456086,0.722371922678586,0.827003091657147,0.860877298471427,0.855314800589947,0.835599397717011,0.815519005950589,0.801113906912609,0.794224927350409,0.797084485665091,0.807050552991988,0.823523532286765,0.84436321326588,0.86604186951718,0.883156850316238
0.00302623851075977,0.00398536695652257,0.00523023966972155,0.00688133777802997,0.00913911887318698,0.0123587388033918,0.0172215982905699,0.0251798202581402,0.0398096885432113,0.0719692579263692,0.166604066143747,0.54134061367655,0.391961771099628,0.0939761194255851,0.0313723913166319,0.0123758325802184,0.00495811712191925,0.00172237340540209,0.000361863909032694,1.17791896561788e-05,0.000317030128386625,0.00113673690377741,0.00243593517040765,0.00424248268371417,0.00663014226268736,0.00971385936200097,0.0136519657352186,0.0186535222570312,0.0249906645653217,0.0330167938205791,0.0431921683831171,0.0561189817446376,0.0725881910606719,0.0936397083471798,0.120635333333876,0.155340705262773,0.200020832421932,0.256343314385954,0.321628231555759,0.409962175661684,0.503074917095983,0.613712270563693,0.710968085218757,0.729427042693502,0.808951036954678,0.84113038786423,0.690524773750727,0.290762386884002,0.789451762479321,0.851838032349952,0.840368907227419,0.822230592196974,0.808191758650818,0.800838332865844,0.800686583675327,0.807445370013359,0.820244975880651,0.836530459887731,0.855507128023611,0.877177623777462,0.889948789096285
0.00688832204592036,0.00933061702417205,0.0126670073096511,0.0173663740956387,0.0242678712653661,0.0349941816988885,0.0530095334903868,0.0867271544359256,0.160206438215409,0.352181282918766,0.754425632514277,0.530682594542321,0.199931581634224,0.085879860742777,0.042096035845777,0.021974956424877,0.0114966415562176,0.00562904684094326,0.00229350926224923,0.000560245565749033,2.17088654571611e-05,0.000553386110962846,0.00222453016910767,0.00528033499674112,0.0101716329832573,0.0176328204455476,0.0288263450708621,0.0455903465233198,0.070837015098495,0.109073531486068,0.166365501011438,0.244806650534763,0.296882939672814,0.124183731533856,0.445203249359641,0.291119750989493,0.0859485925905629,0.0418915034328731,0.00655092949330014,0.0764226812622303,0.23733524430267,0.457697663072895,0.663737741052377,0.798673128597329,0.860247959175666,0.876774913559614,0.87489560261485,0.870255879118326,0.869756516760037,0.874745700787065,0.882343958435272,0.882014787873192,0.877553939973512,0.84569566255187,0.778878479611229,0.679642924489576,0.561214219231801,0.441807043878696,0.335642788195786,0.249086609417888,0.182236694730775
0.00185881518130017,0.0024352750271602,0.00317388800401731,0.00413695071153056,0.0054243860990595,0.00720548830736685,0.00978730271096742,0.0137780295079693,0.0205345306844775,0.0336403164069338,0.0653157535050785,0.177878481864535,0.600784886652082,0.179037805216257,0.042770466261319,0.014226588295705,0.00512863415873607,0.0016164422419157,0.000279794534459834,2.38484251243928e-05,0.000455124959736676,0.00145032124146892,0.00301976821638418,0.00526406506359783,0.00836851720199128,0.0126196967334363,0.0184425406380835,0.0264641575062195,0.037617734369255,0.0533083080654531,0.0756683250438104,0.107912874596054,0.154666442299422,0.221506517333272,0.310597509709968,0.401351226120012,0.374994962211096,0.0868243992829042,0.376388936339359,0.390228672654721,0.305779982033382,0.214210778364992,0.135796411971425,0.0712668345509007,0.0224743657400806,0.0039626786464101,0.0589179328846137,0.257144237525667,0.557138704725062,0.754718081524532,0.807871698714805,0.802743260880962,0.791561726462397,0.791402003038126,0.803902627843154,0.825654985528601,0.848279007056382,0.857775467040752,0.836210724880558,0.769939671399166,0.661307306832449
0.00749068506353594,0.0101176426582936,0.0136905748813919,0.0186943078884425,0.0259867936212558,0.0372061753373224,0.0557978885437404,0.089973245192846,0.162627876752426,0.346490861643261,0.735824570440784,0.550913954840357,0.204592709672711,0.0836582790360503,0.0383134033363504,0.0181295381915069,0.00809989887429074,0.00294640243889661,0.00055858329846614,5.85212314072835e-05,0.00114330953348845,0.00384588611906899,0.00845933194025523,0.0155413789920765,0.0259723660254568,0.0410600858180787,0.062688267125301,0.0934900794577157,0.136978354929517,0.196982852346705,0.27846759550245,0.38267624623596,0.505528978106164,0.633362406571486,0.743767888242683,0.804090827970413,0.778764563757173,0.83557484482888,0.606496530387249,0.745125650253079,0.872093123700149,0.880413373931027,0.882186518966144,0.884164511077331,0.879822974752147,0.854206873306015,0.795817988024979,0.692028758603653,0.553467607411528,0.409115971015539,0.284678700985423,0.190575392197154,0.124820649700168,0.0807703516763558,0.051890748987387,0.0331448724292347,0.0209601882308459,0.0130875464583351,0.00807206312287681,0.00495237291376667,0.0031177874957973
0.0212604196976632,0.030150943298107,0.0433623340870928,0.0639917481527398,0.0983908223436022,0.160801910672705,0.285371140250836,0.541480011660064,0.859647644148093,0.690713719198786,0.359312565683823,0.186270792763064,0.10437682215786,0.0620433902872883,0.03798570258001,0.0232468907648961,0.0137273597087086,0.00741320313994042,0.00328636620542322,0.000869264849633478,3.6498438963246e-05,0.000961135218745146,0.00415602174772554,0.0106235440607431,0.02218849490753,0.0422307277053801,0.0766596957237533,0.135522664810562,0.244282759663561,0.416184669866205,0.465087918915831,0.0664444041601415,0.0475416821793181,0.00288819078046849,0.0356702991720672,0.138327385136965,0.297974277240402,0.486869519364746,0.661197235740415,0.786793945815102,0.857708915984244,0.888530678917309,0.897679362640779,0.898642044709352,0.898706827545703,0.90009501351476,0.900883141957396,0.895333710439363,0.87442258878517,0.827752834930195,0.751775732908348,0.647836983619703,0.530079709801129,0.415018417866731,0.314585172236418,0.233550905909155,0.17134545828763,0.124923290111041,0.0907342778993525,0.0655985550558205,0.0468327967988212
0.0138635832554499,0.0197580676744869,0.0285842192228942,0.0424943024478805,0.0659859979742437,0.109525511616589,0.200500108030386,0.412275172437616,0.788486106674886,0.702217145099761,0.34526057785735,0.17220536018672,0.0961645383683667,0.0583770251836506,0.0372301842542917,0.0242203484755119,0.0155909776707755,0.0095172482179973,0.00507393522768466,0.00187207826513324,0.000139488760889557,0.00192648627955169,0.0187763166426077,0.074561319588562,0.00619624286531484,0.00590567107191412,0.00352409097388464,0.00191852781132218,0.000195628955961127,0.000353485104797359,0.0024722345897873,0.00748808618418442,0.013125176468236,0.0266170662474708,0.0477299087235873,0.080482241386708,0.130779650533858,0.205927259659376,0.312340253131719,0.44919780646424,0.599961893939811,0.733364322575303,0.822760462735881,0.864781995943578,0.874944313174471,0.871790115086353,0.867872605930732,0.868397352397198,0.872226563658569,0.874329952753887,0.858978721362092,0.810683519560752,0.719825639061332,0.594552409926952,0.458840173821203,0.336424386700113,0.238998519147833,0.167100791048481,0.116093604884867,0.0804630140253277,0.0558587813645433
0.0415701766308052,0.0611655127269723,0.0920163758081138,0.143296509164297,0.233833460599498,0.400146014442723,0.676523839469779,0.898943132009971,0.739619402957539,0.455766172915958,0.271345185629748,0.168443851612886,0.109176987851591,0.0727610679371261,0.0489339921514984,0.0324873833517638,0.0206615399167541,0.0119718063685903,0.00568498693800758,0.00161282970688085,7.27992738191432e-05,0.00176076644155831,0.00536326853329245,0.0376434970444548,0.468639934676491,0.180293667700052,0.00800161741608829,0.0973497973132376,0.2769291270937,0.506851846995256,0.705785441180034,0.816808702953037,0.856602421147162,0.864565706172842,0.861409164737843,0.842453562913983,0.780484897429051,0.646693674450991,0.458863273220141,0.282036217626244,0.158167995860902,0.0848947501246696,0.044758264145069,0.0233992361681063,0.0121543702656093,0.00628716910300013,0.00327043584736964,0.00177079786754782,0.00108046872182317,0.000843844246341323,0.000949578620919062,0.00152059791533816,0.00308101027382428,0.00710033091275661,0.0177641807706387,0.0482917367431623,0.143291370651635,0.385681770524531,0.492123540749032,0.345570956076509,0.241497289342004
0.00254097377313656,0.00335467835563019,0.0044132756596304,0.00581910809632582,0.00774073471259966,0.0104728937856559,0.0145712660706077,0.0211918988843423,0.0330853472800271,0.0581822383681796,0.126943271454683,0.399789945155511,0.53923315618746,0.128160707928544,0.040787587064217,0.016125189702257,0.00674158276146302,0.00259264496907613,0.00071739392498472,4.94948200546097e-05,0.000172600861597451,0.000945588807559906,0.00237518892259278,0.00457602881603169,0.00777122110387693,0.0123215745603218,0.018786622276625,0.0280316392419394,0.0414058174552255,0.0610203598810191,0.0900976204664559,0.132970383306767,0.192304569750197,0.252027505639271,0.206028505696215,0.0586314636318688,0.300261035170869,0.302083305093807,0.227807272813306,0.159627506784323,0.107660453054862,0.0693030472497061,0.040713308483168,0.0205663504941198,0.0063037482502852,0.000781008785592098,0.00928497202561274,0.0437539224511493,0.125625754540872,0.279517097647301,0.497003542508416,0.697623038268015,0.802355193850556,0.821243211439577,0.803325587958181,0.780410586535777,0.765840950099435,0.763356866170681,0.772931526956711,0.792728667730748,0.819137124505394
0.0170700756775763,0.0239531283984881,0.033968267425026,0.0491727041390215,0.0735931905822804,0.115824495348764,0.195946409320039,0.362220740836443,0.680260490676796,0.845830578762311,0.51606617542416,0.256974560776544,0.135526171735579,0.0765254265601134,0.0447799299943048,0.0261331205525606,0.0144898410427259,0.00703346720566906,0.002452183587945,0.000256638846268203,0.000550943482583872,0.00405579814187888,0.0123608933275324,0.0284906428324383,0.0578915929258604,0.1091902435595,0.185683359235613,0.172716927279425,0.526904074319921,0.456975385660999,0.117182771394538,0.0241088546901959,0.260925630283053,0.586332457186192,0.7765719138521,0.843695251665494,0.859728671368838,0.862757986273978,0.860880026073647,0.842074349307421,0.780334017716863,0.655420947080027,0.485399232612298,0.320788637822771,0.196751199896695,0.116296762448584,0.0677938505582436,0.0393790370728554,0.0228612416143653,0.0132559076939237,0.00770749271101866,0.00451757350179624,0.00272508925692405,0.00177110916941005,0.00134683149591164,0.00132343186488455,0.00184532862520863,0.00349917591264124,0.00852501980561897,0.0259212273465749,0.100289005498117
0.032752345284979,0.048390707938143,0.0732283071699442,0.115134476902138,0.191195430483809,0.338897933574515,0.614387785267615,0.889844985759312,0.734510738919136,0.432773879268811,0.250887930310729,0.155051639326654,0.101751594960449,0.0697078717432262,0.0490289828702842,0.0348543998639175,0.024633348912361,0.0169604365825469,0.0110691865698665,0.0066659592126523,0.00425798106728643,0.0176476068465031,0.188801766545736,0.063453628060898,0.0114224901170535,0.00160247291909361,0.000524245177863853,0.00528906296944669,0.0182714657630431,0.0438707381272383,0.0899233892649025,0.167469272453077,0.287021502011858,0.446744236587691,0.618276556558321,0.756737260685496,0.837827263681867,0.871492873062675,0.880556262480092,0.881442364963622,0.878958427613949,0.866314936937742,0.826493385125763,0.740368086819488,0.605942070295133,0.450061470149314,0.308973421532285,0.201845340754182,0.128752218038416,0.0813118666048849,0.0511657512678474,0.0320970476636072,0.0200066543840373,0.0123073429983626,0.00741211891265469,0.00432379308421241,0.00240484524375156,0.00125201119335903,0.000596726914944401,0.000256328180301123,0.000114429504752344
0.00655698284195467,0.00892062638452208,0.0121745594783434,0.016799625848361,0.0236661705091893,0.0344807524787705,0.0529516431216841,0.0882953769414429,0.167661531450292,0.38171537131089,0.7845221925115,0.476312594408858,0.18090356177572,0.0804170518199334,0.0407284809070774,0.021979619147044,0.0119501850321227,0.00615898925998069,0.00272539352413969,0.000805477963625997,4.56165182190071e-05,0.000382209296789332,0.00198699236853077,0.00529725609714881,0.011114483123474,0.0207193210674649,0.0355610710210301,0.0535291038604499,0.0468743169859987,0.0578900178662553,0.358988380738429,0.312786432406554,0.19715114740744,0.11757137609564,0.0690297664659933,0.0391124025496676,0.0202093788258299,0.00813094988485963,0.00161926776090158,0.000659974919942638,0.00670884512330479,0.0232207589195066,0.0561655901152739,0.115351133078601,0.210092149852408,0.354690732734219,0.532471139266272,0.699229284254362,0.807721061196663,0.84941850764332,0.847526604808746,0.832633513577907,0.817747133947743,0.810541618922429,0.813575322621442,0.826098567437416,0.844836182970768,0.863316419012822,0.870816235826225,0.851929862340358,0.782461698750265
0.00665528057505044,0.00895058498976677,0.012047977602234,0.0163499221138735,0.0225662995177523,0.0320464713535865,0.0476128607724851,0.0759583114113752,0.135787848291609,0.289477271324227,0.679108760563475,0.593611767817675,0.211779583727845,0.0840125819245179,0.0384228653992264,0.0186495141699331,0.00888436628017065,0.00375231393550917,0.00112487347103665,8.81090563136808e-05,0.000265648844009543,0.00156863516666768,0.00410523172531104,0.00816337508202596,0.0142389935733088,0.0231038091700907,0.0359124235909221,0.0543284234573799,0.0805381336613816,0.116543960396191,0.160145001720991,0.186800373462447,0.0965763997943304,0.190857442734654,0.479049835127934,0.447269402107026,0.340778649370709,0.236824621594094,0.154841259358163,0.0936240684805131,0.048645612006908,0.0189365218934123,0.00283860495759604,0.00694703453194458,0.0451073368377754,0.139371769345613,0.308339271586936,0.52904753594777,0.719782141934895,0.818219492190872,0.837731738942727,0.820008444389007,0.793980606352934,0.775473813973746,0.765278090687885,0.765785041720283,0.776530786932699,0.796038843796948,0.821546648227973,0.848075576544935,0.866550688664482
0.00600893919187805,0.00806851851270505,0.0108441986588869,0.014697244421181,0.0202688747778636,0.028788927075636,0.0428644890035788,0.0688101416052957,0.124929068014491,0.276609493728234,0.685380174915633,0.519354888467398,0.169830641732932,0.0659707657208002,0.0297523086292906,0.0141982745573524,0.00660668592657638,0.00269128490511023,0.000751214550855249,4.40186992285418e-05,0.000242257102399868,0.00122721699295109,0.00300483912847946,0.0056724980813216,0.00941049853086085,0.0144884668538242,0.0212836256750671,0.0303113872632344,0.0422708875594244,0.0581095179195231,0.0791104521847797,0.1070024923493,0.144072961048988,0.193205226212028,0.25758418099647,0.33924852237645,0.43342882019938,0.497448279833991,0.344173277520561,0.64850867174505,0.557747459637119,0.207743723714334,0.0343775656403929,0.284883974709852,0.618269332482147,0.801326056851927,0.868267136652519,0.879251067685562,0.868538527203387,0.854723622113572,0.844276671258268,0.839351273184989,0.841279129792828,0.849431425492202,0.858325641274085,0.877466042224513,0.89205952454194,0.898262987013508,0.889424870083326,0.858802122117225,0.802556181546298
0.00654610310569724,0.00882368295668642,0.0119089984941634,0.0162085437618865,0.022436520725576,0.0319454122786421,0.0475536330714783,0.0759165820983485,0.135533418129616,0.28760639389042,0.670664275846613,0.590302098600681,0.209208352927212,0.0813442833166755,0.0359904660314265,0.0165262146043392,0.00711727883220526,0.0024223460108711,0.000368668896063725,0.000119179755861567,0.00140465603288183,0.00428879138941843,0.00909984842233505,0.0164451698147663,0.027283897101935,0.0430544692566516,0.0658563879252266,0.0986645623567672,0.145479809025897,0.211129640300263,0.29977664435426,0.413039845904402,0.543275049049628,0.668747266511186,0.741121434652263,0.635760757347274,0.843407841761882,0.742342764018059,0.427462112966962,0.826984378816403,0.858848291451819,0.86017416885008,0.867998873319965,0.873332888574222,0.865665282493741,0.82695063734754,0.740189116345893,0.607067136927779,0.454869587495546,0.316981858986131,0.21085582452533,0.136327846387902,0.0875751623669085,0.0559316927424221,0.0356028148981548,0.0225528845077205,0.014166428039331,0.00889004291911268,0.00557241214682846,0.00356904760062243,0.00247650349933638
0.0210999071826496,0.0305410152654865,0.0450343571854171,0.0685404414639701,0.10950398804294,0.187552632228677,0.349534654751784,0.663435069463443,0.876154550576161,0.589570660191074,0.316646332769452,0.179639677029139,0.110803715737424,0.0728512955458287,0.0499658346000068,0.0350888132620531,0.0247869385793901,0.0172528765629894,0.0114766278543856,0.00689101878638654,0.00327090266335925,0.000908345654570361,0.00564750169120824,0.0521439609490842,0.021402061987766,0.00891240897097542,0.00279483770512965,0.000384689207514397,0.000301740361650122,0.00270510022242532,0.00835874396887526,0.0184528637336852,0.0368650335949959,0.0672240508834302,0.116050473545208,0.191707368048984,0.301668933573069,0.444739538557026,0.601195746683346,0.736155715925351,0.82386746014538,0.865223676252683,0.878025142125502,0.879703081844909,0.879517918002817,0.877544902348084,0.864899978248614,0.825260415919393,0.742566926194247,0.613678173892882,0.470910524596236,0.336592153626509,0.230081649097883,0.153627428337093,0.10152249469551,0.0667921074394666,0.043771128569648,0.028535025461336,0.0183783037354664,0.0116170161791386,0.00693472931892044
0.0177752001260085,0.0253641275600845,0.0366871433548739,0.0543645662095062,0.0836473135349517,0.135970771179187,0.238053572041003,0.447897344640851,0.778778317653257,0.792382051281168,0.465821957971992,0.249963167443556,0.142854295196297,0.0867617480373715,0.0544209621820164,0.0340892305482823,0.0204096777820748,0.0108310413176128,0.00424763893758903,0.00057583113823084,0.000915679174989052,0.00844853988026828,0.0307668347218263,0.0857444058957998,0.209954872740491,0.429552290092054,0.336918435772968,0.253805246291876,0.0443476708789405,0.460049690586053,0.757604572721249,0.832010040928572,0.846445003451305,0.830478070871257,0.762523151454331,0.625765144441944,0.450920638819771,0.293605552627344,0.181177552052264,0.109904985244545,0.0668085199120129,0.0409899311219808,0.0254074954192931,0.0158799477775811,0.00997700722321623,0.00627985653547552,0.00394780739692883,0.00247367524731914,0.00153659972650605,0.000956800541681191,0.000600615110390866,0.000381405927186803,0.000265393742037965,0.000207890392309956,0.00020415238139618,0.000257137264391566,0.000406197286064706,0.000756678122226444,0.00157409042758426,0.00356747731734487,0.0089754567304876
0.0126863559194552,0.0174927348245476,0.0242695713950012,0.0341705597283511,0.0493411628967184,0.0741097247211566,0.118106296025642,0.205109914940625,0.395196698777253,0.742646022561419,0.745380290748795,0.375772331043961,0.177052005126142,0.0908489702136368,0.0494688179561355,0.0272858124156398,0.014418155210542,0.00667720030707554,0.0021912414191566,0.000196965563471185,0.000608123695479071,0.00393257378690553,0.0114319325422398,0.0255711202260439,0.0509081732176122,0.0954197159895472,0.169767703602238,0.26140534719805,0.141415989771501,0.385950159399611,0.34917835979465,0.175172827254696,0.0516076354208186,0.00481885870047136,0.0752333782229003,0.293769598025077,0.572259654348777,0.757027511751958,0.828173051086722,0.844700706749497,0.847555145466731,0.84986880650304,0.845648321122642,0.813217577671958,0.724468528849118,0.574409068370556,0.401943780476163,0.255598812402018,0.153856728940205,0.0905142626573606,0.0527537179180681,0.0306298956635275,0.0177557992176673,0.0102959408451179,0.00602064770856364,0.00365764199344694,0.00245370344441859,0.00201016612656183,0.00234231316287866,0.00420764440111878,0.0113732681642227
0.00423614886344408,0.00571377675616407,0.00771196535734005,0.0104886740684993,0.0144939927181695,0.0205722548899715,0.0304618329214838,0.0482128711035267,0.0850009094373755,0.179483950534345,0.481000308415203,0.672420532976729,0.226661904074144,0.0814065833934177,0.0353610192851482,0.016620536223171,0.00765524873294123,0.00302876518988308,0.000740235046098054,2.49920453555848e-05,0.000692368175824525,0.00293592866663117,0.00735304508353774,0.0151385907687976,0.0285395234149615,0.0518019702992129,0.0930085457858038,0.166679870604074,0.290395735126646,0.435023769016855,0.335033049225628,0.0654795544276627,0.177004313368496,0.136834256252078,0.0815728103615618,0.0399842872072464,0.0100321386901504,0.00328115875046082,0.0466108362483839,0.18894566678044,0.441862348833013,0.680378807612619,0.796249858599024,0.828225850943819,0.835740011158528,0.841768071030717,0.842290326601667,0.815789343346817,0.736145988132405,0.600754568775725,0.443078610458362,0.30380768596503,0.200570810001571,0.130714973221391,0.0850258161735067,0.056444203792758,0.0379139790028697,0.0251766328966351,0.016752358002228,0.0111259486433981,0.0073324973770097
0.0176536439943516,0.024690797360581,0.0348905578863166,0.0503358042244061,0.0751348481195511,0.118149682667823,0.200384578757515,0.373075150242518,0.701401714129521,0.829337450315192,0.477497765242112,0.233116325597907,0.122196544511902,0.0688750237204914,0.0403854225982528,0.023779245788306,0.013494546770202,0.00693424024427799,0.00283156015613863,0.000599938898870216,6.87610952647137e-05,0.00139596898934748,0.005084957490701,0.0120813565568619,0.0238935441627987,0.0422804335891198,0.0649440327131026,0.0517765067110628,0.354688707887671,0.602392680670783,0.349953082609183,0.105849055602733,0.0130612018029118,0.00930547418773748,0.0662367889187079,0.178710954735743,0.340321687667433,0.526042798559906,0.693197392221616,0.807983954839566,0.866237516594246,0.885058419274379,0.884617117992509,0.879166175701937,0.87627243619393,0.878302981624734,0.883235191509709,0.884287795171634,0.86932668783488,0.822675797370946,0.734249344177386,0.608581199680851,0.467923592396256,0.338020577780719,0.233588984753225,0.156838198764913,0.103287408897048,0.0669951804868689,0.0427387781964574,0.0266910495770574,0.0162183751777737
0.0175340883086025,0.0245519080708034,0.0347268194161847,0.0501244444445405,0.0747936641359379,0.117389578026893,0.198161823124954,0.365735074339474,0.684666749919127,0.849543779552807,0.519908803526383,0.260109573961999,0.138391063506945,0.079348822574909,0.047636737248195,0.029023058656123,0.0173521303971279,0.00972922473391176,0.00471838308536248,0.00161840019323162,0.000160575918894382,0.000395731295989637,0.00268900986614286,0.00780634557026851,0.0171206518803742,0.0330203966196114,0.0596957319666017,0.104276173093114,0.178589567722474,0.290445811315836,0.293014296560939,0.31633232268941,0.145718725433143,0.021310668256702,0.040521855411159,0.193874357969225,0.401794625824028,0.609188381584154,0.759973804107988,0.845532413148322,0.883396018805564,0.895701572902002,0.898144737439591,0.898791790307594,0.899642859693511,0.89774615639365,0.885683364313629,0.852808916806195,0.789277893352073,0.692917524052278,0.573887186029913,0.450462573239079,0.339010881061869,0.248031484419073,0.178444286031241,0.127184551775638,0.0901108254148443,0.0634172006212094,0.0439577090601286,0.0308784807647183,0.0229580756115147
0.02130137593299,0.0299219443413093,0.0425085369036265,0.0617302145247218,0.0928818691590826,0.147379988199301,0.251669332060629,0.463008495066785,0.794487666307857,0.79309925224056,0.446594585576273,0.228551915850955,0.124651024066354,0.0722389820680666,0.0432334468348227,0.025888928985174,0.0149359804644563,0.00783510237422045,0.00331809324747843,0.000784482551949425,4.70430860070018e-05,0.0012405629076712,0.00482573029925204,0.0116664794154453,0.0231632602933066,0.0413038371538739,0.0675629811989939,0.0916238051234212,0.0633560420525254,0.619472184544192,0.539945768470951,0.129015608226996,0.00667341182678549,0.0800238651862828,0.23777540152584,0.430819595984547,0.617340308855386,0.759953935600957,0.845727419627572,0.884852303821476,0.895807147760604,0.894455653959695,0.89085346902272,0.889823884588086,0.891932666198061,0.893636558074573,0.886718893428259,0.858400116855336,0.795026499266998,0.691029505495063,0.557982098272759,0.421682749263945,0.300532812601428,0.205898089556207,0.137334220293527,0.0897123131480275,0.0572547132409928,0.0372250487596628,0.0227611109920929,0.0135385626033406,0.0076348385298117
0.00466477383148633,0.00625224314172756,0.00838141429492954,0.0113174487646608,0.0155241339895399,0.0218747638624027,0.032177654662491,0.0506837809803338,0.0892925735590851,0.190067911197715,0.512369153323811,0.634215287208043,0.204748833815004,0.0736369081133408,0.0321271630890248,0.01527969027979,0.00727190551751615,0.00314625675584973,0.00102827054547731,0.000126405156849485,0.000102558702223888,0.000845286401909757,0.00238477368544915,0.00486832466172722,0.00857030708938434,0.0139316832759589,0.0216358570581451,0.0327362637880355,0.0488514241473124,0.0723885256664986,0.106393594919174,0.151579608692028,0.186741841573637,0.0930779366888082,0.229391390031947,0.389376168016978,0.288510316664981,0.170435723104749,0.0938420149866782,0.0423337852884018,0.0124042930677334,0.00324691075133562,0.00555974280398434,0.0287649997758884,0.0923987487168492,0.128421102482962,0.289341782392593,0.489621498819021,0.677462755455776,0.801506223484212,0.850317915551156,0.848924282924827,0.822854864986016,0.804058740493111,0.786588379764798,0.77750268587057,0.777973303503445,0.787534700458472,0.804880657701148,0.827715361948192,0.852230317525174
0.0167614705306101,0.0230980099852274,0.0320459836505028,0.0451784149639871,0.0654793650619377,0.0991056294421706,0.160042359935337,0.282695241553524,0.540112397267887,0.848845527420982,0.621895674458233,0.296204274272696,0.143792437429195,0.0753603569207092,0.0412613154373766,0.0226047433345204,0.0117514595327809,0.005313356536557,0.00169331376393284,0.000146480385474672,0.000396255734238129,0.00247665833853889,0.00668082804730241,0.0135695365908689,0.0240214288842199,0.0393127799036578,0.0611943435616257,0.0918349121230466,0.133081115834219,0.182308852118749,0.205643672770132,0.186976813111931,0.710887696766292,0.754618821397452,0.491202151406465,0.079848929348852,0.0976993760457496,0.399073910969589,0.659621218544759,0.807254019201514,0.870978132725845,0.887814244377495,0.884091153120829,0.874806447426198,0.867706561121672,0.866191599873981,0.870718009275871,0.87893318501433,0.884818422351205,0.87750886461557,0.841843995104287,0.764129657147342,0.644353267620724,0.501245814832772,0.362615659889588,0.248120434728293,0.16326940773415,0.104729986713528,0.0659183889612678,0.0410466835630503,0.0257155761557023
0.00424685873313311,0.00572412223735252,0.00772510357431209,0.0105162375973705,0.014570037071028,0.0207917901310271,0.0310988456782162,0.0501389835767385,0.0915054854285018,0.20632966474152,0.585790569591153,0.542698518127147,0.164420441801635,0.0619062259518641,0.0280220189771871,0.0137072455235058,0.00667477886211425,0.0029422891794247,0.000971576017519086,0.000115187544822295,0.000119087075905702,0.000948520196834077,0.0027375251952026,0.00580494615842914,0.0107300526788234,0.0185080741205957,0.0308179663783963,0.0503426359703659,0.0802511642570406,0.116477710566247,0.102558460754705,0.0401461788077752,0.235086968392365,0.215055245105672,0.145642591230682,0.0958737530183023,0.0607337809369743,0.0374362676996627,0.0215730794998992,0.0105139380783371,0.00364426949645865,0.000413735757845577,0.00160048798136276,0.00836390288653617,0.0250495893933671,0.0575903709354457,0.116771525421729,0.213569916526681,0.319638857187728,0.514710790880531,0.691458693821107,0.801467793743469,0.838681735975455,0.82868899234315,0.802515638405192,0.777747418305052,0.761776844347452,0.756852669474375,0.762984236610715,0.779044118672871,0.80281529242091
0.0217510309682289,0.0312895122420068,0.0457826418621564,0.0689976869103798,0.108842398221987,0.183376041002323,0.33521761333616,0.631535159414043,0.876139771764127,0.622053575501659,0.332922702064604,0.184462216093651,0.110540243362499,0.0703076010393613,0.0463397046779609,0.0309415658764575,0.0204306440233416,0.0129207416939309,0.0074200276260448,0.0034560783776488,0.000938695129791191,4.00972192501531e-05,8.99290375489336e-05,0.0587990099904099,0.339148306242677,0.133220754203642,0.0400278283572816,0.0125791890398853,0.00176814804405525,0.000912200456933705,0.00844654716065444,0.0276795094548999,0.0643336127752118,0.127877443326055,0.22935655982259,0.37355577279041,0.544524536016198,0.701823608192028,0.808128547168799,0.858709778190608,0.873661596179385,0.874700850980446,0.87428080098974,0.874643979920948,0.868284001488401,0.838318236055883,0.764432229109452,0.640053313962236,0.486170320845194,0.341829928548951,0.227470373983764,0.147018404414655,0.0937119576221453,0.0594533445407225,0.0375617869377732,0.0234473354805093,0.0144194761853755,0.00866078563886895,0.00502824871297012,0.00279249822108571,0.00148451630899043
0.018720000023566,0.0264707475636812,0.0379036052401102,0.0555739857906856,0.0846363493683347,0.136469828956669,0.238388016946255,0.452875018682568,0.796250678278286,0.763046845698681,0.410778821109344,0.207906985807624,0.113538818727043,0.0660089400067021,0.0395256984340587,0.0235170887677468,0.0132836449002178,0.00659484068944618,0.00239533842911678,0.000295921620603459,0.000402529610236975,0.00334043222076213,0.0104598894812941,0.0242954496060167,0.0494089722570648,0.0934136088050213,0.162659031554603,0.181429569429154,0.508741376187396,0.370236840281909,0.0613041288272555,0.0604312615532299,0.293808961241876,0.577775905976012,0.763597821682237,0.848298220396837,0.876627419102575,0.883312420484689,0.884551969789892,0.882825786046876,0.870100605425151,0.829978532712322,0.74541883371521,0.615282859285834,0.463834201786609,0.324338735426297,0.215892735904519,0.139927196901319,0.0893572057835189,0.0583154014428126,0.0372078983628875,0.023689762946878,0.0150047711483958,0.00942926524790139,0.00583123192289378,0.00354150309702957,0.00210939770210139,0.00124487148747616,0.000772588411914505,0.000564658886864556,0.000604441047457962
0.00361786552873752,0.00479121998982699,0.00633013720732658,0.00839658610255369,0.0112643101313273,0.0154276560033671,0.0218580516790972,0.0326906667870086,0.05340425752626,0.101558852123724,0.253023509355294,0.691567431018889,0.305056946913911,0.0855610223615854,0.0315656742345609,0.0132175247626241,0.00553371680913174,0.00200429944930452,0.000447892304570203,1.37055108593486e-05,0.0003524078900048,0.00134063825195601,0.00297924177264276,0.00535644774199566,0.00864065220682887,0.0130912866139439,0.0190857994243724,0.0271661012094554,0.0381121289055725,0.0530537064375437,0.0736299967056943,0.102177154196568,0.141784295634323,0.195477308035077,0.26149152499228,0.31220639007941,0.213409408573918,0.148515406503728,0.412196703939777,0.371563252135654,0.265770500304037,0.170265867693247,0.0968721370874406,0.0484722736183292,0.0161471101133855,0.00166391699292177,0.0150194282170012,0.0720847038066983,0.191073054523084,0.388567569221184,0.610662759676115,0.770463464150027,0.833106624519876,0.829069267832838,0.795227868819838,0.765869608686652,0.739829801719025,0.721615313895601,0.712691545067602,0.71266643223677,0.720854291744858
0.00732884189151363,0.0101471470734487,0.0141405810453936,0.0200077609351852,0.0290590485345405,0.0439735573764547,0.0708654479298,0.125760455395626,0.257158626670157,0.588934575355831,0.78123569575777,0.376372796264525,0.166716591010475,0.0855192959056495,0.0487326005113071,0.0293708671053922,0.0179549629536744,0.0106320361464034,0.00566687845480935,0.00228584000915156,0.000338596137480671,0.000496989959327327,0.00561846607479681,0.0269542293040619,0.105007791173544,0.103095523335617,0.00513602766082193,0.0131048505074092,0.0133427845584113,0.00733360787584487,0.00326833194256753,0.000836729920860699,7.58026285524712e-05,0.00141479340435433,0.00570760452949126,0.0147991338370613,0.0316852529260122,0.0614162396675383,0.112194149313769,0.195374961072528,0.321186358215057,0.485022155406938,0.652521380089974,0.77618547293414,0.838541603267001,0.858205761773103,0.860957599487963,0.86187100935003,0.863107703414461,0.855798664332658,0.823311799838668,0.745866389321049,0.623124635816933,0.479201390772378,0.345493218873891,0.239618253203199,0.163314368702407,0.110819162870573,0.0753804624772131,0.0514454637196885,0.0351661618034142
0.0190378694771294,0.0266992122453896,0.0378448713844159,0.0547865745947584,0.0820850805327921,0.129546405112165,0.220105071158044,0.407023801070299,0.737941785750658,0.824237707691917,0.478502664153901,0.240811150302154,0.129267937958061,0.0742228897077428,0.044241184754255,0.0264853386173722,0.0153187696302061,0.00807183501861832,0.00343479758914911,0.000810440099353563,5.3832594292541e-05,0.001394652514392,0.00546132349344926,0.013319131523619,0.0260663157535141,0.040822153330125,0.0257601602709604,0.403015553776845,0.649422338346211,0.401829269325382,0.143941331982086,0.0252032932521279,0.00440425003424027,0.0526248306213447,0.166567897884356,0.340994032396224,0.542666394009034,0.71502879865688,0.821299739171351,0.86664649558441,0.876596734600178,0.873600782233285,0.870430904221073,0.871493197500957,0.874124718562117,0.867918574741223,0.834248922368977,0.752796264024377,0.619943535320339,0.461677326781334,0.315780067013637,0.203855460290836,0.127703857962012,0.0783719119517157,0.047548831028902,0.0285852352223503,0.0170704087721695,0.0102301299774453,0.00621353128668383,0.00434849998895801,0.00419903973284097
0.00975414274481017,0.013196010133333,0.0178949702689158,0.0245153213233131,0.034252413008344,0.049430944370194,0.0750369133829732,0.123161429042524,0.227401785351312,0.479998245095203,0.815010999327095,0.487928531924122,0.197907531982743,0.0891700111192035,0.0444070804888471,0.0230754867493646,0.0118093025472433,0.00552766214723911,0.0020523963007504,0.000380928766221659,5.54982186381056e-05,0.00090974375869875,0.00296318842190594,0.0063821150513914,0.0114760574910751,0.0187188620871698,0.0287920563549515,0.0426521843859174,0.0616224290614183,0.0874922382691653,0.122534334016946,0.169029586726164,0.2263182828851,0.272732704903241,0.169080150387575,0.633458277003465,0.689185938692878,0.445538045464439,0.124023901291556,0.0174949616548674,0.138411170621997,0.382355226504747,0.616010741919458,0.776154753765473,0.858346377387704,0.883971993607285,0.886404899382204,0.874291675682636,0.860426846655414,0.850200961935303,0.845986513004092,0.84844225854692,0.857018523426087,0.869668735525326,0.882767916713353,0.895730348626697,0.896789877542265,0.878955035336465,0.834859084533832,0.761554658744988,0.663481141139508
0.0127301032077959,0.0176342557178044,0.0246082092140688,0.0349188212530501,0.0509858558271205,0.0778610794128704,0.127290538820214,0.229817985699326,0.463116357042432,0.818278073654794,0.626694050045444,0.286259360027123,0.135603291565712,0.0706250325637397,0.0388058610604688,0.0214464034411513,0.0112728416241133,0.00514601324238779,0.00163477530359642,0.000127495500827578,0.000490029002795492,0.00295017063524353,0.00809940978140725,0.0169778412951497,0.0312392538375377,0.0532011596849643,0.0867761342523746,0.136522614739568,0.207981893941319,0.305534650892377,0.428363750256154,0.565619238251907,0.696205914363503,0.79687817793002,0.862067163672829,0.873367158450208,0.903881790485244,0.904696615179412,0.9028868101569,0.901861247536455,0.900281240336857,0.892417315832522,0.866847318948931,0.810200472398655,0.715209661947352,0.589481453655829,0.454499387583075,0.332393848771654,0.234847187078414,0.162869140689078,0.112061649039838,0.0769655662033337,0.0528709057162008,0.0363188465180865,0.0249025611546846,0.0169959093274094,0.0113774864937414,0.00756113516721171,0.00492647101066927,0.00310247233747578,0.00186837482418577
0.0262167684273535,0.0378657605362117,0.0556774099523751,0.0843788664160184,0.133834109108803,0.226029518182658,0.408329303022405,0.721891089134404,0.871739776425405,0.582920095895922,0.318007734148487,0.179029929431801,0.106977669062817,0.0664955759944324,0.0418226156430696,0.0257579763607557,0.0148159243338453,0.00727623689779415,0.00239823686789404,0.000153524354351013,0.00127447266599784,0.00763249104194151,0.0231804182987186,0.0551946399965436,0.116924278443567,0.195943984672508,0.453938917673866,0.367119034794631,0.0437987912144603,0.393863644963407,0.697608022681868,0.824930260923959,0.861547835236775,0.868963192853821,0.865367730613043,0.84029979207002,0.766576985187914,0.627301045539257,0.450101825824337,0.289160904448538,0.17380548441044,0.101430465243444,0.0586655801683352,0.0338994670034055,0.0195930209340473,0.0113070663909747,0.0065030726844539,0.00373195479949342,0.00213100452775755,0.0012334862370447,0.00077503285652972,0.000562987334890142,0.000525845740691711,0.000667402181178095,0.00111234745415527,0.00227008430130204,0.00522182566524157,0.0132732172206061,0.0380597469015188,0.127039872368787,0.363960940886431
0.02150473308492,0.0302797746324034,0.0431686268445413,0.0630149246255673,0.0955445058504729,0.153322315491496,0.265920913091791,0.495952455550197,0.825849727226282,0.745133417783574,0.401433475572111,0.206434562326885,0.114307778910867,0.067424594380422,0.0412120567268836,0.0253857502741822,0.0152821893780057,0.00861757847287886,0.00421828089859871,0.00148730192431368,0.000171305305738522,0.00026664564983955,0.00200395428298231,0.0058917090267385,0.0128052863510829,0.0240045283141353,0.0401123592489785,0.0514019254101076,0.0303019402236623,0.457813337206603,0.350913082865382,0.117959089462652,0.0237882711416528,0.00131374266260983,0.0110552647385531,0.0433762117596534,0.0981096508256697,0.178322001900007,0.286465646656331,0.419583958946782,0.564153920332721,0.698679870437977,0.802185313269712,0.865325034711851,0.892636884546914,0.896051181254791,0.887698203005781,0.876522052004676,0.867961160611371,0.864714044379775,0.867179524953112,0.875524635655744,0.886088419565985,0.893632786384097,0.890224920911618,0.865549836389033,0.810036246870838,0.720389717026783,0.604053204366823,0.477313370063135,0.357363721070693
0.0121370568826861,0.0165847349546316,0.022771007332031,0.031688616643481,0.0451850094925688,0.0670030778013171,0.105570318061209,0.182355489650445,0.356650529152137,0.714718078836018,0.733039256176349,0.336205931843185,0.146574823358733,0.0709888783734657,0.036680074386146,0.0191384986648444,0.00946296690640214,0.00399726200207148,0.0011061492522396,5.03879916907564e-05,0.000554433763035434,0.00263590250867993,0.00655080917948175,0.0128026171889366,0.0221975421442297,0.0359381425892557,0.0557285889256504,0.0837588138999993,0.121971996203946,0.167883102384121,0.192515004920005,0.0721532089928601,0.549787763410371,0.679311528786144,0.498151897675742,0.345310324617084,0.152572967639564,0.0350682209578283,0.00767784863560841,0.0873062277313598,0.276303316022857,0.518867922604216,0.71981640465324,0.82988375255631,0.865988783835022,0.863998517174418,0.849689227537182,0.836507549197428,0.830317374797611,0.832952239057962,0.843689999771245,0.858775598124801,0.872735697551013,0.872977861733183,0.842463876545248,0.765691861535535,0.649540202479213,0.506763719173827,0.367484672703742,0.25189574450944,0.165678699602006
0.00061033505907539,0.00078698787174026,0.00100659393695959,0.00128308747715233,0.00163796486307859,0.00210601623114114,0.00274693110549445,0.00367102494727021,0.00510334799748251,0.00757076650444691,0.0125873317580631,0.0262654762501428,0.0971727377814559,0.305837492437325,0.0275124766458192,0.00583030889837609,0.00150988809845189,0.00029621384144212,9.03044924988484e-06,0.000103932834067498,0.000411002130931908,0.000876886579101593,0.00149447528698371,0.0022805031652632,0.00326850511733885,0.00450793335931333,0.00606668882394194,0.00803654378072647,0.0105420363756664,0.0137543555944922,0.0179129681574643,0.0233596980625932,0.0305932647547507,0.0403578167870034,0.0537876851364337,0.0726410521761944,0.0996516995897349,0.138923334313001,0.195671943746639,0.271675174799088,0.340070536994832,0.240198862689024,0.162554021458125,0.363671228664298,0.315489017771415,0.23237814407913,0.161445939146773,0.107915948531447,0.0676053870697487,0.0367805051806828,0.0140746138372547,0.00192055767111924,0.0102148301437996,0.0648913828915714,0.212458052231024,0.467792203052507,0.697673487586154,0.774716044286766,0.75334595405351,0.709555648160611,0.674095935071787
0.00838962671043945,0.0114908010577871,0.0158114627517985,0.0220418613187095,0.0314562372953303,0.0466129376141736,0.0732280476592487,0.125921674595958,0.247966407959947,0.555399369652142,0.798385236039477,0.390077832017501,0.162570108280811,0.0778739468243904,0.041206300722281,0.0227951289046123,0.0125416485197042,0.00646768661986354,0.00282184628834793,0.000793852046400996,3.65375598231645e-05,0.000478361045296736,0.00225926710065495,0.00573335042995138,0.0115239423078548,0.0206389458281994,0.0346730873506449,0.0561463235974988,0.0890619292919112,0.138466156035746,0.214907826469483,0.326378857131059,0.465016851926208,0.511888644468132,0.268334693422866,0.319526610455447,0.0703434637160483,0.0349622542945291,0.266940140827705,0.558996597244882,0.755485650731073,0.847416430633164,0.878931361311992,0.887002232062253,0.889315117595913,0.891733020624392,0.892875183141416,0.886004988755054,0.860555745574915,0.80589724782423,0.717552812657797,0.604958260011071,0.484537508264723,0.37281707942033,0.279510926240025,0.206679370627313,0.152016880763408,0.111790900152103,0.082413355188262,0.0609644202823479,0.0436651379212708
0.0268837796806613,0.0384338611997681,0.0558287631330393,0.0834024573763687,0.130088119353981,0.215608676167964,0.383039627572293,0.681963040141249,0.878786822006116,0.617086321550751,0.33632614397799,0.187421062893125,0.111552545908182,0.0698621035845077,0.0450365445327429,0.0292369336726437,0.0186608981287569,0.0113457288727714,0.00624252719163211,0.00280099528389407,0.000766055283810813,3.32541104800778e-05,0.000366974603285742,0.000561810403138545,0.00631490954644946,0.346535384066725,0.620794032123638,0.555850692707162,0.232600251186737,0.0723158402696874,0.0157962437093328,0.00100767483279213,0.00807244184013857,0.0348006895460713,0.0844037369025993,0.162863926392631,0.276469403995612,0.421976491364746,0.581308052626775,0.723238074753673,0.821532714727295,0.871116731113424,0.88484328594061,0.880144779657568,0.870542658253809,0.863977174463175,0.863831799803474,0.869788582898599,0.877539500797025,0.877282176257425,0.854381364751122,0.790408963623352,0.678131000225166,0.53197556320968,0.381592437067347,0.26399037145768,0.170837351294137,0.106876314849285,0.0649718353546039,0.0383266794101494,0.0218601542928487
0.0162547847547736,0.0225013586700666,0.0313894352315736,0.044550100705172,0.0651099725899676,0.0996019212240635,0.163085330142305,0.293062447554547,0.566429262196752,0.855135882477708,0.586706957390399,0.278695822156774,0.137743286467247,0.0736573880077498,0.0411787084759866,0.0230911610995427,0.0123586983454407,0.00583087659551075,0.00201851828126643,0.000241423933795648,0.000284748191505729,0.00227095070948152,0.00664277346440603,0.0142205416086078,0.0263135554208562,0.0448079703026953,0.0717813032624887,0.106002143705997,0.118634106950747,0.108241636148421,0.672941623964249,0.64794189419473,0.365848053678692,0.116751935983114,0.00957246569082465,0.0429652859528424,0.190987528111025,0.409758107944793,0.625922530825685,0.777505897948827,0.853275682190082,0.876898528202643,0.875643678350897,0.867700769864531,0.862496692278181,0.863545968960144,0.870001335913526,0.876414589108062,0.871396472519286,0.837632271360764,0.757682466550724,0.632046407670128,0.482085264168268,0.337704434624908,0.230809789598132,0.149008344130671,0.0939951747427896,0.0584118441065174,0.0358871186684966,0.0220464454852325,0.0138180802480111
0.00778405351787508,0.0106877795118825,0.0147476693122165,0.0206225776279909,0.0295284154734354,0.0439028616234663,0.069175603199032,0.11916315409849,0.234559813360531,0.528090736412192,0.80995456691997,0.421850091400227,0.179943541381858,0.0883658029759144,0.0484409368012113,0.0281766852408324,0.0166680117196386,0.009603159740772,0.00506884468629212,0.00216753428978869,0.000511519403194779,4.27839597141405e-05,0.00101102398804712,0.0040602826867401,0.010315161120816,0.020349126987675,0.0234109707543951,0.0317229245758721,0.286632175961924,0.219762612504488,0.12069891786622,0.0649010064076499,0.0349572096230761,0.0176572075527909,0.00734771166615945,0.00174829626116695,0.000232247617760213,0.00334656513268946,0.0128791945757098,0.0312948348143766,0.0654184420098993,0.123003315939177,0.215293380523171,0.349698741311293,0.516883109685298,0.68011053741572,0.795430114779905,0.849058926470773,0.859426409326232,0.851234264927042,0.840470637529241,0.842574869626319,0.849572817120422,0.861320798593488,0.869677174640088,0.861046188558934,0.819308009328717,0.734672385692677,0.613896599976032,0.47921768884235,0.35455325902769
0.0414998866992589,0.0599690814946258,0.0882410404810747,0.13373507519586,0.211294380751839,0.350159598058108,0.590255725533672,0.862309565001603,0.822958768738921,0.534670999164416,0.31383969187049,0.189011538287197,0.118874386755373,0.0771928231365532,0.0508827970537216,0.0334014118086261,0.0213284695407466,0.0128042642192355,0.00680717870563442,0.00280703300199275,0.000583144679992143,6.7074779806365e-05,0.000949752504852495,0.00133840851837991,0.00864061110148361,0.422574717845674,0.636324742085555,0.564761508611638,0.218270184024023,0.0491743205901172,0.00351010042301503,0.0128630470171328,0.0602751736052944,0.148613337118169,0.280392499973658,0.446675057444654,0.617730217233127,0.754689741555862,0.836343902549101,0.868855892925994,0.87184000147535,0.863459411811194,0.85526850041769,0.8525687256846,0.855070172593574,0.855259937494764,0.836065618735151,0.769175766534997,0.634230219696791,0.453396040412241,0.283348817990322,0.160780964339489,0.0858673471173893,0.0442431291741663,0.02246792527394,0.0117782772521163,0.00727708482370537,0.00711779021443354,0.0151429061178726,0.0679114143581322,0.263736854800768
0.0216319285308154,0.030213264873628,0.0426239236314616,0.0613447528488947,0.0911950597636192,0.142311743970924,0.237596993382668,0.427001171079217,0.745868643867665,0.835779333695153,0.503572063305148,0.256286030518828,0.136451275034872,0.0768666666501786,0.0445317586757507,0.0256042646770243,0.0139515864053157,0.00666601239424812,0.00232464156659852,0.000276550644137106,0.000344637229166942,0.00271718935831822,0.00794469617741972,0.017010705101592,0.0314549486292295,0.0534621037382434,0.0854507246735896,0.126479132646535,0.145424440821394,0.208881617235479,0.695759320538139,0.674907180687255,0.269058178864923,0.0209889990511476,0.208492539394602,0.506457262683555,0.72267350360641,0.831784917023601,0.871139683302733,0.877421113927187,0.873187322033285,0.86950920692527,0.869778212858761,0.870925961072774,0.862031534431795,0.822887149648777,0.730678442872995,0.582361128648985,0.410858281914843,0.259359596504969,0.159739837929831,0.091543689579945,0.0513108284547122,0.028526148411942,0.0158161164189239,0.00943689029521406,0.00659684808334957,0.00672988598385052,0.0123388922771299,0.0425888371734059,0.203053395305191
0.0147335893271962,0.02059261128411,0.0290584071021961,0.0418184523255577,0.0621748052104796,0.0972073307151291,0.163769887587679,0.305249640181763,0.606737474679152,0.853074088728984,0.526728622644763,0.249673792627898,0.127099289731541,0.0703349814425703,0.0407912646035852,0.0238544140034976,0.0134673878104933,0.00687793656167996,0.0027737983043694,0.000562828551687096,8.48975518503724e-05,0.0015127564578341,0.0053567619965127,0.0125486160357327,0.0246038320379184,0.0438929170465457,0.0739413375493012,0.119841448258531,0.188022398705761,0.284834342714536,0.411462785568092,0.550568383311119,0.557608023069843,0.73330186078886,0.181121410172931,0.630714288638842,0.836619216895441,0.886484243036456,0.898692375522613,0.901528978094954,0.90243631581774,0.901006196446848,0.891166920353353,0.862639250735621,0.804482144406651,0.712151657987804,0.593787283080887,0.467839595816373,0.352611591956028,0.258201723715183,0.186189800776862,0.133469971377924,0.095649965982482,0.0687024067361303,0.0494823322787615,0.0357033850626068,0.0257573596369625,0.0185281989496429,0.0132337588349089,0.00932833472938202,0.00647550305086647
0.00259826889627206,0.00342280962327307,0.004491028885822,0.0059024993356745,0.00781992753274611,0.0105250113520871,0.0145420652195898,0.0209432120678476,0.0322181676886734,0.0552903616881499,0.115273322108652,0.337275985325295,0.628929148038414,0.162773758070761,0.0498313351187859,0.0194894992534916,0.00828045243101267,0.00336794934662211,0.00109516660759173,0.000162408294009574,4.88508688563739e-05,0.000545730111792673,0.001593997396499,0.00322303872656052,0.00552906408529752,0.00867242285963112,0.0128868534866674,0.0184993100549613,0.0259620866180429,0.0359013650576089,0.0491886394624814,0.0670433529121769,0.0911741608259888,0.123954522743236,0.168581728946386,0.229014717225667,0.30861768329165,0.397337493141575,0.484838139883651,0.39535840644159,0.67414012442175,0.67759709624632,0.399676686666007,0.0868035959074273,0.187924722109929,0.607360909060739,0.808196887384818,0.857607087738353,0.856052671746842,0.840107138003338,0.835722961828731,0.837888685826043,0.846131220235556,0.860128921667244,0.873723808950042,0.885671042319374,0.883740641843541,0.856338952662462,0.798074480640373,0.710819481049317,0.605140692261256
0.0172924567027708,0.0243118749817625,0.0345758753043648,0.0502790035579273,0.0757956157535646,0.120662752697026,0.207630768985638,0.391045818456788,0.723561050922667,0.809845889505344,0.463018229049546,0.233615908472586,0.127603300517211,0.0754051316848958,0.0468796933466431,0.029856772911959,0.0189896088514461,0.0117121977277766,0.00671119859191759,0.00329929495438545,0.00113993154255627,0.000117192002708889,0.000243590682215879,0.00144335823133039,0.00265751745448253,0.000901759750332286,0.129466846081389,0.567037380657241,0.506929830261767,0.24230004950521,0.0950182272199599,0.0356034794041134,0.00961715411331685,0.00100097422309752,0.00250956882248575,0.0147198692531499,0.0401075689743122,0.0756532649543206,0.140680594365151,0.235690431641404,0.362675006876486,0.512660633374772,0.66179386376079,0.779911955444725,0.850178872497542,0.877123457959609,0.877102131064136,0.866173297233055,0.855072807425551,0.849309077757568,0.849403642486035,0.860463507807002,0.872793462521599,0.880845300881977,0.873096963441025,0.835027212956758,0.755783457146813,0.637716009718248,0.498559838134315,0.365583439255884,0.260235092292555
0.0116926564503369,0.0163036576604057,0.0229366482446875,0.0328788040673857,0.0486313455030077,0.0755281160678528,0.126306517209777,0.235147039445858,0.489659129772789,0.837729927446815,0.581270330016415,0.266066799041944,0.131249208017082,0.0719034855085306,0.0420256049597431,0.0251985391525805,0.0149097370237485,0.00827571910107719,0.00393234426541939,0.00125670405803441,8.0907203764414e-05,0.000644309948888887,0.00375295438408636,0.0113005493535899,0.0277036859071063,0.063907494212222,0.14614207428352,0.273789489286136,0.0491469193278516,0.078158010496134,0.0401118713829502,0.0114420238885957,0.000744396796425066,0.00604760496548276,0.0299344360150004,0.0799590498440648,0.167139549682068,0.299829872578722,0.469784169013147,0.64181473049019,0.772608502546462,0.845640526356568,0.874805055712186,0.882231448535687,0.883411333510962,0.884607930876131,0.884114099231439,0.873257829408677,0.838189965554446,0.765173352322262,0.657525656095579,0.527186423493992,0.398698514001967,0.289658206698534,0.205684762743547,0.144549013281651,0.10126243978221,0.0709289784649362,0.0496823678183074,0.0347317929183572,0.0240918799855145
0.0162574522610096,0.0232483095665185,0.0337390140352641,0.0502751742607008,0.0781023724286306,0.129111230388263,0.232779016790067,0.458286716557283,0.810120429442033,0.735639632838793,0.393806050426213,0.206543542542177,0.118493831872607,0.0730706619907195,0.0469930772126793,0.0305957866962029,0.019485121979261,0.0115089203369941,0.00562400857336415,0.00156009310647773,0.000160759967867866,0.00551459131153726,0.0328342647887241,0.0432205853376054,0.0641210191849033,0.042775041179264,0.0186773284780688,0.00578703384192032,0.000449462533463327,0.00311586312130421,0.0186590672827028,0.0580533386471131,0.140512939812314,0.287328647407246,0.490451058060111,0.68249520829112,0.797745161751185,0.842230083759995,0.853732368522037,0.853735299924717,0.838951118379243,0.786820038225541,0.674687919502578,0.513835063033946,0.351082519084809,0.223780863835783,0.13834057199852,0.0849856862971228,0.0524689697912476,0.0326378388469599,0.0204271021531223,0.0128125308998283,0.00811271712824167,0.00507079839302079,0.00315156119111171,0.00194954117576951,0.00121262748388907,0.000765146777952842,0.000540757753035076,0.00047165700503931,0.00058707238684503
0.0174027047963564,0.0249173004232953,0.0362139252552497,0.0540557397756314,0.0841442936010446,0.139395003002877,0.251526300791388,0.491125541267202,0.831607205808868,0.71185240019117,0.376739387544738,0.197634082099857,0.112651088062829,0.0683706455544637,0.0427789134232122,0.0266647488288658,0.0158445816820787,0.00831968432246139,0.00321038098880996,0.000413466179189187,0.000701822709261117,0.00640317876768436,0.0234216684928552,0.0672891103934714,0.178419292547541,0.40662059764241,0.266293767441669,0.0837840781339947,0.0193081373439617,0.0191867099228982,0.169459765766737,0.449149199563812,0.694423319771277,0.814371859612741,0.855088294587384,0.865596612905766,0.85983634526082,0.827827139925818,0.751163028006181,0.625145776055232,0.473731755321206,0.332919523403984,0.223609928393507,0.147356828783802,0.0968654786000509,0.0640453684961166,0.0427198488077574,0.0287474087883239,0.0194825716561817,0.0132669396978797,0.00904812441983796,0.00615828579355427,0.0041659833110258,0.00278843336039271,0.00183647968534314,0.00118446737658122,0.000734003059402845,0.000444393515874212,0.000259140924299906,0.000147695018632647,8.72260781516331e-05
0.00508269763069724,0.00684294828359871,0.0092187669280411,0.012515693025142,0.0172686236742299,0.0244850989232952,0.03624977015399,0.0574467971323088,0.101613066160737,0.215156034100034,0.553981489044974,0.651677861633049,0.226364231114589,0.0847099818636282,0.0376875753302262,0.0180981945497032,0.00860495913161924,0.00364024223886098,0.00108769422260499,7.99439879898998e-05,0.000303178714533475,0.00176153496743996,0.00471960492007733,0.00974656794782635,0.0178603671306571,0.0308155902762731,0.0516052376557802,0.0851098870107227,0.13749787658179,0.204134267748618,0.190156123832873,0.0867288396516682,0.323786508001776,0.270599429613805,0.177678804364378,0.105333383278115,0.0558114775942306,0.023524218685432,0.00492741923816003,0.00214903927789182,0.0225757672865146,0.0837732013808511,0.20854712233295,0.404144260569826,0.620710460474412,0.773748383485651,0.837124708657315,0.845803335694981,0.837476009457845,0.831806765071656,0.835631095768834,0.847894586806133,0.861075724534144,0.861348723106628,0.829700680638283,0.75124310682807,0.629548113859084,0.488888604670219,0.357460346198281,0.251877346621805,0.173541600758185
0.0128516779681257,0.0178899839021854,0.0251156348765963,0.03590596304887,0.052923185353274,0.0818023495328838,0.135841498642365,0.249924531046784,0.508352522800869,0.839576679830757,0.583383529173273,0.269176681689853,0.131813378156456,0.070855936954158,0.0401543264398038,0.0229545555125941,0.0125810355793448,0.00610060996954089,0.00217260062935573,0.000261732612529996,0.000364109714327061,0.00298768436162649,0.00934385667104895,0.0218341265466633,0.0450125319921867,0.0867854387404192,0.153076233430644,0.160286419801517,0.295787118851088,0.360279939746412,0.176647709662473,0.046755827713245,0.0031638429931021,0.0443690280156959,0.187399398644841,0.418227082116832,0.648219881954692,0.791979571701631,0.850532378894242,0.865616799536812,0.867950745077293,0.869586876830682,0.868570405275955,0.851408479962852,0.796739797656388,0.689470298323506,0.541283980682774,0.388192999694547,0.26119323657865,0.169724165737446,0.108692938499406,0.0693390042040996,0.0442235091777627,0.0282180047168296,0.0179477728067143,0.0113451045956936,0.00710348038094008,0.00442460163310583,0.00280682728096059,0.00181641380121814,0.0013308624979164
0.00169639527649617,0.00223978972632266,0.00294703970784754,0.00388687669773544,0.00517274217851315,0.00700363022609743,0.00975654859025832,0.0142219510852317,0.0223056055527357,0.0396435331596879,0.0892276523693804,0.32070036075821,0.449310685226095,0.0869597827780737,0.0265331304119672,0.0102791716740653,0.00420570045410593,0.0015608667284081,0.00039634352201356,1.79035562535083e-05,0.000156687244617422,0.000722672272332481,0.00172125163342308,0.00322683164384163,0.00538258860370364,0.00841862024419422,0.0126910560744017,0.0187535651919069,0.0274861201151413,0.0403310123872008,0.059733814999246,0.0899606555742658,0.138441008229627,0.216569169477044,0.329423309049676,0.397792457574247,0.10540576947867,0.162952388510046,0.152222815456797,0.0858139752672689,0.0392365111624689,0.0109703687275647,0.00122062586984874,0.0103502143574778,0.0533998676057249,0.149887484485922,0.317168037261534,0.533788746164222,0.720040985262973,0.815201356337638,0.83280194088771,0.823526838534743,0.812291022779705,0.807128705690538,0.813185892905542,0.828888415471205,0.848796085537799,0.863189648965821,0.858306902419912,0.820175280960837,0.742780247139162
0.00426705580857541,0.00581870968117124,0.00795578114656938,0.0109882922891265,0.0154691090450008,0.0224619666210402,0.0342239819123979,0.056209585381774,0.104132560377814,0.234095156577791,0.617396637339968,0.606855149683609,0.214529565336188,0.087968588653189,0.0429802390819443,0.0229181980879134,0.0124334797783964,0.00636485972882152,0.00269394201069533,0.000629179153500974,5.94044162021682e-05,0.00158432989481842,0.00722825624264948,0.0231345058115153,0.0700434152657532,0.217504378180066,0.463448188482586,0.205318344224897,0.0161644552091525,0.00432261131522166,0.00733835352169044,0.00504403257170015,0.00230372314255734,0.000449141283124128,0.000236175253134033,0.00264315753371404,0.00987770223511983,0.0248461820136958,0.054031759063784,0.108148968926425,0.202797692277776,0.350700775550356,0.537365833727574,0.706064963082074,0.806486307759585,0.844324356387807,0.852858296164028,0.854887345385975,0.853421411439327,0.836830211605636,0.797486910287918,0.70203934157716,0.564734433591221,0.418985537224849,0.294552093652849,0.201786412799183,0.137332339477567,0.0937580314241444,0.0642639815054639,0.0445155242019793,0.0330342935901902
0.00855016108090032,0.0118108509885505,0.0164144949675917,0.0231519860997602,0.0335035716357478,0.0504889288548351,0.0809779600479397,0.142849938904014,0.288816610167211,0.63320014258803,0.761240528868143,0.359507481643868,0.158303974665201,0.0793633588935613,0.0434416254830955,0.0246448314503873,0.0137741764742477,0.00709552094579694,0.00296065143610179,0.000667493241195766,6.06278906042117e-05,0.00144406477887803,0.00570844513098803,0.0147441733538743,0.0324274092073944,0.0669078946540056,0.1355572120419,0.270022741589073,0.456343024219501,0.395982902112586,0.0766189079978703,0.08608073370594,0.0220933827085982,0.00339904938115732,0.0580291595512414,0.215964410085626,0.457633399708851,0.679424681506166,0.806005971366218,0.855568946218026,0.870724313620941,0.875322837836853,0.873856376760741,0.857547071174895,0.810328654187022,0.720104230835649,0.593067985817338,0.454254590693852,0.329717194385324,0.232699273203974,0.162058016354458,0.112851236456101,0.0790434201580369,0.0558052001834463,0.0397089484555633,0.0284386870803861,0.0204574542652814,0.0147508766095052,0.0105544656596312,0.00745892940088525,0.0052768686657606
0.00858158067380036,0.0115559351620802,0.0155821702019138,0.0211918141569595,0.0293217240946409,0.0417516739453266,0.0621990160265073,0.0994290659084716,0.177412449034341,0.368721472831856,0.74281595516521,0.56799662917384,0.218797556494318,0.0897013995772955,0.040805778415765,0.0191096504466954,0.00842309743827281,0.00300599131561179,0.000547665770935028,6.73236367026246e-05,0.00119274846743513,0.00389031576599188,0.0083678767958541,0.0150573808116765,0.0246449124769535,0.0381380498250341,0.0569673809027508,0.0831138811760127,0.119227272512351,0.16862563027814,0.234888305227293,0.320381821414983,0.422305698284433,0.521904359253594,0.526253973578535,0.386385945553955,0.758468317230071,0.700294240087377,0.461299037719546,0.094799172725377,0.355094213254844,0.740980379566514,0.836851063309265,0.847472087707816,0.842244158436473,0.839763061796103,0.844331973833855,0.854738990705109,0.86512389969674,0.863583620507332,0.83203805770296,0.753012593660143,0.625622470758237,0.473864391025677,0.331293638151921,0.218687798712643,0.13908392517318,0.0863909212163381,0.0528655851695636,0.0320100011134976,0.0198276886845642
0.0554627969872338,0.0845345168111518,0.132892824866602,0.218176373810873,0.375012261241265,0.642468765646574,0.897774649179047,0.798680147896395,0.520418853870324,0.32261927955048,0.209046566368027,0.143164440252545,0.102864143139164,0.0769211070895037,0.0596273370917022,0.0480874894248965,0.0411660605025347,0.0399005909633872,0.0537266692734027,0.183244783625274,0.344217502747373,0.210351177150633,0.0177505289106485,0.00220681271684386,0.000108967349378427,0.00229868367228094,0.00877925952703621,0.0214092792282995,0.0441960626503493,0.0829167435105947,0.146136212955634,0.243517170704776,0.37947683329294,0.541320851878618,0.694631580626643,0.804047806099464,0.860671133108691,0.880219798487782,0.882992721604908,0.881626110882927,0.878318238078586,0.864199402160177,0.819649954261409,0.723316579387652,0.575417993822697,0.410018240985012,0.267700918048517,0.165529681741462,0.0992619454759599,0.0586727876658219,0.0341972185761308,0.0195631463659597,0.0108845223175135,0.00590488390064458,0.00297154364433977,0.00137859403636879,0.000579804723596218,0.000232757864107587,0.00013972851871553,0.000257731718162506,0.00121092805106988
0.00791739966756982,0.0109050632310498,0.0151060291699248,0.0212218293569359,0.0305530131809441,0.0457255886877123,0.072652029501318,0.126606477288928,0.25324684963882,0.571687782065619,0.775992883681766,0.364376614989744,0.151658601535424,0.0720407129722816,0.0371412192108829,0.0194389621906299,0.00956281315294772,0.00386394286607374,0.000852750702688901,6.70679400226766e-05,0.00175342155515862,0.00695675851960677,0.018030229257661,0.039895295395351,0.0828233705941837,0.167319387600735,0.322198846508695,0.512375341434407,0.383104065372885,0.0889490002380039,0.143814767559026,0.0857858251399528,0.023680343092902,0.00754587949968791,0.119319913662406,0.412963400191271,0.684439855714844,0.794025341442463,0.822695374623486,0.829339194622419,0.815778369223679,0.753759358380332,0.621848733006593,0.448113289112234,0.290036037555967,0.17721225733163,0.106234002647923,0.0637404378820319,0.038554091602534,0.0235110236579275,0.0144201322722958,0.00893987949300895,0.00550858408756927,0.00339845482455749,0.00210832315134827,0.00133616991087629,0.000895332794301293,0.000677303372901425,0.000638236817896028,0.000821068122129658,0.00141761030528697
0.0041467262906892,0.00551963051071033,0.00733872161452082,0.00981205257432135,0.0132979585451168,0.0184588583794506,0.0266358157254108,0.0408939888233691,0.0695235321499746,0.140970146542819,0.380008785014607,0.704533474311126,0.222850378273476,0.0711981516867706,0.0285971279065594,0.0126311596122693,0.00551228995104014,0.0020886969091113,0.000509457993997396,1.74332574681305e-05,0.000290493720538831,0.00121016543660368,0.00277205714121208,0.00505121403236517,0.00819259725678239,0.0124160566697075,0.0180327843037675,0.0254741218624903,0.0353364158728621,0.0484483228905508,0.0659694304239358,0.0895288782890611,0.121400021884605,0.1646463657457,0.222935360295348,0.298796665533969,0.385091225181694,0.418400797740654,0.16899108571553,0.587140668614881,0.497511028374856,0.249952597485213,0.0689524639444394,0.0136685853755198,0.149116598599527,0.415899762463507,0.666747307168947,0.809206498572362,0.846451899010562,0.858458561221665,0.842663889055934,0.824359156882167,0.811282076473744,0.805766614996896,0.807481674035013,0.820153330608883,0.837042647328315,0.857159513636861,0.876281138421462,0.888163342694467,0.884871270389473
0.0194486836710514,0.0271563885501558,0.0382899537914642,0.0550561322232516,0.081737715658075,0.127366414868782,0.212629835702058,0.385271280324963,0.700381452489744,0.84582086321258,0.516810942202123,0.256992594968049,0.133825010343454,0.073966791953371,0.0420111999318607,0.0235361351604813,0.012303870910141,0.00542439995748728,0.00153291767046795,6.44353914560283e-05,0.000965329401422464,0.00460698209877558,0.0118180067880949,0.0240115578025945,0.0434188087944923,0.072616732953934,0.117464191418472,0.182692155882351,0.27378328850385,0.392394332415246,0.530714332495092,0.66449205495681,0.776023100371859,0.61902127326766,0.847202640926339,0.893746181460525,0.900520874311936,0.89866353208197,0.895740681180852,0.890402508569835,0.87668701720172,0.836792879561197,0.753443013037493,0.621792385483082,0.463818349283536,0.315858917605343,0.201407553290754,0.123308307108079,0.0736954707285418,0.0433309450585283,0.0251078662608474,0.0143293648605056,0.00805661635225468,0.00449921504821322,0.00253559403341994,0.00161180704955734,0.00134450011711671,0.00178913114959621,0.0039350964706176,0.0127566483389838,0.0573092234619258
0.014261241905336,0.0197390960185887,0.0275296634667839,0.0390574532915394,0.0570519636288509,0.0872248527280169,0.142841537779301,0.257895926278366,0.512063944853952,0.843871625051829,0.611150203507898,0.285691655377913,0.139452881169082,0.0746412559193238,0.0423013670929899,0.0244136817595343,0.0137740103727573,0.00718674936005506,0.0031257101842362,0.000848780847688284,3.4597422473964e-05,0.000629783741809324,0.00279370704918943,0.0068983916148007,0.0135700947823653,0.023773495932611,0.03894913308848,0.0612253115201616,0.0937652336468922,0.139070123755478,0.205970055126597,0.295478907066029,0.39107988413457,0.305487160630149,0.634288601560318,0.314540695472197,0.0323591603412651,0.287979641357976,0.58282547459186,0.764076403176706,0.848317504313688,0.885500398718236,0.899445118879774,0.899751367933173,0.898234220404424,0.898748256111475,0.901276507658841,0.902576459067815,0.89619272467556,0.87288419098711,0.822284292485379,0.730695524109887,0.642654788662482,0.526838362168847,0.412863983505544,0.313194366886698,0.232442675438006,0.170137659010663,0.123416280327902,0.088820936272414,0.0633919752963154
0.00568554862859226,0.00770663001402245,0.0104751437469537,0.014391357363905,0.020180871524162,0.0292719891667885,0.0447941399375794,0.0746609721572259,0.143114098378546,0.34005310334346,0.763129028387492,0.414214108881242,0.142764840612766,0.0602043642747133,0.0290908559484634,0.0148422728296644,0.00746174606167623,0.00339137486056871,0.00117049817861134,0.00015999815168199,0.000104871385697726,0.000974650045925551,0.00291756752075274,0.00627997653500499,0.0116868475055633,0.0202045837338247,0.0336144348039732,0.0546966223836318,0.086320580225653,0.120490096154919,0.0781255664241195,0.143468182568144,0.300858403266199,0.213499502790847,0.125466304398025,0.0696416882697144,0.035712053739302,0.0153998902669078,0.00413212466977326,0.000353739029088264,0.00436672544931404,0.0180099268068036,0.0465374589448196,0.097267017729142,0.179449244559378,0.304341225892249,0.467605606139455,0.639657510247491,0.77392289728387,0.843611323879924,0.85831083937136,0.844228786314403,0.821878788238719,0.802782172823644,0.792020255700351,0.791142895609101,0.799913274485828,0.816857911737509,0.839061005703239,0.861490145176554,0.876261818793971
0.0273623009122813,0.0393421506754862,0.0575354757456051,0.0866484438847018,0.136462147507312,0.22867986385245,0.409948135203683,0.722549286886319,0.881577905598507,0.595607160622148,0.325790642681661,0.183936433420392,0.110732247541291,0.0698886305235606,0.0451956418431916,0.0292349080594361,0.018376341691565,0.0107463103980765,0.00537469158138292,0.00183652533919884,0.000142613281004177,0.00082681320174616,0.00534179491786551,0.0172439760217071,0.045881877738348,0.116164984405308,0.306272480150201,0.478080851557021,0.034463295217913,0.0060003201271517,0.000533649936094697,0.00970815758103694,0.0420304915257619,0.103310688763014,0.200925447278084,0.336788133080046,0.497744370809439,0.653790301431022,0.774274712806117,0.847785034981309,0.88301233944444,0.895766448202179,0.898973955392352,0.899708805775251,0.89946916217123,0.894807587756258,0.87788800198759,0.838261555661454,0.767516928093463,0.666425728832646,0.547159279723848,0.427375317142626,0.321687808982386,0.236519739162792,0.171723547320652,0.124002674461089,0.0893981007199875,0.0644237317139632,0.0463595143081196,0.0331529412303253,0.0233577636645117
0.0776251188848356,0.119496580687397,0.189574092439214,0.311772924044989,0.521745007591107,0.80365849023668,0.915744793762882,0.712982938422243,0.465304360366158,0.300353756883609,0.201476627769536,0.140963966119927,0.102137430480037,0.0760291415522471,0.0577857256270826,0.0447382112466651,0.035518117801002,0.0299300382230054,0.0307719762264534,0.0699558194271641,0.24320717781872,0.102433169432417,0.00405202682607477,0.000426978294468612,0.00542391542692727,0.0176203118819191,0.040977377004267,0.0824195602070904,0.151784501378041,0.259280041953756,0.406641193614911,0.574144460836526,0.722446477302441,0.821096881325682,0.869774646767979,0.886909755799183,0.890126272486217,0.887678010810819,0.876977533997458,0.844675155474487,0.770880017914103,0.645010005427079,0.485295843559682,0.330876608653684,0.210069332936584,0.127720648087643,0.075709121886169,0.0440499427679506,0.0250584607325454,0.013849399995191,0.00729054988690504,0.00354752257706708,0.00151095851398507,0.000504011898079202,9.68890274850199e-05,1.24050219504822e-05,5.39872511725854e-05,7.92993904290779e-05,3.29941582201083e-05,0.000244085480138138,0.00339625366868535
0.0197445913712705,0.0277822056693473,0.0395595457775167,0.0576292514309321,0.0870976472918867,0.13910903282974,0.239990465626729,0.448935921515424,0.786205707361412,0.782067430053698,0.433989485777091,0.222198383534109,0.122559143718703,0.0724244632878317,0.0446183151006994,0.0278874157581219,0.0171870395687732,0.0100663801918446,0.00526948253386113,0.00215314909650555,0.000433159519639121,7.62590856696099e-05,0.00125688144095443,0.00429379676475347,0.00924605179197554,0.0134411712176832,0.00521676828375483,0.337242551522621,0.595076663915889,0.350797622752921,0.120462807767004,0.0314129529136865,0.00363679266433679,0.00305658965929067,0.0212824705680636,0.0567705806103285,0.116098635111909,0.203787403840723,0.321954592703044,0.465584108850895,0.6159709772627,0.745842929445568,0.834537142140459,0.879244544595221,0.891409394595651,0.886167397838043,0.875550212595393,0.866969509042119,0.864027403494527,0.867346030283357,0.872742434147683,0.884684935781893,0.887989013772433,0.870503614963037,0.820377609162627,0.730687551109393,0.608216903456221,0.472767161647626,0.346054517511785,0.241155794023818,0.163348239978631
0.00437395156912142,0.00586369166867296,0.00785866033109855,0.0106010283964915,0.0145089514718804,0.0203566642037595,0.0297114394763812,0.0461428964208761,0.0791983270133875,0.160610144449528,0.415596866156752,0.735258509011732,0.27299774694914,0.0947291883482027,0.0405991793943418,0.0193536316039273,0.00940167263804027,0.00425673365102309,0.00154065578488948,0.000273461195194885,5.06313334371383e-05,0.000757995392830691,0.00247409796913886,0.00545690255469456,0.0101883011448822,0.017484141013345,0.0287048819676607,0.0461302778987545,0.0735425218116715,0.116609518067105,0.179245474544345,0.230534619991028,0.0822579177012521,0.264876702875707,0.294141227106346,0.189092920772044,0.11361285149524,0.0568736585222245,0.0221720712794065,0.00411576969134753,0.00230567595752626,0.0220808896631674,0.0753860599765617,0.179333351439949,0.344601506274559,0.547561998137645,0.723407480777855,0.823143279027672,0.854768431466693,0.852064143969626,0.840997908495199,0.833656671522842,0.837892671856931,0.849148977456283,0.864139437873003,0.874152977064723,0.866090556820966,0.825612700413376,0.745002664129267,0.630988062510216,0.502775283856109
0.00962992730257325,0.0131254674765433,0.017961209401771,0.0248818189459805,0.0352542316069648,0.0518028795706741,0.080552107756278,0.136650399055244,0.263332568068719,0.564005846445291,0.795890086441015,0.405586193688976,0.169888903635016,0.0805535393913528,0.0419564121716853,0.0227493018203969,0.0121995286177536,0.00607210933451934,0.00250036085448402,0.000613676561646775,2.39060966358253e-05,0.000619450070231382,0.00248726410195088,0.00589993919760534,0.0113479959621775,0.0196164615549332,0.0319114166679744,0.0500186751981875,0.0763012090193391,0.112312203742507,0.148304783848999,0.1010650488333,0.376171090024981,0.585213210791306,0.387343784140784,0.162897921644129,0.0561775875090197,0.00493910437656947,0.0171385333690828,0.0857446507190413,0.208841462571017,0.382776267482433,0.571992938735064,0.730521621270501,0.829507852625078,0.872252373025505,0.879350188198637,0.870772484057359,0.859490537522863,0.852268386540068,0.851842196027202,0.858356500903535,0.869819882447015,0.881982694451268,0.887392878317458,0.875891884702978,0.836567263604843,0.762913818410441,0.658444407604918,0.53713249726263,0.416660567384072
0.00260489128000753,0.00342590299410002,0.00448713944766678,0.00588655990697265,0.00778477219113246,0.0104611838687807,0.0144394976589382,0.0208018067501446,0.0321019248514074,0.0556328774988946,0.11912744574213,0.369186126879026,0.549703221054496,0.126117139233085,0.0382302458323781,0.0144366998354722,0.00569309777302889,0.00198798664860559,0.000436159305033361,1.30677343119561e-05,0.000319112587874369,0.00121134792178349,0.00267644285681707,0.00478550192486982,0.00768281171376584,0.011593206173272,0.0168444999578108,0.0239072368787967,0.0334583983811685,0.0464800092680108,0.0644061740272921,0.089322958322897,0.124163688142249,0.172572800643881,0.237068295661039,0.310233952616278,0.3378492472034,0.125716222905518,0.304294345551429,0.440016494733857,0.361559067855926,0.276902238709953,0.187781210470184,0.117381280920627,0.0637820548835473,0.0247878282813645,0.00361807716408669,0.0107190635403885,0.0724149872031247,0.226051182644798,0.467508445410951,0.692597108736932,0.803996865587408,0.820661400745995,0.797927875458552,0.772156819741898,0.755113545825756,0.747304174272599,0.750443414972855,0.763633404845032,0.785211882490903
0.0335164588534908,0.0497449166764843,0.0757498757993671,0.120121248665685,0.201712750438849,0.361648150613428,0.652943232066245,0.892487986427619,0.688727284078627,0.401960692120909,0.236788149426448,0.149661085281426,0.100882848399598,0.0715110344031674,0.0527303738509981,0.040231372634337,0.0318635064045807,0.0267584989198114,0.0254921067601262,0.0335060679841091,0.0986312888004228,0.417726805792283,0.421796143982543,0.2301467534661,0.0481204118003048,0.0177107772630621,0.00459452985583925,0.000502431775147187,0.000653640486546632,0.00462199449458762,0.0134872532011325,0.029588860771569,0.0569327039656092,0.0995878054442763,0.168693621876565,0.270551570379395,0.407581247142751,0.565489344405136,0.710991622239774,0.811801859097803,0.860891004789906,0.874201120666653,0.872205084442567,0.868730700915923,0.868975245948829,0.869688305796981,0.858166706623371,0.812598327645133,0.711241003707309,0.567750214199933,0.407305670096946,0.269916565502994,0.170279445432621,0.105001370682733,0.0634269517795634,0.0377499945515146,0.0220500238984522,0.0125531362163658,0.00692319209269212,0.00371823180894495,0.00204682382760776
0.0227615236455605,0.0318182101355705,0.0449314592750266,0.0647562152642217,0.0964856904796962,0.15111475288667,0.253530267088596,0.456576889878711,0.780071651989543,0.820352491831972,0.480054559963577,0.245749283320481,0.132419853513506,0.0755340467540969,0.0443756799622274,0.0259849621862351,0.014560588362933,0.0073185256274797,0.00286967588930826,0.000544877609760567,0.000102454841252844,0.0016071182725998,0.00539751444164244,0.0121099925859859,0.0227463232195243,0.0387753781302958,0.0622279304818811,0.0955767078420224,0.140214944281666,0.183290534557551,0.174137870080199,0.613833976046939,0.614399239799786,0.0514532320706826,0.245046225245941,0.514659995760941,0.702744361447107,0.817432980506281,0.877891306400118,0.902239303031826,0.907455085659152,0.903584240388419,0.898354376959748,0.895682289816715,0.896757774933098,0.900195070902831,0.90160288543923,0.892954195660829,0.862935533040828,0.800339981940475,0.70124554163689,0.574231141006884,0.442105811700589,0.322911094234351,0.226453658537497,0.154291233454265,0.102809881848806,0.0670905252570765,0.0426423799739138,0.0268491093152958,0.0160072918477146
0.0436253808902753,0.0623758789379655,0.0905271541128846,0.134735922841809,0.207860883891452,0.334471050794366,0.550056324268691,0.823178565006239,0.871994792758795,0.615441085751872,0.368850136269057,0.220499284567565,0.136380679350794,0.0867495053118018,0.0558084259614173,0.0355532121012481,0.0218101017915899,0.0123299976312393,0.0058960985430866,0.0019004237698462,0.000144201373056737,0.000747114273195825,0.00408531333676363,0.0105964680188977,0.0197755136325504,0.0248449720653294,0.0151698681917456,0.500262919276709,0.651551013932961,0.554016382497724,0.121628499579014,0.0104730292032205,0.106801195633485,0.280998489854482,0.48267546994073,0.66216837973823,0.788630102649084,0.857294807886123,0.882858003112314,0.884477758041622,0.877129286526874,0.869977867046375,0.867317728412471,0.869131011084412,0.870015216758651,0.856335701685464,0.804520123086143,0.689391333940496,0.52726302311366,0.350389081703344,0.208415126191384,0.116999746508566,0.0625319595520674,0.0329587936909624,0.0179523599626225,0.0113073431829673,0.010471433963048,0.018739227814927,0.067285468193432,0.27523027181129,0.251988205033961
0.0228790184813742,0.0322304246350512,0.0459574595830729,0.067039157992843,0.10139193590223,0.161740522263024,0.277096805258286,0.505642364128173,0.827657315957234,0.772575518797192,0.432286245277359,0.224365709357067,0.12338032250691,0.071476509390947,0.0423650718605938,0.0248163196822642,0.0137204983013641,0.00660959895520219,0.00228250979830499,0.000240410960269527,0.000468808056764335,0.00339975306802277,0.00999920656418554,0.0219433029357725,0.0416411349322865,0.0702353855943937,0.0887197376991828,0.083518940022843,0.647555993111661,0.534212804001833,0.21522746819931,0.0332025286245852,0.0132441669079664,0.120024123365255,0.326033425498996,0.562123165173893,0.742470724500206,0.8358872893506,0.866727061856468,0.869134732631172,0.865064600781824,0.863877098299057,0.865204419082154,0.858679668372447,0.822179010511926,0.728777573423182,0.574035044269035,0.396184693835634,0.248371216930307,0.145003165753503,0.0817597228238835,0.04522518873038,0.024811167559778,0.0136586847338507,0.00780816389856248,0.00500142464766121,0.00419795340592286,0.00559442546021187,0.0128307715797665,0.0478978864361363,0.221738126627454
0.0246337927826997,0.0345546378847081,0.0490165365641557,0.0710634808350031,0.106704692337167,0.168740075129364,0.285860341100996,0.513569437230006,0.826989902061037,0.775251268153722,0.440317169991218,0.230588215991723,0.127674938239751,0.0746574716419533,0.0449548531917757,0.0270821801544942,0.0157678850146623,0.0084241230309554,0.00372895681597931,0.00102282978706702,4.10787511812022e-05,0.000797897059509353,0.00354242972076405,0.0087350916338782,0.0169482128034961,0.0283485992060605,0.0403131582672589,0.0374580636484747,0.0307723340299859,0.566335090944686,0.718769041386455,0.611058953334189,0.369181596450398,0.167900763204121,0.0529836094476595,0.00598567201574718,0.0124392851688706,0.0700005439823572,0.181750270790101,0.344333734599078,0.531460212054648,0.69926245090289,0.812633210712644,0.866497278503635,0.877872950753311,0.867502591649257,0.850503588827606,0.83561582767879,0.827187541701038,0.826936936171617,0.834809925919898,0.848596680615877,0.865127771669712,0.874977698721757,0.86519213458754,0.818640712881115,0.724064300551507,0.590322051555269,0.440926882694252,0.305040656110117,0.198393553625167
0.0042982941928907,0.00581231891756574,0.00786872182726586,0.0107406185076667,0.0149065646351849,0.0212681151085723,0.0316890888815689,0.0505270103376643,0.0898211575453363,0.190928008088742,0.505931709784285,0.687814072654786,0.244730937400994,0.0925338202033145,0.042446843228712,0.0214760614627729,0.011101051204569,0.00542658233204911,0.00221107633924885,0.000525656057718159,2.52044896234292e-05,0.000713405603389824,0.0029145228751805,0.00740207053409042,0.0157676341770713,0.031320354540457,0.0613071746063054,0.122217146541909,0.246890128672862,0.436330000518318,0.383610961573523,0.0142648592779607,0.0569588609900801,0.0387025646217261,0.0195005285466584,0.00576222761244023,0.000388177997091265,0.00693507444551956,0.0317313421513013,0.0878222571958988,0.19372681507061,0.360790228657342,0.562541289327034,0.731105147674304,0.823332150776059,0.855123315204518,0.860892289609863,0.862480672215416,0.866449553037236,0.867885926180472,0.853068875828088,0.803955508220266,0.710437120166378,0.582737361807262,0.447210243698855,0.327606411336629,0.234010829352631,0.165577101817976,0.117059560486277,0.0827534374035029,0.0609539049062734
0.0314729252962916,0.0461363469647385,0.069109652672062,0.107223509186719,0.175055253835534,0.304614416857382,0.551404469296133,0.859313249826536,0.798342927589439,0.488331792405417,0.280871382570959,0.170977941464654,0.110691348828243,0.0749894650453239,0.0522438996074856,0.0368016292469195,0.0257212885254816,0.0173752762687008,0.0108292893090944,0.0055833070530967,0.00160849298739616,0.000301373317866731,0.00842486390416498,0.0236081526426018,0.0140207156323693,0.00348108937104864,0.000237044019506185,0.00133111643058608,0.00726924358127194,0.0200519554466323,0.0434225413043941,0.0832849451472914,0.147811927357718,0.24564567247854,0.379646775044274,0.53670739114032,0.685373160037389,0.794445341262679,0.855357564957813,0.880727085531686,0.888042985617893,0.889008321933793,0.886941689109712,0.87688486568198,0.846501052708157,0.78062971244037,0.672706901475494,0.53577906417398,0.39702497492693,0.279089862200293,0.190142329916657,0.127545372418849,0.0850102143075437,0.0564967591514692,0.0374227821350726,0.0246261322273456,0.0160096446593632,0.0101710544655109,0.0062571960242277,0.00362784448959429,0.00194323318704613
0.0392861824157987,0.0558868949549276,0.0806725512018726,0.119448574460857,0.183644310712965,0.296250287856086,0.496771415354699,0.783980677461474,0.87960037309102,0.61505338114229,0.352326046188188,0.201347356247968,0.119535063982093,0.0729943205063884,0.0448696189981309,0.0270117114946983,0.0153185643483865,0.00764455078592298,0.00286406639329707,0.000440621990781201,0.000229447060241691,0.00239778679974401,0.00740972922058447,0.0160394058405469,0.0293436300879409,0.0483402690297192,0.0722345866996196,0.0887290791422041,0.0410860085253117,0.562528570577404,0.72305721178409,0.624502580526862,0.196701111130869,0.0160216518291501,0.152087897488664,0.387829186979531,0.605292700357531,0.760755019694662,0.847980389300203,0.884325359601573,0.890601602318652,0.883125862621068,0.872414608210921,0.864451162359807,0.862047660711384,0.865416010361624,0.871619379402266,0.872713627718079,0.853208651405462,0.791051927282983,0.670691961159895,0.504353755835193,0.339771531329056,0.206613444096713,0.117613512185118,0.0645497206880187,0.0355634596891628,0.0216488032830456,0.0192278110314507,0.0412096113218592,0.176805463565369
0.0156484546239514,0.0219371124690997,0.0310831877354084,0.0449862126129846,0.0674110323471109,0.106544617118251,0.182110231282208,0.344311730789999,0.672121633905116,0.836694844145157,0.482839156231238,0.234168653287015,0.123329260770606,0.0705530191381928,0.0424067961944984,0.0259210899770687,0.0155741777148058,0.0087891795881121,0.00429522451135714,0.00148225669058407,0.00014379563980491,0.000404818787662222,0.00278132931291961,0.00839834484982839,0.0194345421878924,0.0394288625086223,0.06658712665421,0.0357898043009495,0.320194156099848,0.217044007834067,0.0780211802929002,0.0251123586707894,0.00270729868731049,0.00370094477849931,0.0246857458206425,0.0682722810404479,0.142133595458022,0.253446534957086,0.401207900133877,0.566445199399203,0.714339263625473,0.816145655635622,0.867905363054576,0.88474891058517,0.885006816926444,0.881604129112824,0.88096654656228,0.884140298706794,0.887351354997599,0.881757618943296,0.85396391536226,0.791317193184307,0.689088962738533,0.559791424304651,0.4265875476996,0.309409760686515,0.217040382716231,0.149032989788706,0.100678827459305,0.0673303015428532,0.0443111115162044
0.00884658694861733,0.0123271403782621,0.0173122800680663,0.0247322342785848,0.0363647453092314,0.0559290901307385,0.0921470186694881,0.168456086008964,0.35391755636519,0.740663637975327,0.683642500817919,0.307394506642816,0.142575971324509,0.0747003097514342,0.0421127202265262,0.0242380269002474,0.0134326112259423,0.006518395470906,0.00217304795609036,0.000142157869244925,0.00131573301239259,0.00893514459399966,0.0331342237889686,0.107176327684987,0.308669097430307,0.446669508563992,0.0206814712958199,0.0295012705341243,0.024506131783792,0.0123942178575867,0.00315974029731104,0.00061385044125237,0.011461803415612,0.0505216763297151,0.145325899822537,0.323737707408052,0.555580241331231,0.736177430251859,0.818714767632559,0.84324101275164,0.848590096401138,0.841641500312486,0.80355060334956,0.708124955913874,0.556962032243918,0.392390118375422,0.256847135790841,0.162609185371536,0.102534468859481,0.064997768178302,0.0416568771813492,0.0269751631821549,0.0175946113951447,0.0115341879703826,0.00753833036903819,0.00489318537164262,0.00313499256402313,0.00197304368245221,0.0012117149503388,0.000722369136600609,0.000421712441202245
0.00543494702652217,0.00725196942745268,0.00966689675444079,0.0129596982962326,0.0176118360514637,0.0245110490961853,0.0354463550895759,0.0544712016246485,0.0923461322520522,0.184255916356444,0.459746424905112,0.7260277212733,0.262759938504328,0.089589881892036,0.0366023040619626,0.0160786267358555,0.00680767612017081,0.00237188764633793,0.000431693608878942,4.55198397955334e-05,0.000850644246852873,0.00277726352876785,0.00594645939011651,0.0106453450783601,0.0173448369168056,0.0267511580470154,0.0398931347522225,0.0582511057253075,0.0839252560444156,0.119796527313893,0.169469112418747,0.236238235732647,0.318521387249749,0.391818271906049,0.324155074560581,0.224451092601301,0.586208360024005,0.55795960128149,0.418886549159245,0.25697772286717,0.109197321054981,0.0159066883257337,0.0655459224253247,0.329776193780492,0.640286089519048,0.797844388358762,0.83544248113767,0.829961047017694,0.818701327712193,0.814488915850098,0.820329793587142,0.834623215015703,0.850935441488624,0.866109209937714,0.858216804484272,0.812635050199744,0.720972329565505,0.593354370047181,0.455033502888642,0.32992211618814,0.230460900230838
0.0227071184011876,0.031818358838505,0.0450850161531322,0.0652955012257269,0.0979794516860642,0.155038494993946,0.263847728366238,0.481818055881162,0.807420166493088,0.777060299784885,0.432433741591411,0.221108904379942,0.120383600102027,0.0695127972810089,0.0413979066758903,0.0246559414149655,0.0141559971520013,0.00741054225958495,0.00316078856713427,0.000784076906810288,3.4159887307426e-05,0.000929693587527853,0.00371332261007947,0.00883301985391154,0.0168615870435393,0.0280628112781727,0.0404095906902014,0.0413508849749191,0.0129926556661321,0.446432620238382,0.694259307513994,0.618999677801533,0.408123908047187,0.218766651304202,0.0959012292144757,0.0286645843545471,0.00295844643084812,0.0121751585727742,0.0607702159901779,0.153769560164343,0.29838864473511,0.477967566588995,0.654532993937551,0.78570710661273,0.854659908468321,0.873348870805022,0.863742352221679,0.843718949004354,0.824031412565144,0.810135297104047,0.804406095862054,0.807489942915479,0.818928183105901,0.836771057451137,0.856984646010007,0.871741313921489,0.867143103979413,0.832654333173588,0.750968564630064,0.625934436755439,0.479187249315776
0.0140087110115167,0.0196648704287597,0.0278946034247248,0.040399156973621,0.0605389665070749,0.0956044905997109,0.16320901447039,0.309387981782473,0.622134753124316,0.843629511015066,0.500186216377842,0.23765871623806,0.122589408059037,0.0688123211874997,0.0404738350368897,0.0239987848506977,0.0137294498998022,0.00708832401620972,0.00286243137780772,0.000551259647460331,0.000131476942152065,0.00203212819401267,0.00727916603146598,0.0178683686401133,0.0375469780840984,0.0733729258734192,0.138074148719654,0.253482500124652,0.427870514485724,0.471125643937282,0.191730316964652,0.145238659917128,0.0130197735764105,0.0826766877535604,0.339602681756228,0.617798269956296,0.78542641672692,0.855628305169421,0.878788864214074,0.885697937969111,0.887002598635505,0.880493714037476,0.855518911664594,0.798203585445306,0.70143630159564,0.574725260845922,0.441235986544987,0.322670245234595,0.228966899743993,0.161634438455423,0.11319214006117,0.0795322993397931,0.0561793126133423,0.0398880024707215,0.0284223621022706,0.0202681597442713,0.0143941132509664,0.0103716781116628,0.00724031799510983,0.00499805959993552,0.00337057720412661
0.00923580362529039,0.0126835230038942,0.0175112105940702,0.0245157664020845,0.0351809260092904,0.0525155651551213,0.0833176578182346,0.145134509439846,0.289212557368664,0.626122777797094,0.766388887515354,0.36456874689488,0.158247083934924,0.0780975898345309,0.0421568918190791,0.0236574523869111,0.0131579506625885,0.00683819229754539,0.00299027458453929,0.000826822300386564,3.46940767974331e-05,0.000610307371304075,0.00282979666473542,0.00731832122777216,0.0152434641835807,0.0287250028905651,0.0516596932495369,0.0912203738438915,0.158920282140157,0.253457747495482,0.180902718846772,0.236227429091203,0.198303102216851,0.0789283798173627,0.0163127386597529,0.00223390314033028,0.0316246134388074,0.111553810942986,0.249816779446988,0.435884027672106,0.626518910865956,0.769793354390902,0.847386130588155,0.876130797379526,0.881088431498801,0.8797342335252,0.880321303434615,0.884130111425752,0.886845275785144,0.87892288850534,0.847007565493604,0.779931569315958,0.676395477788096,0.550636542664595,0.424295519255689,0.314178323421292,0.226990994175333,0.161857758547013,0.114685421514685,0.0809780907732088,0.0570943469713929
0.0318958374724276,0.0459579891887741,0.0673673031392198,0.101686043707228,0.160349209273349,0.267906513080105,0.471519832309962,0.781170193945654,0.868015160004746,0.576933373369657,0.32465489843222,0.187806425486616,0.11473835611986,0.0729489157522332,0.0472469581489507,0.0304438988811404,0.018943151271653,0.010866586387047,0.00524255159420109,0.00165202488029467,9.53040638098556e-05,0.000978711915583175,0.00510863454302148,0.0130282451428521,0.0180208326684511,0.126326388569018,0.566431111818323,0.33348130317917,0.0251522620925482,0.0208879933143181,0.116766478389017,0.273667702710563,0.467063824242735,0.65130961960046,0.783402019807948,0.854009465981513,0.881279806614919,0.88755255522921,0.887293578811152,0.885401440900486,0.877587584283094,0.850118963242791,0.782833212540059,0.663272307259951,0.506416972821679,0.35028273137892,0.225262204836337,0.138596679587966,0.0832195857748085,0.0490762981734052,0.0286567211698914,0.0164748088848349,0.00929735502672825,0.00514661092597615,0.00283141079305377,0.00162795608850934,0.00110988263869994,0.00112463674620047,0.0020216606622366,0.00608024727104311,0.0263323049323142
0.037817462654794,0.0562622186333201,0.0859237189821503,0.136688641575085,0.229973972417669,0.409834441893119,0.713240018207695,0.894094054654539,0.655281768270452,0.384115769578977,0.229089344488786,0.145731647349047,0.0981833422756191,0.0690886455725111,0.0501910166554538,0.0373626559741766,0.028468451664193,0.0225027533000755,0.0195072193632161,0.0224074188750081,0.0591862389083675,0.390085896418013,0.492089819491595,0.192360305846199,0.0386987061891221,0.00915108365969946,0.00115929475401686,0.000584785098789893,0.00536895360687934,0.0166234316622406,0.0376764434463021,0.068901831742103,0.125704500912709,0.211832772206142,0.334193844152013,0.487289613527644,0.645251919165337,0.771505878991784,0.845689489730389,0.874863794460722,0.879124199254432,0.875793556600945,0.87401603247933,0.874580155720422,0.869494157477052,0.841077657576681,0.766777068064754,0.637652689128637,0.4767935073058,0.325112734505318,0.208085937692979,0.128393490868318,0.0775533485617495,0.0461596925829777,0.0269780813652908,0.0153854234083875,0.00848051605292322,0.00447997941608486,0.00228080828884951,0.00119551635288813,0.000839314816108464
0.00542160212385174,0.00729790213386144,0.00982965647762161,0.0133414330483993,0.0184001824954041,0.0260700175407502,0.038539936514032,0.0608890028540641,0.106951598812964,0.222570237039325,0.553790580697541,0.689584307945679,0.256671543461151,0.0987457234035965,0.0451465537881153,0.0225712640831355,0.0114771683107113,0.00550724352664884,0.00220735301867789,0.000527953380773145,2.07382553071819e-05,0.000548840545280265,0.00218423111552953,0.00519187311770021,0.0100737926755941,0.0176802097172475,0.0294223205057937,0.0476500987339457,0.0762444303979429,0.121050214740018,0.186449881967918,0.241351363819152,0.0916264499540125,0.331001288984476,0.306830197299784,0.168448598159691,0.0843354631012835,0.0269892348831362,0.0027419678397565,0.0098209495251927,0.0560806536734795,0.156373009793993,0.319582705424752,0.522657228164121,0.704452030476977,0.815910346940739,0.859527132658976,0.865178129633733,0.858568633888914,0.853558378166123,0.8553069408113,0.862675532932673,0.874089143033578,0.878998444448481,0.864634998111236,0.818205204956103,0.733750722049563,0.619073997641545,0.493150760152301,0.375178035788573,0.275958479440101
0.049314886342057,0.0740712945531336,0.114276143849823,0.18340833049528,0.308810473929249,0.534170851115963,0.831401865423824,0.878551533585573,0.613572674373184,0.375284557038851,0.234505504957847,0.154076904870387,0.105711942632835,0.0747503043899017,0.0537504739943777,0.0387747809289524,0.0276464798690762,0.0191507858680414,0.0127057717531731,0.00844984097745732,0.0101420025325408,0.179690737876929,0.298915155312236,0.0298332541508617,0.0010952718115153,0.0055703849229774,0.0287087167411544,0.0793224515793305,0.174118804322321,0.326947711181097,0.52220262962216,0.701210496281111,0.812844168645401,0.860298385052852,0.873774173709934,0.87441228462767,0.864750355350172,0.829866526210112,0.745371662368996,0.602314476229512,0.431140236967708,0.279235402195546,0.170100356390394,0.100645472793484,0.0588886902644476,0.0343031974791087,0.0198939505118692,0.0114474336402836,0.00649980980400364,0.00363539609880296,0.00200465192523248,0.00110342290078548,0.000637957487381907,0.000434358022750009,0.000416210185228578,0.000626325003864801,0.00136644290094027,0.00367255024916251,0.0114946334883432,0.0431651770529975,0.185789654025135
0.0275491823784729,0.0400236458212766,0.059330719009833,0.0909763458381394,0.1467847351731,0.253796968339177,0.468724187909102,0.80206341765187,0.829202682824595,0.500829776731496,0.272796703788289,0.157858645124816,0.097710544147464,0.0633751477875295,0.0421331595094261,0.0280797961209487,0.0182625473462337,0.0111203337561243,0.00583120256884441,0.00207637999661867,0.000142028400982023,0.00185199846857175,0.0157915527428811,0.0887487983230446,0.0778508864819371,0.00785605260308135,0.00392610992090769,0.00037800892631763,0.000904697587463999,0.00591657207272742,0.0166334896424623,0.0353905945778269,0.0658738281991336,0.113294715349808,0.184016715349142,0.283551113991979,0.411726651293694,0.556389111784419,0.69296655426716,0.796705047427726,0.858118668672128,0.884808181867176,0.891369843393414,0.890381330632082,0.889172087643492,0.889732568698778,0.888965991140226,0.87846484113942,0.843841623699111,0.780364772264811,0.677512375103554,0.550091639800954,0.420448039189195,0.307091748907689,0.217862695439798,0.152037999297186,0.105169822815563,0.0723425751123659,0.0494701413155763,0.0335339462840411,0.0224387819936382
0.0161465301958548,0.0226305054409444,0.0320797503169996,0.046502437369899,0.0699342163377451,0.111318383763566,0.192734864955654,0.371441894963433,0.722116142768289,0.79504675479754,0.414600746038976,0.196309267215424,0.102239507362635,0.0575772151927754,0.0337799090557119,0.0199193818140672,0.0113421285082071,0.00587551614253449,0.00245197061302545,0.000563653979561577,3.83664326035048e-05,0.000961632355219182,0.00368795439486705,0.00893969566979758,0.0180394412808434,0.0333896988508518,0.0593685368343676,0.103004326525577,0.160834069284096,0.0798932020311192,0.291575916555347,0.140609448056957,0.0316405548037767,0.00154658764507824,0.0165168283264496,0.0639000820989126,0.144084595610023,0.25933790219047,0.405482478432385,0.564804354088893,0.708572309854683,0.812367056988236,0.869960004127036,0.891510234252901,0.8925249200738,0.885904124185779,0.87975922996168,0.878039260041061,0.881383640218117,0.886405796865667,0.893795314969003,0.889287268773733,0.863652516885635,0.806965608482981,0.716349295780839,0.60054591375803,0.476804315750392,0.361921413076217,0.265641597064233,0.190211735812603,0.133199851537143
0.0187309992575495,0.0265985197118204,0.038318774254908,0.0566778603880797,0.0874273172553223,0.143625831736695,0.257496046109932,0.500873292408387,0.83741814637288,0.690515951956185,0.355534991199215,0.183592567732479,0.103609073286532,0.062627772806595,0.0394010617801158,0.0251302161947407,0.0158165316638774,0.00949029569736688,0.00513364396147598,0.00222719467539004,0.000544221578095106,2.94834436230825e-05,0.000604394556663866,0.00149173345465964,0.000435997345626609,0.0633888134000274,0.507655402418555,0.574397934281566,0.365505376965108,0.187137522773293,0.0948712206921092,0.0468953401691228,0.0217164480550591,0.00705796245428176,0.000776011474100681,0.00211246122949545,0.0126378368033041,0.0362345264255266,0.0797388036212519,0.148801310959322,0.248098535294841,0.403188679359,0.576979492892908,0.7292298789447,0.825060511262057,0.862286540254513,0.862561414748204,0.848814644506569,0.835609499575343,0.829590858938205,0.83374938831384,0.846166649724939,0.861515639491938,0.869688895267963,0.854537802314371,0.797168930731482,0.694380045469427,0.555335856400965,0.410506504282368,0.285067546878108,0.189137934300048
0.0432126811743764,0.063369423159785,0.0949977810449555,0.147470264661524,0.240113182066481,0.41039414764769,0.690602363102007,0.898414580398789,0.716450736007552,0.432118823955379,0.253982945448288,0.156305462347037,0.100706697579561,0.0669238825193112,0.0451016361822611,0.0302715402747996,0.0197972229160234,0.0122269181640046,0.00676170876112098,0.00299897945976083,0.000787682680228778,3.21619484117546e-05,5.34535926370538e-05,0.0112635344773391,0.381359619955095,0.531544541353903,0.178498966038964,0.0143855224553586,0.00495380746946496,0.0289487624718449,0.0819268422526211,0.163754880495996,0.279106633551914,0.42403559937063,0.580346402164393,0.719213747581744,0.817703564751486,0.871707104840639,0.892495961278798,0.895406230605881,0.892431492928339,0.890247264481791,0.890326476777729,0.888691227576971,0.874843045689646,0.831977965650883,0.743765672175547,0.609755618136708,0.453972782528003,0.311997914850095,0.201451741690401,0.124803336716914,0.075037121214545,0.0438804608993157,0.0246218170506876,0.0131621341065,0.00658166626640883,0.00295664066817571,0.0011497163908771,0.000399478908425582,0.000224737019826319
0.0147039899558053,0.0204514784698274,0.0286940314504522,0.0410109177928266,0.0604621388008625,0.0935313317716479,0.155454685081449,0.285239998315047,0.565707867921353,0.853648106111468,0.56551280402681,0.267871667882958,0.134690111410338,0.0739304554785403,0.0427866444926229,0.025151617209046,0.0144264329497671,0.00763257901294601,0.00334214601784831,0.000885563905459555,3.54126293365906e-05,0.000897503041814831,0.00391651188379796,0.00995816351619176,0.0203647676527496,0.0362423006240331,0.051618867017145,0.022262194237477,0.445267996756397,0.553457242350652,0.313957093520976,0.128218569569073,0.03870653400685,0.00457943015281049,0.00525138258923245,0.0384368737719884,0.112235475772239,0.234480369249398,0.401905869397169,0.585451946902014,0.738575467922094,0.831928070140314,0.870533651873579,0.876879805974911,0.871372627400464,0.866216959734105,0.866561878093198,0.872268238027934,0.878199719445073,0.873324928993964,0.841681046740266,0.768262198499858,0.650799360138111,0.50850682092453,0.369739926404653,0.253413708636573,0.174166739198928,0.11409747867602,0.0735521690129414,0.0466339122032256,0.0290256367932322
0.00501510708200911,0.00673251746656173,0.00903966362991999,0.0122243708970295,0.0167875178675182,0.0236653039153256,0.0347750081772792,0.0545463605781556,0.0950240640495359,0.196611486685248,0.503277962687283,0.70298197553948,0.253243050968144,0.0932319793793308,0.0414310928427329,0.0202367904331103,0.010040825918923,0.00466339542374203,0.00176567271659412,0.000360622186435724,3.00679146838569e-05,0.000645806517566624,0.00227046496320681,0.00513882412098177,0.00969028488500045,0.0166495432831395,0.0271583465210972,0.0429177889267074,0.0660208031122032,0.0966848240753896,0.119964180586518,0.062539837166047,0.148314035642122,0.385754007691006,0.333712136895817,0.228416832098897,0.160447664794641,0.103528444779372,0.0648909906676643,0.0380564354590274,0.0192618037159594,0.00692711393762992,0.0008772632692389,0.00279779309225949,0.0168526525459196,0.0510287534906071,0.118464716990104,0.235451272848615,0.407530447840168,0.602998343735983,0.756390810694685,0.829300767109092,0.838401505479364,0.818847978719664,0.794234443830745,0.775801279330783,0.767493366063598,0.770027614778736,0.782650905603763,0.803530633615597,0.829358955329341
0.0606462359270987,0.0890398295990004,0.13344794430486,0.206185931569143,0.330087515460584,0.537562272836168,0.808265302495419,0.905438298637774,0.691318617747336,0.437186227555951,0.27050732649247,0.172155252410697,0.112855750688139,0.0753129147523377,0.0503590366950311,0.033085560230475,0.0207844597050822,0.0119393179987609,0.00573173974408588,0.00179914564070798,0.00010947122696398,0.000833101624090895,0.00386579075758936,0.00620841233018112,0.0240225033425278,0.304530885531316,0.450249086955931,0.112183472267513,0.0717543765188762,0.236472769860368,0.421379688482061,0.60182697968324,0.746223916629453,0.836004320038721,0.877039661891967,0.88795459390045,0.886128292750326,0.881780504772439,0.876668335227416,0.862191713053641,0.816321906953599,0.709440083726105,0.536557364277908,0.345760413605448,0.19525282385454,0.101275609026383,0.0498579327000152,0.0237956614161459,0.0112271257827829,0.00546864805061732,0.00317580234132217,0.00267700586370796,0.00395808046975789,0.00919623924894218,0.0271558650865571,0.0926652143359659,0.306423267699668,0.511554113562015,0.401790511663435,0.294399036684601,0.236939181742734
0.0358146973360721,0.0528749102528064,0.079914300955484,0.125310009453229,0.206817918319005,0.361462239286679,0.636324342835821,0.890872294903392,0.742342990198331,0.45042109403451,0.265891947867609,0.16559650445851,0.108780383034784,0.0742175904834232,0.0517288746483758,0.0362274367258881,0.0250277716096374,0.0166670360646222,0.0103947296108147,0.0060215278057548,0.0044220986786496,0.0303736655354292,0.416340207747871,0.237449881440825,0.0424876340779962,0.00553859440687807,0.0012747525610673,0.0163143281349947,0.0584509769091855,0.146791865077237,0.302322197942819,0.512444491962954,0.702119793717568,0.806840061446221,0.840899896430151,0.845930939769889,0.841508924106348,0.816630207881023,0.735529530227376,0.575152540913974,0.379565514597424,0.220045881952252,0.119461725967213,0.0634490648212225,0.033623977029665,0.017898209565383,0.00960609497947827,0.00524045986379947,0.00297121894259292,0.001839743132675,0.00135135157596361,0.00129717723709522,0.00169649224573854,0.00291452746256107,0.00603239578831419,0.014292901193439,0.0383559925605845,0.118116084995596,0.347729243056386,0.421328324446411,0.263401598434637
0.0128551388251453,0.0180969852148175,0.0257871292321776,0.0376118958446117,0.0569869307541127,0.0915773081136491,0.160780343535319,0.318224192921044,0.660140855055619,0.791777603430086,0.415251380640816,0.195868385707582,0.103602480276868,0.0602920137660179,0.0372081613818008,0.0236165317204219,0.0149959628343352,0.00923154177817908,0.00526096867574158,0.00254180074226752,0.000827108374594978,6.27651477891915e-05,0.000278484243767776,0.00111649407425976,0.000491184984427547,0.054724315263926,0.37595936205508,0.267178782418674,0.114598687678576,0.0557351723605372,0.0299759025327891,0.013444530610474,0.00475199255211196,0.000934598072870753,0.000222778611385663,0.00259354557121171,0.00863838874715012,0.0196422637034172,0.0378636049305561,0.064499938432601,0.108020677927007,0.173994237972993,0.256001519435288,0.383692478366001,0.532929221699548,0.679196520112153,0.791528225945645,0.853126641476217,0.870600472644803,0.862269102338123,0.845352428887709,0.830250588273849,0.822108298406833,0.822863182400096,0.832213374776222,0.847953410156649,0.86550532298828,0.877092230200618,0.871510591608079,0.836273740411261,0.763429282113623
0.0191963509946488,0.0267240205119193,0.0375388813309713,0.053734075770696,0.0793634432171373,0.122959730485218,0.204083469638499,0.36858829134919,0.678057161467616,0.855388013667024,0.53576671386479,0.266472058308065,0.138970664750757,0.0775379267899645,0.0449516447861908,0.026145701881616,0.0146323919599321,0.00738892682436495,0.00293950071194621,0.000586178671957097,8.71503794120274e-05,0.0015311501666999,0.00531372516268804,0.0121785113932779,0.0232974285445601,0.0403006652631691,0.0647812709042363,0.0944046529031797,0.0942653927710433,0.321253460718993,0.691351364409466,0.634962634251707,0.23504699574731,0.0151401989852011,0.0893857438662966,0.301564748914484,0.534063671966816,0.717263126048911,0.826304637866557,0.874769602666345,0.887552768405707,0.885047501264095,0.879713160174658,0.877571993125018,0.879817016770407,0.883062916182884,0.8783240494685,0.85035332335921,0.781684368671585,0.665356381134535,0.517417289068327,0.369882109998171,0.248172056674654,0.159273625533173,0.100356654293447,0.0617958035299351,0.0375409494568957,0.022615832823669,0.0136789753720621,0.00878974391647765,0.00691368995118783
0.0295396069682055,0.0425055705223481,0.0622619678415518,0.0940363406832407,0.148780413196779,0.250843876605315,0.450672957373485,0.771314075194026,0.856801067203101,0.542603751470745,0.293459062332724,0.165593062375132,0.0993649880081575,0.0621980878304204,0.0396668577217186,0.0251332399763815,0.0153293300509049,0.00856296776215664,0.00395749050594758,0.00112445577227352,4.68347971813767e-05,0.00110624665828918,0.00528761495910194,0.0147470844233602,0.0343408953043448,0.0758790832351764,0.164394767268841,0.209401011908749,0.0926188475468186,0.0357240733170634,0.0018879190323583,0.0111244322213218,0.0487972065210576,0.113890380535753,0.211708004518312,0.341205638964672,0.491851665727224,0.6405590581086,0.761487819101887,0.840861347095381,0.881699534968501,0.896469323703282,0.898170331839137,0.896072908513697,0.895114543364582,0.896411482337348,0.897525897155493,0.892312882797042,0.871111552886347,0.823047461394287,0.741903712684944,0.631447154870807,0.507110202527452,0.387391072739082,0.28506339773219,0.204515047688804,0.144300075935214,0.100576460413919,0.0692576283658543,0.046831665255534,0.031135428395258
0.0255805705320392,0.0380386003579582,0.0580731757089339,0.0924768209490024,0.156656512940765,0.287454051472192,0.555284168461128,0.870061477672907,0.720377602413384,0.412512028745276,0.238849421884081,0.151304883721293,0.104104047128966,0.0767219184711737,0.0601497520875903,0.050375184649639,0.04609520679662,0.0490010162902733,0.0707339087736554,0.195837403636996,0.500604730125663,0.430838556938639,0.0709800751413529,0.0164273699780306,0.00567978380546895,0.00204643884580786,0.000487131090390718,2.71528886292086e-05,0.000538566378277219,0.00221982131059895,0.00551659860951525,0.011173721158681,0.0203720080986548,0.0349634632287827,0.0578358709773204,0.093110080892947,0.147449106193118,0.228403436639154,0.34197383639319,0.485020140357153,0.636199199281426,0.7609835466381,0.836137084540785,0.865470735627045,0.868683037978353,0.864210009968368,0.86229169521384,0.864650465479533,0.8644166713805,0.845780004550063,0.788189840857346,0.677755351849392,0.529643318877411,0.379548684039541,0.25581671682096,0.166315682192093,0.106346305445687,0.0672242131012622,0.0419609096403425,0.0257734092038898,0.0154330628437305
0.0656106640290904,0.0990596859114973,0.153664534135409,0.247213585314561,0.411384415030664,0.672018392976486,0.904190172581663,0.819587067429603,0.554940654734971,0.350415043582148,0.226882597155138,0.153138190935588,0.107144890881188,0.0769619368839412,0.0562376034343939,0.0415002730004639,0.0308244192771283,0.0232326940641237,0.0186297070467506,0.0191768114837403,0.0476318881533651,0.355001605651334,0.310042319105101,0.346853982141521,0.0270375327632723,0.00119884239189224,0.017554812968152,0.0582581389275694,0.13244702534535,0.253838013535079,0.424762747408283,0.613498851350926,0.762105086524612,0.839946703362513,0.86381349270312,0.864460195742921,0.860335231990334,0.851018144136037,0.813942617643716,0.709350328818121,0.525477642528984,0.324287543864349,0.175017461408697,0.0879786903489895,0.043071477120568,0.0208228969145903,0.0100373793526054,0.00498043667359436,0.00271942709955869,0.00186677015918951,0.00192074855982008,0.00302234356455368,0.00640044046927103,0.0159847376833779,0.0444837832427056,0.134831280688624,0.375435965255291,0.526152769663487,0.3931395821023,0.282366849775792,0.221796408620431
0.0253090373029419,0.0363276678684194,0.0530069344215707,0.0795895635411366,0.124866241071154,0.208408154271199,0.373720097175756,0.674977301654174,0.885692751268996,0.627839908829447,0.34402718333814,0.193202879352741,0.116199138996977,0.0736989135164791,0.0482069939702671,0.0318027690180189,0.02063970930412,0.0127310994834279,0.00702626284814243,0.00301835873165837,0.000611844424839718,0.000188233888444049,0.00297751356799242,0.0120704098854719,0.0320567360710264,0.0224018838404537,0.17997819092094,0.0459504216133688,0.0113242375831707,0.000507921529486968,0.00734450219297804,0.0293868734188945,0.0703113903539473,0.137184043036229,0.237342806108035,0.37219796279479,0.528528728541987,0.677209558592632,0.789148773836866,0.85455998493199,0.883331420459579,0.891790148161702,0.892730374967947,0.892509672977946,0.891144882161823,0.882526362439268,0.854927499825059,0.794548915698222,0.694481573920448,0.563295078365734,0.43015741930533,0.309643558495862,0.214895127901801,0.14597643977692,0.0978955636651331,0.0650024901150862,0.0426240442290957,0.0276703111186926,0.018004801250919,0.01083082827425,0.00609814255246273
0.00864707708433338,0.012027967629734,0.0168763443088596,0.0241216672063482,0.0355728580144114,0.0551111871910805,0.0921730088749306,0.173472474429379,0.382361842649871,0.786028820693062,0.573834836604764,0.238549597469188,0.111054581085506,0.0590704691520647,0.033999690332836,0.0202350932536449,0.011942752848393,0.00663002522800845,0.0031453294523166,0.000981765008572208,5.22232701355991e-05,0.0007323689098424,0.00426905561987207,0.014100074152093,0.0387467472119381,0.0683074763286363,0.0152194281312695,0.0553454358751489,0.0440325272419292,0.0219568401346387,0.00993798248361868,0.00389931853387973,0.000803786175946275,0.000147423085505416,0.0020269683868284,0.00716852981583468,0.0172456718436671,0.0299092867453008,0.0555205685345775,0.0929663106324406,0.155279779799192,0.246592290306063,0.372704873787819,0.525920555299808,0.678030213796218,0.79242197391469,0.851995753455764,0.867545555605828,0.860602853319344,0.84920546249703,0.843928005556541,0.846333770037437,0.856141873236824,0.868181657989549,0.872375715066252,0.854162184638685,0.799209509865819,0.703178222521199,0.578511748603288,0.44811631344036,0.330992766479152
0.0135241193381183,0.0190876094289484,0.0272558606716149,0.0397996980517891,0.06025975089269,0.096426318091107,0.167409186081152,0.323554782864499,0.65339660983096,0.837999220794451,0.483880544685488,0.236284243044263,0.126653068729233,0.0742660897432859,0.0460229149830607,0.0291720056596524,0.0182838674191818,0.0108179828246359,0.00553549211172924,0.00192458493878128,0.000128418595715082,0.00151015415547765,0.0113488463012223,0.0520357466364976,0.198947203935086,0.128205861979685,0.00828519783018461,0.0124308735454655,0.0054170492079727,0.00109654361023061,0.000268685451425625,0.0038144657771006,0.0136843466923521,0.0334923154240014,0.0692662211725649,0.130033227556568,0.226553995739394,0.364503167142552,0.530754033976856,0.687736016280176,0.79784338231336,0.853804754754351,0.873732513782571,0.878321378776601,0.879097303966173,0.877000509481269,0.863364257516102,0.822379071962901,0.739531133610221,0.61524023359936,0.47506634128612,0.344460084120492,0.240180653279006,0.164276289677027,0.11161770018097,0.0757938719304102,0.0514761488922134,0.0351547024936039,0.0240943711151241,0.0162546645992515,0.0106828247911979
0.00552428184532217,0.00738335021535244,0.00985938727056691,0.0132377513123269,0.0180022014360936,0.0250290116055522,0.0360438241237561,0.0548335828874815,0.0909889609780971,0.173701600835274,0.403585990812835,0.757412951793056,0.358098577574989,0.123706007941736,0.050284656055047,0.0222499620739758,0.00965331729091151,0.00355907195427346,0.000772322398327407,3.43870226684056e-05,0.000883015020692757,0.00326673175226041,0.00741876921974523,0.0138439648838904,0.0233747740533459,0.0372888021205416,0.0574930463091265,0.0867727121674226,0.129049906117707,0.18942798403643,0.273376242765179,0.383669293633066,0.51322892170191,0.633190279173225,0.647713169074172,0.363033497937843,0.69642342274436,0.601785996347335,0.334239301840238,0.13832821595182,0.673708339768411,0.816165347438918,0.837306594330752,0.844785789295473,0.85374220142986,0.85875130611836,0.843512710065798,0.786010400256936,0.674202935605569,0.524436058797692,0.373750390992798,0.250390124360876,0.162155280215959,0.103449086327923,0.0654691002005999,0.0413883986796925,0.0262594088498753,0.0164641042340814,0.0103115564656233,0.00651233143286005,0.00427822249549189
0.0527964473782221,0.0791064093978902,0.121751559243269,0.194915745004876,0.326960736366265,0.560110210115006,0.848181026247557,0.860118129874718,0.587425765190546,0.356888396440352,0.222149429795388,0.145279984801272,0.0991211927976128,0.0696930385364229,0.0498998681580757,0.0359890240967727,0.0258936884674874,0.0184713281208043,0.0131907936101061,0.0102435945521903,0.0129902049329305,0.0913873253795826,0.375571390563665,0.292059202721528,0.0305552774527219,0.00144723182745667,0.00340173736371513,0.0164741649359161,0.0427898957085725,0.0871795677306374,0.157525349709376,0.261410493845895,0.399555726579022,0.556831831933235,0.702252141964348,0.807236091177881,0.86474355797265,0.887107566674697,0.891499813708119,0.890334664237106,0.888737147668534,0.884211435798683,0.865887568682096,0.815351787027324,0.715790698792564,0.570873456175361,0.411584982959048,0.273090284212033,0.171146415700117,0.10456218214861,0.0619469282485848,0.0358903268049764,0.0201961245802747,0.0109090342669322,0.00551776155632293,0.00253282415380221,0.0010063606999601,0.000329566827692075,9.23246281091926e-05,8.65904198615934e-05,0.000594438289420671
0.0309489769154905,0.0447916737805659,0.0660231658029982,0.100320838880265,0.159396588981237,0.268417309413773,0.475175910402313,0.784898942358499,0.861902267433927,0.573833876837877,0.327283975113591,0.192353668566719,0.119463687511524,0.0772960084686443,0.0510551874784711,0.0336684038439714,0.0215638860014221,0.0128620414842152,0.00659222678678489,0.00236245202964201,0.000239624046216405,0.000552327597910725,0.00187869311601254,0.0303134418847728,0.522660041557215,0.323927029169169,0.0753328154988185,0.00888593036049388,0.00456920826490357,0.0412423865811645,0.129868693676769,0.286303084165946,0.49533978904467,0.687981750684199,0.802590071485756,0.845175893977426,0.853315472638032,0.852463195776792,0.846509259015525,0.817980215901584,0.733432704685034,0.576252610517203,0.387624423332405,0.230672895785087,0.128188777026713,0.0690725787203209,0.0374579888372617,0.0200362278528299,0.0107825243081768,0.00584223654278215,0.00335300032083296,0.00215249994436707,0.00169944313302442,0.00188741951871117,0.00297088942597078,0.00617208215742142,0.0155047026844568,0.0460174136141131,0.15876027252286,0.407305112408697,0.336078037386638
0.00176821060050785,0.00232677646411227,0.00304847759323014,0.00399870572703518,0.00528352993691303,0.00708502010363259,0.00973861999275638,0.0139218658081474,0.0211848866566422,0.0357649855162452,0.0728576984866243,0.215377473275394,0.631499632789328,0.149082147513468,0.0400967295788833,0.0146809420297732,0.00591145405957117,0.00224090624421707,0.000629544139662879,5.0827796631829e-05,0.0001146079427424,0.000682045996230673,0.00173895580148093,0.00335354036449463,0.00566914319848297,0.00891783386912241,0.0134538431623955,0.0198140445760449,0.0288219388387614,0.041765769476701,0.060702781982174,0.0889602612255137,0.131833386522625,0.196827718399675,0.289125832624843,0.380721813159478,0.265580529461701,0.19436814331057,0.320032616360176,0.229258175350988,0.140894970077695,0.0688432533420869,0.0217454501669181,0.00234509803249867,0.0227452577510207,0.115083896739967,0.309753935673292,0.562717547088312,0.749979846692665,0.823899665690389,0.831945909774461,0.820067517866129,0.816011751364867,0.823293828499944,0.837973943075572,0.855968292948916,0.866534504325597,0.854686711510766,0.806367332348742,0.717864553318567,0.601315377747316
0.00118278180795942,0.00153087675132793,0.00196708861878651,0.00252166754099647,0.00324196753812514,0.00420593128438261,0.0055499998478775,0.00753263938970809,0.0106979493238064,0.0163740038186865,0.0286088730608442,0.0652523637361901,0.27488041947154,0.259575090979305,0.0382448043363601,0.0100607169695188,0.0030673182675922,0.000790910131952396,8.12332060321855e-05,5.42571377566256e-05,0.000408341948251606,0.00103612810093218,0.00190981069492203,0.00304170904745488,0.00446999896505474,0.00625445673086139,0.00847715551778141,0.011246514959933,0.0147045715556353,0.019038208715376,0.0244958745309241,0.0314122847891307,0.0402449584626603,0.0516283323296207,0.066453652398825,0.0859850915631939,0.11202110188818,0.147092259481607,0.194611311210298,0.258628851448057,0.342015441029991,0.43925685576842,0.507919058832599,0.317885773262366,0.475589113302901,0.580924504148751,0.487321251758927,0.326154373754349,0.1670978277082,0.0492910978789547,0.0167084986521575,0.191278339173515,0.539386756418869,0.763128846161803,0.808830012573221,0.784860691179714,0.749327039916229,0.708439977208526,0.699417133919023,0.693308102450565,0.6930782942058
0.00645309419063881,0.00863975508197068,0.0115660872036509,0.0155903160420436,0.0213362701192559,0.029971572911026,0.0438923394391,0.0686466635070764,0.119309535445744,0.245404229511753,0.592648138176764,0.663489421500856,0.236682955987564,0.0883814815228537,0.0384385305978679,0.0177817393558208,0.00799293553176153,0.00308109870575579,0.000747644961571716,2.40755396642293e-05,0.000508335729923063,0.00208469254855039,0.00481556274047622,0.0089049125043234,0.014697879817465,0.0227043410159034,0.033643491585348,0.0485103643766867,0.068664863974272,0.0959355506849485,0.132700729147369,0.181819302292146,0.246010068478112,0.325313876262749,0.406058557482221,0.376563837917425,0.544160795160367,0.780368593612756,0.681897410722201,0.356865118755632,0.0442483123695529,0.300128190997811,0.671938283143737,0.830272450986349,0.871101103921872,0.868974517856487,0.857533890171528,0.847103711688598,0.842934201685778,0.846317229659474,0.856510830696781,0.870920794938489,0.884528094728698,0.888468820045504,0.876437958357601,0.834170392447275,0.757998254231848,0.653394779969051,0.534888713528404,0.419046446969509,0.317492786273792
0.00808371306712883,0.0110016891087486,0.015029267851157,0.0207787433174404,0.0293720880424388,0.0430432048050438,0.0667386407391304,0.113014798871617,0.21922938207361,0.496292628076469,0.796782799602563,0.397520178902074,0.158303683162102,0.0731385396653445,0.0376160616714543,0.0202877366824092,0.0108807346137363,0.00544983270138741,0.00228404426986214,0.000592236147372998,2.18381518444938e-05,0.0004687478732382,0.00200591044046043,0.00487048274255635,0.00948782138843962,0.0165203985319053,0.0269098426740797,0.0417698140175612,0.0615227500916569,0.0818270925494825,0.0785034332969404,0.0177093834270962,0.23061452015777,0.422154667670078,0.3800486499121,0.285631292656404,0.201676141559293,0.140448979093473,0.0960536338847843,0.0636736981978314,0.0396078447866736,0.0222156066802143,0.00942352225073774,0.00193590839013622,0.00117914330038982,0.0107341762353732,0.0373732527316117,0.0928720024798821,0.193753009312115,0.350529111104298,0.538001243922997,0.71616207012818,0.812907567828587,0.831508710286389,0.810041741871616,0.775677878453916,0.743775933803381,0.720035612654141,0.70583972512913,0.701004579547896,0.704874940595796
0.0104524753382902,0.0146163040391087,0.0206253165338893,0.0296478875161414,0.0439351490863627,0.068237439939254,0.113761929482361,0.210324842962561,0.437390454965316,0.802370262550159,0.622991249153019,0.287633639199033,0.139236056961337,0.0745413204030831,0.0422193782801111,0.0240462092957854,0.0129343320762178,0.00587098034219613,0.0016288204112261,6.32040784987871e-05,0.00218422469492358,0.0111311132673936,0.0352935529157022,0.097420635413095,0.250797673262532,0.482840363039806,0.261505383862916,0.0481847649345063,0.0585925547872762,0.0268313906023113,0.00359053362545394,0.0142381407641966,0.112498466893432,0.354188203369136,0.629327028377056,0.771747033782995,0.814196181862491,0.822009987082124,0.802620347216673,0.726993474423914,0.578915963244914,0.399766257370531,0.249356901781192,0.148437106861376,0.0874978415717396,0.051938005169655,0.0311954707555538,0.0189419152255217,0.0116035169175414,0.00713306496538234,0.00439698805497651,0.0027096576225153,0.0016761909513797,0.001052281235928,0.000687686077156514,0.000490137789673499,0.000412277649361426,0.000442283322191402,0.000628038821332151,0.00114328480620956,0.00254905419629872
0.00501242914070894,0.00667984960772689,0.00889011275707888,0.0118934395178962,0.0161169623909076,0.022340829303913,0.0321179078985165,0.0489089789246846,0.0817007251807145,0.159140979096375,0.389928606694292,0.748110314423997,0.307926613217441,0.102279937118856,0.0414430961995211,0.01851715198272,0.00824684926677231,0.00324595319914236,0.000869325037325715,4.4055520544427e-05,0.000323268516529325,0.00155611384640069,0.00376220596535629,0.007085489587336,0.0117847475091552,0.0182453025380447,0.0270067870047828,0.0388060357377726,0.0546352285654326,0.0758132077610081,0.104059759069952,0.141542643603255,0.190824308420378,0.254382791308688,0.33462791774665,0.431314395086598,0.540057940813994,0.650534640573773,0.738264289013165,0.828802716531712,0.880076234698296,0.869803799057045,0.827554576073624,0.888051376744794,0.880094784817664,0.869337201852284,0.862789094836345,0.862510891994944,0.868476887746513,0.878378449086066,0.888971516103464,0.895166305566588,0.88537453531439,0.850557552997308,0.784530323979528,0.690030674553166,0.578603906568819,0.465066427221794,0.361990468519013,0.27543493512103,0.207286653300556
0.00900906229357036,0.0125116177938831,0.0175099787179999,0.0249262748581517,0.0365267563849395,0.0560215559297355,0.0921713806551769,0.16879866619352,0.357385898247306,0.749354377187181,0.654043046109031,0.283317233263734,0.12964307557335,0.0673135166061826,0.037669211302295,0.0215966828723837,0.0120376269002713,0.00603959383555536,0.00230051482796578,0.000341994659961425,0.00028772265303877,0.00302756161129137,0.0109730410829339,0.0303314814056842,0.0772422011545707,0.17731137600499,0.150379357228117,0.0529244223140512,0.0739627645819718,0.0458931869655793,0.0209434155975275,0.00621584786199295,0.00150315831633128,0.00354837517751332,0.0212254284420819,0.0637900552666877,0.147840644264113,0.290156071252935,0.483342321465833,0.672368152479216,0.795566503273343,0.847227016628667,0.859892913457381,0.86164194638238,0.863788142767288,0.863119206346577,0.844318235250712,0.785439828518845,0.674588046555922,0.528152596949646,0.381753421996495,0.261959556101372,0.175233132868695,0.116244063443992,0.0770300775517245,0.0508667945304718,0.0353033659359106,0.0235311801814921,0.0156563560617625,0.0103177428755978,0.00669205735213776
0.00787867100872061,0.0107924817254048,0.014851275013273,0.0206948943042732,0.0294927305550713,0.0435651865763693,0.0680249994356586,0.115741680221402,0.224376579008774,0.501779098221392,0.802779547176558,0.415694930596119,0.167591742725727,0.0769264962689334,0.0386759439625847,0.0198951891476048,0.00971015887298807,0.00397345952533829,0.000966971601159682,3.63525104472047e-05,0.00113338419246813,0.00471359614130635,0.0118447946715593,0.0245365910963476,0.0464002145910417,0.083809941184664,0.147481761785702,0.252250058408041,0.403099815041938,0.528054187752261,0.216566960266783,0.376683141462712,0.301202620747354,0.105418048531051,0.0234485216896623,0.315068668111472,0.672067306012995,0.804303116531145,0.836349653828922,0.845447702814113,0.843343240782993,0.812376667716792,0.72580714995855,0.579777150944451,0.412210689826607,0.268982376493714,0.167690121105536,0.102827484452181,0.0629529226631853,0.0386717179949446,0.0238191460478614,0.014842870384049,0.0092792506064086,0.00572839504443597,0.00354248495473211,0.00221223865435272,0.00142855070345288,0.00100371625442812,0.000840489690617005,0.000940515622454771,0.00150941133953492
0.0150079343315167,0.0210017009908312,0.0296690373463003,0.042734040605167,0.0635552914682308,0.0992832295319529,0.166742000305096,0.308358106565335,0.604327029597237,0.852877679256898,0.545916116531212,0.263953331942006,0.135390186416188,0.0751298443023129,0.0435433769001112,0.0253250120222049,0.0140893409710942,0.00694346784746394,0.00254147763448241,0.000341672971535875,0.000330801911631908,0.00296938578589875,0.00928239100231575,0.0210872450816147,0.0413225587808285,0.0747793305241553,0.128137602481711,0.209713361745229,0.32584242103301,0.47208132320434,0.616756863972097,0.714393836010211,0.736619870359598,0.747281915760614,0.876084303035554,0.894328510670512,0.896893330560691,0.89724429576437,0.893415174961663,0.877025697287627,0.83424098104602,0.752715498811629,0.633164640494039,0.494589996679649,0.36298786818243,0.255372849606039,0.175580054107336,0.119623914541169,0.0814243765449746,0.0553562816751704,0.0379084456831664,0.0259960039596111,0.0178148460158623,0.012161719864606,0.00823727304791893,0.00550793673719528,0.0035874916024482,0.00228749626915406,0.00140378203950424,0.000820835689818287,0.000453955558621664
0.0183487779039317,0.0261065787736015,0.0376522930299512,0.0556729635161096,0.085633245616148,0.139695655606752,0.247169152128297,0.473457190259162,0.814907862025068,0.744562549821973,0.400664473476269,0.20714224796814,0.115663094006196,0.0686801509271033,0.0419952491824703,0.0255385646252702,0.0147777274023001,0.00755138330634887,0.0028583133798588,0.000392759604233447,0.000419900024846255,0.00387242273914697,0.0126955282101562,0.030436246422475,0.0636105127666704,0.123037198099009,0.224460410287219,0.379715246076355,0.540794121557872,0.495498990203267,0.203444729177728,0.336100021012252,0.732081847417586,0.847598107991016,0.878858140202533,0.886711919151834,0.885417640102176,0.870495013528178,0.82811748370526,0.744667990249829,0.620980442870821,0.478556817545573,0.345732192431292,0.239565369984604,0.162576694526578,0.109610079804568,0.0740021125627009,0.0502008800804527,0.034236880910251,0.0234494029249379,0.0160890153271614,0.0110244255398276,0.00751393981640845,0.00506744120552336,0.00335495291240516,0.00222762849770427,0.00139811267854633,0.000842903766977661,0.000480225071187777,0.00025399419773954,0.000123204116160564
0.0162332268235107,0.0226724968404867,0.0319733278983039,0.0459913698371499,0.0683590944326636,0.106852281125582,0.179838221143286,0.333169755864378,0.642732999045862,0.845228493608961,0.519311153030968,0.252389835093946,0.130843259665875,0.073381072906287,0.0430899421038895,0.0255703614294997,0.0147377783531897,0.00778688447215641,0.00336115023443561,0.000837546437221221,4.25827945654928e-05,0.00116370921327046,0.00476502623987797,0.0118106305585931,0.0232036528725341,0.0355681798659078,0.0195089106030061,0.315165184399752,0.594173118242549,0.396043399833832,0.189325649637247,0.0679490517004327,0.0145830340551061,0.00179326939040388,0.023066064062948,0.0863499837995989,0.202515045850447,0.372460213937082,0.566459182032998,0.729690302612081,0.826546943650413,0.863951750286662,0.868664101263397,0.863212968894191,0.859842936848836,0.86234832564777,0.86749046521754,0.864193983480908,0.83296705740876,0.752732827674241,0.620160467975262,0.461955724238163,0.31637695424818,0.204707828669909,0.128142106390754,0.0786943224612378,0.0476931474867328,0.0285746395947183,0.0169747170199091,0.0102380150434221,0.00654354552199499
0.00447997862931585,0.00607223959267904,0.00824358744303058,0.0112901591795538,0.0157339856662571,0.0225660593608094,0.0338555244158428,0.0545040210854282,0.0982887877482457,0.21330237948367,0.562703817684176,0.639681416979884,0.221632901201825,0.0855902981930382,0.0394339377241056,0.0196876085971005,0.00980812067078687,0.00441730159307782,0.00146697439896303,0.000153913070070693,0.000282296837328125,0.00210499654776646,0.00642480829606671,0.0150085338742267,0.0316460123398696,0.0647586085708842,0.133175677731652,0.268995954368679,0.43239069438154,0.204552356221621,0.0496803460558279,0.0752262001003285,0.0518367953031036,0.0282466528451392,0.0109744799647548,0.0015196578271133,0.00330816480769998,0.0254490462682852,0.0863021753362579,0.212925610408806,0.414881461063578,0.633158025342893,0.77715307295704,0.83399508658449,0.847360417804543,0.851008016687265,0.855168767908385,0.852137922919356,0.821061173654177,0.745942088342175,0.619667010482672,0.471587578751357,0.336392003850655,0.231594313057835,0.157430024752186,0.107065088632864,0.0732702273031362,0.0505214497583453,0.0350530247375112,0.0244055734503269,0.016980461334428
0.00882991377374897,0.0120832661906831,0.0166112177185486,0.0231279483673433,0.032942878491444,0.0486649924253416,0.0760710400500484,0.129761774049611,0.252197452481407,0.554030608553154,0.792087387918039,0.38953698101581,0.159057363717044,0.0733519589809355,0.0366499501484385,0.0185487350759161,0.00879179420408868,0.00340489544100764,0.000715077138943975,5.33441039508403e-05,0.00129510971182809,0.00471353995255452,0.0109837020267325,0.0212923503244299,0.0375519623889353,0.0627272126850381,0.101245727372815,0.158970818073029,0.241183489065174,0.35594991775256,0.496156416843086,0.639468806390891,0.727232761964406,0.810017083297807,0.84471633741604,0.64055200217354,0.864817676397362,0.877374223376822,0.877679874735279,0.879309141445083,0.870339804216006,0.833493675814538,0.749839470713595,0.617033687930838,0.461123977144635,0.318356536183016,0.208914986448138,0.133605536237616,0.0845841333860483,0.0534021395738551,0.0337280358688713,0.0212660488657962,0.0133589727053938,0.00833849722436089,0.00515725378103802,0.00318937129847188,0.00197771874027169,0.00127675342405883,0.000923966137256857,0.000853239416477437,0.0011613735447671
0.00438919444364827,0.00588822639953327,0.00789826354054794,0.010665754003185,0.0146176315587544,0.0205481084939139,0.0300759322704176,0.0469256348610046,0.0812148387071098,0.167369796158556,0.442701172564041,0.700453967737576,0.237760031046728,0.0820398121306116,0.0346107933854463,0.015919821794913,0.0072288404574597,0.00286334967650001,0.000743193503728501,2.91668497771769e-05,0.000404921753524157,0.00182996660904469,0.00445927424585653,0.00863902960122261,0.0149540674846278,0.0243299761507104,0.0382108087883515,0.058848876157183,0.0897441749563766,0.136183587651921,0.205333554512778,0.303186503105853,0.417089298052919,0.424038970218691,0.228680107698855,0.488538756637337,0.343241736977994,0.153708052562382,0.0238550559770801,0.0468890863044537,0.282628462426426,0.597572925634465,0.783843241125507,0.84638842754803,0.85708294604783,0.856677832253639,0.859636470629168,0.86748822503913,0.873988296613255,0.865944563497673,0.82716695492608,0.74865438354309,0.631519851359403,0.498384488439211,0.373601830860944,0.27116468589853,0.193645924859394,0.1374904070661,0.0975629945205897,0.0692616027274196,0.0496694557173847
0.00574827627268115,0.00777669990156978,0.0105419368973819,0.0144281254801188,0.0201229063753224,0.0289587268733978,0.0437960914618998,0.0716732063798714,0.133370177812913,0.303634107959626,0.72388207093619,0.4800966987595,0.162246346176535,0.0654899668380843,0.0303151478411463,0.0147043298214801,0.00687024327662018,0.00273895681398083,0.000684785051483694,2.3225531544705e-05,0.000504441071885788,0.00212916683639293,0.00508991117895165,0.00977459478985248,0.0168149806046432,0.0271817339839157,0.0423393194635638,0.0644798261118203,0.0968440472038874,0.144065547750708,0.212197588643828,0.306981249336141,0.414650914259254,0.509972122515168,0.274747338700231,0.644273536783743,0.460681065691218,0.113226381729431,0.109969764357181,0.517621971548033,0.770649643014545,0.853790947973798,0.871589044941166,0.872561183511534,0.873665386392229,0.878680837285763,0.884447890351549,0.88231218052738,0.859238392526203,0.802294527879483,0.707389792789812,0.585885534481105,0.458861163542189,0.344948105487203,0.25295888190011,0.183283016723084,0.13229121657856,0.095528080363586,0.0691117279166499,0.0500721563164683,0.0362720809785805
0.0412978413338748,0.0617062223482132,0.0946541295438226,0.151147563068521,0.254531955495041,0.449546024614278,0.75530961644277,0.896204851143304,0.650023223827131,0.388975710657829,0.236464895851926,0.152219303998095,0.103051681896244,0.0723221582386477,0.0518856355583378,0.0375600242004201,0.027090817864903,0.0192562862590445,0.0135409758691208,0.0104903259407507,0.0191866726102109,0.268611492962366,0.235665290971371,0.0308115670236001,0.00387504256932844,0.000678055825487718,0.00945563845811414,0.0334560764815528,0.0829569168330124,0.174050791591986,0.320774528366298,0.511114278718147,0.690545376580944,0.805689987201101,0.855320144817958,0.869182178497024,0.870344102426067,0.863543071804412,0.835410266659325,0.760454306921819,0.62430934991382,0.452796519524081,0.29557223753358,0.180787760668458,0.107306893433972,0.0630630317275723,0.0369925591557503,0.0216798743190418,0.0126871682717669,0.00737213049862159,0.00425471648525274,0.00245145076568595,0.00143842851835282,0.000904863278364582,0.000675913170772873,0.000688745988460696,0.00105171497302639,0.00222757625609092,0.00602551866326458,0.0201452718046241,0.085498395196326
0.0200611641691395,0.0277983321490745,0.0388295356951576,0.0552031299245304,0.0808471172160855,0.123932090637404,0.202940786574191,0.360846078484132,0.659768863036523,0.863517781481508,0.559522337040134,0.276306830586527,0.141234436456359,0.0769282269946376,0.0433472049434363,0.0243143617190988,0.0129280492453065,0.00600534573691917,0.00200718101361476,0.000209688014865019,0.000354869138559831,0.00250579455183048,0.0070014822127882,0.0144696704672015,0.0258795403020896,0.0426203934121755,0.0665718988242953,0.100043436047195,0.145095799738639,0.199755304555714,0.229301019621083,0.372775621551965,0.690137526122839,0.730445007714639,0.220530185727235,0.230082421500357,0.593730800058296,0.781107356859062,0.864447450113665,0.891115657076569,0.898639936893541,0.893135478623222,0.885891192285718,0.88184658094261,0.88266501120489,0.887318034289392,0.891541454398268,0.886723305557757,0.859555955717351,0.795480930164786,0.68818719197319,0.548333292282476,0.408197565930646,0.285566145804698,0.190281500615798,0.12297332220777,0.0778109057125893,0.0483736528129461,0.0300858312246494,0.0186793948711634,0.0123641843693939
0.0232832624931838,0.0330465559110323,0.0475647921426014,0.0702117737695916,0.107815001266103,0.175334507801615,0.307040855890868,0.564985702562548,0.863283195231399,0.709056091175668,0.385502006375448,0.204725848022068,0.115919075463707,0.0690636090668261,0.0420878309626287,0.0254071753590293,0.014569627715031,0.00739066205036374,0.00280778777928715,0.000415979882951426,0.000313860398167708,0.00313273118371266,0.0101735010145919,0.0231946883769347,0.0397220012450664,0.0207041687345548,0.434923564954855,0.502101307754319,0.244697316607366,0.0772695408077425,0.011853891992794,0.0054831531165699,0.0518505941888706,0.16238971834565,0.341958761129379,0.554634053917293,0.728411550150074,0.822723835934316,0.854233199865037,0.857015078556674,0.854021360161091,0.853624704382807,0.851309846148602,0.828402104381169,0.754485095751797,0.611822800796517,0.430470051262644,0.268472277301603,0.155018751173904,0.0860784247821951,0.0469286392150035,0.0253619199422972,0.0137100792148229,0.00755758938123709,0.00447503983625444,0.00319865780710107,0.00326315661335233,0.00552339888753182,0.0148557869900588,0.058733099875899,0.252066296392386
0.0367720214266668,0.0539425151561567,0.0809153043989307,0.125804210060339,0.20578752755423,0.356939770097994,0.62775781293722,0.88919138465075,0.744813218486375,0.446422685513525,0.259431590553182,0.159371102202435,0.103554251661241,0.0701282460519812,0.0487633005383929,0.0343586446885958,0.0242469023232518,0.0169775346451387,0.0117771703179848,0.00834807852477829,0.00707784199683256,0.0121578159486047,0.091294198867145,0.49572865748793,0.594707595945163,0.39834595740796,0.118292364155983,0.0307751476159907,0.00520164226645849,0.000700168946199267,0.00954365986014635,0.0326281134201788,0.0747904587681186,0.142888615656619,0.249040654407908,0.392750061789594,0.557946748059995,0.7088679733014,0.812350203769488,0.862009197406258,0.874453936137749,0.870582256825568,0.864865423513179,0.863745446988909,0.866107691296193,0.862031568530599,0.830845514476858,0.746832208177931,0.602774271061613,0.430270695242791,0.279113635549292,0.168959392431822,0.0984898810284686,0.0561712871354892,0.0315306081419838,0.0180277627126273,0.0103508031914463,0.00653344367914082,0.00548040178163772,0.00833854866331814,0.0291458378894589
0.0317253912655254,0.0450889995632385,0.0650065504060085,0.0961600563994539,0.14795432511788,0.240308703000422,0.413493632885329,0.703211138804854,0.886964380401384,0.646357938495088,0.362457283499537,0.202926871949503,0.119688993497545,0.0736180254796169,0.0462197933810088,0.0289127130357161,0.017492964276264,0.00978905261420878,0.00465173897640671,0.00149974758625001,0.000111533387697898,0.000534597390396298,0.00304900459115001,0.00811756230696103,0.0161024984310865,0.0256368821887924,0.0245210061784949,0.121110099854168,0.555212324985086,0.642713742870281,0.282384021639313,0.0298704820811162,0.0125246277254905,0.0811231455639577,0.197310409457941,0.345372655336003,0.506474485021536,0.659572890280953,0.778654720607808,0.854120236097077,0.890682058162431,0.900784957479532,0.897175228959923,0.889386889914297,0.883298034273846,0.88174447720828,0.884975309892587,0.890477209953964,0.892126367274602,0.879242137528529,0.837368103704685,0.754264678139254,0.633498439140559,0.490265788274107,0.352413576976576,0.238682500029153,0.154357865481917,0.0966933063414969,0.058309363914428,0.0338713135211921,0.0189117367426473
0.0243830883708947,0.0340124850444238,0.0479010946116358,0.0687979549395336,0.1020384823784,0.158788964875519,0.263852601476517,0.468038478936922,0.784985430777333,0.826301991326247,0.491250515306145,0.252786703875366,0.135696428818736,0.0766765694986689,0.0443858322465624,0.0254212012155294,0.0137558042342639,0.00649977629675347,0.00222186040598929,0.000248084095897612,0.00035757554320523,0.00265623272797116,0.00754086149944023,0.0157172433596422,0.0282545406796673,0.0466598251450886,0.0729372938254717,0.109529410328727,0.158783989367041,0.220381522564229,0.268610723027646,0.472515427524891,0.617528754859701,0.63012663473013,0.474701639864585,0.745494912763719,0.846709807621502,0.892828114310089,0.90936908270563,0.910146121769178,0.90415623555931,0.898608977471096,0.895388568039094,0.895846543000632,0.898348751265802,0.897850376076306,0.884878632387371,0.845888969125454,0.768125413492225,0.649890951230727,0.507625788640081,0.367976714263146,0.251480770710342,0.164967989001759,0.104903014624577,0.0651194948485443,0.0396878098140179,0.0242594930815797,0.0146150746984266,0.00930400454561862,0.00731786620307133
0.0282603651176995,0.0398752456102696,0.0569551266010502,0.0832421397214168,0.126149970910343,0.20136994421746,0.342608278123471,0.601752926684382,0.876581303746363,0.732156008336422,0.413230315793349,0.222829179657391,0.126250935270844,0.0747181461398691,0.0450430295893998,0.0268253098779927,0.0151520689194759,0.00757717871673937,0.00286662142805727,0.000455919672570332,0.000215549504354139,0.00236573207461435,0.00747686223763506,0.0165289685618356,0.0310107658980499,0.0530053035511185,0.0850370800796529,0.127769027237035,0.166655486323438,0.338514443871099,0.547719272823217,0.539936546886872,0.266053984695332,0.59096730439278,0.757683223740998,0.847389884558049,0.890406055913862,0.905449854516713,0.906522101104866,0.90291786686507,0.899935316354426,0.899179153487727,0.898438727602593,0.890760034078799,0.863638703353978,0.801372066222083,0.694543534035926,0.552724332697354,0.403725684479658,0.274832543064925,0.177985042902281,0.111495722554541,0.0682118064021045,0.0408193124625921,0.0239374723122737,0.0140324279553721,0.00795199536929261,0.00460518201062595,0.00303704651211655,0.00294740709161132,0.00541831412894455
0.00755330897639749,0.0103066392984512,0.0141234643953825,0.0195997760156002,0.0278351446633304,0.0410390100189711,0.0641673243103006,0.1100452054277,0.217989314553451,0.508346064287727,0.784246571908373,0.364457777688568,0.143941776867035,0.0666929780888994,0.0343763945229441,0.0185295591226079,0.00988821164412984,0.00488830819314338,0.00198350641838793,0.000463580101245786,2.23626053970381e-05,0.000589570491211921,0.00227323041072651,0.00536268236280337,0.0103826136993748,0.0182139281233101,0.0303273324109751,0.049225178568303,0.0792569287851364,0.127893840768084,0.205703420672891,0.306955035900883,0.245479968456758,0.175565162124478,0.193779169672326,0.0755785182938005,0.016120948580672,0.00220414337861467,0.0294915465939484,0.101171603885978,0.224055712247968,0.393267684132831,0.578897765163115,0.734205245425176,0.829859404018634,0.870488648524661,0.878015761501868,0.872546606883488,0.866336484210244,0.864946063448329,0.869020117024621,0.878690781839257,0.886313528749752,0.883782693233088,0.860119652721366,0.805815942297468,0.718881867304249,0.608339704007234,0.490486809720187,0.380626049586077,0.28753875859428
0.0116259782281643,0.0159310963806747,0.021942923847567,0.0306427102283581,0.0438555757520847,0.0652731318709331,0.103179261104416,0.178549032425706,0.348844724897794,0.700950844274389,0.751417335584812,0.360459193391709,0.161369363691477,0.0803131510066197,0.04300895426644,0.0236165634312774,0.0126400962599695,0.00614550626460945,0.00235293802338524,0.000439837351231967,8.05661242356586e-05,0.001267640640547,0.00426166820671574,0.00961819189854491,0.0182752059524877,0.0316757150466983,0.0517508512638658,0.079698320956799,0.106969208875535,0.065404105851534,0.36532012939644,0.632948734299694,0.471838914575462,0.249153171044023,0.0997791844885054,0.0210971677453197,0.00521871295494112,0.0233762697921252,0.106088024686129,0.258846903456588,0.458095031772996,0.652862030902229,0.790191164141749,0.856949701102413,0.874157128834418,0.868267928139262,0.857212491193377,0.85018683404765,0.850703096360006,0.858532139202736,0.868830226222743,0.879717712708861,0.875077542685972,0.8403308480066,0.764692419758203,0.650246970219939,0.515226993192193,0.383321506775078,0.274104771247167,0.189162846252862,0.127093389534679
0.00884426854994969,0.0122367948039002,0.0170633981537156,0.0242132770607359,0.0354038747031778,0.0542875199735567,0.0896525556005457,0.166120876950029,0.360786975895987,0.759225331256986,0.587607137133502,0.241017862793853,0.109283344425,0.0567463024247115,0.0319340194304286,0.0185926391229562,0.0107442956030964,0.00586274448958841,0.00277620199935899,0.000927143760086136,8.58535288456494e-05,0.000240980169353109,0.00156975423392857,0.00443054784210001,0.00923006377957865,0.0154419749653005,0.0166547140993661,0.00569250730363344,0.236070510845129,0.371365501728079,0.260560095198854,0.155977915472186,0.0930738613297299,0.0567627804712482,0.0343944555604955,0.0198997658399173,0.01036333424281,0.00420088420472054,0.000847508056871573,0.000323584039373037,0.00320729854336685,0.0107653196247887,0.0252261363259836,0.0505460924114721,0.0931729379843867,0.160972986473046,0.264636792078559,0.407135238797656,0.506046295682288,0.698802752173503,0.807802749804664,0.849137693708075,0.844839036920123,0.82060377873185,0.793643308935452,0.772360622329059,0.76001620777151,0.757405837549057,0.764211700069592,0.77947372457867,0.801527726140437
0.00559446181302272,0.00746671373001544,0.00996074192631398,0.0133741796312839,0.0182245968964843,0.0254796128864425,0.0371242683302526,0.0577643086987636,0.100030881111707,0.206947737730426,0.531493061360584,0.664962632862151,0.220428172899716,0.0784781348762144,0.0333838675342683,0.015290908986795,0.00687489413606482,0.00269669467787509,0.000704041611002006,3.08518879528737e-05,0.000302044260617907,0.00138020460009623,0.00326542871115817,0.00605679507195423,0.00994327494752573,0.0152126582623725,0.0222757137678712,0.0317074069952911,0.0443101641889942,0.0612058967459777,0.0839599311095157,0.114715486856784,0.156214748101379,0.211188653647846,0.279040834867596,0.340544985962631,0.278906667311234,0.235186083406159,0.561918925433568,0.466284628062234,0.276449555670765,0.14052767587486,0.0367024257347052,0.00546630280352024,0.0498227552919215,0.19708889817871,0.423193700725041,0.64788065536259,0.794144180782767,0.85413890772595,0.858884884869508,0.838939550063004,0.813614968878883,0.791660406089357,0.776448018394295,0.768638809070559,0.769413865198853,0.777080700128636,0.791149143202051,0.810475492775714,0.833313546074437
0.00359781853893685,0.00482487640947214,0.00646716541964321,0.00872170313284191,0.0119268408718768,0.0167052029216287,0.024308417591439,0.0375658316825837,0.0639961399036864,0.128686339648799,0.339373352366005,0.729657575923599,0.269224165926427,0.0863085509910119,0.0350264658195449,0.0157970678205986,0.00708625985269426,0.00276661058337269,0.00068744863591607,2.29889167230524e-05,0.000506962991423446,0.00219388473777717,0.00541632110657003,0.0108605126657654,0.0197777613864122,0.0344277054663396,0.0589642836693825,0.101086564754154,0.174138718018719,0.292697818370374,0.421549412949353,0.281120543266012,0.088855159128468,0.169513299153638,0.128045449115542,0.0780981178846637,0.0393202738928301,0.012978866732922,0.00120996534234827,0.0143070976108729,0.0759966550266349,0.221025431334152,0.452067649756959,0.677097919248549,0.800860049800068,0.838151343778537,0.842457284759848,0.844318021102012,0.851462943932267,0.857417627536953,0.847454502183194,0.797574164407857,0.696980448322465,0.560041889529915,0.41882441847559,0.298752257373531,0.208049503264406,0.143531128226476,0.100078614727604,0.0694956105096548,0.0483278531885412
0.0304444196316605,0.045345203532578,0.0693591657311919,0.11064170766562,0.18739697335297,0.340749513520664,0.630780073452758,0.88905502377041,0.690873255745329,0.402084778512441,0.23803246236502,0.152464544198486,0.104974073264171,0.0766899997008491,0.058979415999723,0.0477616156166816,0.0412875548403008,0.0397376790850761,0.0477249627404063,0.0969016145668854,0.406342942931002,0.437971179615044,0.0916034085323447,0.0159933624203221,0.00464720253191488,0.00120208350929577,8.64688222479205e-05,0.000397016686306707,0.00219167631707154,0.00595964060156783,0.0125978725987306,0.0235627529225869,0.041144921427162,0.0683688809114407,0.109741248953528,0.174134165240956,0.267307287656359,0.39249477396285,0.540287490688751,0.684102064479154,0.792677393041953,0.852754554855304,0.874279965717795,0.87613719192524,0.873275515852468,0.872712034125222,0.873382648818271,0.865706624212652,0.831684172368547,0.751809724279781,0.624060052989158,0.471462223426038,0.329393315917227,0.218470072061007,0.140686339294353,0.0891233754519467,0.055844492361757,0.0345340114707672,0.0209615411615933,0.0124128832559236,0.00704748718125335
0.00500971902747918,0.00666805892477853,0.00886269648539635,0.0118403553119328,0.016022824233793,0.0221822630814272,0.0318611150764628,0.0485163712561522,0.0812091342226514,0.159302846347724,0.397264304472495,0.74279127752513,0.280685488693014,0.0914757043717665,0.03644861046037,0.0158400818928561,0.00671732228155508,0.00239439553197639,0.00048336366206027,2.47204523459306e-05,0.0006315190392357,0.00219227181307855,0.00476031801436772,0.00851708057299782,0.0137715250907815,0.0209835828649908,0.0308096500431629,0.0441732884112934,0.0623658778861835,0.0871766668583226,0.121024761574288,0.16696996942284,0.228163920046349,0.305225752865786,0.385436379300806,0.384327143954452,0.242713893137304,0.684526565663609,0.638572325377776,0.461366213921076,0.245455964869875,0.0554921864327905,0.0384904655178335,0.29108029742829,0.618161850804629,0.793760840075135,0.850144659953955,0.8491737562723,0.834612536955366,0.822642194367784,0.81867231636843,0.82377152331125,0.836659533412424,0.852978152805998,0.873450906925074,0.882633028543467,0.871147797633154,0.82785787511493,0.747938528391901,0.638155311472637,0.514847496740164
0.0116138890200266,0.0157791774996919,0.0215041674594572,0.0296220841978713,0.0416282825207571,0.0604181271724276,0.0921476918196336,0.151448846783274,0.27684221031136,0.555348623276913,0.829386923067761,0.495742766995756,0.214090043656244,0.0992555810713816,0.0495422228609145,0.0252100595544898,0.0122281102479295,0.0050757013051725,0.00137055996574535,6.11878176400445e-05,0.00075595632778968,0.00346327321272637,0.00850414979213767,0.0165127385989275,0.0284944637370144,0.0459296535249268,0.0709084877337825,0.106254903643351,0.15551993378837,0.222560339407171,0.309812754073893,0.416523021741584,0.528190367699214,0.559766136562901,0.750219427221715,0.847565124438378,0.720709637777154,0.503232285021644,0.846652954550502,0.878918782496322,0.877303118431829,0.872807039483201,0.87364727678524,0.877943234713936,0.881292251151918,0.872632098584054,0.834662502374883,0.750468282832078,0.619105926036472,0.464885988326981,0.32181514290373,0.210294633904596,0.132395488245541,0.0816784453321482,0.0495582059272305,0.0307028455099713,0.0185785685537245,0.0114190146169085,0.00753013921093442,0.00599617351780823,0.00704693961598798
0.00520306873749673,0.0069391977650678,0.00924455466473198,0.0123809915205378,0.0167930768984898,0.0232883327968435,0.0334646953366987,0.0508584098301716,0.0845637739159004,0.163132583309753,0.392117852129256,0.751256644244015,0.319369746915469,0.104967773459159,0.0414323428797243,0.0177364706217102,0.00732249063171069,0.00245595161840628,0.000399506395423079,7.65381020216764e-05,0.00108213034137256,0.00334575326652395,0.00701283728905528,0.0124157148524605,0.0200917903028169,0.0308361931101314,0.0457868197543913,0.0665409019650342,0.0952919096748987,0.134941829028589,0.189063129935396,0.261430639003149,0.354500983802714,0.46250187252992,0.587446019225713,0.701658557423628,0.770389554750384,0.650564866452173,0.860758130685062,0.828832813912326,0.634089668174032,0.774391930662422,0.850337747435531,0.853397511557031,0.855857870480701,0.862189838322909,0.873167977199612,0.870942046333901,0.840364879802934,0.764984398729574,0.643140140924017,0.49639048860472,0.35562840466894,0.243746386506672,0.161615557684455,0.105406956648886,0.0680700782959789,0.0440216533761146,0.028082536658047,0.017710958674222,0.0112244951739059
0.0858330385680955,0.129789294528127,0.200961515720395,0.319815218225252,0.514671339310438,0.77607857688462,0.926421255048171,0.787947865298501,0.543246523049946,0.356572445854281,0.238135084433846,0.163886188772187,0.115682231404558,0.0829747856387217,0.0598281541951877,0.0428471091054056,0.0300587229423359,0.0203478572409457,0.0132160464984409,0.00890523810334794,0.0117184672811245,0.175304811667976,0.12968351334537,0.0886571426728184,0.0250079626230145,0.0945173151846972,0.206068994289203,0.372222457513379,0.569396095282438,0.736900526353812,0.831868347874003,0.865860088163092,0.870912336972192,0.865051671004518,0.841598196709796,0.767509309909265,0.608785232865838,0.397061179861407,0.217275995977481,0.106649374609378,0.0494070648026396,0.0220288162676114,0.00945853347638983,0.00390153000306572,0.0015767256040178,0.00073096660788873,0.000473901467657361,0.000599119845194278,0.0012739030431052,0.00321957717728873,0.00853109100680517,0.0224863169536232,0.0597185216624879,0.159995141453174,0.388407372489862,0.609589236250928,0.564142253805774,0.442271105946369,0.356946148182935,0.306040386483328,0.2768323215932
0.00937620445451221,0.012924140706334,0.0179316825364007,0.0252733698418779,0.036609232657487,0.0553908244686475,0.0896764183675831,0.161150249322563,0.335224607925458,0.716948942940706,0.676247429918774,0.289582927479254,0.12804528020296,0.0646130070414454,0.0353609226092697,0.0199750092328649,0.011119989504892,0.00575413912662001,0.00248931891112905,0.000671751001918725,2.72437477408828e-05,0.000521031228029628,0.00231540295629478,0.00578730156563027,0.0116030747210627,0.0208750501262753,0.0354706283593411,0.0586908330926637,0.097452998630945,0.129151049957025,0.230173955357511,0.371057692280293,0.536213197360157,0.527302592033696,0.091120746836181,0.0835006642145033,0.0135675161890897,0.0214949273541092,0.138702746663664,0.3331955033182,0.563862915745101,0.737720780587663,0.832392633336556,0.870195999600379,0.880305398285214,0.881752982773879,0.883343444206268,0.886841302073092,0.888881821545,0.881626142261686,0.855184834606873,0.799374423172753,0.711934338360301,0.601630113655793,0.484718626958633,0.376467468909089,0.285466888109024,0.213618119685965,0.158906623417868,0.117922865015494,0.0871558463421697
0.0121443376297904,0.016701188017616,0.0231177455177301,0.0325083727532991,0.046991714972667,0.0709748620885841,0.114706206024377,0.205210140707841,0.416735802299687,0.791349493519594,0.640500577162017,0.280712037070075,0.128023625870306,0.0651169300424073,0.0353333348910731,0.0195185623894645,0.0104560875725485,0.00507207833786316,0.00193793483787933,0.000367675160102751,5.7007677499922e-05,0.00093059354691572,0.00307998846000906,0.00674765167283787,0.0123401302419212,0.0204656923865262,0.0319982827185382,0.0481746978954527,0.0707400161062263,0.102201622271914,0.143790156327319,0.20026365897133,0.280437084785385,0.380034535774014,0.486523593982056,0.47316504022618,0.543314976459617,0.432498789277103,0.045627641264982,0.216357462282116,0.553681849787565,0.759732104922256,0.853942047331402,0.887080426677306,0.891307904469385,0.887666461841116,0.882194615778349,0.880067958160396,0.882632338584268,0.889069935983204,0.89652115980867,0.898951086666209,0.893265209060469,0.867792226601319,0.816828235939002,0.739302179090058,0.641243028217574,0.534091392032797,0.429894822032389,0.337168870182646,0.259677599766489
0.00642897456893493,0.00866355819553279,0.0116838625975662,0.0158765402790605,0.0219114859136839,0.0310337810631304,0.045772481124833,0.0718882024013449,0.124587869946863,0.251094291761328,0.576539236370043,0.703094909561894,0.287518373433578,0.112142338960472,0.0501208203902428,0.0238451723489067,0.0110798140314142,0.00445884387166791,0.00116218114118432,4.80018983138569e-05,0.000730825030604304,0.00326716955960498,0.0080760430002298,0.0159846120204223,0.0283771405502811,0.047461071159874,0.0766682833349227,0.121138373987538,0.187918327260271,0.28455181005895,0.412448626698032,0.550624588622642,0.609813257512245,0.266605420402774,0.62472379506727,0.505969722091627,0.185024819882795,0.190344417565815,0.67904603705784,0.816795055329547,0.841805282100706,0.850321707338973,0.856226268919499,0.84991567628446,0.809690156559588,0.71495642295648,0.570230721401594,0.411354194724651,0.275557009056371,0.176994806372826,0.111577845095685,0.070011744932685,0.0439030927119623,0.0275359402777498,0.017260557002196,0.0107866248473944,0.0067326304258371,0.00422305444899977,0.00272347086437916,0.00190571968779962,0.00161315070125923
0.0121428408714709,0.0169353511464089,0.023835771662355,0.0341933565349653,0.050638067804537,0.078798464166783,0.132163009202516,0.246919165764132,0.513020027056623,0.845599928111847,0.564722772149764,0.259385337616663,0.128944243748504,0.0710008609810395,0.0416248935232339,0.0250035593092988,0.0148104666810017,0.00822674292151103,0.00391299499816056,0.00125555250583199,8.41450508736545e-05,0.000604266257050953,0.00344567763394637,0.00959313095264276,0.0183018464135959,0.0122304973496898,0.157217654503558,0.394430605879687,0.24513906478782,0.123709405795972,0.0605519761158501,0.0275322786077005,0.0101255228898447,0.00167219958450162,0.00105395344779596,0.00981948727265155,0.0321561304232521,0.0716328652437963,0.147623863628764,0.266754798870926,0.429707120285149,0.60863117644272,0.75373109521381,0.834628828419167,0.861082349450202,0.860198289407459,0.853421732179945,0.851486232597053,0.856471458377093,0.863807249164941,0.86332776702734,0.833027674127178,0.754866459216682,0.627066782790655,0.47061107966626,0.345029762487039,0.234085796323261,0.153760028109871,0.0994217117765468,0.0635232178866442,0.0400295139679391
0.0281805923770238,0.0395615138700341,0.0561644349733026,0.0814571052547875,0.122198636823695,0.192457210714526,0.322238091933328,0.561616267775307,0.852928782829638,0.775444759985573,0.450456245319979,0.240251088188565,0.13327252996651,0.0769505539345547,0.0450594012994898,0.0258506134374222,0.0138337277152846,0.00631049091915979,0.00194025463518162,0.000123787896463625,0.000737425502449208,0.00403428991264355,0.0106389652946994,0.0216055436441367,0.0385231137722701,0.0636448391433189,0.0999703460232377,0.151058698047993,0.220615796213292,0.309483368114093,0.396956745164135,0.558469105630952,0.67886500822007,0.779892927957799,0.851868644633385,0.891488861960595,0.907471756533121,0.908837638680721,0.904284106848121,0.899043848117377,0.896620255618174,0.894051940906469,0.884689764991107,0.854513388566811,0.784371804527682,0.66229706107294,0.502214259814536,0.341886601431722,0.213484765520186,0.125636696128061,0.0711234734150086,0.0392102550640863,0.0213035614527065,0.0116548086987399,0.00686084113474356,0.00505417060385805,0.00589331245287066,0.0126335746952041,0.0470590353995053,0.221777965242833,0.277754942350357
0.039900238353254,0.0602501092630484,0.0937573401015709,0.152685998880344,0.263887877334485,0.478786089540226,0.797985136801764,0.863664401060886,0.580061624784454,0.344153161236562,0.213783488145025,0.142375356527959,0.100787112781681,0.07510411434224,0.0586755053676086,0.0483386451285537,0.0430698488821433,0.0446593398315899,0.066240099795857,0.223096471607578,0.357127252028329,0.386242965510764,0.0558261093136786,0.0119183631830403,0.00293200161477802,0.000284767789067726,0.000488097884713737,0.00335267008811431,0.00981981624518818,0.0218185760062257,0.0426568310457808,0.0766558185569075,0.133297925279158,0.221059376642193,0.347113848005071,0.504808787441976,0.664045364812825,0.784845072213465,0.849647997853993,0.871312476866205,0.872775546439572,0.870429684026106,0.869876527711537,0.865539184439652,0.839838386337443,0.76761859500014,0.636795459365947,0.471515358778876,0.316216035147352,0.199927293351807,0.122199923599387,0.0734380407644218,0.0435618151043981,0.026401854152298,0.0153194886928996,0.00870062654820018,0.0047878399736326,0.00254101625265394,0.00132382871472182,0.000749446406508325,0.000619170587077025
0.0137070747005187,0.0187720963577444,0.0258344174688865,0.0360212697627171,0.0513993555703869,0.0760675867667353,0.118958190280376,0.2016084814344,0.377766565594422,0.710592862620211,0.777495050041807,0.40512605357742,0.186345394758196,0.0923285117084416,0.0483452742152602,0.0254655972816792,0.0126699043739951,0.00534967169269182,0.00144567715129926,6.08279454758289e-05,0.000927374617640381,0.00420899177261861,0.010459525375008,0.0206762816900795,0.0364274588996821,0.0600403006287496,0.0948052083182685,0.1450432513414,0.215604730753024,0.309671657683759,0.424066735682477,0.52555837064346,0.543719059148901,0.81503147103491,0.752252774977395,0.465404577717706,0.832759631169173,0.877290107037147,0.879620436181972,0.876733053159665,0.876565405123712,0.879056701271131,0.877967552248071,0.859715050593598,0.804903500557473,0.699263256004439,0.551704272679814,0.39550552485025,0.26307632457212,0.166775836125123,0.102877609147727,0.06250235477755,0.0375792930533564,0.0224238694682275,0.0134761817327882,0.00811664692365922,0.00508393917156359,0.0035848814283469,0.00328300113933484,0.00472371299078757,0.0114924507090244
0.0130546342663953,0.0185812058981577,0.0268397167056996,0.0398216813562092,0.0616718153553563,0.10199109059548,0.185851136896186,0.381854730016243,0.756499437929345,0.722278563345943,0.358787937594779,0.178801022782083,0.100470880814872,0.0619420595881919,0.0406001116226817,0.027634751699469,0.0191867957960876,0.0133922305741834,0.00929470641647476,0.00641790945939062,0.00464378207215589,0.00459198390928448,0.0135077677067648,0.146390459434355,0.385282652350373,0.184973333911518,0.060333652720543,0.0270550949303158,0.0130649807900538,0.00708754973999687,0.00277018431215425,0.000644501958823165,5.98205740310773e-05,0.000958626982168301,0.00360688777668905,0.00858066353976296,0.0168691721596741,0.0301305220658763,0.051421918602707,0.0729785884502811,0.119670165946634,0.189075079133125,0.275317543643955,0.408869842094109,0.559813339329029,0.702375864213805,0.805232487320162,0.855729340097353,0.865268012043259,0.854131946411673,0.838802493910133,0.82833677048993,0.82671382827773,0.834341904093561,0.848751529407483,0.864101568682034,0.870229739779029,0.852993721340611,0.79869130090825,0.702922840848113,0.575923651660283
0.00682064985625328,0.00926065602245874,0.0126104206022552,0.0173588123880338,0.0243910379455761,0.0354447719762186,0.0543045077542176,0.0904141316770507,0.171764944944027,0.391903819633957,0.786337593360985,0.454757589779889,0.16987210181487,0.0745890659428404,0.0371825530331681,0.0196477808129607,0.0103851816040908,0.00514488936279574,0.00213945581546799,0.000554540484238815,2.12472415336314e-05,0.000409097036613539,0.00174286396883651,0.00417554798629506,0.00799323487176241,0.0136448993760966,0.0217991125032539,0.0334362545103172,0.0499915022480339,0.0735709369250613,0.10727217435533,0.154357676689572,0.222626478321391,0.316361726726829,0.436111841156053,0.54606088445404,0.391262423884246,0.391021929432383,0.23468789621875,0.0228389315493348,0.158517412356736,0.484187435103841,0.725281529788733,0.83813804129583,0.876806879586145,0.883219524041854,0.880799676437445,0.879566299979942,0.882596001305588,0.888680497278319,0.891417247067984,0.889603586620304,0.868967851679639,0.820382498196609,0.741751798488146,0.639591246156159,0.527545852319023,0.419846264001776,0.325885471801332,0.249125151326356,0.188893470729204
0.0202718725630267,0.0284929253441185,0.0404981044448937,0.0588301586654582,0.0885337615552205,0.140508131759169,0.240203366503815,0.44448515846477,0.77879416217794,0.79730730276807,0.446901796388802,0.225575763489061,0.121390574974679,0.0693302069328526,0.0407087084628469,0.0236931898601994,0.0130393899883518,0.00626097157985224,0.00215993891538967,0.000230849211076708,0.00042196610665012,0.00306658059419514,0.00891755119311388,0.0192657026426409,0.0361397623058097,0.0625262003373407,0.102677392984467,0.161880415259278,0.244714174032538,0.346791616225855,0.399037616178395,0.68058954942127,0.457151545187473,0.715418562748465,0.847676738331561,0.88992112766949,0.901790465259662,0.901634315934579,0.901260290389142,0.900259872294537,0.897062864630286,0.883643127519156,0.846805841309574,0.77281521502358,0.65814556387938,0.518095605709605,0.37956645268516,0.263548993740902,0.176904496833119,0.116494279629834,0.0758102583434973,0.0491346864056585,0.0315780475838638,0.0200813257125241,0.0125779492852496,0.00770528095650305,0.0045806860279403,0.00265222982635818,0.00150446504235164,0.000882537164399996,0.000632570459327814
0.0423578577060699,0.0631713247580086,0.096678146920302,0.153863129027662,0.257715815206241,0.451364995230556,0.751845912930203,0.896133474107904,0.659825900333836,0.397732984642107,0.241555820551208,0.154520637533934,0.103481703774553,0.071461646113197,0.0500772676098293,0.0350059624924111,0.0239089818336864,0.0154976250604779,0.00912223657769863,0.0046374171019751,0.00260221007146487,0.0223404661326861,0.4101255715748,0.203704646601603,0.0180457547246613,0.00201981523310758,0.028387939794429,0.100196613056431,0.2414166449743,0.45391824649587,0.667039078777856,0.79534809008031,0.841024153363743,0.849521635770724,0.843823810398019,0.81169877661073,0.715873486673742,0.541473457631384,0.345141269638462,0.194912821767705,0.103950949574409,0.0544452453291309,0.0284496521083539,0.0148918543592922,0.00782037630415963,0.00414564644007927,0.0022756289571645,0.00134876567216876,0.000946818619293129,0.000875790916734138,0.00112180192284276,0.00188635118341274,0.00375023949662233,0.00826629686450534,0.0198457649578136,0.0520406564694515,0.149917625302663,0.392264675251797,0.483291411361785,0.331242230581513,0.22852910812366
0.0158236222642843,0.022388245448162,0.032104247441733,0.0472036930207249,0.0722576269992144,0.117604674378077,0.209175906272698,0.412304869113193,0.769454698636859,0.743844516773559,0.385346608786895,0.192619043787442,0.106421954621577,0.0637761342299624,0.0401933098229868,0.0259369457900402,0.0167136129384698,0.0104469688683061,0.00606831248034716,0.00302228671673577,0.00105377852625585,0.000108555368523522,0.000211208549745917,0.000862857463663451,0.000797638879343186,0.150045804146529,0.371557667814414,0.177497402844062,0.0655635960253731,0.0272590284821618,0.00941033875506807,0.002012969568807,0.000157122745515323,0.0023590212217892,0.00890114342683443,0.0208910289219249,0.0405257853944258,0.0684276436890418,0.114839250650185,0.174966769430631,0.262111177548472,0.384087452840025,0.525711383149477,0.667260953873603,0.78135107584178,0.850712358789248,0.877598472676137,0.87674645842051,0.863778146841395,0.848709702773043,0.841318443996674,0.841968831692393,0.849279100948337,0.86211690575911,0.875633013156143,0.881419423454318,0.867578164501106,0.821583022930472,0.737040858381443,0.620430642514115,0.489892545721306
0.0104685023465331,0.0143325627300596,0.0197137010183258,0.0274711531250507,0.0391925558143993,0.0580663668488618,0.0912005934715661,0.156573483567071,0.304936368414919,0.639906133883901,0.776556927295479,0.374362943138686,0.161083584847416,0.0775022991307401,0.0402103117499082,0.021272935704267,0.0107890018703717,0.00477195800694886,0.00146959900389498,0.000109666032492544,0.000429026590070324,0.00249496659403641,0.00665562106850771,0.0135629552099689,0.0242509103883065,0.0402687337772321,0.0639019422117195,0.0966926909747212,0.145580107178275,0.212810737995428,0.302257622662925,0.413910609879191,0.540389373148209,0.66470699657994,0.753870666417321,0.830246450126925,0.852041540777193,0.640557845205536,0.88417028907883,0.898266900503462,0.897992434143193,0.897543532004948,0.89871599737673,0.897601940853305,0.885058882790676,0.851580278239217,0.783431399834254,0.679524872481294,0.552551897597877,0.423870881430503,0.311226563419017,0.222228309154336,0.156490334471913,0.109389400270404,0.0762595360264335,0.0530925095426517,0.0368698009506556,0.0254818702806432,0.0174617270143829,0.0117999798049743,0.00781560299529277
0.0100604539287784,0.0136421759560893,0.0185457269320204,0.0254641485843047,0.0356311976965115,0.0514139826415002,0.0777981304878703,0.126561920102589,0.229177016472349,0.46826279387451,0.807792827132542,0.544046312115652,0.229112407917505,0.102890627306461,0.0504293360624085,0.0254677182891766,0.0123710655538971,0.00520349385230833,0.00146705623635909,7.94721450783393e-05,0.000648413344328821,0.00320166889454686,0.00810822918627169,0.0161031400501508,0.0283925667862258,0.0468399465666655,0.0742311261607196,0.114551379851068,0.172943623747351,0.254111032659615,0.354733221580338,0.427719839315363,0.206606881222268,0.658634519025822,0.631713385480041,0.400187483800763,0.0942057638782862,0.106159873197017,0.509611281531933,0.764912620801147,0.840591946767078,0.852736636170186,0.851587021204581,0.852994915874598,0.858991725002724,0.863020744051151,0.849568306735086,0.795989973431162,0.686208696667318,0.532526278500949,0.373811565822752,0.243520046796607,0.151798015624861,0.0923242712453236,0.0553906122516283,0.0329220911912582,0.019727430729888,0.0118862704396352,0.00750021687859215,0.00546439056874322,0.00558919533449975
0.00864233890282379,0.0121200561845126,0.0171767340653577,0.0248586961834642,0.0372444825040689,0.0589071681793811,0.101308516224227,0.197912672549078,0.450241407304595,0.822747974786528,0.50062988022067,0.214797122432455,0.105924774442331,0.0593341899379747,0.0359139136248953,0.0225835161143709,0.014248934136984,0.00865100150588141,0.00470424910058411,0.00191591612004416,0.000265242618202697,0.000597524530691701,0.00667360653541085,0.0278619883852079,0.00568813609233819,0.0204934208505631,0.0146438820446315,0.00908975335227301,0.00449348740148686,0.00185985624516533,0.000436898962986861,4.16452637547521e-05,0.000749578891389184,0.00284990154798099,0.00690407948368729,0.0139904309285459,0.026424866575108,0.0361930202561253,0.0621523554419918,0.104271648057739,0.164885044810397,0.254257240356574,0.37791967473605,0.528586150903885,0.678659210017466,0.791607617284636,0.850210608402751,0.865483879491565,0.858188376007187,0.85114628410912,0.848239940212505,0.853195779049957,0.863085494642289,0.869041110257026,0.856218446057429,0.807590693240426,0.714689707505514,0.588104227694491,0.453029233156247,0.332363095131952,0.236178114524773
0.00971338562629135,0.0134399896695966,0.0187366972449355,0.0265694476004795,0.0387942148666663,0.0593282112486075,0.0974849778742859,0.178807047764498,0.379829412340161,0.774734751963837,0.618718932279148,0.261211799873769,0.119068548092271,0.0615784407846061,0.0343125486730787,0.0196485899479822,0.0110494684927108,0.00574928884631922,0.0024743839101847,0.000636591608321706,2.63204101781827e-05,0.000710033142907274,0.00304445301206329,0.0078093611657427,0.016545077999045,0.0323482343104419,0.0617954510551319,0.119399332379633,0.231415586070127,0.350863827417949,0.0537137294980176,0.0689577364074406,0.0339130618061078,0.00959644534852068,0.000887279400998993,0.012551926039765,0.0471065515182512,0.111328340462141,0.213958428883814,0.357713043377439,0.527204907192559,0.686259165944063,0.799803201886259,0.85919088996379,0.879477011751253,0.880865531297174,0.877772038335076,0.877335480117485,0.880757524159047,0.883817743211705,0.882607004729381,0.861060514589697,0.808495867279716,0.720270144122559,0.604861944808448,0.480826527628362,0.366254641734228,0.271183749233097,0.197498738684796,0.142478357872434,0.101760392827342
0.0042507253608228,0.0056591369279145,0.00752137828788524,0.0100432591723095,0.0135733754548895,0.0187420887552688,0.026787819395185,0.0404232530946367,0.0665355063965932,0.126550101783074,0.304266401149775,0.733197328393849,0.370682044559747,0.117278313160848,0.0466935352135321,0.0212476867059769,0.010023086343421,0.00447590697830774,0.00164310113861718,0.000331068577629637,2.3479819589132e-05,0.000508731034131363,0.00173755115574995,0.00376663368382461,0.00673972858221974,0.0108885193898597,0.0165471195648341,0.0241790504842593,0.0344181965779827,0.0481266746779183,0.066472607995166,0.0910280102289228,0.123879876950097,0.167738735218688,0.223845142339409,0.298083395462642,0.391962380837433,0.49929502287914,0.601148954574295,0.540945806091277,0.805358616155591,0.748777584402631,0.222161569583119,0.585615250251629,0.840829489094674,0.881004353084265,0.879879299201139,0.871659994202366,0.866071149997328,0.864335540190779,0.859895190737498,0.881112759482101,0.893055254743096,0.897562947073362,0.884409531485071,0.851196313981713,0.793770363958459,0.70747938273721,0.604479802463666,0.497887400766103,0.39872352437086
0.0361307083640782,0.0523014822421346,0.0771167112753248,0.117203555079464,0.186078751143106,0.311722083087552,0.539935841055957,0.83454960975513,0.835652939802544,0.54027236065185,0.310168684725491,0.183162404357067,0.113238423115355,0.0722036844540154,0.0464675096248736,0.0294108881239195,0.0176600248713682,0.00945155548204161,0.00391291025405707,0.000758187689421779,0.00020108218667144,0.0030065042819487,0.0105947579056107,0.024608048839712,0.0407140339010685,0.079087405559049,0.504103595750206,0.336712317254334,0.040673021617534,0.265904225809705,0.521183153224066,0.716158086732633,0.823210127325798,0.864599859027032,0.874174979193786,0.873449773809677,0.867710044343257,0.846302070571023,0.783881566130978,0.656628673049113,0.478749327272237,0.305053684812401,0.176837237788406,0.0972953246440543,0.05214807630126,0.0275344992011244,0.0143776065737235,0.00746319061221136,0.00391805808401328,0.00214048650018649,0.00138686945374005,0.00122379164421021,0.00163018581845074,0.00309566584923316,0.00733854759725065,0.019818321547432,0.0601075984486326,0.1979174729948,0.454741039935486,0.398367404047833,0.264601391957381
0.0226528262347242,0.0325941766037557,0.0476946022601268,0.0718602621384254,0.113251459932375,0.190336179499605,0.345859029439755,0.643264484279182,0.881102696673978,0.629732964466179,0.341394441999838,0.190803369474312,0.114969083298782,0.0734098230910837,0.0485388608602434,0.0325084631643819,0.0215402167287117,0.0136938833702467,0.00795169000985673,0.00383333338018209,0.00123286068177564,0.000188556742977153,0.00277427822585781,0.256088783294516,0.343862611349451,0.13344907706799,0.0499815190425791,0.0132934279478857,0.00143378719978061,0.00212036176622932,0.0152843544081051,0.0467254788742037,0.107444435164835,0.211977756560902,0.368063982759029,0.554885361737485,0.718655261742599,0.817555370773767,0.856687802204636,0.8648537808748,0.864583537040296,0.863781572005195,0.855849477860681,0.820120948727562,0.730416411107736,0.58244797591546,0.412571748274637,0.266687872392969,0.163245910039051,0.0976590990589099,0.059279819852015,0.0355201037584797,0.0210409231341906,0.0124517349644556,0.00735952745726224,0.00438225927425116,0.00270603254734643,0.00188955795028971,0.00162719637053574,0.00215716510880394,0.00490738633592539
0.0503331489087784,0.0729063259136033,0.107540797616822,0.16334539989058,0.25811225164557,0.423875334614497,0.685983527037225,0.902919410607745,0.773781287427349,0.489640365832359,0.290607317808052,0.177067191718941,0.111803867050051,0.0722603883260836,0.0469619300059152,0.0300333043817617,0.0183505498774163,0.0102057581719395,0.00467695399835066,0.00132605047746954,5.6459885656055e-05,0.0010475635869078,0.00469692036177912,0.011395098549952,0.0202649477370265,0.0210896943662209,0.206783834904418,0.34786703244057,0.500190744248817,0.0300588718646165,0.145299307356448,0.317759966320838,0.484976716603872,0.636940106314416,0.758381045664101,0.840793203043447,0.886128827216236,0.904394973357638,0.907073401819114,0.90344743201245,0.899424849706821,0.897413926922101,0.895953884109277,0.888461798604792,0.861625168752768,0.796826338541736,0.680999994882675,0.524701889837299,0.363184857099469,0.229895189616927,0.136383968865347,0.0772165863999566,0.0422465205348391,0.0223644644342183,0.0116190362698134,0.00625284774951873,0.00411350277609632,0.00469244310829078,0.0119566016246952,0.0589600995251518,0.26603175285284
0.0140848601054471,0.0194147580545692,0.0269391806126279,0.0379753806944837,0.0550202457572152,0.0832336403221082,0.134440271899865,0.238718991310479,0.470029093248111,0.820725474098621,0.652687616518314,0.304150268233861,0.144073131309935,0.0747510178466786,0.0409744768244617,0.0226909398386807,0.0120618162817374,0.00568807493794551,0.0019933448958502,0.000257281622077296,0.000234081525986084,0.00200922509093769,0.00597414210189889,0.0128777052322921,0.0239357547739454,0.0409342207551681,0.0659473210758992,0.0985413867940074,0.117784173234462,0.0430824771919395,0.552979250069683,0.633381402228977,0.429422721912886,0.236179355227386,0.0858120888751856,0.0136737826878374,0.00912887067949025,0.0778630523085126,0.227920427110793,0.438872980727782,0.647212889580321,0.789921335211235,0.855601530702903,0.870695307395047,0.864160456850426,0.854125447084399,0.849269314832046,0.852329606965903,0.861764914222763,0.871323087432788,0.867717138386825,0.835572844176719,0.755620359620245,0.627693334562934,0.47682634439025,0.335424720582758,0.223316333125024,0.143431190944737,0.0899376077760575,0.055363971399862,0.0337601468009902
0.0117299820144216,0.015989329439991,0.0218908748915799,0.0303604711307541,0.0431130239885354,0.0636046438789854,0.099575582679231,0.170690309542248,0.3320976544514,0.681374463207093,0.748953715759754,0.344058005476135,0.146989112542498,0.0700046000593942,0.035676093923256,0.0183761076855893,0.00895936752275157,0.00371497090644414,0.000992490394828636,3.94507167762063e-05,0.00055588276001682,0.00251434671986284,0.00609294963121596,0.0116658903982126,0.0198315719466954,0.0314724423593457,0.047843996738341,0.0706780014079258,0.102224252789596,0.144910129749892,0.199230805124113,0.252606438814801,0.209015661427642,0.441971473646193,0.734944570234055,0.633757219618984,0.347046781159013,0.0871276380989246,0.0169538462305913,0.170591396808821,0.43624958242679,0.670028581166625,0.790468454424005,0.867816988538636,0.881217249073996,0.87268737770885,0.859008192300442,0.84820118383859,0.843754290621005,0.846688677126578,0.856352573999336,0.870348692947602,0.88293190243258,0.89031879823373,0.878677881993839,0.837423569844799,0.760267161067203,0.651482665631526,0.526257410425495,0.403159618778673,0.295332394797712
0.0144920046957854,0.0204328361101664,0.0291349313125987,0.0424579705490026,0.0641019305906555,0.102151160388533,0.176203891251862,0.336540494985851,0.662441760904106,0.825075205214258,0.477256042407474,0.23204788062976,0.12230575943707,0.0697320376609122,0.0414551926054685,0.0247220961288254,0.0141214285804815,0.00717099359411781,0.00272836614340346,0.000396385532663639,0.000344664722718873,0.00338026088713681,0.0112847897679222,0.0276341744583273,0.0574162076756326,0.11489849769674,0.220353415685195,0.384869987019539,0.415678859929753,0.32367912159097,0.192367812386427,0.0485162949297509,0.393440234758094,0.700028930202054,0.826212077433151,0.865413433185914,0.8761696646383,0.876076572007531,0.861184461047151,0.816284964146709,0.726818259094068,0.595912892147685,0.449547609372438,0.317921250459705,0.216301525163493,0.144685423768673,0.0964744940490055,0.0645856633338689,0.0434790860989479,0.0293625174516113,0.0199980513819169,0.0136354640792034,0.00928183031601155,0.00628680457486165,0.00419675336569143,0.00274833283933594,0.00177232610454029,0.00111005919294541,0.000671239074533472,0.000391766622803823,0.000224763364056203
0.0324104128279938,0.046005618209517,0.0662031701423098,0.097621098086822,0.14939527090448,0.240510279109257,0.408644936138274,0.689523830266572,0.893846239587086,0.683434863613066,0.390229573884952,0.217748610572344,0.126754284193848,0.0763589144683513,0.046483189340427,0.0277358386261252,0.0155359363675927,0.00756018387989908,0.00264275194362573,0.000292083620092841,0.00048961527185162,0.00363654571262614,0.0105966994109891,0.0228162931410486,0.0425056484117916,0.0726875589320616,0.117354501996518,0.179481668341366,0.243481247109725,0.425746880705517,0.56096914953027,0.613505770526474,0.770860282742853,0.849301925482389,0.88826850391595,0.901543519808848,0.901984930043938,0.898622549731121,0.894941937173513,0.88862754691408,0.869583131866213,0.819117970054706,0.717197024068946,0.563792961996559,0.392726927053481,0.246592749298298,0.144049308635287,0.0803999180658353,0.0435327375483672,0.0230308259953316,0.0119875282685043,0.00624146032927651,0.00347595368083326,0.00238038784122382,0.00249926567214343,0.00446961281286097,0.0121050890387312,0.0430974937046845,0.179967951810648,0.404626613824822,0.288742762623686
0.00689889543075484,0.00944661471554593,0.012999524436721,0.0181328243160017,0.0259167556020907,0.0385252377232027,0.0609061219697207,0.106133205239363,0.215560253897889,0.520134807513915,0.768807662466397,0.332182270927261,0.131562804859265,0.0618829504250555,0.032409228625973,0.0177515224065816,0.00962807543520353,0.00483533422842994,0.00198451151548308,0.000456303136445946,2.89007698016275e-05,0.000757368055079545,0.00298593770906451,0.00748828311264511,0.0158106310768876,0.0309410878180142,0.0577359017471555,0.0930454688363866,0.0465509969204596,0.140806670260128,0.166995732536397,0.0974121649294045,0.0513155906085047,0.0253754891263674,0.0107552081288571,0.00292901652053564,0.000212505129131326,0.00254993789737545,0.0112744843998505,0.0263547068367684,0.0558030492097338,0.103985425206215,0.177512421430326,0.289948260560396,0.438363967027852,0.603148878980372,0.744864068832372,0.831616978202017,0.86267491761856,0.857483352342547,0.843304868168347,0.829030138501308,0.821598354892862,0.823703773681201,0.834759821671688,0.851749978597172,0.868702359781932,0.875956755061522,0.860754086486737,0.811193926129697,0.72336480596852
0.0366529331551016,0.0550550486103166,0.0851079751340032,0.137506304130423,0.235859712658794,0.428761951540137,0.745879272093856,0.885755891628763,0.621013331837915,0.366239858651507,0.224437580897836,0.147930693561259,0.104058674593618,0.0773031217042612,0.0603368759537835,0.0496698246095825,0.0440126896004287,0.0445343152971423,0.0607309267758841,0.172321558032622,0.428510046021684,0.23706657209272,0.0235218319638531,0.00454083802623657,0.00101213685362148,4.95918045237359e-05,0.000543924340858871,0.0025802453545854,0.0067192879758458,0.0139719262214157,0.0260552673358399,0.0437015512903356,0.074066234116334,0.119786254766229,0.188344153219599,0.286412138519288,0.415347061463135,0.563174474063686,0.702351391383517,0.80425760754347,0.859363993595586,0.878853127149278,0.880605768499876,0.878164090793033,0.877491159803046,0.876714990863623,0.865539437864749,0.825774216735182,0.739282270592627,0.606018405466092,0.45246330893956,0.312939968169264,0.205807276060719,0.131511259263031,0.0826490973908889,0.0512474513966019,0.0312904859081809,0.0186590843578331,0.0107008128050104,0.00577425473060804,0.00274549425896297
0.00872286782084993,0.0120172529116143,0.0166580253995805,0.023442387871887,0.0338740717477417,0.0510564026294274,0.082174316489883,0.146436080806536,0.302625967866884,0.672347305081039,0.704014298490754,0.300209841257328,0.128941037999095,0.0633814949469654,0.0337245744203253,0.0183397659984405,0.00960282572621863,0.00442667773125451,0.0014587085534208,0.000135906262707383,0.000349881068185967,0.00236333339434126,0.00688475819073755,0.0153253647847855,0.0303699641636602,0.0571336241617891,0.105019895969454,0.186046633900875,0.262979394161526,0.0652842974463163,0.270644169751418,0.181854304176773,0.0823807517870025,0.0238995184666855,0.00179217753105649,0.0191761156868633,0.0922094328402007,0.239693529551052,0.451126147162901,0.659319009590686,0.794423452585893,0.851670838038484,0.865776588599332,0.866480888455701,0.867906561907489,0.872187578795771,0.87231075742857,0.85324795281755,0.796455078870479,0.693258236851214,0.556831191794025,0.416183023126658,0.295783539664921,0.204367062411927,0.139480607453157,0.0948612254438282,0.0644778661267954,0.0440060462130378,0.0298797050026939,0.0201404877360742,0.0133894335804571
0.0235246260555105,0.0334912754408469,0.0483583156168931,0.0716342134144851,0.110451704315161,0.180492897199024,0.317567994960691,0.583650543314337,0.870993951225551,0.694871415465662,0.3775671254505,0.202439467372602,0.115752102983695,0.0695653693346985,0.0427200171247391,0.0259639096578263,0.0149754803646392,0.00763162083631229,0.00290846566045113,0.000431902912950699,0.000322792027484615,0.00321432643386991,0.0104178339792585,0.0242728225447399,0.0484916760290475,0.089533985192359,0.155152985193843,0.242357260757702,0.276201431686664,0.649239541982776,0.0794212791411574,0.434345978824065,0.713191374918554,0.832981037353821,0.879573213993658,0.892890911383211,0.895270744998466,0.89463714989606,0.889288543233773,0.86939826234063,0.819231721789159,0.725604085894333,0.592270252642958,0.444290184186982,0.311109654010705,0.208208373697619,0.135946347769151,0.0877563271353358,0.056366950701434,0.0360669738276461,0.0229726635764805,0.0145031195389238,0.00902791908898961,0.00550500257281286,0.00324336834993199,0.00185571701618206,0.00102365315287998,0.000556275115162494,0.000324513152014643,0.000256860822939976,0.000379759594320665
0.0229452281857902,0.0326825441934995,0.0472654265438844,0.0702471802217061,0.108970717090565,0.179935089289507,0.321799071171974,0.600906791650381,0.871815895910652,0.646404417195351,0.341161681161741,0.183162372647815,0.106031933939383,0.0650155558966731,0.0411661778654142,0.0262580299231528,0.016423545650105,0.00971364429202834,0.00510868455300849,0.00208846945150932,0.000427612396286846,5.05565789210202e-05,0.000727785142262626,0.00107569724224994,0.00417507283955665,0.302279865072363,0.632880905802585,0.534879328582689,0.257244686976415,0.105654484402484,0.0393682929813599,0.0111393649672795,0.0010693685944666,0.00372711776319616,0.0198755702876132,0.0532237194120221,0.111058377434881,0.183403834324895,0.308370797231494,0.466233945722192,0.628655460250314,0.761951038899615,0.843166307999524,0.874978197025233,0.875608879400885,0.863537306913656,0.851091324937071,0.844701182629937,0.846660143032233,0.855903591260239,0.868674390490009,0.875515000396689,0.86131653766829,0.808368341137946,0.706532375721495,0.568022680458573,0.421174209694269,0.29202507882972,0.192872293459654,0.122890005761099,0.0758767388479075
0.00211116038953876,0.00276378442781001,0.00360076786560876,0.00469494840078202,0.00616505857084302,0.00821634627588822,0.0112307971311078,0.0159915324964436,0.024331651977494,0.0414504842241412,0.087213486768247,0.278913075958281,0.51620927259335,0.106421937517724,0.0290917868797951,0.0101786213756291,0.00366515713849211,0.00109204336122644,0.000149494871442052,4.38628298722508e-05,0.000471373775954406,0.00132216109359336,0.00257937652165113,0.00428198431522378,0.00651230248306718,0.00939537687431907,0.0131060098847538,0.0178828967668551,0.0240514479881511,0.0320587852781188,0.042526667848609,0.0563309002671132,0.0747183070167689,0.0994704314048108,0.133100514164248,0.178969909060386,0.240839352402179,0.320095848083946,0.404432229047886,0.420309945546438,0.136932555772343,0.434083530892945,0.468158888391725,0.363550800129723,0.24306425263551,0.136101503553186,0.0556883328958152,0.00901994529296094,0.0181728004592341,0.126334696343584,0.358014358281239,0.623332025255355,0.780746175247343,0.822247396000594,0.804361787722223,0.771998532384534,0.742960262353835,0.72339453067914,0.714133818456528,0.714148506259696,0.722937690694473
0.00774513952591332,0.0105115155881152,0.0143058152889771,0.019678803260728,0.0276275677508439,0.0401093447366261,0.0613859101936831,0.102073502206188,0.193342946772338,0.433846067657757,0.796225065350377,0.434482201694979,0.163376590462794,0.0708864975449483,0.0341453988064116,0.0169453124994273,0.00801506445381663,0.00320071762929622,0.000781475904762247,2.59073971027197e-05,0.000685514343224955,0.00281050395876852,0.00670026240195391,0.0129291914627933,0.0224350815914309,0.0366778833913394,0.0578806044522269,0.0893195706897175,0.135379661099583,0.199910508948551,0.275464890946629,0.275855585643948,0.245626890321113,0.637532354831341,0.517720966127172,0.309834794111367,0.0962142173408258,0.0114694103709597,0.14988488853573,0.450102599517596,0.704556676096334,0.822770897381629,0.85536563997739,0.856512672783792,0.853210097200798,0.85514447696446,0.862858862813935,0.870161526645238,0.863741779066286,0.824563123572427,0.736600159113655,0.607413125808787,0.46039561287488,0.326839523715746,0.222436064839415,0.147770540163871,0.0965636003743975,0.06451540713964,0.0418591010688214,0.0269557517247257,0.0172636565991094
0.00945975571683785,0.0130100832600907,0.0180126507789979,0.0253420771300842,0.0366684917772664,0.0554940310269117,0.0900970935893474,0.163167646836494,0.344728351967317,0.73654652492951,0.626222183262327,0.255366828182325,0.112075011689302,0.0562413598490245,0.0305024218551139,0.0169968943336375,0.00927373209854897,0.00465001470807861,0.00189785650479622,0.000437253586642353,2.34236245005857e-05,0.00062226728745717,0.00236995591767375,0.00557733856723983,0.0107534885580751,0.0185785544308514,0.0295052200572904,0.0414756698262442,0.0398312813190949,0.0156285343102341,0.325259018363549,0.463352493543461,0.343678019944687,0.212232960453191,0.123982523796041,0.0726860163138895,0.0394905455824911,0.0188920556515863,0.00661760090629453,0.000875447928847549,0.00157934558798774,0.0100795381985784,0.0298689349267767,0.057752527832191,0.115088820198204,0.204426508492564,0.332208056854027,0.47992011370696,0.643399628354472,0.777402884647024,0.845567130699229,0.859239515082073,0.842242579201822,0.814164841000638,0.786710776013609,0.765366721551045,0.752148359657091,0.747466773914082,0.751042469090436,0.762257369496361,0.780182088143197
0.0322299995047184,0.0455492220648487,0.0652324985941398,0.0956951376416142,0.145673127452497,0.233400026702404,0.395741252690498,0.672149739123622,0.887758284907654,0.683578312743425,0.386191357977937,0.212825299271154,0.122725096181184,0.0735129270363694,0.044708937838794,0.026848964708858,0.0153426787403791,0.00784759241690336,0.0031431532419645,0.00062814898444368,9.27997101832554e-05,0.00162355209114536,0.00557898049602338,0.0126008395544559,0.0236026696205881,0.0395324621883629,0.060035420640191,0.0768726300123318,0.0475742775695093,0.272037507369703,0.689468045827071,0.655113435544023,0.411808006031669,0.16879378126374,0.0342199898072114,0.00733190712691606,0.0622158782813746,0.195964183582159,0.382316351562138,0.577934641582355,0.735278995822667,0.830996894705242,0.871535400368368,0.87672458289526,0.865064793804943,0.848971209410146,0.835519292825438,0.828290737492627,0.828578580822068,0.836496891445745,0.849028297696589,0.858122298632351,0.859281200928813,0.825897786049305,0.740159488303791,0.599778140615383,0.43287034177818,0.280430066037765,0.166490247442465,0.092789618293603,0.0495530955916777
0.00115200030015021,0.00149001541247005,0.00191258640325897,0.0024479286023431,0.00313967555726254,0.00405857613615398,0.00532614517968599,0.00716691240346309,0.0100377721739,0.0150008793314441,0.0250575101559959,0.0517985367534501,0.172410559128802,0.466973166999951,0.0648618760721364,0.0154363068300931,0.00470584033194274,0.00134263965954798,0.000220330351006113,1.48303460620244e-05,0.000293737088429846,0.000905021804631779,0.00180683657341215,0.00301152853695977,0.00456628394453941,0.0065480611194823,0.00906570909921646,0.0122672769092819,0.0163527400479336,0.0215938381948907,0.0283642378364357,0.0371852503988192,0.0487951527503164,0.0642536974901365,0.0850959705301282,0.113543536122194,0.15273668529942,0.206770576116898,0.279687724378705,0.370579587285144,0.455255872576696,0.405386256307847,0.195644696383301,0.521494151680878,0.493109439499475,0.384195995152772,0.27149734826932,0.171247803046893,0.0858117713827644,0.0224968214642174,0.0124618873944636,0.13852089966087,0.444001562858259,0.711072592581526,0.794090821211137,0.782614005640701,0.752778749567604,0.72962858590596,0.719247061375519,0.721015110642856,0.733833361442215
0.0445618464922929,0.0666165777960351,0.102349913750615,0.163925244390655,0.277074266985864,0.488716260363331,0.797723940326182,0.879157224633982,0.605575705449361,0.358836852265779,0.218815788749034,0.141559477995137,0.0963640286333804,0.0681225245860234,0.0494309725299906,0.0364686781950834,0.0271627403269931,0.0203746001956367,0.0155914381965604,0.0131841666599499,0.0187373166813188,0.136855902511237,0.0528055413062573,0.00603769693952242,0.000704570334057597,0.000186295509430041,0.00216596348887591,0.00699118836955351,0.0135036606393059,0.0267810450526731,0.0466268850200877,0.0766371552719045,0.121050237483581,0.184967140405392,0.273129548294814,0.386849183500651,0.519340550348656,0.653160848302403,0.765751955369864,0.841908395691571,0.881310921848879,0.894530546739364,0.894464951485467,0.890934101463245,0.889184582269637,0.889899250882054,0.888976009695255,0.876869566885599,0.838651759118085,0.763160750975946,0.647088001123653,0.507863273205902,0.372022105797672,0.258742633919173,0.173777202071104,0.113976247886085,0.0733055917294902,0.0460963472041686,0.0279795437551441,0.0170556155512706,0.00929688575869808
0.0496192413404478,0.0735292086103775,0.111525929948056,0.17516064324813,0.287360239695842,0.486676436123255,0.77475273765299,0.906336215253659,0.687939823392258,0.426674222213715,0.26174988930975,0.166944704046834,0.110471350821876,0.0747701995625981,0.0508629715229939,0.034043616587221,0.0217576130731424,0.0126148920752758,0.00594334605819685,0.00162239506489973,8.24915665379245e-05,0.00231938939299204,0.00782430719288849,0.0155012564974429,0.353093017457636,0.109763860676933,0.0821433651209049,0.281289148634442,0.514604265051524,0.711451344485514,0.822282439133027,0.863366689934893,0.871971771867784,0.867663136462018,0.844800391407981,0.775623504281987,0.6337499525259,0.442364099798108,0.267700346254498,0.147983989700113,0.0782222284746619,0.0404737939222123,0.0206405130254079,0.0103624418819314,0.00511031529981567,0.00248708977843838,0.00124710574108633,0.000700951979569783,0.00051194197076908,0.000578727214703576,0.000995762435105185,0.0021624429031078,0.00525216736695362,0.0129849685474242,0.0343594600546642,0.0968506072108485,0.275729103081201,0.524186196254762,0.464341126571156,0.329175320513211,0.247953680380303
0.0163211444129646,0.022731476449177,0.0319472900691184,0.0457459704983021,0.0675585955153486,0.104608269341644,0.173636189779376,0.315939705162185,0.606965820539293,0.854258746789044,0.555357179666577,0.267249674072675,0.134669383865266,0.0728809767569347,0.0408766297631432,0.0227406175323333,0.0118509699757502,0.00522398146941004,0.00147991739569563,6.25999384431907e-05,0.000941644534669341,0.00453628386069062,0.0117754828132902,0.0242785012499234,0.0446659817417049,0.07698578443962,0.127053993930657,0.200803409616425,0.301353010706187,0.377632720768375,0.561866612084103,0.757408424178199,0.308258988283883,0.413230772068547,0.76884689736457,0.855874278831182,0.874655857193875,0.87653723650256,0.876682809366049,0.874631377098101,0.858939493976927,0.808816406543038,0.705018861961315,0.552965666302901,0.389453348836232,0.252475659804694,0.15563836645012,0.093507327213575,0.0554925224761577,0.0326944171010537,0.0191713531067851,0.0112798984570765,0.00658764451229061,0.00391187445946998,0.00246099731964968,0.00178329302609806,0.00169424568102725,0.00234010252391917,0.00478997641593748,0.0136043258823088,0.0524136266166457
0.00240790390315743,0.0031569788747475,0.00411877974933969,0.00537671884012412,0.00706593879930436,0.00941832808592378,0.0128614142765419,0.018260758071204,0.0276065579642784,0.0463888264613379,0.0945708652439792,0.279380214353972,0.586168795395829,0.136735354562389,0.0365923236611029,0.0124196284462509,0.00426216038423171,0.00113521290283553,9.4701153463382e-05,0.000156141170695128,0.00096679732505455,0.00243010773915135,0.00458287353088519,0.00755600560547666,0.0115701014630364,0.0169512014738419,0.0241641088760779,0.0338664766040565,0.0469909010454882,0.0648650990507601,0.0893787196599786,0.123187284674194,0.169872092890029,0.23374992715621,0.318426321150184,0.421883324417841,0.523386406846644,0.542133516143968,0.18388512826033,0.416981985803324,0.515935059779789,0.457542051721853,0.348421903780929,0.233026521162623,0.117465410736784,0.0239804096589921,0.0610924497193695,0.387457201292878,0.705440886949431,0.795287872304831,0.795583596521646,0.785717700477473,0.785434943743118,0.79666622517552,0.821892949632209,0.846385863106665,0.859621233361531,0.843723998292412,0.782853329521074,0.676064027918969,0.542616722420353
0.00538035810505786,0.00722678040652258,0.00970905505688975,0.0131342988446168,0.018032046017756,0.0253818414703484,0.0371652897827447,0.0578888727000769,0.0995325339210719,0.200889232919418,0.494206036470279,0.720656038729314,0.273040272445012,0.0980148919616284,0.0415200364194995,0.0188358293681944,0.008254365656861,0.00300722001701498,0.000598062779470873,4.39360558555989e-05,0.00102431704942623,0.00359772679637854,0.00813013278968275,0.0153339274029436,0.0263995106852463,0.0432391636941017,0.0688813176860745,0.108025868424688,0.16755690008895,0.255947119692767,0.37796137089189,0.516494752411346,0.583253759442182,0.20274584504658,0.434115081072346,0.439626604388188,0.284094651999697,0.0953823137532018,0.0384096380054912,0.380347670134598,0.709048867550575,0.808556326326605,0.829123853459345,0.837368060143399,0.844024204640662,0.837158584889575,0.792037559094423,0.687799428922678,0.534960259716904,0.37551297482212,0.245455069453096,0.154757204285061,0.0960662619586597,0.0593707884817652,0.0368113649868791,0.0227013568787984,0.0139534528522049,0.00856036782996245,0.00525798334442123,0.00330998134853308,0.00226875903089783
0.0349109225179351,0.0524288698300213,0.0810548533222007,0.131060693467696,0.225404214312309,0.412907206311913,0.731120410793409,0.882512575715395,0.613699770375826,0.356597953540909,0.216040151268725,0.141117425124906,0.0984554325872049,0.0725271338847904,0.0560882141411386,0.0457064073578167,0.0400996413533938,0.0403380764161292,0.0553336614232422,0.158183646924565,0.463804350949877,0.447760822332274,0.107762939854176,0.0233339124725401,0.0072303946248909,0.00191877419529142,0.000145180837699807,0.000624779668455094,0.00352142633730159,0.00976763622846224,0.0211210495556561,0.0405362595361403,0.0729220872532244,0.122471318867415,0.203161705345724,0.319998644338714,0.470860609086899,0.631648431104358,0.762715547018626,0.839210025505379,0.867822316564311,0.871042107704202,0.867821799179124,0.866988126462185,0.866788374376064,0.854009703935081,0.804740538401888,0.697722002492102,0.541681658914002,0.377917921754216,0.244238351592691,0.151215494926236,0.0916480199036416,0.0549632581539409,0.0326701038355984,0.0191482211136276,0.0109859039042035,0.00611738840495023,0.00328975086191096,0.00173430221121163,0.000983112903816968
0.010182736522394,0.0138623646129569,0.0189372506644781,0.0261701789818913,0.0369501725096971,0.054017295842402,0.0833477478213562,0.139693370790349,0.264313605180755,0.559102216274216,0.819873590760264,0.436916673865382,0.182979252633052,0.085517935692697,0.043622854988865,0.0229654286052787,0.011767738211387,0.0054093556156961,0.00187744344747397,0.000256637807166738,0.000166985128341316,0.00154084103409867,0.00453956538280223,0.00953920247967212,0.0171599665509973,0.0283326116776619,0.0444018017817559,0.0672644914044157,0.0995210475371576,0.144547541761931,0.206185260976253,0.286143966918488,0.36999259322052,0.352378867614675,0.679785778312155,0.757071563699097,0.373983125018779,0.129901821573246,0.570774202414882,0.794003408071797,0.871672432490221,0.891134950255165,0.888669476552783,0.884247476363537,0.881098555928656,0.882814577634325,0.888634299625599,0.894697886796959,0.893641766410898,0.874739789525914,0.826357392341396,0.74021460360954,0.632543857241623,0.508071707962575,0.389110259615076,0.288038178568388,0.208588679689123,0.149038004197155,0.105534915511273,0.0737486711035102,0.0515106338724276
0.00817298036688659,0.0113669036265864,0.0159281605433226,0.0226942712748327,0.0332597772265125,0.0509473652273366,0.0835231656232957,0.151888538317677,0.319393995235151,0.699719588347384,0.70281462676494,0.312398329359019,0.141717173613516,0.0733810011378415,0.0412229090317126,0.0238317903086406,0.0134246308793959,0.00679238056658862,0.00256090586961597,0.000325506450922295,0.000561551345554287,0.00532135822648376,0.0210292036976453,0.0694604528158548,0.224310387620956,0.422265670184294,0.114193181026743,0.0209706162332962,0.0136971208465416,0.0103102114112024,0.00373908877925097,0.000263703849729492,0.00412600017613316,0.0221511169334144,0.0674927005641756,0.161679333276225,0.324229300588199,0.534431739565295,0.714683115735692,0.812487255828154,0.847501024234526,0.856930688150987,0.858301493436234,0.847611098246738,0.805835596474159,0.713598063535554,0.575198124272594,0.423742209257402,0.293007746329356,0.196765567909589,0.131026341372728,0.0876292463035822,0.0591608755786228,0.0403462339711073,0.0277382090064159,0.0191322810290002,0.0133928149504169,0.00942609328865622,0.00647458997522598,0.00439453374879906,0.00293246885744912
0.0149836830816166,0.0210158052036936,0.0298003771086742,0.0431770162070113,0.0648021131891127,0.10265802327282,0.176095108739869,0.334964977424305,0.660734605465975,0.829320730246183,0.478170854061442,0.232561836651444,0.123516529883885,0.0716340490322209,0.0439400714380812,0.0276809666259547,0.0174234686806539,0.0106171136055863,0.00597873636096581,0.00284790647389703,0.000909789722921637,6.53179667345606e-05,0.000331744462886216,0.00158208842631078,0.00250820331764876,0.00101849810729123,0.150902538563879,0.546075352382165,0.467786922690859,0.248939388346246,0.118201238213326,0.0574618353729339,0.0259851620904757,0.0108146051234912,0.00218867912107174,0.000442800151533671,0.00532634487700298,0.0183787152471233,0.0429522011658164,0.083702787671453,0.146928044096196,0.243779341866819,0.377318100050614,0.535094216086984,0.68783542226103,0.800318904700878,0.857750655385378,0.871069649658033,0.860912182079529,0.843983194348447,0.828915931731579,0.82520310092724,0.828914538242189,0.840711330198303,0.857502323149149,0.872900560275406,0.876336059597403,0.853660852650424,0.791873773709344,0.688930533762125,0.55946106193956
0.0129390339998706,0.0181468075814646,0.0257242689919148,0.0372501054929264,0.0558657177066853,0.0884673440334383,0.152065051111368,0.293002142238113,0.609747564318028,0.838467672339642,0.472954706435321,0.218317458876692,0.111586055017299,0.0626275867469421,0.037073375597523,0.0223025178200031,0.0131181305604578,0.00715227495777599,0.0032659204005008,0.000939506398459841,4.11150374937369e-05,0.000777044934359164,0.00378410889389209,0.0104255763396557,0.0235183857532247,0.0491413263360043,0.101295259536876,0.212251719781938,0.428574880198272,0.614401577833467,0.343828356914803,0.00480843062407819,0.00397090699614486,0.00138200396658261,0.019671586485436,0.0710077801971262,0.168043075206194,0.317002019956669,0.50036267282077,0.672697813333369,0.792879495235847,0.855169885532603,0.879090007289302,0.885736419996929,0.887652982587972,0.888632688847241,0.885378057694354,0.86880527530528,0.825967423969921,0.750595223703115,0.643833210124456,0.520760374366787,0.401511096732354,0.299693088129841,0.219747661588855,0.159999862049813,0.116446623142959,0.0849850799223852,0.0622345465226589,0.0456241058956375,0.0331423339833504
0.00674425187297506,0.00920139376920327,0.0126017087225564,0.0174658885670064,0.0247461749482424,0.0363349360139074,0.0564181034959172,0.0956458689417637,0.186167032629234,0.43004943812727,0.770308990904319,0.414583903666535,0.159266803736464,0.0718076865414177,0.0364293214033255,0.0194382834265486,0.0102744358724996,0.00499792739669598,0.00194594436841265,0.000387641485618808,5.28892050469878e-05,0.000969122773238626,0.0034410790119857,0.00813965063407354,0.0163394418626964,0.0304345632395847,0.0550072209969884,0.0986970745874272,0.173654811549755,0.251723819381927,0.0747705046545974,0.196843565894369,0.147514583333256,0.0760291434814307,0.0276525646291984,0.00540264175484444,0.00153946427388182,0.018670624545477,0.0662041734568584,0.157104637437967,0.301418042323646,0.486784262492979,0.666677261659954,0.791264252442395,0.85011760265596,0.865957241102768,0.864734177041883,0.862276046821142,0.864746397222453,0.871107521032935,0.875152529233433,0.865616172046979,0.826056595164062,0.746644089187589,0.631881420719827,0.501479620274231,0.378111138322381,0.275524742048011,0.196805083247059,0.138692769176572,0.100792725701652
0.0165598937238028,0.0229806242208976,0.0321511303234291,0.0457875696077427,0.0671922931207341,0.103292396569376,0.170094290668329,0.307186279607728,0.590230481199369,0.853775127786651,0.568908618108907,0.272493707607113,0.136197076791862,0.0733992899726607,0.041222495002076,0.0231511183471651,0.0123619679799786,0.00577895438917045,0.00194606608302711,0.000204453535544583,0.000357406569259843,0.00254196980200017,0.00720412206663392,0.0151394818685576,0.0275864550800544,0.0463651139512041,0.0740490363376304,0.113306646071207,0.169685690736047,0.245869929581315,0.343150803636713,0.450674635790398,0.565080535820932,0.724687974835913,0.657961889963755,0.824478316765568,0.885589724727983,0.903660086872186,0.905659877524626,0.902525708545956,0.898148263782858,0.899341792454589,0.899228383940012,0.892941520075449,0.86973194976994,0.816228554606516,0.723788857151077,0.598156639908291,0.460284996127699,0.333744147123312,0.232051105223394,0.156696548187945,0.104685400993229,0.0691499916541755,0.0452543605289928,0.0292795931689869,0.0186264863808182,0.0116350255935661,0.0074032242501712,0.00442636769425345,0.00265781083321906
0.0132075654767582,0.018004610333226,0.024636672747966,0.0341052915964125,0.048220957527406,0.0705146641828619,0.108534939059517,0.180172769415138,0.330728859832935,0.638301952207505,0.821925336982018,0.466141048600593,0.210874196524318,0.101940809420411,0.0524926590489328,0.0274324267965047,0.0136884333469888,0.00591453878896828,0.00174267606692993,0.000112107829109587,0.000630595117350304,0.00332360221088196,0.00855193982567709,0.0170181070358935,0.0298315282021288,0.0486184943371975,0.0756563118252491,0.113977091822175,0.167223302754269,0.238979586594233,0.332296803237207,0.445058280575849,0.568480492186161,0.681604103372887,0.787360613953418,0.857549164157466,0.891731958830813,0.902821423530952,0.90068384468092,0.894108379710938,0.888042429190713,0.885774446782787,0.883960983482286,0.888355888981166,0.87967918393788,0.845248101827406,0.768689070025592,0.645636682510251,0.495047365902396,0.349316609548696,0.23168216362587,0.147643042876362,0.0918214253381365,0.0562018961551832,0.0339759354607946,0.0203317839874287,0.0123438705667389,0.00763424882645474,0.00519428908227189,0.00457309101827633,0.00666878348262974
0.0780321011916572,0.121342848496613,0.19500972938302,0.325617280297689,0.551005486644806,0.83571286101465,0.897563919440953,0.663503894428133,0.426417277074762,0.276298876808021,0.18733568724876,0.132929618298902,0.0980354727161747,0.0747265489047274,0.0588212100954494,0.0482628307708612,0.0427644728212728,0.0459621138637303,0.0898946027234055,0.333784128650379,0.218124736719982,0.0530975552900317,0.00192033997228616,0.00129574413580407,0.00875436812918512,0.0257029944342366,0.058313214853539,0.117264036948851,0.216627361921552,0.365329559253643,0.547075749560044,0.71233867256804,0.817282534068098,0.86220407391365,0.873663436662474,0.873302455482789,0.866521409613483,0.840731877197549,0.768175149346596,0.628243378202813,0.445543840461292,0.278211905260526,0.160022047119116,0.0882297011667543,0.0476288019855888,0.0253273501892564,0.0132339618173977,0.00675436122856511,0.00335947262977769,0.00161758564396194,0.000811815158019781,0.000486558108563091,0.000457100645869541,0.000778102778386382,0.00197989698503043,0.00628898012828415,0.0215184441273476,0.0835400178972872,0.303659795814324,0.393195577647296,0.264008531698728
0.012679085309727,0.0175638911241152,0.0245295023933386,0.0348757175873646,0.0511146183816357,0.0785695261667926,0.129855136881659,0.23848088662503,0.488934180561193,0.82658249272612,0.574506470229741,0.260598600976893,0.12648216266351,0.0680258907021751,0.038986375361754,0.022905058500761,0.0132827645318123,0.00724765261000299,0.00342601659102451,0.00114523711411701,0.000109736604759509,0.000266781842378242,0.00175702402217149,0.00489476131736267,0.0100889802878618,0.0173650773547156,0.0239938872582745,0.0162157497405661,0.0608789013725479,0.501916976617727,0.544018452282641,0.373676673162377,0.215848149148998,0.117912230446935,0.0619915198053943,0.0291113797359387,0.0101974432041547,0.00169591311014809,0.00159196424888336,0.0118071683107429,0.0358221436366875,0.0792934876698717,0.151237405880153,0.26037851484225,0.407581624862484,0.575043144429298,0.724932731241051,0.823093079859892,0.863650584263269,0.864164097773629,0.846099651340096,0.824393904127056,0.807031726239268,0.797570759253591,0.796991520767027,0.805107186061655,0.820733503345166,0.841490373538541,0.863179435768064,0.878978365662874,0.879046371001549
0.0140586654553526,0.0193771100039533,0.0268886096660811,0.037915562869834,0.0549732889322248,0.0832856554889168,0.134910373996303,0.240815170198612,0.47735879866479,0.822655761635806,0.626522073392433,0.286801194580087,0.134843799213573,0.0694065850452893,0.0376182766835764,0.0204906940886075,0.0106201959945621,0.00479802962578902,0.00153343576658102,0.000136101905166928,0.000347284617202241,0.00218872740199316,0.00591078033967812,0.0119946748298182,0.0211919401758427,0.0345948048229343,0.0537334501502827,0.0806918769263803,0.118243213480869,0.167512598715921,0.235925835002736,0.322040579332919,0.420774713371305,0.463999349235708,0.704217736763145,0.771255254413328,0.268516689817019,0.734972973325062,0.863020017708713,0.899236683925453,0.905799653443641,0.902069541658137,0.89673217663059,0.894198545460649,0.895587998664927,0.899778843895756,0.902942443073716,0.898105960334499,0.875445125658857,0.824832484491412,0.741316075383075,0.629752425425868,0.507003634022941,0.390156158914597,0.28999097938965,0.210646629761896,0.15078719386893,0.10686822141363,0.0750924264179783,0.0521347757352517,0.0357270625624507
0.00599111480236261,0.00805471330612298,0.0108349467122844,0.014686359056192,0.0202295891748247,0.0286333144941332,0.0423131771794016,0.0669123880927846,0.117933218140636,0.246809896342079,0.598005103974853,0.646830573112701,0.234828843089203,0.0901045941905967,0.0404220428458583,0.0194439911215284,0.00924141710119409,0.00391737818772974,0.00119094597761327,0.000100037523556482,0.000256228652503113,0.00157527895609947,0.00418207227652522,0.00839517732343291,0.0147622561869776,0.0241440912752691,0.0378590791121881,0.0579044848685089,0.0872393077134906,0.129915423869225,0.189879273492894,0.262493405247207,0.283932368496514,0.125621058199524,0.569510618273523,0.502078202751173,0.31089780334969,0.148833914647471,0.0347214138283711,0.00923246847647834,0.105939609053759,0.331677038057101,0.593760757678567,0.771194974998325,0.844621459726094,0.859029447328185,0.853439443902378,0.847381168711029,0.84810019649861,0.856370601794983,0.868514286677345,0.876279697070309,0.868633371075644,0.829372993339087,0.749979652974126,0.635759025593766,0.505995021367023,0.38251344615941,0.278856079520277,0.198478672836994,0.139236776058875
0.00444552747370562,0.00589539881671455,0.00780003923540342,0.0103606687119655,0.0139159152740901,0.019073447698227,0.0270160065747227,0.0403040755314909,0.0653400437360672,0.121649105224987,0.284256021004298,0.703508658260219,0.394981305379349,0.120996571259888,0.046317266193126,0.0202384797273398,0.00906910252748609,0.0037384116417949,0.00116575644966313,0.000132305183966051,0.000121187862478753,0.000927971759730324,0.00251380009268129,0.00494826012039435,0.00839121993185791,0.0130956056358213,0.0194253564019839,0.0278884198123243,0.0391880096496572,0.0542976344550873,0.0745656563499494,0.101848178335957,0.138637315154742,0.188038199028398,0.253058610264508,0.333244826665801,0.409701965343938,0.350137019058916,0.466250756701689,0.686957065294291,0.545956199719109,0.306425923505655,0.0905425185165326,0.0164881972091846,0.184960459369786,0.495615521743145,0.734659991406385,0.839894444285036,0.861663665202754,0.854291449455889,0.837802556829855,0.824566771195368,0.818587551594549,0.820807573998685,0.83053955582494,0.845363929933001,0.865475080768428,0.882949620332227,0.891793480315474,0.883614246741195,0.850343751097781
0.0128617847847798,0.0179324535512675,0.0252502573121131,0.036283035010886,0.0539310599926395,0.0845118122291859,0.143496920022278,0.273113344635286,0.570150442480458,0.832821676709135,0.484711576628444,0.219830534032032,0.110254123012163,0.0610377256799277,0.0358222771143994,0.0214902360720856,0.0127174582098032,0.00709436311816107,0.00344928766134771,0.00120838879467944,0.000135442754235198,0.000232654357036529,0.00172260259768287,0.00506418327540904,0.0108567720353686,0.0187642498974932,0.0207213817726386,0.0173976917791715,0.345448078964734,0.361616970541758,0.197775238113373,0.0953696748961326,0.0439352347249041,0.0178990450757904,0.00500368211605086,0.00044690098314292,0.00239862274009407,0.0117939800404463,0.0309499558204252,0.0577237524963795,0.108605582574519,0.185221646050224,0.268687504605773,0.413796807823176,0.569950161085414,0.713035438946096,0.814243947367121,0.86379986471734,0.872965426425318,0.860081445465517,0.837507214069036,0.824698673150162,0.816213829339455,0.815230899421247,0.822657854254165,0.837202026326777,0.855911201850519,0.873526502401546,0.881760937241599,0.869521835180133,0.825633642656693
0.0176200776830552,0.0244544143023814,0.0342365048725842,0.048833285220152,0.071865171306821,0.110990612768574,0.184024380181385,0.334665582047029,0.636249404354967,0.851672236846047,0.531695497106418,0.256137786655811,0.130574406267372,0.0718216446159603,0.0412821768053139,0.0239240577015725,0.0134252766945506,0.00687719297374547,0.00285831449004717,0.000673536385111112,3.35131757770626e-05,0.000919251708452454,0.00353440656126045,0.00830093211258464,0.0158557697681556,0.0269285781731403,0.0416099746859625,0.0558104523374608,0.0462592948146433,0.0717470290302391,0.611690407911412,0.686228323393888,0.523907184838078,0.300376472297092,0.141147557883069,0.0488477272087887,0.00737706363290816,0.00591771077588997,0.043524300836367,0.123098310798327,0.252961839465055,0.428232140147937,0.61090534237065,0.757555099549046,0.843796611086587,0.875630520171317,0.873905936324093,0.857856387617031,0.839783121516994,0.826153581833193,0.819810889198163,0.821081687466058,0.830707563968363,0.847745568840779,0.866221303810508,0.880693646348012,0.881339138676504,0.855611884982366,0.792654684577668,0.690783981513733,0.56244622581944
0.0367874139721528,0.053879685487704,0.0805945697561891,0.124723610791695,0.202538471082219,0.347831207064416,0.608030724127126,0.882222264229323,0.77918341626439,0.479261858243369,0.278998039517609,0.170127906816101,0.109164561500796,0.0725585414109137,0.0490361498724599,0.0330194793170803,0.0215979492309322,0.0132004366934595,0.00700551752869614,0.002692641748108,0.000361552337089358,0.000366934479479337,0.00121342119235749,0.0980493170528777,0.443902102531697,0.155915175956533,0.00979649658757887,0.00730844273307629,0.0511753402784872,0.141592401054859,0.287223237498138,0.476185133331827,0.660649082677443,0.789727146689374,0.853933516022526,0.876267022464174,0.880913552644569,0.879679136197002,0.870883354087966,0.840235662931718,0.765869560571711,0.636621669774098,0.473619087486574,0.319092770571843,0.200951565336676,0.121974170679916,0.0727525503787893,0.0429975569469257,0.0251933129729641,0.0147500126473337,0.00843902455051002,0.00475104405428527,0.0026350286195195,0.00146747360148457,0.000872470628958649,0.000637951629566704,0.000691002214585665,0.0012541533566261,0.00332528228217039,0.0114005845997379,0.0496910826442328
0.0427530440495912,0.060969288664982,0.0882287003905936,0.130963446228951,0.201756910311987,0.325284736649609,0.539750954615443,0.820924595514838,0.87104685243301,0.598953768363341,0.348631486935781,0.203545153763769,0.123330001678081,0.0768515295581472,0.0483090571816613,0.0299009767466923,0.0176302592400558,0.00937367508064654,0.00399875349730709,0.000949853410540273,5.3892330042383e-05,0.00143617923745357,0.0054927934707977,0.0128774738570211,0.0244139191511807,0.0405762766854971,0.0585150270271513,0.051300460160233,0.340320408706923,0.45874829243776,0.565382205645258,0.048179978823009,0.246591148235419,0.460631265589358,0.628743928881221,0.755125300854447,0.839946307929114,0.887250813502632,0.908130381556603,0.911368154600001,0.906266737768705,0.899328715477997,0.894508511442084,0.893465903592648,0.895414422130712,0.896298303984674,0.887361911520955,0.854346227573176,0.780955906823553,0.660384028434696,0.507929684113601,0.355710607859955,0.230469448308187,0.140899551401751,0.0828225225911742,0.0470602618217053,0.0263279969863887,0.0151615841761356,0.0104815882401687,0.0125595659261753,0.0415948216737837
0.0233310319055494,0.0336531306436837,0.0493840941298661,0.074650815483266,0.118099895339916,0.199315974467152,0.363080495684638,0.668098257301515,0.875524074182915,0.606102734374489,0.326842685919534,0.181770477825947,0.108217158549373,0.0675974953469686,0.0431145568341129,0.0272509064601683,0.0164062801831618,0.00878945288070052,0.00357422771031842,0.000598580151777294,0.000384531289172435,0.00451046380376407,0.0166760262781569,0.0455100458595925,0.111995075007544,0.264316859598986,0.521669132590211,0.333131630767347,0.0563934218329474,0.00433917288562594,0.0531390043803786,0.235820002305254,0.493775359935756,0.705880037314698,0.82003385649996,0.865850648040903,0.88114084139429,0.884305867211879,0.877073464569362,0.850364779578248,0.790875868185753,0.691907141958653,0.563616228597644,0.429770599304177,0.31215067781407,0.220377752302607,0.153724793237155,0.107059015022102,0.0749112944455716,0.0527825811118669,0.0374134514655009,0.0266707106535256,0.0190835650706869,0.0136707750935739,0.00977435275770154,0.00694920663913514,0.00489119058772737,0.00337567106509013,0.0022824594949629,0.00149035737523085,0.000924819540244563
0.0357171023505558,0.0518667187159103,0.0768155201625103,0.117520449607454,0.188461586544227,0.320235538684331,0.562203267486746,0.856112727935601,0.806111094011857,0.500603338715025,0.286391657460199,0.171343065396958,0.108299542891212,0.0712648336617367,0.0479799527360438,0.0324791861277543,0.0216828708652426,0.0139187439799907,0.00825724485965639,0.00420069838937778,0.00153233974292151,0.000209376645019941,6.33220533398019e-05,0.000227341910031217,0.120581774329586,0.497295304037879,0.227757004728767,0.0392475105604465,0.00334987651076507,0.00236826529686768,0.0162135288805214,0.042322871169067,0.0850898084027762,0.148692232080682,0.238192549884128,0.355208887011211,0.492983253834507,0.63359730597712,0.753506316092225,0.836269346154999,0.880543255476026,0.896454284355825,0.897056136855891,0.89275358958944,0.889739930603093,0.890174244416552,0.892282534858836,0.889765235020618,0.871122095544059,0.821081479277021,0.727586125075508,0.600327008882604,0.456185021271805,0.323125601016503,0.216891521865977,0.139851227293269,0.0870801280132128,0.0528436389904349,0.0305352730679757,0.0164905616990288,0.00793657217379749
0.0299028504754378,0.0428417733920248,0.0623705185399859,0.0933408772029363,0.145618068418762,0.240379211068779,0.420732273180415,0.720717862372368,0.885738198064666,0.625653130516045,0.349781659161672,0.197493308658293,0.117545672575791,0.0727349894997166,0.0456838143317441,0.0283154177957353,0.0166712852264094,0.00873497735537925,0.00350890700390022,0.000627131922393524,0.000230691729215272,0.00300536296964989,0.0103111868028907,0.0239615105955637,0.0415673562066553,0.0239953537271776,0.543327896497182,0.553731284278054,0.1567494441871,0.00712046632038246,0.0684984578189193,0.252042814846359,0.491151777454357,0.696807007117644,0.81564592240679,0.861468016359774,0.871118981593515,0.870359925268444,0.868795612242614,0.861723673276559,0.829766956435934,0.74383528811398,0.59215422962126,0.410318715511044,0.253488094589521,0.145939838980413,0.081125556652996,0.0444255614519322,0.0241570327849337,0.0131459700031165,0.0072653064533222,0.00421506824549522,0.00277426608534155,0.00234498601110985,0.00285627679092592,0.00508765896732729,0.0121435757154203,0.0363324396969998,0.131730754545667,0.381027840358447,0.331485746727974
0.0101779372415077,0.0138900134721534,0.0190341327685594,0.026410219123159,0.0374906008642808,0.0552204560237834,0.0861430671864718,0.146802933110514,0.284586922193878,0.608382255567548,0.785998569134995,0.375971583057216,0.156804669476042,0.0735563248866317,0.0372916671038673,0.0192324259973479,0.00942992333710595,0.00394517903004534,0.00106635094542035,4.29850388686917e-05,0.000615802018462861,0.00283793626168109,0.00702289377357169,0.0137628036453699,0.0240002764301029,0.0391528255993213,0.0612892944884232,0.0933296597089386,0.139125168156496,0.20286923281712,0.285664969709249,0.365610918448966,0.254081959058603,0.726449043235796,0.739530259818415,0.397274723322363,0.0494949772591831,0.421905476220414,0.735205841806128,0.848597111491477,0.877785670792151,0.879053526215958,0.875185832238827,0.874581794959673,0.878723479301003,0.884146477533785,0.882113347139506,0.8584894980524,0.797653374808185,0.693019104103313,0.556246740106688,0.419354220053025,0.298372668926611,0.205042997388173,0.138227581360705,0.0922148753437323,0.0611042850034508,0.0402206107054166,0.0262883727670704,0.0170290450668767,0.0109610278322603
0.013910036029226,0.0195186813099217,0.027697673710051,0.0401813294533341,0.0604458768000836,0.0961858411875133,0.166512666122496,0.323039733989774,0.659753571550062,0.81935381966219,0.440237437607096,0.205636113121492,0.106522625312561,0.0602931008877278,0.0358651845050116,0.0216305736976287,0.0127337125409844,0.00693519360482194,0.00314930708655466,0.000883835758222726,3.63663347857288e-05,0.000884830648291038,0.00428173085342745,0.0122582843409962,0.0297277371170176,0.0688765232953459,0.144118363052091,0.0597804026396321,0.0838441910084328,0.0437819500580717,0.0152957714689911,0.00188348071113096,0.000734654522027822,0.0085694709274252,0.0277898784857338,0.0615673363432447,0.115996660540389,0.198307117817067,0.313747409473513,0.458542529598016,0.612852429121657,0.745370543114919,0.832961096776966,0.874684400967487,0.8853923947867,0.882034117564506,0.876505243748342,0.874870607086863,0.878461271067056,0.88471751706271,0.886675558132477,0.87310995350624,0.830972242078227,0.751879331526191,0.64004996145865,0.512767746944147,0.390567605239794,0.286950806258217,0.206001422733988,0.145682390916263,0.101469188749889
0.00365021768528414,0.00484626396986877,0.00641945897802141,0.00853661425540538,0.0114780873324454,0.0157464955417601,0.0223198349169165,0.0333178031049778,0.054065388163932,0.101050114475447,0.241618833037552,0.668726867354049,0.367360078449545,0.104256682020556,0.0382332397631519,0.0160169644465984,0.00674226645278022,0.00246385178543992,0.000557104634378875,1.73600066468031e-05,0.000450240973819145,0.00174209455836611,0.00394299335951721,0.00723034611232133,0.0119114523798882,0.0184527243362799,0.0275353447127963,0.0401438309311871,0.057698182029522,0.0822391205489602,0.116655085019511,0.164851632644626,0.23146379339153,0.319765925933159,0.423261835171778,0.487848775820307,0.235871096700406,0.64638077788081,0.618171784181487,0.407109030342023,0.146924152980512,0.0254380622389584,0.301072146685918,0.664738040686204,0.818584816631861,0.851731296625529,0.848880534029173,0.843120402758419,0.844248337775135,0.853425038011896,0.867193624475867,0.877083014287195,0.873393596238579,0.841310388778036,0.769829473106511,0.663032786149287,0.538174625435243,0.416265693777879,0.311497516861304,0.228623522160262,0.166174606927493
0.0216679188719763,0.0314791443402371,0.0466570895581371,0.0715276392252842,0.115460894783495,0.200572398664346,0.379340713734154,0.710368988259428,0.852240657912516,0.534973513781319,0.286842662149377,0.165069385127472,0.103436490810769,0.0691618957509921,0.0484196528556001,0.0350022408200542,0.0258907020311775,0.0195406387205772,0.0152115869730432,0.0128481001262892,0.0140359735256134,0.0324383382185977,0.227014604823292,0.456048692488041,0.103403031763255,0.0831739600893568,0.0272156133949442,0.00971871489340199,0.00324171271171373,0.000470872900272919,0.000312787509891836,0.00274852784061567,0.00846543937250827,0.0188495831317816,0.0362075575293303,0.0642537342521571,0.108230704156196,0.175239745415722,0.273432677156841,0.404880789740232,0.557747189758321,0.702105063648399,0.805810764460423,0.858271526534735,0.872522045451718,0.86878374532746,0.862268497412517,0.860582872341074,0.864506225505148,0.864221305718631,0.86452903016278,0.832186889323864,0.752781503220813,0.627538462712641,0.480345095588753,0.342472677629019,0.232277618848694,0.153584452088241,0.0995570376673736,0.0632173537069136,0.0392139635923982
0.0169553966534683,0.023934294346895,0.0341855824615835,0.0499380002204582,0.0756431894846731,0.121036357103627,0.209463796802037,0.397315029404641,0.738804694553069,0.810850115621091,0.456050069588005,0.228426273855457,0.123453559752825,0.0715834774626051,0.0430976082544124,0.0260231778577283,0.0151251367782544,0.00793833103154785,0.00328169599989993,0.000673173291144495,0.000116620788082634,0.00208428011983517,0.00765569897669026,0.0188482454261274,0.0391652370536274,0.0751523221949095,0.137290548888778,0.241673904724708,0.401182255396162,0.556430841348095,0.251649651069017,0.218271812628413,0.0386144799497477,0.368170694508366,0.66769900289275,0.82076033002285,0.873470545774558,0.889577492733748,0.894296831815219,0.894252904236998,0.885665248044111,0.858075965543913,0.799112129896756,0.703245559330925,0.579770765430137,0.449789810503049,0.333282561993715,0.240062526363182,0.17075020960822,0.121148851436205,0.08607925409581,0.0614633982253792,0.0441166943937218,0.0317988490756984,0.0229719735484369,0.0165879369803782,0.0119296868620755,0.00850782098796862,0.00603462448935566,0.00417392336439526,0.00280835501823434
0.0226074697462866,0.0315460185364186,0.0444652025281327,0.0639683148446746,0.0951549117136935,0.148850856544712,0.249690176075096,0.450569091539813,0.772847761076622,0.809845941771324,0.468989038474883,0.238323233924361,0.127862708062378,0.0727626253401359,0.0427288580909128,0.0250787389615442,0.0141546548341976,0.00724039290176459,0.00296985763956698,0.000664908239586044,4.52268457785872e-05,0.00110190394616542,0.00405092126070702,0.00932675356770945,0.0175785045968103,0.0295669693699149,0.0455475133554805,0.0621548708125926,0.0567368919229729,0.105654428674676,0.642611529081886,0.723249043937505,0.532888817143777,0.215668083571071,0.0384939183518876,0.00659285881923537,0.0660969221998638,0.181874945536525,0.357342356316158,0.455028394622986,0.662796991187769,0.792445637158279,0.863348087272713,0.889936226244154,0.889786355994715,0.877478767725444,0.862662430253883,0.85088266681351,0.844941364653636,0.84587878794803,0.85337525403849,0.864910162453497,0.878242421359905,0.88908801808995,0.884384744432057,0.853224323530752,0.785629300394885,0.68057136358736,0.549862367952509,0.417591087678802,0.299005085172256
0.0207689498151525,0.0292984706186268,0.0418321060810702,0.0611086623304044,0.0925914773301467,0.1481215926227,0.255192924966824,0.472555042964546,0.804990222423258,0.789426059030123,0.44843665956906,0.234893881210537,0.131620629490504,0.0786936387757457,0.0489373970791884,0.0308204033520272,0.019096870852165,0.0111980757727226,0.00581017541304873,0.0022815174715715,0.000376365737656792,0.000202837295318957,0.00226917907781797,0.007698906353053,0.01869870656984,0.0391274694807195,0.069742323701565,0.0420006719905184,0.375572736432161,0.177830364794682,0.0466613764489311,0.00328806989525531,0.00845621456740268,0.0432106544048678,0.109090276711769,0.211900389046675,0.350760202461433,0.511954661179458,0.666324286246706,0.78431205817242,0.854671811897505,0.885946625630984,0.894309124254417,0.893568760456537,0.892024482588503,0.892755157036533,0.894237249117721,0.890330532477553,0.87033954296369,0.82130884944881,0.734576128594465,0.616846292033258,0.484519100679186,0.360010969876687,0.256929140734296,0.178558484333355,0.121948675347827,0.0821727324470709,0.054673859342391,0.0357645751129091,0.0227859665817425
0.054307823444993,0.0818342751041907,0.126703356413858,0.203882816653577,0.342502660501897,0.581821681258913,0.860713819947751,0.859414159985443,0.595006067656794,0.369493029129543,0.234094183624295,0.154913995470653,0.106305476721164,0.0746211256826786,0.0527685255434743,0.0369288204026497,0.0249711432630228,0.0157105059889807,0.00858039047981774,0.00352701218523435,0.000926080382656654,0.00751181419101777,0.285439940388729,0.0874063165198923,0.0131747941981485,0.0928804699571699,0.250067784096635,0.478518802229855,0.693002934302367,0.811375498715305,0.850058684950866,0.854730321485236,0.838002704248321,0.774158527682882,0.628911926846227,0.427213188475713,0.248388920798211,0.132206509503612,0.067871750122191,0.0343939601830455,0.0172822531894322,0.00857900208530295,0.00418578544501442,0.00200861178436607,0.000967379627096389,0.000502092132038414,0.000302142273397148,0.00029333187454986,0.000444455389156056,0.000894275979862413,0.00201874192439112,0.0047134575622194,0.0112860135321736,0.0276348830273426,0.0712534778265168,0.192620205906484,0.446303146269039,0.545157545956308,0.411962882108854,0.302721145355576,0.242055217485641
0.00578299278808031,0.00786632149171926,0.0107305365538027,0.014792820410823,0.0208041930651975,0.0302281895937104,0.0462236824895476,0.0765937810351453,0.144335727439356,0.329784351275755,0.746981882725176,0.492393886477742,0.177691560707058,0.0755567732996155,0.0367926838856946,0.0189484679015113,0.00960640760791557,0.00436776961393249,0.00145869080075423,0.000155274483069022,0.000268963473745572,0.0020074395493502,0.00604070453190612,0.0137911517366596,0.028120670590699,0.0547589570413609,0.104140058888291,0.182032869840198,0.176779856202678,0.0680754046510048,0.172380486143748,0.130162393870874,0.0783214076444846,0.0481599102544457,0.0229166123569151,0.00757179254438163,0.000726615492007045,0.00455993211110505,0.0246933588907457,0.0750856484454205,0.174580295368188,0.338609935445363,0.54538525725336,0.722556695735368,0.81734528091241,0.844959864909704,0.844501566319546,0.841288302308372,0.842026236171948,0.852169650073894,0.856224665562481,0.83125295046308,0.758983035209912,0.637398475988366,0.491178674750421,0.353418224713126,0.242636123268259,0.167357585984026,0.112447800867651,0.0753956723889816,0.0504494761478535
0.00318059036081122,0.00422129010866878,0.00559009111844884,0.00743278245868151,0.00999507667504312,0.0137190040340692,0.0194685716737606,0.0291285090109655,0.0474822103395156,0.0896266863972466,0.220085217373664,0.650610168666363,0.340521805820207,0.0932941015070138,0.034331731999766,0.0146410498691144,0.00638243661381377,0.00250705501910281,0.000692305969152606,4.30675862704752e-05,0.000198795577006481,0.0010428183225617,0.00259936328329249,0.0050023549215539,0.00850027669647002,0.0134881065381667,0.020569184741055,0.0306568269487512,0.0451259146721641,0.0659962106050329,0.0959734136594336,0.137498483788566,0.187309669223391,0.214313106026571,0.117535205534556,0.0700199521520244,0.264397615967172,0.289306427794611,0.240375416248663,0.186062516070483,0.140352102471809,0.10450664882292,0.076427260371157,0.0538965531141175,0.0366864312522518,0.0217529774649954,0.00992974656722719,0.00224919163741843,0.00148479590880021,0.0141889625119457,0.0541960929091202,0.145570329454187,0.316540396480948,0.544003771098054,0.723856801329022,0.794728774798165,0.782854786976915,0.745600463723888,0.710853898288447,0.687367267508027,0.676573072023779
0.0243873357744246,0.0340968106540217,0.0481773724819822,0.0694970678846288,0.103656575582231,0.162461870299629,0.272268694682532,0.486032198824292,0.802355199950878,0.798867152887944,0.459525450581683,0.234966314315614,0.125717951104498,0.0705007783789687,0.0402077221795055,0.0224315321629011,0.0115836393664862,0.00498839891177247,0.00133809560144111,4.86369472724342e-05,0.000984489526097309,0.0043524916674295,0.010685643669259,0.0208848824207714,0.036303080496179,0.0588514286479549,0.0910747312067595,0.136040141737304,0.196553309986694,0.271880581076379,0.335490578347081,0.510632266469581,0.694480880994452,0.71244474022661,0.569129031200458,0.816658914021059,0.881129068576486,0.899262172911318,0.899141777530347,0.892957208884631,0.888135722708541,0.886281156614728,0.88665936787986,0.883529551826556,0.864560446107734,0.811058328967762,0.706827955180048,0.556849614907412,0.393849856715085,0.254336038254077,0.154036939701855,0.0894704460227041,0.0508389791804998,0.0288653836424649,0.0163952611524052,0.0100436886418825,0.0075660024174913,0.00894936480183996,0.020314847037197,0.0871784084082622,0.267966698695886
0.0418118823092461,0.0609706130276191,0.0907609623581341,0.139675882564399,0.225171927999336,0.381949822827414,0.64958227569646,0.892493933650225,0.752274165768969,0.458219111555271,0.266780782207408,0.162218240617666,0.10339060558334,0.068074054510677,0.0455177235304225,0.030353929247741,0.0197597155480908,0.012188908001569,0.0067862467110526,0.003101032842432,0.000920314827034097,7.51710252446358e-05,5.35541874669783e-06,0.00415601162340999,0.283254392242485,0.477827844084555,0.593245479320349,0.20747672411277,0.0271138187876612,0.00297690229957221,0.0332346807785023,0.0951796583555453,0.195373141548947,0.331672764212674,0.492596299498821,0.650469695600274,0.77407934688176,0.848661520624687,0.880799367471092,0.887122785374634,0.882993145266151,0.878218705119204,0.876821328942862,0.877033393857947,0.869865176000001,0.837354836323833,0.756822983335404,0.619667954810743,0.451188544594261,0.295072408753343,0.180580441944474,0.10504247432106,0.059075912400439,0.0325586337065959,0.0177794144417638,0.00975546140248625,0.00603904112290543,0.00515428250648745,0.00788661037382138,0.0274039604511755,0.155143498888895
0.00502821692909501,0.00670889623623702,0.00894364761236717,0.0119931530981772,0.0163064895713677,0.0227132472010812,0.0328889608916533,0.0506410998988447,0.0861241373627306,0.172833861650816,0.435839082648923,0.720497790191813,0.266026520715717,0.0910856141910732,0.0380312315834166,0.0174429259437017,0.00800223558918977,0.00329782134910637,0.000981386560017104,8.28352218204283e-05,0.00019126522014413,0.00116548593407337,0.00302448071177291,0.005910615911775,0.0100898177690558,0.0159780368742575,0.024194328866706,0.0356467794942093,0.0516580205553361,0.0741186394603223,0.10556197382957,0.148659119657754,0.203058652902925,0.251090540494357,0.201270976362884,0.0836833670007172,0.424049690613337,0.435498714332975,0.327254795251832,0.239643080888577,0.154904941433199,0.0917077276849495,0.0459734634939051,0.014927671913921,0.00150391371348583,0.0141492645032631,0.0715224161108149,0.152403099930663,0.343731725429731,0.569829671697815,0.746520106292169,0.827461689377067,0.836295643176495,0.812724931431258,0.775504276964075,0.764714407461802,0.751722591349057,0.747482668266427,0.752409458334963,0.765709542413929,0.786131938710607
0.020438148916269,0.0291374551411585,0.0421505105771963,0.0625984222943605,0.0968764894979925,0.159260910603368,0.283571204184085,0.536673700765674,0.853680547064813,0.713912201291836,0.388883605992366,0.209541395710166,0.122119728511462,0.0759808241940164,0.0492390699421902,0.0324593661852409,0.021239951875408,0.0133685934691559,0.00768578877409566,0.00361222833637701,0.00097897998796871,6.56591647408665e-05,0.00191369510914947,0.00887185495853394,0.0176880411076667,0.0838145089245929,0.141265354445375,0.0461272937877854,0.0126552191504182,0.00172926984466375,0.00113293310369488,0.00837025316899772,0.0261052085929836,0.0580525613581729,0.110815385572519,0.192517555455683,0.309158360773235,0.45656028095926,0.612737305757068,0.744510498438641,0.829913737664439,0.870932337052722,0.883924418111675,0.885214639955183,0.884695217560157,0.885199771457943,0.882929818793574,0.867549589173789,0.823947297683531,0.73868238218613,0.618112751131843,0.479310029174416,0.349048853297536,0.243451306273349,0.16546530941518,0.110821296936257,0.0735023442399465,0.0483695714928688,0.0314176979418058,0.0200345167379162,0.0120470719621522
0.0035326738408523,0.0047456217631884,0.0063777178192259,0.00863565123596614,0.0118813818396384,0.0167977992002963,0.0248037159845049,0.0392558286463026,0.0696840719840623,0.151180262070499,0.444952723434275,0.621189204621005,0.177133075632208,0.0610470570385156,0.0261984684687787,0.0123089638605162,0.00575477812807477,0.00239718446856442,0.000704000929422158,4.99288867581354e-05,0.000196810711356944,0.00111706954226721,0.00294357792978064,0.00598655924592124,0.0108137297411496,0.0184285187152103,0.0306386733340797,0.050816455463038,0.0853796081841109,0.145509648303943,0.23735148166931,0.256236296054829,0.0325832657828084,0.135906977422703,0.0998974037339066,0.0669070426293363,0.032497685530744,0.0122874967513095,0.00254670340123748,0.00057778716974466,0.00729308645357006,0.0272464951005088,0.0702040586615947,0.144678846361763,0.26473621550883,0.431834386067368,0.615364710798441,0.759580581843483,0.832640512501921,0.847958827373002,0.837454281795211,0.823351138830369,0.814940193462184,0.816668886651154,0.828187554586423,0.845968632636313,0.862895205113244,0.86767692123494,0.846284273236625,0.787654291768713,0.691897283268993
0.0207116776774721,0.0289080976786516,0.040749435223417,0.0586072456033122,0.0871149732213466,0.136098406568625,0.228060880278214,0.413484686496182,0.734243924552454,0.833304677839176,0.500532913247013,0.255007023776043,0.137283623098213,0.0790130017281009,0.0473890673467593,0.0287806902800392,0.0171562321101816,0.00962786412764998,0.00473169042902225,0.00171685526355902,0.000233985448902073,0.000197614611335603,0.00173387796673852,0.00517531873319303,0.0110755998922532,0.0201724659542546,0.0329525705826396,0.0468503132961874,0.0398431504340108,0.204046028495864,0.633695745684815,0.540782446144831,0.191131527947582,0.0274726047161988,0.00473954802595499,0.0446276976172373,0.124527457659324,0.238218500367784,0.379399187229633,0.533384306429549,0.677681252891083,0.790053487410278,0.860496579840175,0.893116027189228,0.899789445949253,0.892921490872814,0.881884293049195,0.872559649978306,0.868072855964584,0.869543519229055,0.876421205412964,0.886153550830433,0.893617612278376,0.894538731509111,0.874991252438342,0.825352060600238,0.74016247058069,0.624748372869544,0.495121521666824,0.370185116069446,0.263100720571912
0.00550156527338117,0.0073809370473912,0.00990214675552962,0.0133764838723864,0.0183448353544996,0.0258167114709479,0.0378564991208937,0.0592255168606724,0.102830765719676,0.211570102232579,0.530430212811254,0.689907594801592,0.245910351303708,0.0897704787013782,0.0388322951841739,0.0180582761791287,0.00822339056220238,0.00323945194949403,0.00081886293315918,2.86675884528288e-05,0.000522116732884329,0.00227207730070022,0.00548863966188592,0.0106262771575772,0.0184577546219571,0.0302228315676564,0.0478743385978287,0.0744213341715827,0.114164075163028,0.17154904387216,0.242329985355977,0.266818775404585,0.0757385499793968,0.383098889130293,0.419845116316122,0.327764722964345,0.211297457227688,0.118280482940575,0.0546689400602831,0.0124576978288611,0.00545086541106867,0.0593572487077267,0.210826274514501,0.453850739489465,0.682591356624151,0.803424823961661,0.835101712027395,0.830951587112012,0.822832585073154,0.822819961299837,0.832673643995608,0.847590219908748,0.855786647167238,0.838027204689256,0.773784569095986,0.657688657520463,0.510813108474026,0.368295610313072,0.251865793106741,0.16685703005448,0.108466538542354
0.0230324870677843,0.0327996774712334,0.0473411854404894,0.069990534607292,0.107379177799294,0.173668828434779,0.300141600843947,0.542101744198741,0.844872638852701,0.770511119425188,0.455145047551415,0.252319603505248,0.147413592075643,0.0906699475606963,0.0573579976998281,0.0362848154478838,0.0221480344512585,0.0123186672611814,0.00552724484235569,0.00135466835432678,0.00014231362438278,0.00326206618756957,0.0139278293925927,0.038939730041897,0.0895460115463216,0.135348418216122,0.434855224873694,0.320558251072951,0.0277328812985232,0.0781500069858822,0.362426776503906,0.650826470094977,0.799427020989166,0.8476304618032,0.859057080345574,0.858320283481074,0.838376102671636,0.772472938850031,0.639966669867783,0.463987623893873,0.29979155254074,0.180552071348409,0.105425734645472,0.0610313227550167,0.0353487805637326,0.0205239321424382,0.0119355413107047,0.00694867411906327,0.00404036217091632,0.00238659257884269,0.00146197368093917,0.000974608170608314,0.000763590106487736,0.000766836921083569,0.00102580365725426,0.00175327386239073,0.00359958795213719,0.00835687462633596,0.0219339198247951,0.0670796801338319,0.228521139613895
0.0226015226604304,0.032132268186031,0.0463127280486125,0.0684394532182279,0.105178010419566,0.171109579053927,0.299620965162883,0.552380923200303,0.858892550212356,0.73170900522663,0.408387552421594,0.221321482357913,0.128305580906305,0.0788785758509879,0.0502051745125512,0.0322683024142214,0.0203691511085918,0.012154893558421,0.00641268277855763,0.00255969130048993,0.000433723223874371,0.000219535235843507,0.00232812200473148,0.00628820756756239,0.00407730932274772,0.240916481837179,0.580191986175878,0.329696913530038,0.0916763994637189,0.0141846172766237,0.00172813501797389,0.0241598775473934,0.0866875558650855,0.198886536776932,0.363118151668965,0.553401435739861,0.717674282867748,0.819366595828956,0.863006186456699,0.87388678367578,0.873621018145989,0.872835808435585,0.871623729392664,0.859635724686416,0.816507636995229,0.721187196574128,0.574857535452789,0.411555751071966,0.270723286934378,0.169198098477859,0.102986215851147,0.0621459283278366,0.0370253709489974,0.0219127547683952,0.0128854889714683,0.0075669274444586,0.00452677390604377,0.00297866957524779,0.00239427596545058,0.00292015009048473,0.00639804913148525
0.0189075233780958,0.02615894105246,0.0364779757645156,0.0517505881098361,0.0755684981037126,0.115354774174494,0.187853802601706,0.332615193175185,0.616471698950725,0.862410906030247,0.587119157656396,0.287911796564218,0.144626552222975,0.0775020060602522,0.0429867118926446,0.0236875056022859,0.012296968778418,0.00548907786639856,0.00167385878223385,0.000113492003813656,0.000555125521038322,0.00308269829816511,0.00807663243284314,0.0162392074513801,0.0286697405669191,0.0469771032665935,0.0733866124760471,0.11066369555959,0.16112693673519,0.221292070330296,0.24789444578255,0.224143949836736,0.734972238756759,0.728993280696294,0.406947302956862,0.043592002129864,0.223524006866601,0.571390483198271,0.773230989198888,0.854940667820967,0.876407519013233,0.874456522929226,0.867185948171578,0.862767667529454,0.863883340895962,0.869066221239402,0.871879650770958,0.858932741756381,0.810076192933431,0.707999744913782,0.557803837150354,0.391380127300915,0.259153219392769,0.158327125625672,0.0931346332570949,0.0534009257402062,0.0306654493348081,0.0181513846764406,0.0123803500666725,0.0124738529152131,0.0280180824698954
0.00658883479169533,0.00908346385024622,0.0125938260503515,0.0177110191737448,0.0255363029716416,0.0383066084885929,0.0611012287606748,0.10724606013105,0.218146400050304,0.519874067393706,0.781893438528985,0.362890762299053,0.149654359193192,0.0726531336574861,0.039324469229651,0.0223698013909066,0.0127010627912253,0.00676562606453537,0.00302479834560593,0.000826308992338663,3.53059811900457e-05,0.00100502621789926,0.00487268121217042,0.0145533737216706,0.0378962501035713,0.0984000827246996,0.262751439157831,0.508627506772352,0.16596641289688,0.00599234312178393,0.0104393850980682,0.0063075567829138,0.00114813094064539,0.000973898435970422,0.00935273159208182,0.0320790436285695,0.0792809449857204,0.165875035314318,0.305013803740703,0.487367190435288,0.664972717632719,0.785940162801271,0.843329559115373,0.862829032045846,0.868210839089822,0.868937247954841,0.861106045834038,0.830912423254698,0.762011933752224,0.651558272856786,0.518001442802859,0.386196781931254,0.276765400053925,0.194735833208231,0.136494785789881,0.0960760203331553,0.0681476993308822,0.0487439771669803,0.0351250528543878,0.0254535037176803,0.0184893795863751
0.0154106798893624,0.0217766087474473,0.031142818705138,0.0455634280608252,0.0691559020867978,0.110983348917779,0.193089862787008,0.370850361801693,0.712175605927204,0.812154498179868,0.455421761211645,0.226021148829064,0.121987178403122,0.0710718398322665,0.0431932317488144,0.0264331837714475,0.0156298613461692,0.00837001758820829,0.00352378304257558,0.000708753222998576,0.000191423779917524,0.00316869585868574,0.0127267654155739,0.0362605831064411,0.0862828116961798,0.0828506746436079,0.220999069045591,0.153582167010865,0.0589779376623008,0.012482942463568,0.00150191448628694,0.0262880167608892,0.103714028613602,0.255109348822317,0.469038892918661,0.672499363581523,0.797386101183302,0.848015461051968,0.862075365646921,0.865102460934935,0.862598432250467,0.843294207070824,0.784758646958911,0.670668606096144,0.515504717910825,0.360046400597564,0.235945321397214,0.149841318381675,0.0941666682185943,0.0591834771086316,0.0373466853704664,0.0236141199620478,0.0149990939233497,0.00945693551096977,0.00592576131682756,0.00368651800155226,0.00228745689167364,0.00139748802566329,0.000929708215315283,0.000719941517736714,0.000765635470645621
0.0104686909939303,0.0144127011831588,0.0199723663954255,0.0281156638192164,0.0406818142508001,0.0614979461840366,0.0994946211934157,0.178561261698064,0.368532690030175,0.753188007622473,0.659943333332927,0.283476879271491,0.126781639140723,0.0640882982435619,0.0348689572069614,0.0194473094651854,0.0105964954273627,0.00528806468571119,0.00213189510618041,0.000471800556295381,3.23637804820164e-05,0.000777018450178712,0.0028618861440504,0.00664627282544221,0.012753244045171,0.0221951535954205,0.0366038089821342,0.058642910413132,0.0927280783413415,0.146115782618577,0.229141037726103,0.329984171008659,0.338998194209312,0.21454972058813,0.213984368759981,0.0501217059024106,0.00494980415479898,0.0659758329969958,0.208770465099926,0.402003228909219,0.600815311547586,0.753721151818876,0.842710397125044,0.880071610118587,0.888018944622239,0.884443758708316,0.879918469671865,0.879259363842922,0.883234395574604,0.8887810927037,0.89023498601147,0.884960865858647,0.854825441987308,0.794141009277305,0.702771886102124,0.590767130856074,0.474109081947404,0.366933617792473,0.276918988364847,0.205606045564641,0.150910706812331
0.033112356309028,0.0478855292282218,0.0705561486457544,0.107273967328432,0.170843820856999,0.288886694369578,0.511793404269574,0.821715959833369,0.834579262147681,0.526874222583833,0.296660695137026,0.174276006129763,0.10849443622652,0.0705072292876193,0.0469632173363587,0.0314879553774597,0.020845557635336,0.013304709339871,0.00791437265791669,0.00416200839901487,0.00178801194781272,0.00062880221149387,0.000667065028520895,0.0133311357466124,0.330697338654926,0.596812317523168,0.637410856480635,0.322505847630874,0.108542574451962,0.0299033475392962,0.00381350540859811,0.00271515634084569,0.0209043111603025,0.0611205617267784,0.128811198550611,0.234705976690487,0.378138857859639,0.543879918383187,0.697893653395101,0.806973519987206,0.86194486869784,0.876703600230385,0.871481562721479,0.86174950327039,0.856136431980114,0.857594570747833,0.863868841951096,0.866036262445385,0.84610206061682,0.778193051480372,0.655739006804272,0.496188004635068,0.336578281690571,0.211369875147455,0.12614261845957,0.0737898606879315,0.0423218476922234,0.0238976330381714,0.0138553922713784,0.00919051696744545,0.00939593885296804
0.00714798200918673,0.00975788654442219,0.0133689212595953,0.0185295833235981,0.0262373380365258,0.0384589921834642,0.059495895755964,0.10010330784709,0.191913096444335,0.434468159978406,0.801472669516111,0.450208063108244,0.175966867592621,0.0795435050619235,0.0402735275186439,0.0213819269646279,0.0111964219385994,0.00534909945786666,0.00199986786052232,0.000346050245818267,9.67694286045847e-05,0.00128485288831055,0.00422613084307994,0.00957144015820953,0.018452570172864,0.0327614602271185,0.0556407846348253,0.0922850100173086,0.15098128602296,0.242929682468283,0.36894594141653,0.478951128486084,0.17430565271127,0.399576823578764,0.154350208451594,0.0295501313858999,0.0863616751404012,0.381883963275901,0.663257487423839,0.80982503122488,0.861448037246389,0.874708401479764,0.87833848364419,0.881493397990333,0.882114259915295,0.870355166625298,0.831639920766056,0.754180162584548,0.639639931827378,0.507280365719728,0.382889188400961,0.278386363348429,0.198852821795776,0.141253062182917,0.100471084144978,0.0717795669658888,0.0515401499180227,0.0371624510658384,0.0268111480812417,0.0192876085441961,0.0139022604600946
0.00312861209748237,0.00412880037059292,0.00542999523752627,0.00715898964531122,0.00952585831170139,0.012900824455349,0.0179892667935169,0.0262800323390034,0.0413883981302476,0.0740453672579436,0.166936640942233,0.520355912048267,0.449963336402734,0.110518810773488,0.036406879551884,0.0141627681538722,0.00555008155353963,0.00183053488216956,0.000319040676644225,3.32485771657636e-05,0.000596089633493726,0.00189501179887558,0.00396404118714392,0.0069461751944814,0.0110927083524769,0.0167868900095528,0.024591589612543,0.0353276347522277,0.0501944650730736,0.0709447503561694,0.100102309090535,0.141102551683071,0.197810004539469,0.2713904078361,0.347609581226777,0.349399550463225,0.0906879656874662,0.316664585420453,0.427335526936849,0.374258487328223,0.285064915034513,0.203049526972643,0.134308220817727,0.0781918920660961,0.0338368653490686,0.00690609222415026,0.0104062022625239,0.0843348681656019,0.276696218956324,0.550221077420721,0.747111000635615,0.810145395913805,0.803245714710163,0.780332260342694,0.764232694661645,0.759479967302313,0.767050401927204,0.78545000003525,0.811550794283989,0.839822048105693,0.861155734292658
0.036572482653756,0.0522521641149703,0.0758380164509146,0.113083187151685,0.175498639483942,0.286795110802802,0.489307051554074,0.784448450990284,0.87385892957612,0.598029257685823,0.339920987056524,0.195085168699052,0.117079944226141,0.0726306442486346,0.0456054574604331,0.0282682432007938,0.0167301069107147,0.00895208690869095,0.00385950210176178,0.00093783324209842,4.97247347408025e-05,0.00135712298988595,0.0052666948635344,0.0122160271239592,0.0215170949290465,0.0255257481884346,0.0111198324836086,0.494199335377184,0.690674320520908,0.538957402031805,0.240964080856845,0.0660441582785074,0.00606370816157664,0.0154916595146325,0.0808911285908534,0.200922833150522,0.366634980721063,0.550330821715415,0.71012114398376,0.815859123333272,0.865737180166468,0.87688379494406,0.868852073657775,0.855756305869225,0.845757879880049,0.842660064413628,0.846838281510601,0.854559208199779,0.858229983872336,0.836787404620384,0.76101968161419,0.632624604040435,0.458404662072495,0.293055540720298,0.170523289026148,0.0931528711454153,0.0489277074266424,0.0255038417499498,0.0145553864365876,0.0125113010218346,0.0305337137273178
0.00857934761842613,0.0116166420503696,0.0157631352685736,0.0216006499407868,0.0301722167233369,0.0434988946096101,0.0659032695539741,0.107875218033002,0.199010502440398,0.42835027063781,0.800309802578248,0.496027386659674,0.191852633750777,0.082991270899897,0.0397665964670578,0.0196799914579972,0.00932746996453116,0.00377344666601785,0.000971299864371544,3.47976587920303e-05,0.000626983158163953,0.00272764909573175,0.00655057056656828,0.012532009753566,0.0213625190750583,0.0340525021666574,0.0520270846789492,0.0772411573004716,0.112292174350656,0.159957087936819,0.224481440617029,0.308146077705201,0.411219980282231,0.52853333853894,0.647355388770683,0.746791287197404,0.758601061445013,0.846975900264039,0.832004207206063,0.427241761625645,0.823642621716393,0.883515463896013,0.888191215142001,0.887205434218871,0.889564598638677,0.894502557225649,0.897057981011369,0.887713569586494,0.85624820551139,0.79216973285395,0.692634777892422,0.570031496282493,0.44408803661292,0.331421731945676,0.241975103416711,0.173311674756054,0.1230029957552,0.0867417340565478,0.0610707656033022,0.0427722740844241,0.0297243576810572
0.00364311537392644,0.00486438425788381,0.00648704208218523,0.00869642313596443,0.0118083184706531,0.0163984262551504,0.0236108267146786,0.0359943586251039,0.0601946596658967,0.117853452186225,0.300939429987514,0.715417975265183,0.294653308048626,0.0900823598439879,0.0351876076113698,0.015405534636402,0.00672587381318174,0.00255132641183146,0.000609856496191692,1.96816180346307e-05,0.000453600510466278,0.00186416971001437,0.00439626294246519,0.00838178961641413,0.0143897275720825,0.0233368267752649,0.0366873838357604,0.0567949954001193,0.0874537385461227,0.134632613802245,0.206667364636803,0.309741995333718,0.420553143592301,0.356257657485883,0.178136364628413,0.358125083997931,0.266837086041109,0.159364377306338,0.0634015105616305,0.00883081629016642,0.023645717679341,0.159530421980737,0.422228036769103,0.676608113333056,0.807288301462611,0.843816335615286,0.84612640497051,0.845359771440571,0.851098648138187,0.861661279693314,0.867297209603352,0.853072821585227,0.800096812666109,0.701714676848147,0.571669189926935,0.436912695158533,0.319468054805461,0.227883699713025,0.160805272961018,0.113224436617608,0.079959950352588
0.020595887074007,0.0296375020524573,0.0433618749587651,0.0653013853742801,0.102837600779058,0.172782313960292,0.315184691368836,0.599946296252817,0.875344015089749,0.649684330081202,0.348656923717466,0.191751151378257,0.113991311047158,0.0718498285476789,0.0467525040362478,0.030553708302573,0.0193863871694011,0.0113025783329257,0.00535640188590286,0.00134889385135045,0.000232047677131635,0.00662049149017203,0.0437663499489833,0.171057628929095,0.0302246442400402,0.0416289894280849,0.00950094819143579,0.0013350282321135,0.00146337104859701,0.0126619042336077,0.0414703667346323,0.0997582033910773,0.203391016766049,0.361026177271115,0.550493397773721,0.716090914795761,0.817398066854069,0.861092305206261,0.874530469452124,0.877324753923177,0.874507652290137,0.857949436088668,0.810145656213023,0.715557756204629,0.579108534283498,0.430021472870515,0.299442164509247,0.201011459740761,0.132454117244561,0.087459275457243,0.0578934683083541,0.0384907866159042,0.0256680895596769,0.0171149387673495,0.0113596702046632,0.00744590699689093,0.00480553810760278,0.00301847770101405,0.00180157232329866,0.00102171611981545,0.000530294166669783
0.00886800718322455,0.0120820737797373,0.0165249064243224,0.0228773417343524,0.0323888796501767,0.0475518173620428,0.0738940814560982,0.125445437304583,0.243519818373472,0.541557653034611,0.797696980223413,0.387620366871436,0.156446286682642,0.0722917752428891,0.0366626887369649,0.0191814079779372,0.00972583193074102,0.00437304927266784,0.00143104939212621,0.000148258716487008,0.000243170899852148,0.00172898108247955,0.00486727705509787,0.0101977439393751,0.0186309865611582,0.0315932843262641,0.05111761635392,0.0792128618793023,0.112741671808157,0.113754422204496,0.0555969080470141,0.500770104322155,0.499100517557061,0.331176265724346,0.203032515993284,0.104855478895924,0.0441131358003517,0.0104624924633801,0.00174244964533946,0.0235943037835245,0.0792138445694893,0.200190723331769,0.381790357161735,0.587811275937307,0.751513493720593,0.836597027485594,0.858919177413704,0.851033757157442,0.836251487953192,0.826191082190688,0.825223781958725,0.833788386967353,0.849343691406338,0.866054520922886,0.873661452954987,0.857598317903186,0.803352451217463,0.705911453847336,0.57623614122961,0.444239873315064,0.3235012500212
0.00605617098222381,0.0081746106722931,0.0110551171640756,0.0150940634282334,0.0210013542095312,0.0301527551688555,0.0455001102119632,0.0742921489187394,0.137814967090511,0.311367958687421,0.726698868679261,0.489715922625915,0.16977011795383,0.0699546069213691,0.0332671580519022,0.0168369426724724,0.00847085207622353,0.00391006998955389,0.00142416359990702,0.00024840265556849,5.12886514080825e-05,0.000733464010781604,0.00235263828631802,0.00510704586422889,0.0093553097608714,0.0156674400699531,0.0249039614954609,0.0382937311938721,0.0573439272159829,0.0828178186039338,0.109552606266166,0.106446891204477,0.0273094849778068,0.196834230813051,0.353241006761051,0.31316185713904,0.232026951558539,0.161207860127551,0.114379526708172,0.0770799579018149,0.0500534176874047,0.0301419738283734,0.0155518516392144,0.00563640161387422,0.000818597151590582,0.00243073616142533,0.0131690906617537,0.0409706162222521,0.0964255339137367,0.195140819842466,0.34884812912269,0.533189559069789,0.708849194964676,0.80172367148501,0.82923704010854,0.8053808178646,0.76654824332322,0.729650908724452,0.700767341018313,0.681332576827224,0.671098063747414
0.0229268415971697,0.0318863238024356,0.0447501184352898,0.0640026596468546,0.0944377702033772,0.146039744171034,0.241043724536534,0.427044746681308,0.738657656411617,0.846171826949517,0.527050589729596,0.272471947734078,0.146613063848016,0.0837821142145875,0.0496913087999954,0.0297266025172266,0.0173608322809456,0.00945857505782913,0.00442802727613108,0.00144894211922716,0.00013009661434286,0.000353097364631168,0.00220547063440444,0.00596232817315664,0.0120985990665305,0.0213203644128211,0.0345913240801491,0.0530553020364145,0.0773750946451692,0.103678670974796,0.0950879752757681,0.361039709866817,0.64959976962564,0.55687506882578,0.120070741138388,0.0190582546261836,0.137695309279861,0.30703822143763,0.482304351942141,0.640197880928745,0.763970557336365,0.846274850439962,0.889386508630243,0.906044480658354,0.904658255448214,0.894982488959067,0.883642497086441,0.874672810564303,0.870252199447715,0.871200912083745,0.877192805102289,0.886648451002702,0.896155190392844,0.898852888982731,0.894380953202027,0.866017789115919,0.808069257272402,0.718544801556694,0.604466835833168,0.480300914918033,0.361201367535423
0.011524974781086,0.0156895403019148,0.0214381961231716,0.0296444051598772,0.0419065139975879,0.061395276053271,0.0950658570846909,0.160129722614344,0.303867829041522,0.624366386909903,0.802713147205796,0.407257047398415,0.174259541314475,0.0825915057622757,0.0422467888148313,0.0220961141427556,0.0111339618781193,0.00494863515527589,0.00158934373650143,0.000157945058547565,0.000273216912428201,0.00185224647553947,0.00502255418362623,0.0100962128944849,0.0175789853510321,0.0282034706761143,0.0429807567112457,0.0632641813101347,0.0908106056123239,0.127804971781895,0.176749148857467,0.239922361978627,0.319569722884861,0.414499606993386,0.51783519116408,0.575907999105929,0.746017923545357,0.819371462563175,0.606177126013807,0.863155752862993,0.903662442837496,0.90857053584049,0.902005585785642,0.893103478903793,0.886366353008996,0.883742781999559,0.882481034192659,0.893135614074321,0.900435108452859,0.902374263634629,0.890916878526743,0.856581857932146,0.792098539335143,0.695530449013482,0.587349460220523,0.470534238091619,0.362549931644839,0.27163259674527,0.199592414816025,0.143671687982558,0.103093345601496
0.0103317456485774,0.0140362476031403,0.0191315369815042,0.0263748717159959,0.0371462632254031,0.0541721244704406,0.0834153441995212,0.139668538191043,0.264673756690667,0.562501470484817,0.812626610790579,0.418185096074215,0.172108892964473,0.0793619378845169,0.0398360455264926,0.0205088168330253,0.0101542247038554,0.00439085459257893,0.0013215653356955,9.53069111654157e-05,0.000375687044697044,0.00213442543487072,0.00558136776214922,0.0111661037727309,0.0196302443027099,0.032104248530345,0.0502316567216268,0.0762183002915674,0.112321496010816,0.1575992987632,0.191538134703132,0.111841211700641,0.265250302964248,0.589401081537812,0.525944315872341,0.371281118663464,0.221325000417272,0.108299424145109,0.0349723751633742,0.00370239289117983,0.0248258496174131,0.119806585989043,0.300273200172297,0.529124199486824,0.721337045047227,0.824513064661684,0.853619593730657,0.845866211031368,0.827846203598265,0.812823495643278,0.806176471697019,0.809191354843975,0.820585465942338,0.840365966787911,0.859238466020504,0.864457880341333,0.847249905195615,0.791035085950057,0.684761968293443,0.546106353977108,0.402941560083002
0.0195289826994524,0.0276637361223785,0.0397025252453052,0.0583827101222759,0.0892437521130339,0.144528934882107,0.253426559259949,0.479890533904458,0.818587984657189,0.754986643500269,0.410598439662139,0.213130635326568,0.11945995193909,0.0714726503495354,0.0443596703986359,0.0277399933608305,0.0169093042732824,0.00957683781855067,0.0045981241545189,0.00146044800997621,8.86405986742004e-05,0.000805426643737205,0.00427272976970416,0.0104028383371695,0.00973161401851405,0.142730246095818,0.535766140806703,0.331795577652429,0.126935130479467,0.0406114983019508,0.00730833142791503,0.00185232129617587,0.0198318204750862,0.0694991197359947,0.163069422022241,0.310130929041636,0.497176292039367,0.676226912335758,0.797781361707896,0.853617854420869,0.867932328975015,0.866723256664595,0.864918848582339,0.866362592328554,0.864792068838297,0.843129729603785,0.777031070739872,0.653093479018563,0.491581477931033,0.33581742458441,0.214851799326291,0.132739125069239,0.0806098122326583,0.0485377676468391,0.0290438732612258,0.017273252485818,0.0102410354653983,0.00614304030374092,0.00389034868090227,0.00293632582570548,0.00330579487632816
0.00321949917458404,0.00425334562248594,0.00560196494908066,0.00740033910242317,0.00987366304350804,0.013422126606463,0.0188161246214457,0.0277034674551493,0.0441571213340545,0.0805673705512728,0.187701676397279,0.57907498386163,0.400780198762931,0.102787553556748,0.0356233821053958,0.0145177070736615,0.00605603725709182,0.00224904496568786,0.00055846638029776,2.2454145817305e-05,0.000245439474192516,0.0010742939274218,0.00247941265417128,0.00450827647927604,0.00726884631312868,0.0109275874112193,0.0157166252071868,0.0219485270291265,0.0300391860558132,0.0405404661915869,0.0541849112625492,0.0719445383240647,0.0951031928537291,0.125334025039559,0.16475390460667,0.215881737991898,0.281065512909614,0.362850196668619,0.458420259465019,0.567747021228927,0.66766751493672,0.6625127105203,0.828153495990115,0.841319517700611,0.636108810220016,0.419948676726623,0.831213682444991,0.866045841628948,0.855933412675512,0.842469113597881,0.833944314316584,0.832553037535761,0.838460739174525,0.850600341127409,0.865923181471173,0.883508875206078,0.895291377737956,0.893272836012649,0.869751368601711,0.828646048034906,0.757149608332164
0.00745662871210858,0.0102391771333528,0.0141308159080495,0.0197657484558133,0.0283185522033173,0.0421575912110805,0.0666078729555458,0.11543534669078,0.23029229952811,0.530216398205559,0.7914012455502,0.380692470823829,0.1569668639006,0.0752886933328225,0.0401127693687911,0.0224153283889674,0.0124886410422553,0.00653585169123046,0.00289834943708523,0.000827131492964007,3.77526637660533e-05,0.000554566210935181,0.00269567372518551,0.00717070581147413,0.0153376868972996,0.0297687918275931,0.0554921499159568,0.102703708426317,0.191636025355128,0.347862289796644,0.483644287862925,0.177693822452176,0.0908446587877636,0.0614668590208621,0.0138339562572272,0.00295220789107233,0.0408133048300007,0.144572286228875,0.321228391920622,0.535082594040765,0.714306461626775,0.818380742161063,0.861664316138043,0.874988022927778,0.878970998700845,0.881087894212231,0.878845312803067,0.862310157373187,0.81773195691277,0.734367204298717,0.621114388693544,0.493374787474965,0.373330515870485,0.274034083920992,0.198197078521987,0.142767768604971,0.103055601052267,0.0747581644830275,0.0545457198614566,0.0400288286407443,0.0290664771822628
0.0660839209456798,0.100078157136837,0.155831353931003,0.251907334725552,0.421319380339233,0.687987905151669,0.908305621390045,0.797875485862711,0.530277994986794,0.332893533701259,0.215413455833048,0.145572973263117,0.102040323209014,0.0734505079320716,0.0537898417656284,0.039774570593822,0.0295798218714569,0.0222707529912727,0.0177290692551646,0.0179004724950627,0.0444858792117951,0.315572658806897,0.281618926505311,0.163830690024016,0.00537967436428226,0.00471456641313303,0.0261945149040768,0.0670672739676445,0.136220576138438,0.244225662952981,0.393717394676915,0.565317711092655,0.717975044116139,0.818528836659985,0.865996356847186,0.880402907383968,0.881355231179944,0.878440872280418,0.869194108356766,0.837784087821663,0.758174866287483,0.615591024650661,0.436785633234678,0.274684665140667,0.159206659028709,0.088051190507385,0.0473365025364731,0.0248557612171169,0.012708988836273,0.00628718628614707,0.00302534322477096,0.00146560985207198,0.00081468917793245,0.000694236736348047,0.00114839701523923,0.00309776718370475,0.0107533154164949,0.0431334366464787,0.187495502837998,0.402700047796163,0.29057717691102
0.018330160771249,0.0255079704595471,0.0358250033698083,0.0512941785820355,0.0758360340110202,0.117775729767125,0.196487241069485,0.358722180269313,0.672360856859028,0.852287330011808,0.521972091388779,0.256008469507872,0.133105733655332,0.0745324964182869,0.0436295754352809,0.0258395188955206,0.0149393478217311,0.0080260585409801,0.0036591935908252,0.00111568875277705,7.0332471506852e-05,0.000456994683812908,0.00241758547477827,0.00630339674385393,0.0127191139230785,0.0226148268703519,0.0374436448968569,0.0594100510169962,0.091798452668015,0.139012232881466,0.202099297866471,0.252753707754713,0.192087440347968,0.518549029978717,0.172713026781006,0.00882375378889133,0.0807889723341383,0.247166871104429,0.440836231998133,0.620274212278105,0.756312498102989,0.842856578554368,0.885728779721207,0.899212148532172,0.897691617901554,0.891146117778824,0.88554709047643,0.883829144309938,0.886663073302058,0.892719239372124,0.89790403065309,0.898825581498688,0.885781656983743,0.849790013218937,0.785063152331336,0.692522224287874,0.581572382493241,0.466449410471571,0.35996954108014,0.269561730650604,0.197173769419152
0.0606973924347223,0.0896457961435995,0.135291105514515,0.210657895584241,0.339743068803096,0.554764899563126,0.824018912155371,0.89803383386931,0.676687147505029,0.431702444316425,0.271951444263333,0.176793205669561,0.118711985117511,0.0814801615928906,0.0564137682186826,0.038809188435164,0.0260382860704873,0.0166057433779027,0.00968191023181059,0.00486270884702667,0.00201072798408637,0.00121821283126532,0.0169233608773635,0.321760225469823,0.394608687927871,0.313284839344101,0.0104108391300385,0.0302701418412041,0.116228318720343,0.251181334117314,0.428535332231529,0.61474159801947,0.760367612619528,0.841130819156541,0.870110075791453,0.87330893806072,0.869613103200834,0.865584703703789,0.853913151085635,0.810174832600331,0.699758971808892,0.518527655771881,0.324430783667266,0.178481013260343,0.0910610861100946,0.0451235516967197,0.0217953562247465,0.0104757396611254,0.0052117909660291,0.002925682763427,0.00222206915564654,0.00270816256811618,0.00510581321046654,0.0125616504958078,0.0357113403338548,0.112631120896834,0.336407086161944,0.527411476047906,0.414096710702156,0.301319067585646,0.239193129391374
0.0401279698753409,0.059210185739412,0.0894006004287705,0.139957417807001,0.230236332645584,0.398798171124003,0.683347590662682,0.905256334357661,0.726552705708592,0.440899988237022,0.262375228326517,0.164253834526884,0.108063729960617,0.0736109408179259,0.0510654940975491,0.0354479923168645,0.0240914317618568,0.0155057943326533,0.00886653357150674,0.00382365936603689,0.000611809575834091,0.00100941723488221,0.0139172255037508,0.0322915308119674,0.035144719838682,0.00323216560379255,0.000403136655670038,0.00411275678523741,0.0182280739312789,0.0472831447125587,0.0972875345052763,0.177277411137694,0.294119796561291,0.44367381025021,0.602827317491772,0.737579417980496,0.826564207315956,0.872275480211839,0.890280129081345,0.895341302474543,0.895547630538434,0.891587526703817,0.877147777793646,0.840207955704799,0.76811041306043,0.657835379945543,0.523612720237085,0.390100189730677,0.276682483981015,0.190969228904581,0.129516728442831,0.0871921729406764,0.0584635598694773,0.0390279767915748,0.0258568225861848,0.0169053704985296,0.010814846124417,0.00668495385216719,0.00391761659048837,0.00206384001975597,0.000942446659028897
0.00512890117461815,0.00700570407090676,0.00960234563487637,0.0133105142664941,0.0188393337158736,0.0275803936593071,0.0425648763128223,0.0713767186204309,0.136797959597695,0.320519117509987,0.732031102892564,0.46689273889348,0.166986314403958,0.0715524992807607,0.0352388508315644,0.0183682730807151,0.00942045824295231,0.00432002692029313,0.00143647527120559,0.000138849024730776,0.000346250719878935,0.00246065157081415,0.00757770421775785,0.0181434802220848,0.0396683277099013,0.0851457518908174,0.184281423722592,0.37158014821403,0.477472586979556,0.0711243174827897,0.0456111180552777,0.0459991331506258,0.0263209486893598,0.00949972466906086,0.000898257111137811,0.00606407639269511,0.0371256907392872,0.116929181849145,0.27208561248224,0.491370630282106,0.691158688813904,0.802047823062242,0.840665003416281,0.85038441510955,0.854480448237094,0.854084824099969,0.834249884450017,0.77071562442629,0.659040907482804,0.515103387578528,0.373215051014224,0.258532976365131,0.175836160999803,0.119413874378846,0.0816544456648545,0.0563801494699914,0.0392993521499751,0.0275831843843456,0.0194560776220536,0.0137259946965665,0.00974289848471318
0.0467641687787025,0.0692354664201547,0.104936844878092,0.164880725388608,0.271499567920481,0.465126817157788,0.758552483984624,0.906796103573968,0.682488850003404,0.414607919232288,0.250250165788051,0.157931145330568,0.103838131655041,0.0700586434924195,0.047657984519766,0.0320246425666124,0.0206746015526486,0.0122496192528298,0.00606334390661454,0.00192138481388905,0.000102921760681285,0.00137201529828311,0.00576517333529224,0.00702972549143951,0.447517627379644,0.148080203288268,0.00358818985354376,0.0527810544472161,0.163808385665064,0.330107833890499,0.527474406711435,0.702515053671626,0.814980319946374,0.867571940009369,0.885212090640935,0.888530844418722,0.885475200322847,0.871205797489953,0.829408370022605,0.739770868272306,0.598427804575032,0.433768316746603,0.286552845798244,0.178065083549836,0.106979067672426,0.063143650796527,0.0368376422976344,0.0212299347533315,0.0120319318771991,0.00656155500114092,0.00352636471280778,0.0018233425689437,0.000907292308045189,0.000464835402233763,0.000293002103474658,0.000310527469024998,0.000621679207856115,0.00183565803853298,0.00644474741189438,0.026063991044385,0.124053947014466
0.0372251690817088,0.0544853542712197,0.0814477805544949,0.125914207408399,0.204054012607498,0.349058856737439,0.60663552858477,0.878665308279105,0.783641915753748,0.486876499339995,0.284513536002062,0.173383559127744,0.110843625206223,0.0731878526396581,0.0489545160299762,0.0324503309102212,0.0207066126432218,0.0121355926168863,0.00593630221755363,0.00185158769216994,9.63857275584176e-05,0.00115861027641584,0.00326369882334019,0.0513365418876099,0.5118926625581,0.271874106491951,0.0210530349093745,0.014074818782983,0.098008582854082,0.264226116694964,0.490274870823039,0.694250468800038,0.810139494586439,0.851261527295316,0.859170538215553,0.857200292784933,0.843076037807594,0.790994184396462,0.668382319227477,0.484147814083319,0.301953272475083,0.170658668898605,0.0920093792719586,0.0487294398000322,0.0256474960755397,0.013456912071326,0.00712282822259845,0.00382287187603514,0.00214728201854032,0.00135937828638219,0.00112155521947642,0.00130104756978065,0.00212568605826176,0.00430822739897288,0.0100297775248919,0.0258972840632317,0.0745120653120419,0.22963074150807,0.475736760867541,0.396196755228286,0.260945989137149
0.0711530156576846,0.107886512797206,0.16814252157782,0.2715220025586,0.450847530859001,0.720246107397623,0.915796088259418,0.787148841717895,0.526125203553692,0.334385540505539,0.21839951800592,0.148331248413615,0.104080826525713,0.0747078589404773,0.0543235670106204,0.0396692998262511,0.02891186317333,0.0210871260940128,0.0159855129969465,0.0151063426180885,0.0357714025565114,0.317479970453402,0.278565467300777,0.255057562488809,0.00802269081172603,0.00897693017541439,0.0456041293749571,0.115307098879462,0.231947837912318,0.400840580809333,0.593362682711878,0.749723580992633,0.834202496361616,0.861731058362718,0.863914387871393,0.859503463334512,0.846354918845903,0.798227252718819,0.675258124795093,0.479010957137021,0.283298118665116,0.148110860352948,0.0727926185596233,0.0347985268394722,0.016263811404708,0.00763082511215312,0.00367850073022965,0.00196817889793132,0.0013648582473475,0.00158131475586011,0.00260996440963745,0.00567261199870182,0.0140840033566275,0.0378672562773623,0.109160936602571,0.308132270949791,0.546329044682057,0.474861240717177,0.344548232571166,0.265442912318041,0.22158372904416
0.0385804605659775,0.0571840502412499,0.0868234954803738,0.136876022403091,0.227171307536231,0.397736471121584,0.687560763689357,0.904984472693793,0.714347524420829,0.432104998391484,0.258984437883767,0.164044720766353,0.109539389366796,0.0759991832287894,0.0539716068762401,0.0386607694421092,0.0274888406036839,0.0190073963746813,0.0124064888179293,0.00733332622184852,0.0040523958284632,0.00906724518496335,0.206008283872408,0.051910197922294,0.00740798650768873,0.000327012911805073,0.00307124037008318,0.0148516920003522,0.0399403703180355,0.0865403630343696,0.166335758975372,0.290003491274648,0.454004881271656,0.62673996624589,0.7627390277316,0.840945589241879,0.873615937892997,0.88305825177056,0.883989549645647,0.879411229926163,0.861001178297435,0.811548796626821,0.715063956118015,0.575385905369709,0.422015705797488,0.287904502223799,0.187855603925547,0.119845903747509,0.075995292155362,0.0478932414446593,0.0300578753928044,0.0187176897881398,0.0114872684359629,0.00688064744249567,0.00396643392591019,0.0021583928015426,0.00107493639551035,0.000465677155951903,0.000168484160197983,4.12378465234251e-05,6.50829974988557e-06
0.015813910401337,0.0223843233769015,0.0320748752498024,0.0470173280011174,0.0714587952481626,0.114659128316274,0.19877119965465,0.377608177606229,0.71022053852462,0.812823849478999,0.470827922589225,0.237243233629239,0.128322948352561,0.0743481703869689,0.0445957568561444,0.0266521370218937,0.0151122447678761,0.00747291163596755,0.00261497250363195,0.000247356044752118,0.000788057087379144,0.00554817105481315,0.0172697286814246,0.0411881063747098,0.0868076544021445,0.169445372050775,0.306223649908,0.488821015827048,0.531753108496533,0.668577719409318,0.248596344349613,0.76684860187711,0.850711570429039,0.865488665918878,0.861775041957985,0.83174211578799,0.752091115151273,0.614253266902284,0.447789815580549,0.298106379492371,0.188246468852293,0.116316762581893,0.0715921524739342,0.0442291126002108,0.0274722142962982,0.017131989356301,0.0106954598598899,0.00666116449161938,0.00412218770699247,0.00253069237926056,0.00153968946705854,0.000933969296587761,0.000573063374554206,0.000369719153321759,0.000268344820122681,0.00024409740799321,0.000300335187737475,0.000496276475569459,0.00102044036191648,0.00243623483494294,0.00664306489474466
0.0218334438383104,0.0319732200202912,0.0478920588733802,0.0744771035478904,0.122611249325961,0.218736342573572,0.425404467267782,0.778735883219438,0.804518825062052,0.463554509770091,0.249878278944955,0.147328544015586,0.0947447274652938,0.0650738009880457,0.0469604937663345,0.0352638954402906,0.0275009945373177,0.0225224039477172,0.0202137608255912,0.0227388284884802,0.0477566533024874,0.273972822402637,0.257395026210333,0.0381324324078338,0.011970389894048,0.0039222342945327,0.00109517449933333,8.83419641571183e-05,0.000302405344227194,0.00174140072066541,0.00471586774822991,0.0098204309197572,0.0180674271787295,0.0314263206645396,0.0462845056105558,0.0696305712672862,0.109623284792296,0.171052585604312,0.255467185799949,0.368490949315102,0.505641232713745,0.648066124037622,0.767185690259615,0.842572665107018,0.874712829689931,0.878833880101689,0.871735633721662,0.86481736781339,0.862295235551883,0.868910052322017,0.875384564351196,0.871829224589772,0.842135965515875,0.770637645423887,0.655179664942459,0.514515059774179,0.376970404922128,0.262113424093635,0.174559269324359,0.113363292797181,0.0834818678484297
0.0164631908373531,0.0227010285126897,0.0315006046203625,0.0443667584427852,0.0640973129448697,0.0963145350560366,0.153352758735308,0.264328323409911,0.491370871570678,0.814545074496271,0.714093677664054,0.369164433008407,0.182053687215595,0.0958119155571684,0.0527218711290055,0.0291112944097612,0.0152998360850182,0.00701533607363787,0.00227685635320035,0.000206684138144754,0.000558288905826597,0.00354415116610115,0.00981487169324904,0.0205375780429189,0.0375562909556057,0.0636168076498018,0.102539717662094,0.15895670034661,0.238588129275429,0.343709120294653,0.469253258589903,0.583255080782749,0.733546230036155,0.827925993281619,0.810434747410179,0.888243043502494,0.896284271729755,0.893239175253814,0.889604434479362,0.888405583173056,0.887179725652891,0.877081109622103,0.842191732497679,0.764083928891659,0.6368094631368,0.4809058435625,0.332221762249791,0.21521017057832,0.134039261883904,0.0816495398386005,0.049069800225327,0.0291781088649434,0.0171494836988751,0.0100612373041539,0.00605142351262433,0.00371404212109611,0.00257406972423304,0.00232244338953772,0.00319861437412423,0.00679569709197125,0.0230071234702089
0.00701436237716787,0.00937573512906167,0.0125262697258663,0.0168385121677109,0.0229513881505179,0.0320389390983502,0.0464547626248887,0.0714784079637825,0.120813791750153,0.236609150413075,0.541639437324985,0.73347374998522,0.297750098563832,0.109559050571356,0.0462799258266535,0.0207157840239396,0.0088996186876389,0.00315609822732496,0.000601786378102093,5.53343057337534e-05,0.00105653237020259,0.00351629747227429,0.00759042280916776,0.0136491086051887,0.0222997620850313,0.0344509556376565,0.0514170453020995,0.0750634183236561,0.107974369432058,0.153560628323499,0.215839785300986,0.298174953681894,0.399327273575334,0.503149143792528,0.544596156255721,0.23140193395068,0.504641336257534,0.594429923985388,0.484423243688418,0.310326886684208,0.116891561632236,0.0236340327548253,0.269329923790844,0.641838818743491,0.799582328377198,0.828568241124215,0.823365824225123,0.817121207975308,0.818969183037598,0.82971921594256,0.845439215711836,0.856585261273517,0.845669910971626,0.7935606473838,0.687361186682488,0.539735042504433,0.387432554032425,0.258999317291316,0.164969135154113,0.101928429876098,0.0617405955243315
0.00446330103220612,0.00594692406876284,0.00791244976010741,0.0105809920588147,0.014328942927974,0.0198411969152352,0.0284741784548697,0.0432307615196517,0.0718440694795828,0.138810199308608,0.34053388623179,0.750042718139563,0.332684693985296,0.107833170170846,0.0436105219757048,0.0198694746892536,0.00925628402386866,0.0039968266274432,0.00134767090659162,0.00019804007540583,7.64321040392916e-05,0.000809110209418702,0.00239214696599207,0.00494679362924981,0.00871541587509419,0.0140850646685999,0.0216388349927068,0.0322435504401229,0.0471891692503656,0.0683960092439307,0.0986704409282995,0.141778011869567,0.201060983508815,0.270066983788797,0.277366878810493,0.127354942634478,0.528964200250446,0.455465599946274,0.277082833916445,0.13775364250382,0.0432213699272319,0.00413116861195649,0.0269232962545686,0.13000087790002,0.320512123052209,0.55269469946575,0.73899958841691,0.834936183806368,0.861076422467841,0.854374640244506,0.839505588237305,0.828195881918717,0.824045518223588,0.82854509758192,0.844398330335397,0.862371205607203,0.87840523090741,0.883759184060333,0.867420326459825,0.819682752677706,0.73778962299386
0.0062122629337122,0.00836085630295955,0.0112620014538156,0.0152925316758271,0.021115995057063,0.0299914029636513,0.0445473794550555,0.0710082393239851,0.126782861241076,0.27067221232272,0.65346668920982,0.5995310693997,0.20947595684307,0.0815862049358047,0.0368018945025898,0.0176006542075144,0.00820851073155219,0.00333545231621393,0.000907739658117683,4.37738030780876e-05,0.000385345863682948,0.00185022539316734,0.00453896715242653,0.00870865020555522,0.0147829251599873,0.0233882200200142,0.0354140717139002,0.0520978657134247,0.0751308952567779,0.106769648459785,0.149909851277916,0.207836560094518,0.281331728204014,0.376806203689238,0.487680454920064,0.60144435748566,0.652548775055096,0.804110202371928,0.84389808515398,0.486676526770069,0.803302509474515,0.884393481319641,0.887529625523503,0.88091797074453,0.876272767796921,0.876369739782398,0.879700061698107,0.890644147567227,0.895698779337384,0.887907054716594,0.856505611664394,0.793022960279165,0.697401656157326,0.583565527547226,0.465806100977714,0.359124494657203,0.270731833635515,0.201556859476822,0.14918082783749,0.110167447987836,0.0813396439887082
0.0122432051234431,0.0168422733861565,0.0233081397534892,0.0327313545608636,0.0471462354271924,0.0706813042043001,0.112625423342835,0.196429906733746,0.384312894822272,0.743693749002211,0.729718329232523,0.346190912005102,0.157120454473566,0.0784033679919601,0.0414909404236263,0.0220962261141741,0.0111151837531934,0.0047456479795277,0.00129536193744802,5.06528665533215e-05,0.000853097287505642,0.0039631692523033,0.0100758373416457,0.0204567499593652,0.0372145196929474,0.0637359247464779,0.105210229433887,0.168547625206176,0.257874502469347,0.343275180113903,0.166904148243939,0.622451406585357,0.544282539998134,0.251268133068061,0.0254079301591277,0.16206369695822,0.530333007615278,0.762822548362004,0.842536265240762,0.859296305908901,0.860722285339973,0.862676258631916,0.864878270473267,0.85514619109711,0.810761885078455,0.709804621365964,0.556891576361103,0.391134171278544,0.252707279726175,0.155400203918173,0.0932882323649786,0.0554346808879536,0.0327322827960435,0.0192666936275433,0.011353393093616,0.00678837361022622,0.00425524368810867,0.00304961852354676,0.00287917407640458,0.00421451840257905,0.0103122583973254
0.0678242626751186,0.100038409592335,0.150647317031211,0.233615331637292,0.373515465568593,0.598094444299052,0.855131581211203,0.893674759532799,0.663667775820272,0.424742645390076,0.268498628008074,0.17432076023415,0.116258584721191,0.0787850717282677,0.0534642898743613,0.0356767905745784,0.0228271061124205,0.0134420620783073,0.00672140005549556,0.00231587411758862,0.000213972569993152,0.000622849869704774,0.0034734910787312,0.00536553006163673,0.0956296033472182,0.204002574389239,0.319954913754797,0.0946896997413265,0.262001073608957,0.429530342540946,0.596779434099318,0.736418193164684,0.829450813429687,0.875220153769622,0.890061926413195,0.890456684989834,0.8858417693263,0.875778026963775,0.847034225029101,0.772618204218928,0.628893466936559,0.436344637328474,0.25842790125117,0.136262213022284,0.0667534888429025,0.0310964186874675,0.0138992684592,0.0061241633493438,0.00276975013932783,0.00155744766035246,0.00148466056319517,0.00269938886585409,0.00715981447754149,0.0213050772305974,0.0701868852154141,0.229810544055681,0.508000398895362,0.504024407430263,0.379515604693309,0.297654014289534,0.252374425787962
0.0686205671335613,0.102303049105939,0.156120133381491,0.245965583302651,0.399525505147253,0.642368412189127,0.886434417690556,0.859755888464774,0.608335856471213,0.386728442694999,0.247419768467038,0.163573523689957,0.111382249972791,0.0772746184602707,0.0539204565055222,0.0372819400413952,0.0250677102409236,0.0159609815332091,0.00923213733467155,0.00453615194545897,0.00176715975678108,0.000980737893835311,0.0184637635384054,0.244273719417926,0.313647549096811,0.127277114245887,0.0199263230159984,0.103905525004561,0.22990065841996,0.39619717007429,0.579091533796786,0.733551605893538,0.82841040517446,0.868501333790153,0.877448924196031,0.875096851772452,0.868787431322579,0.85043759550711,0.793889664361115,0.666557295781514,0.475323827014268,0.285907751994554,0.151981083023655,0.0752473690354362,0.035786658849516,0.0165211463921465,0.00754029494875859,0.00352910398893608,0.00189400459840163,0.00146331485555561,0.00194601416462055,0.00401095507984814,0.0103974006107428,0.028260510551268,0.0869253727184217,0.264534350693859,0.528565262418594,0.494362227098762,0.366594350715809,0.285490302246317,0.240263951780837
0.00486200251830165,0.00645932628426963,0.00856822623494305,0.0114235032775186,0.0154272207710653,0.0213169727002098,0.0305703841816119,0.0465133709784271,0.0779258942725252,0.153658194621579,0.389948209475257,0.737075234994992,0.267141496617111,0.0864008001298576,0.0346070765058709,0.0152649876788345,0.00668442274758291,0.00256816204517959,0.000657919669125005,2.82421951559613e-05,0.000278984561523328,0.00125137644683841,0.00291667945544618,0.00533059245724616,0.00861636166986279,0.0129626529139266,0.0186309611642963,0.0259711342737432,0.0354455772567856,0.0476639311406692,0.0634306641853347,0.0838075207214644,0.11018933022822,0.144380670050167,0.188631243929265,0.245513778152623,0.317348112927172,0.404404758501894,0.499391735334649,0.561515371178533,0.380157973340275,0.737504820632893,0.67146462693851,0.349542811378034,0.0560609067150885,0.300682522733695,0.682981669155091,0.835879253181689,0.869660409831718,0.861834521713854,0.843104609087256,0.825182713576336,0.811962958731342,0.805868906510458,0.807690800661371,0.815702865523651,0.829252350769057,0.846348995048132,0.867242758826611,0.885737584019878,0.897893951734335
0.0223976834170424,0.032502974792281,0.0480411506570336,0.073224164746736,0.116904317043868,0.199150812808968,0.365555266329487,0.673028163267397,0.874081540443376,0.605925908858023,0.332033393743162,0.188067045028133,0.11389046685415,0.0722559599541509,0.0467213953378242,0.0298405045744968,0.01802507339705,0.00951504108967347,0.00359415112989003,0.000390473554981587,0.00111790180982786,0.00891118793748852,0.0308560697885644,0.0821722791300219,0.191799785744267,0.388307241498142,0.438716992198846,0.245405011978605,0.463432038982243,0.778219269239084,0.8472540854479,0.858596837240946,0.841507738217946,0.777651414256213,0.64887487134375,0.477844945930921,0.316873499673314,0.19767472672524,0.12043713683542,0.0732087899170809,0.0447901683962533,0.0276310191645832,0.0171589999468377,0.0106922322453291,0.00665928556375423,0.00412831169152344,0.00253729725069118,0.00154107034108571,0.000923904976155197,0.000548676654646574,0.000327369021434638,0.000203864122097018,0.000141249922113935,0.000122549900191957,0.000141857977162162,0.000219573327124686,0.0004177568552577,0.000895408939969107,0.00206606656787139,0.00511345415790994,0.0139843275117478
0.0603107467073636,0.0906850524084015,0.140061227606199,0.224563153531027,0.37437351781854,0.623409603330495,0.882810048689586,0.84193581408992,0.575447321778226,0.359190656917622,0.229385125242937,0.153057753745209,0.106123208183306,0.0756839159380173,0.0549837494749564,0.040375760771115,0.0298481624633861,0.0223579493852848,0.0176848700411708,0.0173885702556267,0.0362824889831173,0.305525725661708,0.37474652432692,0.474343510449406,0.0825045731078058,0.00702415233877792,0.00214747119017523,0.0192597721818143,0.057869969025979,0.127713760688788,0.241589192269927,0.403199717292187,0.587138633889992,0.740541545189406,0.827882630432676,0.858238296820398,0.860533756941356,0.856315506993599,0.851798392410373,0.83545073835108,0.775364787965604,0.637221134737842,0.439917471254426,0.25811817676404,0.136598283534831,0.0687667757395408,0.0338903645306079,0.0165931612422837,0.0082200224904085,0.00431084262989757,0.00265084482977241,0.00225719479084774,0.00300333055276814,0.00590160516822266,0.0148576636255388,0.0440795190616272,0.146922691684702,0.40824338839771,0.443504418105819,0.299452264513916,0.215903581746866
0.00493338088310591,0.0066033092060573,0.00883427064774998,0.0118935350878352,0.0162424222566276,0.0227350251847033,0.0331007514548167,0.0512807319720077,0.0878175663424942,0.17758218942119,0.451567039484445,0.722992512623255,0.26380963250738,0.0918008507347742,0.038726643496823,0.0178463192743466,0.00816783540587479,0.00330855725230889,0.000922696400297077,5.2864685693903e-05,0.000318860142946586,0.00163504714000156,0.00411230221920326,0.00804081016537246,0.0139230474155841,0.0225546785072492,0.0351663265331997,0.0536454368475231,0.0808281306952423,0.12064594061698,0.176875233872437,0.244132094835187,0.25739867951312,0.0860142632163789,0.481667137972401,0.467922800843299,0.328249048627435,0.191100513778086,0.0885470107140817,0.0249948639395686,0.00352875748355192,0.0396839612280679,0.169989944752259,0.396920163365583,0.63752187408025,0.789036568523321,0.84279395089466,0.84574963242014,0.835009353828474,0.827762642710309,0.828823094100847,0.841235058797789,0.857548082413405,0.869616378195497,0.863669754968361,0.823691781165889,0.740413797905496,0.621020018933468,0.487450893626615,0.362252506040329,0.261396874435357
0.0199530001631048,0.028576735565281,0.0415746542689436,0.0621881540879523,0.0971455619557837,0.16170692302053,0.292597758478458,0.560992837843043,0.866465623961308,0.677185285350581,0.362072539456593,0.196335109871746,0.115589861770947,0.0726188040738743,0.0474751151932341,0.0315482001143128,0.0208003713011738,0.013197140314057,0.00768121300849509,0.00374604928089945,0.00125304202389227,0.000213805989588931,0.00170306438777946,0.14854670136786,0.455670360646779,0.20388220683057,0.0665001324725107,0.0249344648271512,0.00730584598386108,0.000669304302610958,0.00223961602960006,0.0137183571277559,0.0397415356676978,0.0908053374465547,0.180142876987665,0.319444011997377,0.499756011295319,0.675807041347436,0.795365270284817,0.848363782346274,0.86075587941501,0.859857715712029,0.85939054921474,0.858840425654476,0.843529758171554,0.78667171669579,0.667362731788884,0.50170719909272,0.337702940929826,0.212262142551758,0.128753663888531,0.0770183995701804,0.0458640022533778,0.0272465948050362,0.0161297099417922,0.00951267124700855,0.00562467858977478,0.00341889034899975,0.00227095241358416,0.00191987192937433,0.00262882361674558
0.0640876917837355,0.0965771219136758,0.14950360242472,0.24018713215363,0.400253656444446,0.659298554940968,0.901182981383967,0.822054621798728,0.551289958946942,0.343457574868178,0.219645526132338,0.146566674938504,0.101350820251487,0.0718166321036251,0.0515519269057868,0.0370595694872641,0.0263620117784744,0.0183311515123728,0.012382165886073,0.00843178760397143,0.00776749101509647,0.0362023674830429,0.296310799919405,0.292488616402723,0.0142983136050055,0.00107594865330368,0.0138696895483204,0.041782549122611,0.089571158498551,0.16494315602052,0.275109167377793,0.41874494100206,0.577392006517109,0.718780893170383,0.817367140739937,0.87017573318955,0.890878685865515,0.895557615770487,0.894729965915701,0.891400499833713,0.880557150180239,0.848734260447892,0.777353638097894,0.656202351205469,0.500623018850318,0.346460438390761,0.222419110682904,0.135815225487499,0.0801825827440926,0.0460391563710671,0.0256059615019064,0.0136052429568112,0.00673392384665622,0.00297070870942732,0.00106871414190479,0.000255790336740658,2.40501695798374e-05,2.13335271699234e-05,2.18477283884539e-05,0.00012955034574833,0.00247070053182363
0.0241104773615649,0.0347534790133527,0.0509281862129204,0.0767531437617121,0.120663728647654,0.201133271735856,0.358459354581086,0.644945540314263,0.879524398582181,0.671763007307948,0.384237458729083,0.220262167704634,0.134220593021415,0.0859585743351201,0.0565522023957963,0.0372515021331026,0.0237748819830349,0.0139357182765596,0.00668086464976496,0.00180097532764093,0.0001984872638729,0.00522614784858817,0.0259943559724667,0.0448174349695188,0.214456943975763,0.104823822485228,0.0186538091333801,0.00251302492502894,0.0455746456387348,0.180444445527049,0.420717673055939,0.663462631675982,0.794516745591201,0.836157780418365,0.844592069837475,0.836215095569756,0.789956862066257,0.673080629905628,0.494511455873002,0.316750248313221,0.186669658573848,0.106439348327597,0.060390097897647,0.0344633954033448,0.0198224334281725,0.0114760298072837,0.00667761470183749,0.00390959973502559,0.00233001867830314,0.00143172286827463,0.000943909984564298,0.000710759608123541,0.000657506387177126,0.00078234675092243,0.00119829204307126,0.00217379920732915,0.00449250939222039,0.0103130476622816,0.0265869432865538,0.0799607165563354,0.2603807748004
0.00653524287909435,0.00888241480794938,0.0121052155518944,0.0166646277536075,0.0233817471277538,0.033835775608825,0.0513766501135949,0.0840744995203931,0.154773866822973,0.337892510410678,0.73677917078076,0.546194125659781,0.204891357820368,0.0860923293694474,0.0408211078926351,0.0201811207410166,0.00957124790470232,0.00383252295080405,0.000918021034905588,3.3289111628301e-05,0.00103088876011177,0.00424513942481732,0.0105512932893947,0.0216305248524996,0.0405342275587088,0.0727376051053521,0.127799440870751,0.220364060261397,0.361553615445211,0.508386566605975,0.38139801598562,0.187846391302332,0.285285120940434,0.183119208486293,0.0697476179789849,0.00785308474372056,0.11850270623149,0.448902616369155,0.711693644566009,0.803631863852535,0.826342632376672,0.834055942892771,0.831055042854869,0.795468891746132,0.699552999525758,0.545489506223042,0.378162843256772,0.241844080176428,0.148662596303023,0.0902448813451628,0.0547662524457221,0.0334176856745242,0.0205318718165264,0.0125608431576243,0.00767260687730978,0.00467616145960541,0.00286988682865376,0.00180116301006413,0.00121890573589538,0.00098405701740954,0.00108426809518728
0.00996241393886976,0.0135854641756676,0.0186107644006379,0.0258324947669708,0.0367244976380173,0.0542660109909497,0.0851682838799657,0.146721924644537,0.289585196250708,0.627104053715272,0.757135232790615,0.345546421921753,0.145730690302183,0.0700449029072719,0.0367386148815695,0.0199418248644521,0.01065145859505,0.00525037641365447,0.00211985031743424,0.000493752603472037,2.20704926237932e-05,0.000592132977855062,0.00225733142544783,0.00521909178038831,0.0098424897927327,0.0166988926566719,0.0266279364890766,0.0407781017283538,0.0604277796907614,0.0856949049944592,0.109144421574285,0.0898642034269387,0.0544109883942005,0.449210441184805,0.485358680235646,0.352829715354935,0.219053357243783,0.123312614667341,0.0653913237555734,0.0272250330969054,0.0065987975463776,0.000985842592375751,0.0118725823494938,0.0408609030045862,0.101261429557609,0.200742817824367,0.344162837848813,0.510211831401286,0.682118458587495,0.801649468584736,0.856497055444274,0.861891846033499,0.840750880283556,0.806357176732085,0.786120073651651,0.765279365261288,0.751007179836972,0.744207882258366,0.744655324367726,0.751857412968971,0.765174428603487
0.0154368639138149,0.0213740983396616,0.0298362314134744,0.0423994796338515,0.0621055743166104,0.0953696889814565,0.157187414355798,0.285740122750818,0.562065086496675,0.848746682219192,0.562227133265104,0.263306539699553,0.130459162628476,0.0704639003507455,0.0400616172849491,0.0230785150166998,0.0129255508323076,0.00663808986780657,0.00278818695876178,0.000682150038807139,2.85838317495868e-05,0.000799422055392592,0.00317976284101511,0.00755825316692936,0.0145073266707416,0.0246041784331803,0.0374953454289556,0.0476981503850725,0.0307233113262427,0.103798931139853,0.590196663374556,0.641252215806402,0.484070987338796,0.288235394752127,0.17794047427374,0.0883612792022745,0.035431807507009,0.00781088221036083,0.0016567554283907,0.0191116750483414,0.0678593479212199,0.154780120257118,0.290277913132228,0.470685465522979,0.651396747281635,0.784960920757578,0.852171693811119,0.867015589762355,0.854165797289493,0.832482576324388,0.812104749529911,0.793928890171452,0.796455793788039,0.801722273746167,0.814382087969892,0.833212382497718,0.854866715784584,0.87352552240514,0.879721082580929,0.863122812936033,0.812935847855462
0.0274200031638721,0.0397219153821669,0.0586751510693942,0.0895656322499086,0.14365681732601,0.24650121221077,0.451842853398418,0.778087915556174,0.834333567620111,0.515937853966334,0.281968566845938,0.163058579959156,0.101021693554411,0.0658274317972407,0.0442378819162651,0.030122811805987,0.0204304748362167,0.0135506473991151,0.00861371375178141,0.00517810763540475,0.00311232491997262,0.00290991238349074,0.0139558301927933,0.245379813570583,0.569118617559436,0.474566105140108,0.182195614615886,0.0612575710028568,0.020094021932762,0.00452696604875919,0.000303185113446288,0.00468931534401475,0.0183070345695718,0.0443911398830484,0.08851556653356,0.153794049800078,0.257291361991319,0.394448020852057,0.552574851944521,0.700703264896703,0.807117849069365,0.861874629786471,0.877630767341061,0.873979695315872,0.866103488942253,0.862303119224451,0.86500061594418,0.871221370874967,0.871400511392853,0.846794022194135,0.783811335132673,0.666802010558227,0.515165939727289,0.364652443165272,0.242092682750557,0.153870500668994,0.095053768212445,0.0573719171559245,0.0337851985332497,0.019319589020313,0.0107110617000267
0.00455453194238211,0.00613294867106228,0.00826832487718558,0.0112435529016869,0.0155607542440672,0.0221832463609284,0.033155423830186,0.0534473324609442,0.0976458801510267,0.220601119745424,0.613439169444583,0.523993788913383,0.159779097666625,0.0604491758730231,0.0272610967550426,0.0132088188286183,0.00633662002741891,0.00273161082388573,0.000868601791510734,9.20708683353572e-05,0.00012177577493274,0.000869875117793274,0.00237049184429893,0.00475756896915244,0.0082691169877178,0.013271887545879,0.0203085597627359,0.0301758843102095,0.044049525694024,0.0636803690552699,0.0916939711394391,0.13200635120051,0.190221923046043,0.273090138458623,0.382656965600448,0.486335492590309,0.455046962118709,0.280523864139551,0.306569596447127,0.0945508898370079,0.0120559499234797,0.119824393212662,0.388384224268747,0.648617585085471,0.803485633026595,0.862199921647282,0.873144543076815,0.868533443658115,0.863811726388691,0.864732979061379,0.87167536836599,0.881997165299722,0.888964282040627,0.88294309078704,0.852964282097081,0.791309479513714,0.699185579542108,0.58807351262788,0.474147719372274,0.370604622152276,0.284040760933459
0.015803466049575,0.0222333878458876,0.0316247213142601,0.0459427930176176,0.0690545755207662,0.109277695067939,0.186294616969449,0.348601840200955,0.6672877024369,0.836225478008792,0.501671553513681,0.247209195704599,0.129909918236863,0.0732250775930219,0.0427310773566572,0.0247806938233185,0.0135453520166917,0.00635915213706239,0.00201603156093702,0.000127301453036143,0.000920972229559914,0.00529019610576557,0.0151469404104077,0.0331314928591857,0.0654489697905687,0.120162193222718,0.20838126238013,0.33876185313086,0.504060978612664,0.668681206246666,0.768390094009465,0.829784853140506,0.843956289181281,0.883961002431216,0.886555686250822,0.880246156043317,0.85739545338015,0.798724114648286,0.687885788598948,0.535495597303406,0.378316047858213,0.249142503870845,0.157748870889843,0.0982030506055383,0.0608330053087051,0.0376670843469761,0.0233115519110051,0.01438116359835,0.00880510386900366,0.00533845699275345,0.00317330333401902,0.00184612736407474,0.00105095975187261,0.000582553628670587,0.000331454185958504,0.000212987918166819,0.000181753855020735,0.000241345191223638,0.000484129044623991,0.00125417148415295,0.00379397411484364
0.0585325522167546,0.0882232097569793,0.136548427158645,0.219397858031932,0.366866472489746,0.614755136544,0.881958169937667,0.854119418439636,0.588296843316233,0.368015589350052,0.235169279834009,0.15688240504829,0.108553729663074,0.0769596265436746,0.0551571444786724,0.039372923466314,0.0274771040538107,0.0182561049762055,0.0110826371173637,0.00582387759667573,0.0030979906655598,0.0250436918201868,0.350990964566682,0.044422143602074,0.0011401704084216,0.0198607559419604,0.0701584331571445,0.165971864197973,0.320931220689899,0.518782726025044,0.70042545885389,0.814879782775451,0.864854507624864,0.879946097596405,0.881361435926618,0.87248298156457,0.839980442354346,0.760645807469491,0.623329245979524,0.453575477474768,0.297768223031702,0.182802590530887,0.108369313747552,0.0632116968298019,0.0365387615310881,0.0209221933954245,0.0118084693778677,0.00651660852207233,0.00348221596767656,0.00178077108667562,0.000880466040952524,0.000419535132485813,0.000215218994903607,0.000155014458054754,0.000214946587081573,0.000520426336120945,0.0016074315915537,0.00543946640775388,0.0195157094093762,0.0825050847320435,0.30733966673745
0.0166534790103886,0.0231751240501415,0.0325433980169752,0.0465759326503393,0.0688076389489981,0.106745559531657,0.177961161127102,0.326084698877482,0.627539395092527,0.85650353546047,0.539713904575372,0.260739240806425,0.133802090477075,0.0744038855694748,0.0434320399917448,0.0257160380451667,0.0148859642265121,0.00800954085794749,0.00364967668466929,0.00109967261724997,6.31159985154078e-05,0.000523500770480858,0.00271084694659307,0.00713563543728159,0.0146913452648785,0.0268448397921968,0.0459135992862921,0.0751211918192357,0.115471899956675,0.13123991646744,0.248546638453625,0.544858272607485,0.236304661361392,0.0495033152685883,0.00405121392598997,0.0504892767862167,0.157000649484644,0.308070503054658,0.476947502881073,0.646751007463708,0.775319189196762,0.852783744648173,0.887617445790573,0.896145225042312,0.892936356161403,0.887604852181497,0.885207488681514,0.887320519558151,0.892594183123126,0.896585672983466,0.890822361704034,0.862463218115451,0.813395807393741,0.725550002167881,0.610437591042761,0.485241135204006,0.367690854634862,0.268739684836177,0.19142273660933,0.133760283342792,0.0919134162983844
0.00412672225021057,0.00545879116931641,0.00719943198736652,0.00952178480085632,0.0127110192623833,0.0172663529320937,0.0241311750885202,0.0352737042415337,0.055383079979987,0.0978795473643927,0.211661198675697,0.566862660836033,0.516048307750714,0.148823116435208,0.0509026121429178,0.0200350172427307,0.00787131134172955,0.00257674139677405,0.000430828511876962,6.55096900705514e-05,0.000964674251020125,0.00299276313397367,0.00623254576876091,0.0109361675557208,0.0175289581382376,0.0266474549434678,0.0392084037826699,0.0565110570559079,0.0803731328398897,0.113284564656746,0.158513217893003,0.219974426789506,0.30143544132372,0.404318027973617,0.523393049292761,0.636922617443203,0.716757550726327,0.573936757801564,0.607075042800899,0.733708501689346,0.648565167866994,0.422783141300407,0.131922643530628,0.671377753121227,0.809512463550448,0.823299186279184,0.829138159628811,0.840229789628281,0.854422938191608,0.861153812882507,0.842380473888272,0.777897320103208,0.659642313914468,0.512523443116194,0.375155287105452,0.2560899813766,0.169193484760053,0.109965660771777,0.0705577955669123,0.045914564209175,0.0291702803352335
0.0264967901970126,0.0381660276895378,0.0559414578627698,0.0844986817203861,0.133633643533249,0.225346779512026,0.407746260221985,0.72448429645819,0.870745629010742,0.570901579262811,0.306685849963253,0.171069283981388,0.101665039640409,0.0630533745249791,0.0397405057317909,0.0247088245086456,0.0145622821321629,0.00759095837806728,0.00297451116926134,0.00046547599213955,0.00032174512290894,0.0034410307141975,0.0117843218089382,0.0293854182239711,0.0646198522864043,0.135141461088086,0.249566426486573,0.173030407443131,0.188012534204682,0.0112388023640901,0.0487041860240559,0.203833723285102,0.423438133934293,0.633838239632094,0.779620607147867,0.855076696723319,0.884994005297334,0.894006330843858,0.896028139894141,0.894934296713795,0.886525092844568,0.859957215813349,0.801410963395782,0.703170452629218,0.573838663702947,0.43672132929623,0.314801747910827,0.21918969570626,0.149787057493174,0.101478758092354,0.0687100343490683,0.0464562534617274,0.0313384509557155,0.0210267440371328,0.0139646040700407,0.0091147309184379,0.00577748129459113,0.00352628084747013,0.00202099807959353,0.00105258740626478,0.00046642015226556
0.00684497774091161,0.00937253636569108,0.0128943625839719,0.0179751589129071,0.0256606858302707,0.0380618108934597,0.0599415385742088,0.103733866508506,0.208163833019795,0.496871291938002,0.785625083178694,0.358677743969529,0.14171466544932,0.0663588451185499,0.0347170579711856,0.0190593090349283,0.0103999390847233,0.00528555397035833,0.00222496773462226,0.000552505769135006,2.45574487329143e-05,0.00068733210201885,0.00288696971400608,0.00742124111592921,0.0159478112507706,0.0320064059038798,0.0636349304731019,0.129297665361483,0.253782943100525,0.277547493420568,0.0290628777326021,0.0573883086221601,0.0287905522915259,0.00903236820947339,0.00292049632701118,0.00119592365089192,0.00878459147258029,0.0298497445765182,0.0689169734913691,0.134558119674035,0.236527418964709,0.378734166757349,0.546509198788375,0.702415942059412,0.809602705500573,0.860446296965375,0.872848386469373,0.868854945546232,0.863153292487078,0.86161047848961,0.868731099682403,0.876839396446686,0.878221837771129,0.859969439080632,0.808804023182814,0.719534646046626,0.601718541620326,0.475634263984493,0.360278561659758,0.265537405015504,0.192731667398964
0.0150103149189878,0.0211119752547812,0.0300251416469579,0.0436211600783917,0.0655916329139382,0.103912620030163,0.17763021437851,0.334758038740929,0.653045091190684,0.840014092491024,0.503430417604809,0.246516308764081,0.12966116235992,0.0736329738079496,0.0435793058759194,0.0258536135464583,0.0146569274019387,0.00733275334723544,0.00267285722638041,0.000308590775909581,0.000602495426658926,0.00495829025719834,0.0168301336471576,0.0440915845544313,0.0997705383886774,0.12458985001583,0.171305521372787,0.212033843002826,0.0992566334605988,0.0324104610483493,0.00351113565205402,0.0109207174352065,0.0738918360676407,0.224720378382638,0.458240163396177,0.676349449099366,0.793635554545621,0.831539124060516,0.839364137616515,0.839149732781648,0.823920979896693,0.764834615647694,0.6356702125702,0.457480201349452,0.290587064626683,0.171366537197104,0.0979785800962534,0.0555895796068428,0.0316018735141401,0.0180038415858032,0.0102811715942779,0.00589689543719631,0.00343143984489224,0.00208246377287676,0.00139800168590552,0.00115488051748901,0.00129460314300224,0.00206303723835387,0.00445594558996975,0.0123135661216846,0.0438753236326039
0.0110543378057773,0.0150833929187389,0.0206675357201819,0.0286765875300835,0.0407106284299143,0.0599642354483822,0.0935018809273885,0.158988490041603,0.305418327156857,0.629496451238868,0.788191817103849,0.399493876169344,0.174170036817839,0.0845470054037984,0.0445763537386532,0.0243128028061215,0.0130627098632321,0.00649366314765378,0.0026618078706176,0.000646552761800464,2.61455862527929e-05,0.000660296528048155,0.00259957444336287,0.00605487576669418,0.0114011756025053,0.0192063105725556,0.0302830505371554,0.0457661801858107,0.0672168156404346,0.0967539734594026,0.137151063176802,0.190236913107658,0.258702937646334,0.347851863036403,0.434328604415423,0.370926254322561,0.726622281425413,0.580535356711331,0.0788765861807102,0.430255364687906,0.718574235194823,0.844443391628738,0.8893814474546,0.899624997263187,0.894876357074929,0.891022733813556,0.887825966485596,0.888771085121488,0.893647606425598,0.900038975185998,0.903216885921811,0.896057981978624,0.869778068504013,0.817331789922567,0.737107398889734,0.634506662104131,0.522349250037131,0.413995088651076,0.318638129199265,0.239854874379762,0.178526281020218
0.0763035444710559,0.11422159043371,0.175013952391275,0.276373986838402,0.446840720589829,0.700768587042042,0.911802583139291,0.8333867105847,0.58024919001984,0.37226322011056,0.241287095984829,0.161189180577047,0.110506433762007,0.0769075126153473,0.0536201780950436,0.0368573649820511,0.0244480390471188,0.0151436542089157,0.00826805953927787,0.00353412826032076,0.000887749125751514,9.31690483816553e-05,0.00796094426297642,0.172864714102588,0.243182580758098,0.0204190766623429,0.0979159501975213,0.22508240618035,0.38738409909696,0.56824220947023,0.725289937801272,0.825218922008437,0.869745857062382,0.881339846323273,0.879646399141805,0.871013387804214,0.844524044568692,0.770648222308073,0.621098038847831,0.419971836198785,0.240158178530176,0.122472946628687,0.0584052683103492,0.0266346667204936,0.0116802672031099,0.00495239576465432,0.00211099399377924,0.00104078433338069,0.000802079133602367,0.00119672937338628,0.00281901491758279,0.00772906049255142,0.0219410103825844,0.064571200737794,0.191917211560603,0.461477065720371,0.576411878165693,0.464289204087669,0.357518567113364,0.293956887299617,0.257601529143248
0.0138699347682183,0.0193762018110401,0.0273411659889852,0.0393773139298925,0.0586719619624468,0.0921614921716511,0.156749271487856,0.29768446841001,0.609209002951485,0.844101287351165,0.486193947703315,0.223978614408224,0.113293100270439,0.0627541861736802,0.0365877882566046,0.0216226477318085,0.0124461732238135,0.00659729156632987,0.00288847897856536,0.00076158703905199,3.08382032227219e-05,0.000798965860510027,0.00348127845263653,0.00894465856591951,0.0188418275417364,0.0363646237870445,0.0679815887283721,0.127340336800378,0.239699014453077,0.397493788417157,0.197798024943475,0.0747751470479773,0.032277050188999,0.00342825709231873,0.00975712125075001,0.0526771255128401,0.136656560912253,0.2650525969776,0.42974714264415,0.601944992625606,0.7434323345973,0.832751551845417,0.874801300855844,0.887580707071167,0.887873958637321,0.886174461626996,0.887035105468702,0.89028825342681,0.89133331727278,0.879421127970277,0.85357363100328,0.793856527195802,0.70138711015838,0.586349594295295,0.466199726516464,0.35663459840578,0.265934680068062,0.195413239185978,0.142554122971238,0.103667530216105,0.0752505465493434
0.0442797556491334,0.0640815252015282,0.0944274076309868,0.143312023642505,0.226645550169049,0.374993445024487,0.624628310175979,0.880741801218175,0.807783945788934,0.519956032713618,0.30714833721468,0.186444079842735,0.11800452041622,0.0769888922845447,0.050916551710225,0.0334887008563049,0.0213878175503394,0.0128012753492153,0.0067338301070369,0.0026799838783264,0.0004675499503656,0.000177365684914309,0.00203811786797999,0.00593902468321693,0.00854033487948483,0.0229669638486999,0.38002889160311,0.524995120804334,0.101221798798674,0.0108673528382092,0.0802920635815482,0.187079402186739,0.32176791887871,0.473557864692461,0.620815616856851,0.747524816830525,0.834089440526889,0.881822342686187,0.901137468927649,0.904487705673185,0.901741357492675,0.898875675029302,0.898019136727368,0.897319180679274,0.890106841580275,0.864090252714374,0.803479223193582,0.698124186916614,0.556483013602167,0.405939342501863,0.273351023877483,0.175161578861355,0.107455294169782,0.0635695119581333,0.0361582996806026,0.0195335732680331,0.00980711306727327,0.00439761756080585,0.0016650078865577,0.000502890746523995,0.000156262719569421
0.00558340404831801,0.00757179438579891,0.0102907402774185,0.0141221979805671,0.019747552046113,0.0284794121446798,0.0431087463380318,0.0703952991341671,0.129782467828469,0.288585070293099,0.693887010122151,0.559433585867214,0.201342708202665,0.0837423843257098,0.0405345300371046,0.0211040416659401,0.011065032363308,0.00543345540286971,0.00220422595787684,0.000513357281137134,2.66764666216906e-05,0.000730338868322222,0.00289368731522666,0.00715398132434634,0.0147627271849261,0.0281379228454151,0.0520293684073443,0.0954772537851009,0.169562989272734,0.225386702269939,0.0408294321665447,0.161324597421312,0.134999201966463,0.0807888634524628,0.0393867925822838,0.0147377010085496,0.00292316595859194,0.00107562660185363,0.0123293882339681,0.0426207120248812,0.10301378715881,0.208097437969759,0.365525019934442,0.554447725600908,0.72055234003651,0.82039937213473,0.857709897054284,0.861514978869049,0.856293729614196,0.85454459430593,0.859651914492916,0.86888716529214,0.873104200340719,0.8581202603561,0.808311428966886,0.716574495628836,0.593160340923761,0.461251790093669,0.342029800945896,0.24514009266601,0.17746379222638
0.00817941617222258,0.0110072466808207,0.0148260257388554,0.0201329892438589,0.0278037774593653,0.0394977750653115,0.0586654754464429,0.0933902830014822,0.165634809311986,0.342910292581298,0.727349022564774,0.612723263448584,0.238023501970682,0.0985786284236765,0.0460858619146949,0.0227184008884226,0.0109992926309838,0.00476416581823146,0.00151607480981245,0.000158769911045257,0.000218041248550709,0.00154361462806628,0.00419016615677913,0.00837542128156259,0.0144778267484779,0.0230598149206431,0.0349119908126008,0.051116591022394,0.0731263680120922,0.102844026649977,0.1426569577474,0.195307240343706,0.263291383927857,0.346841050292415,0.436040730600918,0.444444740120548,0.698325308800394,0.812088891461919,0.686917029962923,0.133369320184705,0.60054952819232,0.829114515512252,0.883543023310464,0.888834575952321,0.880082259819778,0.869716858043699,0.864065637080817,0.864895836127792,0.8713726721473,0.881927477408752,0.892533355242085,0.896475962469478,0.884402079221367,0.845638985715831,0.77759491303827,0.679459904592765,0.564278014321118,0.447988509179347,0.343250863019639,0.256217806424823,0.187844396885539
0.00658587301229985,0.00897612630558304,0.0122790779104255,0.0169969964738678,0.024048069906758,0.0352566382724383,0.0546594905058527,0.0925487260702815,0.180306803201259,0.424274464450306,0.795343046015316,0.405461358414573,0.152912483197371,0.0685581701997954,0.0346853375693168,0.0184931665396941,0.00980026270681791,0.00481731743767788,0.00193867419017138,0.000441637955459492,2.4139783682093e-05,0.000629720639329441,0.00239133643444555,0.00564098012828792,0.0109770331508552,0.0194104245564886,0.0326477022796326,0.0536356385516481,0.0876108986262513,0.144001559683153,0.238625247205989,0.378001497072577,0.527817657799026,0.315222030029782,0.0908582092364235,0.0690628063754364,0.0146502606686135,0.00492726292034804,0.0534393322848659,0.172398728586269,0.3583540790055,0.568899544179032,0.738110674295643,0.833707784862339,0.87058155910188,0.87778573016129,0.876281989715826,0.876286228464996,0.880340421091361,0.885175921651895,0.884365068376667,0.865380481448578,0.816592991404882,0.733016559707316,0.622069259943632,0.501098567985328,0.387661392710247,0.292076689732104,0.216872524039238,0.159936470224856,0.11745410641219
0.0632902400959801,0.0960650432821148,0.150052260296668,0.243699204413103,0.410683439616163,0.678926431073069,0.909016985380425,0.802298444453869,0.532534215104313,0.334631902488941,0.217545528185152,0.14820609866957,0.105098648858747,0.0768527361231674,0.0574799589952782,0.0437231958947978,0.0337925888943299,0.026845522771075,0.0231661034697133,0.0276338603128089,0.115993552157481,0.215732647784319,0.010935926725755,0.000477390943170505,0.000890817317408695,0.00527366415713905,0.0146530648426019,0.0315188879377246,0.0599560892032933,0.105884196387685,0.176753781095504,0.279207174605121,0.413098574636842,0.563876560594419,0.703289768667512,0.805541267099829,0.863819695779772,0.888705657829365,0.895589271621046,0.895834426385153,0.894110498539246,0.888011267996863,0.867778993364546,0.817771401046759,0.724421770439506,0.590688885946807,0.441323782800991,0.306374405780293,0.202005405241002,0.129209942988928,0.0808963025609017,0.0497566840484329,0.0299476740560237,0.0174481315556589,0.00964521608246994,0.00487495018976558,0.00209805357045206,0.000712022788379874,0.000103186913531115,0.000114820001230054,0.00053905989046694
0.0142368185769883,0.0194603464803821,0.0267347587907101,0.0372269029349045,0.0530930642890025,0.0786563299747818,0.123478629326644,0.211067817617763,0.400889683686914,0.748300002527965,0.743986985650504,0.362800508308228,0.164321159885631,0.0808666696609033,0.0420063925168564,0.0218902575724265,0.0107408035738433,0.00445350729731415,0.00116954302012919,4.24499058169374e-05,0.000755264776669268,0.0033275312372699,0.0080523221294434,0.0155055204154591,0.0266081971595487,0.0427365985544799,0.0658670215589398,0.0986858456016928,0.144371482482746,0.20492179056981,0.27346127309763,0.29706212380427,0.100349216544771,0.575137621345217,0.625850228039458,0.465795332001519,0.254376419195283,0.0777634643478111,0.0103782614635088,0.113113361238831,0.372072080694489,0.637287237662957,0.793308366147933,0.849453861958407,0.854577671156197,0.842565600081377,0.829978756163939,0.823757173284194,0.826112949648978,0.836337567278691,0.850477749765126,0.85855588938929,0.847759360609575,0.795003598702835,0.685763036832979,0.532400860468826,0.374352846515958,0.241283618854022,0.145991344733735,0.0855746145643874,0.0482599795221119
0.0367273244802533,0.0536081021268225,0.0798997692337941,0.123196468048609,0.199388525203161,0.341749763126958,0.598821081193191,0.876703278466876,0.776575967676859,0.474331202273281,0.274200210117108,0.166501522695004,0.106746168402121,0.0711999712072434,0.0486044909642163,0.0334209139254963,0.0227618442761084,0.0150493077300805,0.00940593998014583,0.00536710923845887,0.00273780356328665,0.00156000385679687,0.00425562491374978,0.120042631199473,0.487255728830453,0.509122431511551,0.142761446286895,0.0278299154987985,0.00186051618946143,0.00443933055275218,0.0232641673209855,0.0597498394976061,0.119758553886814,0.210235840657488,0.334933918040711,0.48625562661041,0.640178616770198,0.765516675455715,0.844217676283745,0.880031182991816,0.888844598241486,0.886365650047815,0.882793253530596,0.882319123041844,0.883375655448605,0.87786428524579,0.850317966305888,0.781634806164053,0.662857844014202,0.510408265672419,0.35905024651802,0.235620330786094,0.147288102847747,0.0882882749402204,0.0551391343694995,0.031694803012794,0.0176339313020341,0.00937303067605941,0.00469998574907139,0.00231427664862662,0.00126878589069102
0.0181071875321459,0.0258616720933823,0.0374875392198408,0.0557829199123717,0.0864730729596867,0.142375034976304,0.254431817007447,0.490045576404654,0.827970344787674,0.732963806521889,0.396891079701961,0.209446180080531,0.119531803298648,0.0726117675076822,0.0455292114335019,0.0285032472549367,0.0170671057314849,0.00906955608405567,0.00355488486452982,0.00045545600775722,0.000938557265278231,0.00911304596240656,0.03770158696259,0.103890303720483,0.0354318384583277,0.118787576161552,0.0561259399073626,0.0187760075219843,0.00213546911970749,0.00553048122591927,0.0418151381102436,0.140460808271426,0.33082677041061,0.571590438980333,0.745414838231955,0.816284056759213,0.83399183819934,0.834664005034014,0.815717415981126,0.745648752897842,0.59996439206773,0.41324029019094,0.252089715013748,0.144506975194032,0.0812535906998139,0.045730651475417,0.0259256191241461,0.0148105068440837,0.00847295348439701,0.00490309144505943,0.0028748468344803,0.0017424447093788,0.00113849707592544,0.000861431579034973,0.00082193639737912,0.00103742589146991,0.00173582973730936,0.0035725350436512,0.00864386888163771,0.0246680548173367,0.0869737845066083
0.00391207643146827,0.00520434554515263,0.00691446431878458,0.00923594922123255,0.0125011703383693,0.0173224199504243,0.0249338241554016,0.0381400775650596,0.0644718243664345,0.129577290174984,0.347826399293775,0.71281019192513,0.232460925202736,0.0725563144093666,0.0288746693394241,0.012762356233366,0.00562886986177759,0.00219478010770262,0.00058372963679895,3.01679962064679e-05,0.000204266066550932,0.000976255511291482,0.00232454449784317,0.00429843515105564,0.00700471093441003,0.0106065966583244,0.0153308366187003,0.0214818060381691,0.0294632607360565,0.0398094405247143,0.053228007490901,0.0706575434935914,0.093341550952049,0.122919426260519,0.161541995800596,0.210585898897306,0.272700675639907,0.350838813684687,0.444919234636628,0.552369580601376,0.652795076249367,0.667607929470637,0.75872595079394,0.792818687643517,0.487606941184255,0.338026325042703,0.793775676409267,0.866487538179717,0.865788430038027,0.852830222535648,0.841615406405602,0.836305475717255,0.837907366322904,0.84507052576658,0.85979497265532,0.875861083563284,0.886967402647314,0.896916174322156,0.890407262478417,0.862033289178425,0.808392716852467
0.00694749647169118,0.00934179495814855,0.0125704542733749,0.0170499364674481,0.0235129871231462,0.0333480792752087,0.0494472886975301,0.0786267541370092,0.139744754754433,0.294446044663816,0.676368717136258,0.603927846626404,0.219663466305147,0.0869939551266603,0.0394950815660908,0.0189511389176042,0.00886734870893381,0.00362770663612943,0.00100918227134754,5.54754259347038e-05,0.000365682384914437,0.00182721914675804,0.00451136428875367,0.0086380216589977,0.0145758540805896,0.0228652514693232,0.0342598143232795,0.0497844879050334,0.0708062957292668,0.0991039060321252,0.136888804154777,0.186831828421815,0.251565052427158,0.332884666710617,0.43047342860424,0.539819107286428,0.650915126063719,0.748059946212809,0.77987122855734,0.874897836126686,0.876053148560195,0.716100965969219,0.889294596319781,0.890642987906564,0.882151033796314,0.876516096494575,0.876248816190106,0.881369511903682,0.890003182662617,0.897908398575879,0.893665948253839,0.884225526693287,0.850261500145993,0.785270526986084,0.693519341716929,0.584140844359584,0.47660920941936,0.376291839330706,0.290930464553213,0.22201598658846,0.168209670248496
0.00872778546219101,0.0120817298168801,0.0168479291991969,0.0238907832718213,0.0348656241673628,0.0532532433132396,0.0873037051814429,0.159689130190903,0.340657848538881,0.736741105938636,0.645264892476486,0.269685648261878,0.120692205503444,0.0618545558165496,0.034359283581448,0.0196806496224357,0.0110893976696147,0.00578074789025931,0.00248159550978628,0.000621587823848476,2.96769869480894e-05,0.000852243364109821,0.00361791268841499,0.0094940714545721,0.0209476262078121,0.0434540835574927,0.0901425943421421,0.193286168696211,0.401595222071593,0.55339614808031,0.229790067770505,0.00524825981829118,0.0068415738188378,0.000741802191115437,0.00343685090405685,0.0208716785436772,0.0604722381505954,0.13286389416892,0.248865317851316,0.408292248603992,0.585128939622356,0.734014662041173,0.825907147352146,0.866443482837924,0.877941459716014,0.879333869600205,0.880316719471555,0.882401296012017,0.880300561063673,0.863196433263416,0.818827021084534,0.73777086538546,0.625501846933231,0.500172772340406,0.382005068255675,0.283257997190285,0.206865360523668,0.150280011933254,0.109208063898685,0.0795401351046999,0.0578919216246979
0.00483838360214315,0.00650497495308475,0.00875469931796108,0.0118824262924439,0.0164114499876604,0.023345657592471,0.0348157094963456,0.056002187100823,0.102106200197345,0.230040683609022,0.627980117288061,0.516178332360989,0.158398806692112,0.0599180753832767,0.0268726078714509,0.0128972365872835,0.00609906699372183,0.0025693615654593,0.000779628083773951,6.86193797701363e-05,0.000146970887422315,0.000911849017285362,0.00237262861661466,0.00462260946280651,0.00783335725857924,0.01226314718912,0.0182772418449696,0.0263810108343567,0.0372691319166652,0.0518958198841945,0.0715717059245657,0.0980904256098397,0.133871514579742,0.181296412796406,0.2463057704143,0.31674160171728,0.425327080765129,0.539126866199859,0.620275060864151,0.408034484059866,0.656736866240548,0.443132266822575,0.0669265125941391,0.405369894716333,0.749732151084257,0.85513781964786,0.874786648079356,0.870248848791287,0.85922967070692,0.861062926258769,0.864996493486693,0.873794674902559,0.880761707748701,0.89121925180557,0.89223470155255,0.872286084962793,0.826001136684592,0.751982361497145,0.656351344749105,0.550815400943373,0.447587074164985
0.00875259133416669,0.0119220692394776,0.0162979970920153,0.0225363388152685,0.0318249487906267,0.0464948803084608,0.0716109689667357,0.119687796445317,0.226448024011937,0.492317457564656,0.807392370820631,0.439348460124298,0.175063009840985,0.078339494792987,0.0382619672401957,0.0190325151904894,0.0089028188264721,0.00342045467249259,0.000724861818565638,4.53312515582841e-05,0.00116762240665784,0.00424601348713843,0.0097665331972701,0.0185993994245416,0.0321254933711149,0.052436272453225,0.0825936595082711,0.12678280321751,0.190182597137571,0.278469645265311,0.393392055478951,0.528255280808587,0.663420754061083,0.769360620772456,0.770094383882433,0.845880035864684,0.724838369464089,0.718995972123689,0.872246154939314,0.885079256441138,0.886338099743973,0.884098020703223,0.868605591613113,0.823151399702373,0.733210953620937,0.600137566461739,0.449915827715308,0.313919754146036,0.20891546326881,0.135470743140947,0.086759737138606,0.0551511013684423,0.0349447633622864,0.0219951476807769,0.0137094019340158,0.0084287986771097,0.00509904662898394,0.00304419456863809,0.00182863751142517,0.00117495682309721,0.000941485633740267
0.00797643245052567,0.0108293558703585,0.014751217559593,0.0203242513843451,0.0286112909601178,0.0417199728615726,0.064298587902131,0.108112998389077,0.20829993775305,0.474047909950455,0.801851521674029,0.400027073082344,0.154128189894747,0.0692425802365557,0.0346495847174289,0.0180980685614447,0.0092972062896168,0.0043570333777066,0.00160981601913712,0.000289653895716466,5.24347008858647e-05,0.000784075114324158,0.00252255990818164,0.00543239256327502,0.00980909862407814,0.0161072644932955,0.0249938718503428,0.0374348591641266,0.0548286234083541,0.0792035636759788,0.113484234867729,0.161742101014459,0.228907436697436,0.313289098815004,0.389563735372874,0.371421578460615,0.455002010690253,0.405951838233097,0.12165467616518,0.0111205036280053,0.128446754736417,0.36944367787853,0.608430114947069,0.770213968166498,0.852508652630356,0.881475579026832,0.882661340053801,0.874697891344341,0.867221148137648,0.864549144827482,0.867823500498383,0.875475633643549,0.885782203389651,0.893788836111911,0.890476585233402,0.86759893967169,0.817938695467414,0.739823872534235,0.639592327902305,0.529550124948158,0.422510358990761
0.0248527134251619,0.0360553322504012,0.0533208876174419,0.0814476053707154,0.130653405166542,0.224304293308162,0.414054577774889,0.74077753616908,0.862064670978418,0.554998790845217,0.304253009491029,0.175961400561209,0.109459489001444,0.0718889901757328,0.0488149250792669,0.0335983309579228,0.0229398018492398,0.0150832017549739,0.00905911643683564,0.0043812787301555,0.00106451625566438,0.000367553934240397,0.0069520332098659,0.0206730998181976,0.0301216756594879,0.0100744304877789,0.00239728513727316,0.00011409765528864,0.00161764358537178,0.007605055606729,0.0198715756284226,0.0417722730532803,0.0785757027100329,0.137738562383841,0.227776252844298,0.353434945593123,0.506250213273794,0.658708822190515,0.777306151358406,0.847001853549359,0.876808106997943,0.8849612225824,0.88576118117068,0.885448631745558,0.882091093722911,0.865854238676589,0.820978609819971,0.734021315647419,0.607651669898146,0.464628282924216,0.333700699482596,0.229868136069422,0.15482500788287,0.103209350624087,0.0684755100796083,0.0452496767584911,0.0296998647929672,0.0192934732307571,0.0122664378119832,0.00754686058087918,0.00441300197263334
0.010376136689872,0.014385675754836,0.0201105452386598,0.0286267589303884,0.0420205771061933,0.0647413044444195,0.107483200835524,0.199728274257827,0.42614186769864,0.803887332959481,0.573071134720556,0.247241501266191,0.116949164478776,0.0623973394439606,0.0358357726131167,0.0212594942012037,0.0125504261870957,0.00705440059726516,0.00351453360162041,0.00131865375206987,0.000200791740015372,0.000124012197206208,0.00124767051946737,0.0039276699222027,0.00863079433324053,0.0151478004393691,0.0180336331456402,0.00612712568236616,0.234229536142521,0.385026236538514,0.255522916776457,0.138805623664827,0.0749845894815835,0.0411086812454112,0.0203043777086749,0.00822589579691774,0.00210983757931766,0.000238535085194807,0.0031468698051504,0.0120223259625913,0.0296829014767727,0.0538776996704983,0.0978803148632737,0.170684593717027,0.276971912654534,0.389472257270164,0.563795025038073,0.714246873958286,0.814555532281796,0.857182637357441,0.858151330278782,0.839531314144175,0.816886221181209,0.798686548171468,0.788659928973164,0.78791905720605,0.796197077228114,0.812222561398693,0.833516514038289,0.855780145607631,0.872112357808619
0.0173594674973821,0.0244460103580122,0.0348280835467784,0.0507425597921966,0.0766544440798838,0.122319034703461,0.21109456120238,0.399223290271349,0.739974901876506,0.811075612493618,0.45721594936313,0.229824639163942,0.124892874994647,0.0730828692624361,0.0446737397503037,0.0276653743494754,0.0167894971840959,0.00953629176997726,0.00465882258116194,0.00157446371207243,0.000131890940267928,0.000559217660423321,0.00351333143357663,0.00999300996650769,0.0191024581958337,0.0118991935090369,0.296414911043316,0.464999413930578,0.222390623214365,0.0800051280649699,0.0224001878032961,0.00224510063699835,0.00479627103331577,0.0255847101155739,0.0750683942831167,0.161343054129846,0.292593879028409,0.461800712316057,0.635757347523447,0.770463611846492,0.845810362206334,0.873592412640704,0.87682973311994,0.873350750138251,0.872254688416147,0.875211132014633,0.877170007227744,0.865865198173595,0.823122965614471,0.734215986907441,0.602747662778469,0.454641956140821,0.320337375234004,0.215629924661005,0.141191227637855,0.0918350708628881,0.0586341760490656,0.0369767416781466,0.0229170786164094,0.0138531602942574,0.00809492062766932
0.077370622773436,0.116757371260512,0.180619016676476,0.288195732648405,0.469483737518112,0.731287192851543,0.917887765643486,0.804385352747843,0.552986189043377,0.357856700715066,0.235785529713771,0.16059547674864,0.112533088420702,0.0803467016546692,0.057827239500961,0.0414791840962152,0.0292958064128435,0.020153147632862,0.0135607419604027,0.00984134966450376,0.0138570511984479,0.180549668643708,0.214238769632105,0.291513978644193,0.00473438522612405,0.0298687991250776,0.100108916431311,0.218028820726142,0.389238075905726,0.584909033854183,0.744464906363888,0.83180386414976,0.861691417146672,0.865508886482975,0.86124364751076,0.844852865936905,0.787613859309703,0.651938273396954,0.450325759389694,0.260376903862163,0.133797095862403,0.064699984772402,0.0303165035571123,0.0139029531690349,0.00629250777383021,0.00291905750973759,0.00148729028690594,0.001009592891833,0.00110997567322575,0.00192103321308037,0.00429171268411542,0.0106024876704075,0.0273992801557715,0.0737567913601368,0.201901324202609,0.460648161473819,0.58519846993186,0.473219686403786,0.360970606671993,0.292832557752414,0.253542430344524
0.0258535306369259,0.036522034061192,0.052240716262482,0.0764637052035648,0.116018956102205,0.185375213984791,0.316099140021728,0.561955165781149,0.856522987623655,0.759144278696429,0.436673205281235,0.235774728131741,0.133763779921104,0.0795378164407112,0.0483605494009378,0.0291787148320625,0.0168013786976568,0.00865826917864282,0.00346470728684145,0.000655344916459009,0.000155262144038042,0.00232570416194329,0.00802547264843554,0.0187519904007313,0.0366908859346588,0.0634578053151798,0.0877843248950449,0.0609969802365605,0.630749021617085,0.62462378921448,0.199274170892533,0.0135635568358521,0.160794764411628,0.423967470811286,0.658524800394163,0.799606033451882,0.859525258671446,0.875140766441755,0.874682926805186,0.872461210399078,0.87176167440041,0.865868696768211,0.836637978824961,0.757936580170234,0.617053897075047,0.441547766994905,0.282004730847499,0.166873653688858,0.0947051304078821,0.052615107135638,0.0289347067804815,0.015878181019329,0.0088762727233351,0.00528072452384165,0.00373044482378734,0.00355789410701146,0.00533648441366231,0.0125014113171984,0.0413091686149482,0.173185439903295,0.358570947179445
0.00632965538781093,0.00867507480032354,0.0119451123602996,0.0166631820840014,0.0237955102629404,0.0352843829758915,0.0554894233095948,0.0957237667304515,0.191152682497063,0.459475398179813,0.796629265366594,0.379244077917674,0.147765160678362,0.0686679587236294,0.0358931138355381,0.0197733020472323,0.0108617263831642,0.00557272329923065,0.00237480759156375,0.000598809471907438,2.67567765239019e-05,0.000776427797922078,0.00336397519946048,0.00899600598608798,0.0203746850271664,0.0439461612190306,0.0965503705356089,0.222169610145151,0.463317633223677,0.512770781076998,0.0431314940856357,0.00804072112215839,0.00585324764371833,0.00118616622897598,0.000759097062381273,0.00768332647690359,0.0256659034127212,0.0608908754672192,0.122885554266833,0.223181460248679,0.367634087129917,0.540909510690251,0.700985887126842,0.808226300808753,0.857921163026762,0.871574623472931,0.871819137117201,0.871666416599905,0.874577129045193,0.876911415347852,0.86819785643239,0.832808264843224,0.758933272032262,0.648285991795028,0.519103848751122,0.394704879061272,0.290251413446724,0.209835987930827,0.150830180409071,0.10844363308277,0.0780139413891812
0.0112808807363292,0.0155255920841958,0.0214926201951528,0.030192042397631,0.0435169289848582,0.0653325459092087,0.10441441981201,0.183281770618068,0.363946884737521,0.726590977329486,0.721922299239471,0.336308391304217,0.151831006340981,0.0762444295438813,0.0409646595561831,0.022383472799816,0.011757218285631,0.00544700515410282,0.00182518263974152,0.000188526114525725,0.000352799559636137,0.00252237672647511,0.00730762108767465,0.0158659110932482,0.0301933302430164,0.0536037392505244,0.0912199318471857,0.148597280469633,0.213770378011102,0.12561881146302,0.525415242542482,0.511967781344989,0.263220920955997,0.06876555906528,0.00649547509739197,0.0956568123891736,0.322047502750303,0.583636629414125,0.763879117569987,0.844549043981682,0.867468096519548,0.869638344621549,0.869512035406436,0.872260554218518,0.873706590000794,0.861025238529798,0.814735318987273,0.71930284297205,0.580834647326376,0.429542635743121,0.296940454875197,0.196940299499728,0.127722467666653,0.0820001925967494,0.0532305240127848,0.0339281353358139,0.0215157892314297,0.01353542014382,0.00844509474181024,0.00525895175150686,0.00336087595560087
0.019343833806707,0.0278264025021763,0.0407412271318483,0.061510277366382,0.0974213456963843,0.165553425702676,0.308424175387081,0.604382269598386,0.868822345903936,0.597142971900932,0.308826094918603,0.168984295685998,0.101319178044438,0.0650741071959317,0.0437273905921023,0.0301568253309414,0.0209932946301897,0.0145116909507838,0.00978291171899251,0.00631363377865588,0.00391165346363249,0.00279721871613357,0.00664426736356345,0.114028924795894,0.272916836529649,0.0905016230730454,0.0243294918940875,0.0116162446624884,0.00341661262722352,0.000382305966824267,0.000375908399773037,0.00284058633730809,0.00821195621026203,0.0175451799451243,0.0329673473440952,0.0516742570803658,0.0850655428313747,0.137123438566941,0.209228118511594,0.30896471998475,0.436291375560294,0.579362386258424,0.713182791870812,0.811651841468891,0.864677834503775,0.881056090056416,0.877350342469487,0.867761121567378,0.860839650622486,0.859779219233507,0.867204365786701,0.876117345659847,0.879268037766351,0.863891062522838,0.815586759846631,0.726551792354707,0.604298030080918,0.470047390348655,0.345902017307117,0.244180008154213,0.16745826883067
0.045305550775852,0.0690109329119098,0.108570892754781,0.179099592461519,0.312947204413478,0.562155392995467,0.862006385284265,0.814756798997599,0.522432638354135,0.314141401119145,0.199380360812698,0.135129834795646,0.0968951419714683,0.0728802832061414,0.0573499894637175,0.0475873874490687,0.0429157401200084,0.0459725910649798,0.0761550514181267,0.316859852858962,0.245162779625407,0.195813497386274,0.0198999001013434,0.00490471005014042,0.000560506256598082,0.000326515086924373,0.00298815243211925,0.00936667187252156,0.0215137775335442,0.0418222923895967,0.0778261942773222,0.136186911186369,0.227102049008861,0.357042609261762,0.517195529443968,0.675064554379736,0.791516656919694,0.852577653971424,0.873053057252228,0.875189303250903,0.873635844903248,0.871884926709108,0.86166914534252,0.822841875450769,0.731724827811044,0.585761570623852,0.418965005650087,0.274069440498032,0.170530245865778,0.10309776410513,0.06149228021718,0.0362370698678525,0.0208614704000393,0.0128372728631429,0.00711480222028231,0.00381926615231948,0.00196312490233348,0.000974938877889036,0.000508920218613076,0.000370825932022454,0.000630595374529214
0.0497012803708367,0.0715242152621259,0.104595267511459,0.156995520347004,0.244107150704031,0.393438076322466,0.632857929763964,0.876294756239922,0.834950406488386,0.566755461644303,0.344402371351461,0.210910719115905,0.133217572237888,0.086114399829294,0.0560521288216791,0.0359816389494183,0.0221402017718706,0.0124696231098075,0.00585775003257794,0.00177410722733694,9.99340726605844e-05,0.00105183624488501,0.00510644525844976,0.0126600232694499,0.0220404558531375,0.0178978698936173,0.290301145331087,0.449660979988668,0.550152041925588,0.0425707959985254,0.145005122740006,0.362788134009134,0.563998467027537,0.721544405522787,0.822630092853271,0.872393386873713,0.888269344831907,0.887545774945857,0.88222081464333,0.878242940897735,0.875428512912987,0.86570397187738,0.829979437457426,0.740928714510249,0.586522478787584,0.400233419666737,0.23871222937434,0.129309469714152,0.0669997431206668,0.0332777965319214,0.0164485239583853,0.00854792229301146,0.0054066664103681,0.00526276940555214,0.00919289732260939,0.0257355952828258,0.0954657473078044,0.330975013086265,0.425270371815358,0.298271012555475,0.223453991330902
0.0183097236108954,0.0254727809985658,0.0357809115349989,0.05127427047055,0.0759589797956719,0.118435846338879,0.199007890964038,0.367296721498315,0.690419982872764,0.831368992152178,0.479714540123315,0.231072310275514,0.119430913158462,0.0664970149665732,0.0386062333961021,0.0225867564129471,0.0128210430592294,0.00668760421879532,0.00288545602736414,0.000762801515286152,2.92524708101082e-05,0.000631399307639314,0.00270835849266582,0.00659573884509678,0.0128682301531661,0.0224172562770132,0.036535510542751,0.0568090148862679,0.0835996562159535,0.105218458537271,0.0497861315740571,0.437838937196215,0.541279462943635,0.287366611087713,0.0860179125519795,0.00975257688601865,0.00861806346928931,0.0411913897558725,0.111304359357897,0.223552782441034,0.364793253285446,0.516346294135755,0.667487642757422,0.784781296374704,0.857230589005776,0.889079076736362,0.892953301055281,0.882068415302398,0.866312609195325,0.851811029280488,0.841756922970332,0.83648461466617,0.839013875383806,0.851429849963305,0.865157863456456,0.880318992080293,0.892399290591843,0.894586594556395,0.878258491475338,0.834974999792644,0.760288408874399
0.0129589181898122,0.0179222469522031,0.024961858849012,0.035336558817096,0.0514388633864518,0.0782304108189371,0.12714214479722,0.227540434619916,0.453579998336011,0.809241684601863,0.649917027151824,0.302357582766426,0.143673949923055,0.0750267523962085,0.0414619579245827,0.0231680444948242,0.0124267951030974,0.00590344718117057,0.00206856597984648,0.000254042023379195,0.000291309904364287,0.00239417438969859,0.00717653329512919,0.0157822105708628,0.0301466073220895,0.0534182701663274,0.0904220301457191,0.146925486915459,0.218075193622606,0.178541883238824,0.546929124317034,0.581563060737711,0.277860446086362,0.0267388732979881,0.0967745873142089,0.378616431162372,0.647719201091968,0.800444882583031,0.8605722487708,0.876168375738514,0.877583888846528,0.878070912842748,0.879956242531713,0.877296385300093,0.856336927028152,0.79875608731064,0.693529034972937,0.551946685929781,0.404638253544388,0.278927617146977,0.185580706347014,0.121160319964692,0.0784156325554857,0.0505290074230455,0.0324316767833467,0.0206788187596693,0.0130616523760577,0.00814667042745221,0.00504092419911149,0.00313964658807016,0.00207101286369783
0.017709247483675,0.0244630281476101,0.0340468151396571,0.048195912735137,0.0702226563663463,0.106997847873867,0.17414651827527,0.309468545616007,0.584298659012706,0.857547008397274,0.598914125007901,0.293042950322861,0.147817614129548,0.0805293523188717,0.0460927622586797,0.0267840950523405,0.015221997742131,0.00804137268391993,0.00359774410907726,0.00106627214779026,6.03859106248905e-05,0.000464138564934172,0.00236304019244455,0.0060274653272939,0.0119295173934311,0.0207812950206324,0.0335650198331366,0.0514244092426405,0.0747912334399413,0.0983722070726859,0.0827415182498741,0.247255511818722,0.67665676639915,0.611358869292809,0.301923350331273,0.0730280458219644,0.00522597517931991,0.0343257478575318,0.125697791040674,0.267746116163869,0.436985266590642,0.606102001497235,0.742446261308043,0.837423745138117,0.884043745945512,0.896633945893082,0.889978697914952,0.875587332767551,0.860841847818502,0.84989451146651,0.844774232399794,0.846151639721787,0.853674965776584,0.865717772491161,0.880960580176237,0.893682999795661,0.897622906215233,0.884081769651815,0.844013134481736,0.771925792590049,0.670241498126497
0.0543837717695558,0.0796121919878209,0.118956510827987,0.183371084345527,0.293894943532851,0.484700688633518,0.759119453539288,0.908686530288033,0.718752955324136,0.452583727447994,0.27612450636377,0.173696472852908,0.113040418664095,0.0752094652847031,0.0503572039941165,0.0333031317369616,0.0212231047648024,0.0125403040531059,0.00638912904109408,0.00235048691977456,0.000307918615453621,0.000294483544046263,0.00198331567822616,0.00248472376161131,0.0366658553236529,0.38817072402349,0.537780126063924,0.273653614644952,0.00910293140800091,0.0666372929051328,0.200052667236657,0.373200498225425,0.55797953612728,0.715406274583253,0.818214897939577,0.867310864262903,0.881358596533477,0.879817666444396,0.875156396819223,0.87160203709306,0.864175063233837,0.835622490530445,0.756872395642705,0.608628988883097,0.419301498655982,0.25052076535884,0.135579432789539,0.0694227739141023,0.0344625429335823,0.0169186677019988,0.00860691586153895,0.00493407136779863,0.00387214199138394,0.00505624387787533,0.0108263835142328,0.032103223728634,0.116146158219781,0.36854752755389,0.437273090159576,0.303405335505454,0.225258401186456
0.00109495695942528,0.00142018313994382,0.00182922083736342,0.00235135431060295,0.00303256428594286,0.00394881750787077,0.00523373878600422,0.0071420737156812,0.0102147595750313,0.0157887403128025,0.0280200580235507,0.0659058226849375,0.297743466077165,0.219981505507799,0.0335406083895225,0.00901865000858227,0.00276113507208252,0.00069856056619509,6.29692447809644e-05,6.72770554248292e-05,0.000444528537082115,0.00110566844102954,0.0020380604985896,0.00327165379541941,0.00486866389027255,0.00692368533527202,0.00957044207808216,0.012994982984086,0.0174572851796098,0.0233254171777163,0.0311294561370883,0.0416469161873482,0.0560377056162734,0.0760518616275333,0.104321687127799,0.144653726949654,0.20180198318234,0.278624633416848,0.363959641451724,0.394652319572813,0.188170503282464,0.0906144565970125,0.238724756285143,0.242216358672505,0.203067554947703,0.161181214297958,0.126016355451692,0.0967338667937508,0.072407073183339,0.0517603162693196,0.0337978638402915,0.018205976381555,0.00638955028719265,0.00110911391239703,0.0133091317777429,0.0689508308629068,0.215721144277307,0.467229622283245,0.691840594055205,0.753456320184459,0.718106648005433
0.0108499296879473,0.0152151023419586,0.0215716509726374,0.0312542215346958,0.0469310464475939,0.0745082450888766,0.128807261685079,0.25205989146306,0.550856515524709,0.826452973826693,0.462263475259636,0.207992993090178,0.105988964244204,0.0603056882512764,0.036737854324053,0.0231688808019997,0.0146955504250338,0.00908801079589263,0.00524662378456782,0.00261332710300749,0.000927033588482251,0.000108015658480512,0.000132330392272522,0.000579475374548788,0.00029751895169063,0.0637246686145636,0.372361157375442,0.291429160786749,0.143933978404213,0.0719051085872672,0.0386621559056579,0.0209839964557043,0.0111932931950112,0.00498984220063072,0.00147951972922307,0.000117693789745938,0.000909063518055459,0.0042855742218538,0.0111676798888385,0.0231959680685525,0.0433626976367532,0.0676851929290636,0.115811294404167,0.187982346141687,0.290981944296062,0.427461593896162,0.585494370413972,0.726709924718245,0.819867641795477,0.857284849882649,0.856522921414157,0.838916158253505,0.818899286172301,0.804825981073955,0.799973714359308,0.804959788695046,0.818704265200924,0.838433265899395,0.859027714196014,0.872144153479599,0.865982984945611
0.0596843226773372,0.0869025411622385,0.128915257007645,0.196737759441342,0.310796344690484,0.502119413851901,0.768074307695041,0.913323744657774,0.736487384982185,0.47192700433986,0.289351663140036,0.181247223146817,0.116701767318525,0.076369262653716,0.0499370453605434,0.0319195545204959,0.0193202957685098,0.0104797896547334,0.0045143684945178,0.00104593808790787,8.23370277572673e-05,0.0019769671386191,0.00740320084048794,0.0171615670254839,0.0308424725058603,0.0363339477624943,0.219366821134289,0.314778341643797,0.354845573390208,0.250929164591921,0.46420528923839,0.628893458898956,0.756107844990265,0.839216667042658,0.882012338903786,0.89772734021284,0.898479532256608,0.894315053607957,0.889595072869672,0.882166293634852,0.860874657022247,0.803477243627875,0.685448500890234,0.510320885462985,0.326513591696813,0.184209331249704,0.0953721651736051,0.0466638368541246,0.021907649692088,0.0101447402351671,0.00492921448336728,0.00311060253709271,0.00330489140738663,0.00663519775026824,0.0192900511327867,0.0712067165360156,0.264707697018973,0.489588267919016,0.386515136094773,0.285028176298582,0.232230892722304
0.0115323047841143,0.0159145587323305,0.0221291948638559,0.0313070866306219,0.0456301202377038,0.069724151313852,0.114620792508058,0.210354040585608,0.44080025645655,0.810233843685209,0.571573863327398,0.2441387226901,0.113261597301299,0.0588249430988013,0.0326062706698138,0.0184434529687938,0.0101790021445511,0.00515726640429151,0.00213225060671412,0.000505793605798884,2.36983283289253e-05,0.000652702552701705,0.00254140917843669,0.00602892860637257,0.0116804862357863,0.0202944522917625,0.0326032405968023,0.0472392706131329,0.0501636374776435,0.0165627983278674,0.371526752069292,0.490039497050936,0.334839054688347,0.185282794245961,0.0937545949324935,0.0443771584585763,0.0162868139818292,0.00303917376645473,0.00101089593148921,0.01000180554568,0.032527055559253,0.0688783184986837,0.134084762150996,0.231529141885018,0.34892771096701,0.499551489359513,0.662391851656812,0.785576537519226,0.853750844761968,0.87340875699143,0.863236045558665,0.84031775910007,0.81678028995012,0.79806081068027,0.786237916817366,0.782383175788121,0.786449244600415,0.797827495351312,0.815357469141329,0.837064773155887,0.859679995233614
0.0107075568802864,0.015129005543869,0.0216478625546709,0.0317264490941323,0.0483464125653097,0.0782745401417407,0.139023656843149,0.281784836472433,0.619909460371768,0.78716671812307,0.404951799086343,0.187010639923675,0.0982131347360418,0.0571879904100207,0.0354167870610522,0.0225373873624261,0.0142519195024535,0.00856957979580508,0.00451416561534236,0.00166756045166564,0.000140968276465282,0.00122958186592823,0.0109494695331403,0.0530530202721883,0.0250994240841435,0.0121364810227474,0.0110024450474089,0.00562485851794686,0.00237439499604652,0.000548056094755395,5.49217517842264e-05,0.00101116918072928,0.00380564740174349,0.00916567740503858,0.018244929119265,0.0330248816853475,0.0566198633649643,0.0934722058967638,0.150182728636077,0.234716567623301,0.35274537268339,0.499190190455441,0.649887362823551,0.769603536561546,0.837980284217377,0.86192471802447,0.861850575306555,0.85541875177115,0.851138483869579,0.856610041145651,0.863427895970769,0.863035834782939,0.840061583570842,0.778568793194935,0.674231939738172,0.542538780068706,0.409899349744207,0.296441231212955,0.2091246480465,0.145856234712648,0.101338782210789
0.00244788964954721,0.00322405558827377,0.00423041975556421,0.00556246630890884,0.00737760504472036,0.00995149844052128,0.0138051214111765,0.0200265634121757,0.0312217884085732,0.0549947474528436,0.121279088518502,0.39648064162728,0.495752082234811,0.110687985098248,0.0347845410857404,0.0135575559351449,0.0055500760912606,0.00206291551831271,0.000531298444944959,2.67267812882058e-05,0.000178156698160563,0.000844785283199673,0.00200107486596566,0.00369438104500566,0.00603250666272557,0.00918717074807146,0.0134097287968513,0.0190605686673869,0.0266576494561851,0.0369544880018634,0.0510644273825972,0.0706549254313892,0.0982310841732308,0.137452369014834,0.193011627531122,0.267657273224177,0.344906719373083,0.30129611698215,0.137226018994061,0.399544868492471,0.312473989304693,0.218010508351251,0.116730397460734,0.0443977180744769,0.00694860027638252,0.0119836339881827,0.0551812466822511,0.186836216313354,0.399900336699011,0.630407189077345,0.784077761328414,0.839536406977024,0.836251580699266,0.812392402216725,0.786767250344622,0.773394278277617,0.768239543722864,0.772903429422792,0.786549354830336,0.807430519653214,0.832689840729546
0.00417572611069435,0.00557322663160176,0.00742991634836067,0.00995912900316717,0.0135259091031339,0.0187992357363951,0.0271173179632472,0.0414864265784793,0.0698261970622032,0.138177778610131,0.354397093810713,0.732366516031615,0.280434909057926,0.0894681317373449,0.0357390387756025,0.0158157779349759,0.00694473462829909,0.002647085128921,0.000640143925559849,2.09946966306286e-05,0.000443469993971308,0.00184129373166222,0.00433602090553873,0.00822520359889702,0.0140218928892649,0.0225460920212716,0.0350853400780438,0.0536473536034892,0.0812812014034383,0.122126517745487,0.17922539754111,0.240293056435677,0.208894056420639,0.0919358366057364,0.392643330659401,0.374472193467518,0.281823958032255,0.185895480911357,0.11313166904895,0.0600218081927469,0.0245844393209066,0.00392326853271061,0.00641265442088597,0.0490467887304628,0.16042681109802,0.358830016288619,0.59495524638701,0.764100986641789,0.829983638414666,0.834076692869808,0.819132909963785,0.808780159944776,0.808869087474762,0.819670877548695,0.838354183537814,0.857406423333756,0.863929398040111,0.840718652674715,0.773404629095956,0.661591629827654,0.529937373548484
0.0311813801599027,0.0453041387217016,0.0671453040963076,0.102855831630334,0.165419395968979,0.283350516160203,0.509700342947389,0.823401248360115,0.819957558770006,0.509608861308858,0.287583407413987,0.170800078484264,0.107984057847486,0.0715546803758072,0.048849229054196,0.0338259244912312,0.0234103232095616,0.0159526311231416,0.0105500091473005,0.00674392175696794,0.00443144269554777,0.00433890139117609,0.0176645720383181,0.2879794863235,0.54557798480338,0.464980024570899,0.134220572145743,0.0369481637237311,0.00690345462640384,0.000438028977187645,0.00534346484946029,0.0213074046925135,0.0511794406473236,0.10046369436569,0.176900364669453,0.286651034520484,0.428402304987287,0.584924074159188,0.724756790358288,0.821021616052398,0.869014984701875,0.882625149704251,0.879840262730539,0.873904482791453,0.871679105254398,0.874337796808269,0.877311803633382,0.869017986493535,0.83051361765597,0.745509555752156,0.612488217758014,0.457322039133142,0.314971770520925,0.204945293226689,0.128638587555018,0.0786915485743953,0.0470668335885443,0.0274368301750786,0.0154923517417958,0.00845096218036226,0.00448383619873182
0.0123992228742894,0.0172261939113957,0.0241280296348104,0.0344005643210245,0.0505417373605947,0.0778262019269195,0.12869346394267,0.236001831368392,0.48291888596689,0.830644004771733,0.598020687690512,0.273124146519981,0.131980129966225,0.0703863737973837,0.0397749111800175,0.0228028870560543,0.0126480682331721,0.00632768417246024,0.00245969078159755,0.00043965662851176,0.000130993881090975,0.00178340922145925,0.00610041307536259,0.0144745173813858,0.029496220932527,0.0559369502321309,0.102145994181674,0.177099451095672,0.225452760800616,0.195392202630895,0.350371264726339,0.160003060913216,0.0342702144118225,0.00357568048035091,0.0565741706311467,0.196016570346878,0.405068125022014,0.620138644010516,0.772708068064191,0.848511276350804,0.874337700967876,0.879136091972176,0.879665341446587,0.881660470137254,0.882574562792545,0.872610446899379,0.836361212096592,0.759696180914258,0.642012693341892,0.503463630295745,0.371338749238017,0.262350716882925,0.181037571893434,0.123602813040222,0.0840609636213375,0.057062643488939,0.038657073924548,0.0261006643721407,0.0173964666772488,0.0113966820611975,0.00727133724497549
0.00847574238880249,0.0115333751805185,0.0157491313583538,0.0217576942652877,0.0307189538642339,0.0449356076461158,0.0694895471546338,0.117225997907716,0.226109126206766,0.50706168410123,0.80147843205374,0.395282623991574,0.155170022068902,0.0700425095262125,0.0347792897195195,0.0177745567284212,0.00873499631135621,0.00373370136627319,0.00109368181777405,6.9319970483711e-05,0.000366096894010118,0.00195293507612893,0.00499313301156314,0.00983268245666323,0.0170237762430656,0.0273762479723129,0.0420349864328257,0.0625807020142398,0.0911477614673682,0.129821504221853,0.183017200058825,0.253124771671123,0.342126704157378,0.448754923762816,0.566198404632891,0.681639934309865,0.777086267099452,0.846948582935251,0.889321210268293,0.903302262919936,0.907531894750942,0.901904165911858,0.895571191270846,0.892306038932492,0.89339508390549,0.89777647210188,0.901733185643623,0.898878371026344,0.879831216168159,0.83500052855318,0.759393104330881,0.657206316046148,0.541145808918701,0.429459738635581,0.330153038642099,0.249111063507957,0.186107529050937,0.13844233103498,0.102850137278596,0.0760958868722686,0.0564941551976713
0.00620299149339909,0.00831844409533073,0.0111566885930277,0.0150660265130274,0.0206477270924831,0.0290157672903305,0.0424277606077076,0.0660258369184993,0.113468930053028,0.228380606581768,0.544053036880982,0.704449193914187,0.268173123788325,0.0986492471464782,0.0421433473462536,0.0191223084884106,0.00834888912150996,0.00302929411190961,0.000606767621857797,3.87235915314304e-05,0.000932822590833788,0.0032403989328777,0.00714935747427762,0.0130641360030933,0.0216354286682588,0.0338285433824371,0.0510277441998365,0.0751704778662888,0.10888347032264,0.155534220063845,0.218986075673836,0.302188161596141,0.406948345244654,0.527622293366077,0.651449376844622,0.760105833215742,0.836316102256668,0.87937473464721,0.895862763179704,0.889256868513488,0.884279036891579,0.877422562753039,0.873578858075447,0.875259697493691,0.879429277040084,0.871336959797395,0.862459612171159,0.811578849936289,0.714405200024344,0.57953339014272,0.433977695202371,0.30501293209408,0.205505168888985,0.136271511896936,0.0887534907384539,0.0573715790070626,0.0368337905338536,0.0234495681212687,0.0147541741852521,0.00941274294253253,0.00594799845396983
0.0278904946077373,0.0403342081098251,0.0593797935573818,0.0901012066563741,0.143059084328382,0.241524244723214,0.433590688071804,0.748614755781047,0.874435392744623,0.5884318735412,0.330342914074674,0.191785393114379,0.118497923948654,0.0767293787338123,0.050979756180592,0.0339920886478953,0.0221477946172666,0.0135492237102756,0.00720803012763372,0.00272610513839786,0.000284499472578862,0.00106050366815563,0.0089242495562289,0.0378537148183654,0.149722614211082,0.364397927200563,0.00171998699585763,0.0228395654829659,0.00147492700613639,0.00681238682429893,0.0320114379150776,0.084376438106559,0.174669635586614,0.309513789550762,0.477704077803252,0.643926282812268,0.769949012362171,0.84340831362289,0.876992271788634,0.889181737493794,0.892265194781611,0.889958612929088,0.878238373200708,0.84704927185219,0.784694345714196,0.686476449874645,0.562295931161101,0.433215182039893,0.318542911505159,0.226513444174093,0.159822105109322,0.112012419683861,0.0784921672599389,0.0551094023321225,0.0387558588441984,0.0272490315511071,0.0190944930655148,0.0132732100604714,0.00909553216232972,0.00617736717710048,0.00404227730542791
0.0138954307120953,0.0191508230160332,0.0265576093596321,0.0373769393370735,0.0539568313057318,0.0810381961112707,0.129159185577568,0.224134128654914,0.428569773016729,0.774032442928177,0.728588015524849,0.364875065844689,0.173318344960411,0.0891260016399662,0.0483343469969518,0.026404211801748,0.0137304570247967,0.00619503784429935,0.00193239298360315,0.000144901513625162,0.000651601497023582,0.00374261930007449,0.0101982300060548,0.0214370020675307,0.0398011117720367,0.0689836050000291,0.114466863302808,0.183193672256773,0.278883809074461,0.373440263735368,0.21515738969441,0.722967257013645,0.589633927320201,0.132390214791257,0.229197357546305,0.658536457500818,0.822940682994923,0.862439861115628,0.868424157531431,0.869737690494576,0.87190649390352,0.867884819444135,0.839641471813894,0.763539774762763,0.630295690873844,0.465242812181813,0.311927512174024,0.196280624323797,0.1194009340872,0.0715174859795941,0.0425633854536142,0.0250613902664984,0.0148199546401142,0.00877841241773415,0.00528284895050342,0.00335504357021644,0.00241962363505805,0.00226930337970365,0.0031526309931673,0.00655346433776186,0.0200786000727776
0.00300715380312273,0.00403916882014096,0.00542345440520843,0.00732785606615624,0.0100403575437854,0.0140899677242426,0.0205370771497817,0.0317683440613661,0.0540886132930067,0.108435799510772,0.287557902072235,0.727358067429529,0.287853513082787,0.0902454656170081,0.0370293435462874,0.0173596167183636,0.00838832163453673,0.00378609534117222,0.00134872806945302,0.000215245543572426,7.9368857994826e-05,0.000946772161180416,0.00309809602964062,0.00719184822181171,0.0145683366984873,0.0279893751248408,0.0534617365789792,0.104690042671047,0.210549814865774,0.387506671983238,0.420540088214647,0.0408129989408383,0.054929380147437,0.0520132242811062,0.0305673057672704,0.0165940135035748,0.00668680260095999,0.00110905122731074,0.00113560331208972,0.0103501957791766,0.0352775756110685,0.0886856953513243,0.189679948510239,0.352964392296716,0.55596453671256,0.727158935104526,0.817447397390713,0.844670521456693,0.84717376426141,0.847495220183558,0.854144850677183,0.858856980421241,0.846433439724401,0.797012171100949,0.70019901579726,0.568770094526368,0.431875345132275,0.313589333797946,0.222680078006949,0.157101183772874,0.111121831328215
0.0249424033944805,0.0351144505341828,0.05007959016705,0.0731933849978334,0.111255862472984,0.179226494633293,0.311663222203212,0.571780955709204,0.864865386670439,0.682925011923994,0.356557011073306,0.183585582448202,0.101140138201392,0.0586470861668026,0.0347565997416463,0.0203896006793656,0.0113712780156946,0.00564326824678355,0.0021521633514094,0.000374432772570751,0.000104223487496274,0.00136165180508026,0.00436492691513373,0.00954481691421891,0.0175964477350854,0.0295708437108235,0.0470000595097444,0.071964838784976,0.106483280955167,0.146933552175716,0.138583414530652,0.359615270530843,0.59156453331638,0.261589125936643,0.0319819250845494,0.0165449195474666,0.101539473702945,0.233965016793746,0.392124909370293,0.553170822223772,0.695416758412014,0.801013762305424,0.852986895916734,0.896773563403537,0.904617094580125,0.898257476713431,0.886741985529812,0.875656600029743,0.868203387896297,0.865925538501303,0.869145927565453,0.877006280882834,0.88517727790445,0.897642824879838,0.902591641918749,0.893641755460569,0.862725555055922,0.803270821674834,0.714404099261818,0.603325567813005,0.483152053223953
0.00201942396225274,0.00268731951564407,0.00356913763491637,0.0047607733422097,0.00642393288705635,0.00884980914368699,0.0126086649684277,0.0189492089917109,0.0310670602991585,0.0592670962586318,0.15118286999722,0.568978311977976,0.288074047768509,0.0692431406871926,0.0245329537712099,0.0102751090080725,0.00439733875583684,0.00166506695212763,0.000410561120431452,1.42838288850187e-05,0.000251552597815566,0.00109141592077613,0.00263969566443028,0.00514853163125057,0.0090827078968542,0.0152727442201208,0.0252431314899916,0.0419351938363393,0.0713519930640362,0.126141742938831,0.229989077493143,0.390863976212888,0.425246190816778,0.0633195728527618,0.0393628147637513,0.0432794534075383,0.0280490715152466,0.0144435782778394,0.00512561880036491,0.00115464107239907,0.00108120590667907,0.00887335867605688,0.0280706100797205,0.067928793249785,0.143342958894974,0.270196696400085,0.450611744783717,0.642862099991339,0.778025956825313,0.830195256330961,0.835180955995934,0.824285865910179,0.816558026454583,0.81958750813628,0.832805170485095,0.850009236038406,0.859091210023194,0.842970596869238,0.786246073060183,0.687038293978976,0.56210660188187
0.00323906507741916,0.00431471048267572,0.0057373118901603,0.0076633962337123,0.01035710809789,0.0142940316418476,0.0204038441585566,0.030711850750883,0.0503364149690046,0.0952522408972906,0.2317392388238,0.667889978344772,0.372973804734596,0.107447050495761,0.0408682989921001,0.0181026844182654,0.00832492781474758,0.00357364813886431,0.00119784816444476,0.000170234785253193,8.04616171111523e-05,0.00080896281010579,0.00241793299255362,0.00513197761305851,0.00937511566493956,0.0158683447963803,0.0258191764841423,0.0412631091983659,0.0656118449443596,0.104120904656946,0.161355321955707,0.216731078123345,0.117185904366903,0.157373737938386,0.271983639732732,0.202812707679279,0.135398888771029,0.0834882034469518,0.0478654881919202,0.0251483040051219,0.00912990351658491,0.00119852265205459,0.0030026644257376,0.0199505198733655,0.0622472425912717,0.148287174603177,0.295355293449437,0.495172792958012,0.686952212970256,0.803188746091715,0.83979327074252,0.834132669714469,0.818911259401075,0.809044062955079,0.809964216059607,0.82169290235542,0.840694730755975,0.859563129506125,0.866206120534991,0.845120310000664,0.783614541541591
0.00945209613566658,0.0128920845797619,0.0176601589199187,0.0245023590954157,0.0347962743294045,0.0513092759028185,0.0802281695842315,0.13736540979233,0.269054350682199,0.589079816841392,0.780625008708665,0.372085352966027,0.155500686682881,0.0741333899668708,0.0387679683810247,0.0210682121769805,0.011308431435466,0.00562769795377527,0.00231445614118119,0.00056613198490681,2.23236275414858e-05,0.000576791442325215,0.00230622707557259,0.00545950369018,0.0104910977257611,0.0181426720334372,0.0295920020204087,0.0466963579831351,0.0723023671972693,0.110093687346372,0.159816474264201,0.176295173653509,0.106243572018533,0.458095291251352,0.296845858872848,0.115925277585786,0.0288779183818566,0.00211848885419754,0.0168653971118376,0.07297686270562,0.163252933506788,0.304884208190072,0.475065618365098,0.643371333496058,0.774548336312257,0.851412017177258,0.881018423004326,0.881610616177591,0.869857243461632,0.856595808693053,0.847541583056496,0.844503385405203,0.850529264980934,0.861616437894367,0.875688861985592,0.887801366483309,0.890421013055013,0.874044061103035,0.829732597926738,0.75363811310913,0.650802746656253
0.0268907538167783,0.0384961610880405,0.0559746757395899,0.0836478597565829,0.130364317010404,0.215485119432803,0.380893077850105,0.676174724634406,0.888324316023013,0.644772820134784,0.356820146243801,0.199697990148707,0.118871968819342,0.0742307169708195,0.0475150711694419,0.0304063413884511,0.0188711896769413,0.0108490911520357,0.00528404267311941,0.00171274859831341,0.00011111327865329,0.000875066080934948,0.00477121766915923,0.0117477273501639,0.0103640609127642,0.292539318307446,0.5640352529349,0.253192650156933,0.0471576746152709,0.00204500008893684,0.0305451056185917,0.113669268990973,0.25411308685541,0.440615658022395,0.630297858068015,0.77189407239449,0.847993797132088,0.876128075126299,0.88142219999153,0.880623822582446,0.8798846236963,0.875585404498468,0.854073142243158,0.793942298006871,0.67978171894578,0.524050455905321,0.365433839497093,0.236810144165983,0.14698872568381,0.089140080206962,0.0534760919945755,0.0319029925610593,0.0188336837913511,0.0110062407323764,0.0063872832078608,0.00373976764536303,0.00231654444647644,0.00173098090947886,0.00186790165268838,0.00341760727888234,0.0103654505825309
0.0240436870699621,0.0346898887636195,0.0509780413345317,0.0773109753003474,0.123042935037448,0.209661272179224,0.386190036368416,0.70469404365948,0.859177614109399,0.558708573224288,0.299804418879908,0.169436730696809,0.10334940065558,0.0667557011676961,0.0447159760225636,0.0305032606721548,0.0208422605513913,0.0140317091384843,0.00916079232496748,0.00576846414677715,0.00372678420165372,0.00358472247321608,0.0133470624796705,0.180573242584529,0.569308467154304,0.542121856215049,0.240676632328203,0.0950115030804338,0.0378796604601079,0.0175536688880672,0.00506762129516836,0.000437500124826121,0.00180209517465465,0.00976894218965623,0.0266946206997165,0.0569395951918376,0.107346083587713,0.177672912363501,0.288642824671895,0.436914281104141,0.598255455010242,0.737518619851713,0.826281876303875,0.863307775547403,0.867116015916218,0.858026250439372,0.849491166983168,0.847858919369657,0.85373552845967,0.863586058775371,0.867972065220185,0.847940354011335,0.784031191913407,0.668244677895887,0.520407700511896,0.37239865971757,0.250373383757971,0.161435871614414,0.10107214647998,0.0616410923936397,0.0363978349491231
0.00927924406171839,0.0129530673935067,0.0182539893026688,0.0262354662231388,0.0389700941810546,0.0609650975408414,0.103355240588642,0.198089066987603,0.44124559436504,0.820500844562335,0.519992403506261,0.219308629958074,0.104684115167329,0.0564226071821945,0.0325769550121218,0.0192608044649331,0.0111491168086879,0.00593330924943289,0.00255387352953067,0.000585526503540349,7.05277879086593e-05,0.00167035063949338,0.00741221375382557,0.0234160998112054,0.0708408632953791,0.219292516589579,0.352875042253614,0.0253126209386595,0.00610725833812108,0.00580387777860548,0.00185193076938554,0.000131231754068719,0.00148509310756118,0.00738277463165388,0.0193352767155023,0.0406310675980581,0.0763867401157786,0.134061096781114,0.22270999152803,0.348452903749804,0.504188433922682,0.661203257971739,0.781872232449341,0.848790478147342,0.872745898304471,0.875063892677657,0.872308870780227,0.872532611782867,0.876262642250696,0.878224387596104,0.865724893946901,0.823327393824581,0.740440628193024,0.622231912002928,0.489833934386218,0.366596705424443,0.265755878446004,0.189528662053516,0.134234446444801,0.0945592692306931,0.066091290458022
0.0197978022628359,0.0283067849200399,0.0410789254777527,0.0611989452547757,0.0949676024671365,0.15640314521256,0.278647600663566,0.527861555166631,0.845926958922722,0.713745745684966,0.387274495317839,0.205719491344055,0.117124218354016,0.0703048358481765,0.0431030327405762,0.0260183018317353,0.0146942068492022,0.00706009368054678,0.00223036103669005,0.000117903518852815,0.00142490414557499,0.00791766936885771,0.0231941935461079,0.0538591683964181,0.111189454555125,0.21106268492752,0.365173894711533,0.556205033981105,0.707498373871186,0.809756357986436,0.84824036494434,0.879791674861266,0.882598943448257,0.875832986828465,0.847429301701819,0.774029652513623,0.643365358364738,0.478540253875614,0.323847055449762,0.206564633544739,0.128200509308877,0.0789439488216354,0.0486658984820641,0.0301052041598949,0.018666021560397,0.0115643505289625,0.00712985635957853,0.00435455237382654,0.0026230426173253,0.00155245494681876,0.00090277601486696,0.000516215389923842,0.000300790916069611,0.000189909915010581,0.000146212858783182,0.000156809621074465,0.000243200710697316,0.000493892494164236,0.00116644357316069,0.00301857402646566,0.00861528199468131
