0.386939526186804,0.453601346565633,0.528935877355068,0.628648220287281,0.733393116018477,0.866759083160182,1.02335800579894,1.22988104555632,1.48755503386189,1.79836052725143,2.04666459710259,1.91678987988576,1.62121491408818,1.39376064175376,1.23709826077964,1.13614379690709,1.07513704315967,1.04529908278655,1.04009635513232,1.05462271261371,1.08515250718362,1.12882236309293,1.18733692569742,1.25199817830423,1.32436285029876,1.40699035277399,1.49411562236951,1.58441050721702,1.68952644965115,1.75759381628848,1.829272687834,1.8957759360682,2.01171543284689,2.50180590534056,1.9998633676032,2.19132054561598,2.36352925887103,2.00083761051202,1.90078644460091,1.86309706218413,1.86987904227728,1.89714195943438,1.93216560760652,1.95810318836709,1.96354716070741,1.94303752383063,1.89906854664197,1.84120199696577,1.77758203750866,1.71411277063642,1.65429060455231,1.5971974827918,1.54714040701412,1.50180834664755,1.46209813742811,1.42936921272432,1.40214334245817,1.3813965436947,1.37413880592839,1.38289593311376,1.42117317166364
0.526388915093468,0.627964294834889,0.73417703726885,0.859616827983215,1.01920468951893,1.20909584616181,1.43872930935314,1.692761418788,1.88549560571031,1.8571049942505,1.66077857856201,1.46343267447459,1.3096784601074,1.19674112515547,1.12033230375915,1.07191854785499,1.04689668623851,1.04170137483985,1.05356358782255,1.08031120356323,1.12023347537076,1.17199395113901,1.2385653067356,1.31242680202152,1.39988850741407,1.50453312489564,1.60692879229379,1.73973391550402,1.91833456588784,2.33973386800633,2.21679441646041,2.21930894366241,2.10765188306258,2.02536933690787,1.97242028571944,1.92488335961102,1.8750404201236,1.83338827563939,1.80283797989383,1.78819519002538,1.78891109889259,1.80370611902166,1.82861161669185,1.85721737212255,1.88291835042489,1.89559685593039,1.89150488000782,1.87012500707551,1.83366022442339,1.79029093341227,1.7395388309762,1.69024775000963,1.64217289824379,1.59504623696215,1.5528514106064,1.51429074016059,1.48205237776452,1.44824221862643,1.41834582372404,1.39271062027397,1.37202165678063
0.334423215905166,0.401108587601968,0.476692810644748,0.564379957265176,0.681582459268956,0.810098753157024,0.977699722618439,1.18783502678877,1.4614318805685,1.80277690739324,2.07481321258842,1.89281925561993,1.57527961328488,1.34764788823292,1.19840277171611,1.10886705422237,1.06290669081053,1.05176827098217,1.06939606526229,1.11168284321249,1.17601702176211,1.26484320702972,1.37130413944499,1.50212822706588,1.65600657572745,1.82598650867646,2.0017209019042,2.15177802786994,2.3056713424331,2.2007453160849,1.9399435319593,1.82609805019693,1.76962673712902,1.76465257814232,1.81471372563753,1.8974457345401,1.99457771826321,2.0734301294272,2.09880920655113,2.06324569831263,2.00324437762595,1.95631662073758,1.93877678731068,1.94967895287271,1.97391797801378,1.99183618470504,1.98658462310146,1.95206853028485,1.90931437030343,1.82833162385092,1.75638995648151,1.68717075839701,1.62229889623876,1.56558300236484,1.51794331653433,1.46384736194835,1.42162862331651,1.38622289181701,1.3525018400578,1.32425191739673,1.29886305863417
0.109477637186048,0.191806975201545,0.259393912930688,0.337636905436306,0.430383986375157,0.542792791043399,0.693702862487073,0.873293753486214,1.1161419864734,1.44512967259365,1.87739787600699,2.13375789417811,1.73451141660457,1.39412888115957,1.18059906762583,1.0442930460816,0.966638758523176,0.928896735057271,0.922445137849562,0.941659360110161,0.982955594080046,1.04996519958064,1.13186734088944,1.23777292140282,1.36283722478396,1.51869632797822,1.69930808112692,1.90329279496984,2.09226467300717,2.22857782622712,2.40078925593011,2.09965431692684,1.85816841631595,1.69580384719592,1.59163191770341,1.5376063753179,1.59704356221751,1.52963181257236,1.56858665880706,1.66253412085982,1.67513951455448,1.74781239651017,1.82855596185706,1.90534176559725,1.96619944940038,1.99747933894061,1.99393786533281,1.9617257766107,1.9180084223297,1.87792018971716,1.85307422991833,1.84715201909584,1.85903255314347,1.88296608872763,1.90964859115438,1.92843429640494,1.93067832205126,1.91301894781287,1.87716855966595,1.83091655559497,1.77836397951258
0.328024394552214,0.396798826878074,0.475356102478619,0.57896333353894,0.690940300462515,0.827632197548464,1.00723057134491,1.23751204596401,1.53134444412112,1.88737730731388,2.08369309722316,1.80989122890977,1.5021882691509,1.28865750849843,1.14338359516032,1.05049536218648,0.991603683021043,0.966553407915191,0.965884220037537,0.985815375144722,1.0289589904054,1.08382824119367,1.15385503336274,1.24267551121162,1.34300852491753,1.46249514554901,1.60086856091613,1.75574858073741,1.93550049287228,2.14066556387441,2.32985806834619,2.25031704445394,2.09075715242077,1.95426417107571,1.84150587033357,1.79081759632874,1.64670288998302,1.57479408917956,1.5263249128896,1.49667017533643,1.48257815407761,1.48537995374833,1.5044550175847,1.54375978720614,1.62245703876908,1.72366597413225,1.7156850903822,1.78710339930679,1.86602183964671,1.94137110687168,2.00407837395851,2.11030840403229,2.05928250364423,1.97896917726222,1.91940021376612,1.85683327125616,1.79836999148404,1.7485157496181,1.71118535782235,1.68576297904616,1.67131939371779
0.143506382489188,0.232044828913794,0.30676317650129,0.393783621145604,0.497173512203844,0.632951131053592,0.789610854815648,0.993868901860712,1.25609362271899,1.6017436544823,1.98799339558672,2.01107324843711,1.64581285813671,1.36938191585358,1.18620291539257,1.06928880820077,0.994968182969423,0.959900525090188,0.953260510003044,0.970479281485338,1.01346156993749,1.07160078941022,1.14850780679853,1.24859616372355,1.369413674895,1.51426815969089,1.68576139691936,1.88348030279539,2.08470003501376,2.22495310367687,2.38406592080385,2.09941457430416,1.85317430578229,1.75656932845469,1.69983357253209,1.67541459750602,1.65065763546883,1.64473135081867,1.69544909180869,1.76476314447887,1.8392520536992,1.90765017199306,1.95607593302125,1.97456162633637,1.96142770601107,1.92607931237665,1.88507602092877,1.85314034931567,1.84168984293533,1.83810295458088,1.85243918148349,1.87779310601847,1.90325409654059,1.91995663399117,1.91878390271508,1.89786555270549,1.86232266232644,1.81684637965027,1.76612375002393,1.71780303628384,1.68091257000831
0.741456550023888,0.851338360104721,0.971634639235308,1.11854031940852,1.28835014461974,1.4826213616131,1.67656714738705,1.80880073135862,1.79557669393756,1.66341930887124,1.50733835333871,1.37172628034109,1.26308044815474,1.18386648305761,1.12751686974054,1.09117023595473,1.07227995802374,1.06872090613347,1.0787324113073,1.10084462412244,1.13382634715391,1.17666971862948,1.23267726654788,1.29452140462971,1.36963546971913,1.45827118365745,1.59107401412087,1.9306791566927,2.1503773470601,1.87428042633118,2.30890569900847,2.01695172679822,1.87935426041488,1.85435065694175,1.83790286499654,1.81834363856722,1.79969269659439,1.78003294922492,1.7677406048657,1.76693439496424,1.77986952356722,1.80787756076431,1.85130748451188,1.90342480283396,1.95460818359185,1.99024922264725,2.00007553547447,1.97803132227612,1.93195886716694,1.88038843216956,1.82493561610161,1.78012511969379,1.74343960595601,1.72143664441979,1.74623055886713,1.82746343290328,1.99732302277306,2.25482023546455,2.3023370005462,2.00738040486215,1.79897578832408
0.60896128130191,0.712663253281247,0.834179074964729,0.987865675478654,1.16971955807022,1.3892705286915,1.63582012772268,1.84287112413442,1.86309635166098,1.69233208159606,1.49464470576053,1.33757917329703,1.22282649052627,1.14958657218652,1.11151514417091,1.10757139040329,1.13916433419883,1.21077455148436,1.33498098901086,1.52447679369546,1.81216012151615,2.2329708093687,2.45752785154308,2.07943307214291,1.76466880058067,1.59241394376326,1.51032845464224,1.48779942738167,1.50693126531161,1.54997769868235,1.61197011424806,1.6885421661765,1.77010366291993,1.84830482924291,1.91254308357914,1.9505861723269,1.9578564317793,1.9381386655216,1.90664127053164,1.88019493616134,1.86731206879861,1.87502914121465,1.89933553567942,1.93201381743948,1.95713559698657,1.96251104491084,1.94202037743381,1.89824196312365,1.84178860260766,1.77867535349871,1.71566887558639,1.65750792473417,1.60205593997015,1.55435372385688,1.51072403396249,1.47296599206409,1.44078501580567,1.41214827667902,1.3927901165269,1.38155417604089,1.37876300793476
0.706776221395584,0.816116684853665,0.953053521568224,1.11187494451159,1.29757007355647,1.51131361272748,1.72329447908025,1.84103484223917,1.78024100945899,1.61342480139016,1.44633500998418,1.31111176077777,1.20850347899972,1.1386262727652,1.09594421851803,1.07913863942904,1.08840395963788,1.12591301931947,1.19660558401543,1.31390261239823,1.49216693530524,1.77139832790218,2.2049304931307,2.4565089101973,2.23438454833736,1.84519827462117,1.64333292175516,1.55652802106126,1.6345803056348,1.54979275065414,1.58108281680494,1.63334545502415,1.69584941251794,1.75884710690314,1.81428213352519,1.85845831501497,1.88318798421577,1.88654390669187,1.87395513249365,1.84932222500995,1.82352512167144,1.8012458656111,1.79086541913982,1.7941611397051,1.81159279668618,1.84036578754417,1.8756365035591,1.90663343229446,1.9254284170645,1.93025018679514,1.90385979316712,1.86714721168925,1.82085798214359,1.76933209016379,1.71912366634197,1.66982463481957,1.62759501130248,1.58678741316313,1.55210916308738,1.5211486617946,1.49834631164755
0.270750707468713,0.330770271327475,0.398157576717356,0.475810156023975,0.567464034659783,0.691386216739283,0.83091092380043,1.01641269934121,1.25550918917169,1.57727875500834,1.96263446465996,2.08021330969847,1.71650398811137,1.41620166468535,1.2196790352879,1.09534582369142,1.01617126005027,0.977861810611166,0.967643860618341,0.97975489951916,1.01555611923024,1.06234674933786,1.12302975311159,1.20048972510088,1.28738078029641,1.39011580645371,1.50574582217614,1.63441325853564,1.77424318816063,1.92145488629853,2.07608549581984,2.33102913909623,2.31078382436452,2.0708295324071,1.92649903029123,1.87774283626781,1.83651251223032,1.86137654445124,1.92494143144709,1.99936668243777,2.05422298219029,2.06045663942976,2.02017052723536,1.96053070580055,1.90814352493258,1.8769300414393,1.87151892093018,1.88664324895222,1.91440260679625,1.94049201043456,1.94925645329345,1.94044686294501,1.91081835858693,1.86432453267225,1.81045292381913,1.75220824516268,1.69600088895677,1.64231671938753,1.59211139644801,1.54464629714149,1.50534095628184
0.629760204984998,0.718105687125185,0.820257568437005,0.950320793775984,1.10259463710297,1.28424127957147,1.50139629464807,1.73453341904701,1.89610020756087,1.85394469006076,1.66624990751982,1.47735580997064,1.32666147120757,1.21306344372641,1.13428279533612,1.0821255308138,1.05262542375338,1.04271921244893,1.05013132853391,1.07324499617931,1.11103201690451,1.16305806963766,1.23356863510028,1.31715965102739,1.42378531264679,1.55805575379643,1.74075252899411,2.02069388420351,2.43299077568154,2.19583871659011,2.13211352916854,2.13841507657306,2.23752575116527,1.98647888153728,1.92999450601603,1.92189784803314,1.93364247932464,1.94442741204973,1.95726058947961,1.95439974056796,1.9341479352189,1.90002218397582,1.85856450791227,1.81643831540824,1.77903009416286,1.75200996927514,1.73496806533737,1.7330273477268,1.74509155191952,1.7722685352833,1.80969699932038,1.85537174477938,1.90164018121841,1.94235865313173,1.96465096128941,1.96835705339895,1.95326681134617,1.91645559995887,1.8722629735568,1.82728021081873,1.81606961568306
0.381055862367417,0.448501222979293,0.525076268503496,0.626466488703883,0.734219803607897,0.871860739527418,1.03489037297282,1.24984108971115,1.51742293627853,1.83075404304246,2.03635840073502,1.85949021367897,1.57506926084161,1.35886354529359,1.2079961288423,1.10818283094545,1.04505104102423,1.00653147350162,0.995018369790722,1.00701684974014,1.03033689028056,1.06708585602694,1.11557967935363,1.17463550006788,1.24828332745966,1.3278883302831,1.4213814869598,1.52579469441515,1.64361870569086,1.78199404698679,1.9596659983242,2.28986513227414,2.30224038919586,2.13865681063181,2.25167587453476,2.052751356261,2.03535732889103,2.04841700703012,2.04504803633215,2.0012907677241,1.94705303829039,1.89157299750736,1.84420960164248,1.81280352195979,1.79740009585606,1.80100002021507,1.81956435755416,1.84950637898315,1.8812663836585,1.91164084835244,1.92440355165706,1.91438141836663,1.89131015387777,1.85484800006716,1.80879096452377,1.76052679823515,1.71107212633589,1.66866643020011,1.670429456695,1.63230432606882,1.54615252875093
0.0340354938066939,0.0783127438436062,0.126171824371311,0.204138995317742,0.266741780473605,0.340706757415168,0.43054701472062,0.542701025912261,0.698566176336905,0.892479151989936,1.17321283166519,1.57385081399314,2.11295655460793,2.00988019073419,1.4865102934337,1.18740315146903,1.00408842106784,0.893902490040552,0.829078758873703,0.796227609895737,0.786750641095132,0.794909680484608,0.816785496457645,0.849665766310792,0.89166410337671,0.941474482673638,1.00406938883593,1.06800768066018,1.13812371036212,1.21820853657074,1.30123234891219,1.39335858270758,1.48955341334074,1.5944495916502,1.70486371988037,1.81970931665979,1.93810154089975,2.06590323136973,2.22514566720744,2.34097381813332,2.13446438407328,1.97787490000921,1.85152530907403,1.7615796084063,1.69805412568861,1.660019381368,1.61245105806821,1.60182454606716,1.61815142981355,1.65600649190247,1.71285810367308,1.79755101297645,1.89960279569768,2.00906684752075,2.10180065184627,2.1385323633879,2.09383859749719,2.00453783420292,1.90936017523958,1.83013331593788,1.77196302378572
0.319010806699773,0.386554712454319,0.463718127189281,0.553996513027295,0.674900476070647,0.809025861835179,0.984162711268686,1.20418133432157,1.48882401792735,1.83277497300667,2.05656029409093,1.83516405499954,1.52946013306902,1.31032752366009,1.15867008686939,1.0587712397872,0.992013726495119,0.957902048501744,0.94688987601917,0.955133080440526,0.979926274715702,1.0250977443701,1.07916410078143,1.14653745175193,1.23174085255463,1.32790824328777,1.44397238008508,1.58094757947961,1.73888658668444,1.93137635573158,2.18153338709163,2.41198648792559,2.21341618778871,2.0424360372135,1.89600791194475,1.78498970364387,1.71428522449827,1.6919282099391,1.88479830196017,1.72728229332417,1.76901926197252,2.12582873320558,1.85836632642187,1.89957933531183,1.93814856430006,1.95679366140913,1.95058111390296,1.92157087927969,1.87932260881993,1.83463489649954,1.79851808944003,1.76198666687092,1.73227222092369,1.72043667898337,1.72179116686122,1.73505964932119,1.75815378692197,1.78795228728654,1.8203794288599,1.8506927798838,1.87526500143496
0.548641952292404,0.656177285451069,0.768703260478357,0.911147624245295,1.08096622626298,1.28718218652284,1.54000030977714,1.80410684457742,1.94037672821414,1.80227762882801,1.57111780850239,1.38005915485677,1.24252635934363,1.15399900674933,1.10572095651776,1.0950355871989,1.12135044237134,1.18608970523203,1.29648651144909,1.45661817158127,1.68127463617647,1.99037883079458,2.32980783945684,2.34133239373724,2.19155472292251,1.87591790259236,1.81982055545352,1.54553512073571,1.45132174188388,1.3948518776918,1.36868602836509,1.36408918406104,1.37719874064948,1.40822310103947,1.44906340880934,1.5005554185935,1.56381933737383,1.63412430729493,1.70579155262722,1.78084303277182,1.84902678813314,1.90318844922276,1.93724779785786,1.94228559792927,1.92436288865719,1.89044938318101,1.85341906885999,1.82324799725511,1.80853491087573,1.81328738870246,1.82788771329566,1.85836607402947,1.89474496616658,1.92881407617026,1.94869916857144,1.94866750277354,1.92795432982759,1.89928067734061,1.84166508311374,1.78756955604674,1.73577951929844
0.646117851711485,0.751749703935661,0.882387926593633,1.02939048997417,1.20889713946305,1.41897756396761,1.63885230418334,1.80468793206994,1.80599853990163,1.66373180792185,1.49394786859539,1.35054529216249,1.23947832506967,1.16121526733255,1.10891004547459,1.07930859317779,1.06980460365518,1.07843414855656,1.1038094394488,1.14512667549545,1.2023279838672,1.28053807314671,1.37705620653845,1.51028703382388,1.72291326318845,2.20473018613194,2.1577061142648,2.33821118658814,2.0742448725386,1.93891357567666,1.92495255969173,1.92878682251003,1.91959521682246,1.89419543621596,1.86189009476258,1.83296247961589,1.81718875148613,1.81784089494516,1.83574118650612,1.86704890368094,1.90328914293386,1.9340511423866,1.94519421590793,1.93166037751071,1.89550448206308,1.84325492168144,1.78393986284145,1.72527004021871,1.66754728005211,1.61619079696098,1.57068279543385,1.53909942217704,1.49720353081916,1.47090439764696,1.45499062352641,1.45146127315052,1.46466710499547,1.50400299469441,1.58273751981483,1.72225339328713,1.95189870865448
0.403148673971067,0.476104927046226,0.559685052364752,0.670778798513167,0.790062423294828,0.943322485417827,1.13072563446135,1.36463641300481,1.65609062630011,1.94403802843026,1.97322513216925,1.71482842375516,1.46703361007439,1.28752149395554,1.16157987163265,1.07903737269497,1.02385059593508,0.997753595348977,0.991491338874783,1.00645571374486,1.03024610649375,1.06517693792709,1.10939229165542,1.16133509691614,1.22447097138482,1.28902414760598,1.36172538781022,1.44410746195578,1.50945705443773,1.58412071589569,1.65340629795568,1.7178954222844,1.77159586130451,1.81214109106002,1.89430548701,1.88159758341367,2.04973919363256,1.94585627658463,1.81380177122511,1.77598540652357,1.75691967323121,1.75363803426,1.77276080683376,1.7836811830717,1.8087967292983,1.83969413410547,1.86608248719257,1.88292705154416,1.88579136184227,1.87326359661065,1.84743160162033,1.80931052772519,1.76663358952553,1.71990356203895,1.67425715182162,1.62799971975842,1.58560128446785,1.54563782258716,1.5090050233401,1.47215385042065,1.44305607079836
0.133488920796415,0.208500553722156,0.265449407712418,0.330301736148648,0.406265671608219,0.497644162324601,0.622055652057791,0.767287719794288,0.964146586012697,1.22813328220877,1.60094388167006,2.07375696479778,2.05164502253304,1.57786586042931,1.27723451833465,1.08780046666797,0.965247989887146,0.892779546360107,0.853249268591119,0.838337011567871,0.842386157109919,0.861465595746051,0.892812655149915,0.934482021549654,0.991010962159629,1.05060776366733,1.11785704372064,1.19659061759614,1.27941564391898,1.37295773308596,1.47182911516561,1.58175906297737,1.70000425514203,1.82871706151101,1.96823615142648,2.13013888010838,2.32046507345162,2.27238705602726,2.08272234721837,1.94701816787566,1.84283177114728,1.75413282962161,1.68650519428603,1.6418733838491,1.63447523538997,1.67972920758239,1.62710098895671,1.65825831709783,1.7117782379228,1.78638955225572,1.87834013321039,2.03182649590427,2.05359529895705,2.07954063183338,2.07093318884307,2.02139306164043,1.94239349979251,1.86534089502418,1.79668386774833,1.74072972770775,1.70051578620146
0.214043837352676,0.285426190778067,0.367421338859679,0.463591562036628,0.57846621779437,0.730589225271604,0.90636921214708,1.14185785548171,1.4392717358243,1.80533165704478,2.06693895645087,1.83084805021112,1.5141642481534,1.29646201807301,1.15311422574862,1.06722141560753,1.02045748558892,1.01353456094582,1.04275521532108,1.09739481054619,1.18113660031484,1.29920532234055,1.45087395611395,1.64279409782596,1.87435687084377,2.12769449705609,2.32640877334965,2.27716803387962,1.95604674319914,1.77124277271557,1.59059208214881,1.49265971405284,1.43636799262126,1.4095512523451,1.41706449884209,1.47078535227121,1.75090548517821,1.54786946161655,1.72598001119228,1.68718684052282,1.72569869947557,1.80052880518316,1.8740569478894,1.93376867495757,1.97008468258407,1.97642914021557,1.95534915092582,1.91729866339702,1.87685706779383,1.84604700872675,1.82919042888323,1.83089396874653,1.84779451467005,1.87383387526684,1.89998836357147,1.91642349036055,1.91576260789716,1.89599483448806,1.86069718406348,1.81611304833773,1.78125287666437
0.345776010475562,0.410555923418472,0.483963131307857,0.569171423157609,0.683877877743927,0.808778582325932,0.971546502522313,1.1740107322318,1.43465205051006,1.75446406912193,2.03117330571397,1.92867353486453,1.62109819516066,1.38125464989355,1.2135305302031,1.10092963139087,1.02335870759982,0.980060762585885,0.960620820333424,0.960738300903247,0.977303865876184,1.01351069174638,1.05783720356783,1.11412069796572,1.18578823800932,1.26632889816136,1.36269335958203,1.47112159998348,1.60253352687757,1.75572063365837,1.95238967033252,2.23667948695724,2.39091453718502,2.16383286785514,2.04936504686148,1.99001180253852,1.87740147130376,1.79328343920319,1.80430902666873,1.78306933853402,1.85036476999153,1.86617752287435,1.90830919160992,1.95260597503617,1.97645541856546,1.97235349086791,1.94332112459639,1.89863246700217,1.84903536545324,1.80443458831105,1.76775115820512,1.74474246986115,1.73480717962881,1.73872665831287,1.75558539256064,1.78368381992505,1.81664853379628,1.85096675163351,1.88126164873602,1.90362652028297,1.91174592253615
0.710489045235883,0.815779784231345,0.947846346636869,1.10074034005359,1.27962585009264,1.48662952826527,1.6969906983637,1.82959824100664,1.79324941645187,1.63648662140146,1.46855745020209,1.32898102213097,1.22059045888048,1.14356332688062,1.09152153523926,1.06184039588255,1.05274180105198,1.06340555977084,1.09409893463889,1.14650716912559,1.2278563625987,1.34043493781058,1.50855537275612,1.76223986621217,2.18327710160799,2.4196618795373,2.30043265076573,1.95449121012599,1.77779714940763,1.70673225865529,1.66366301605122,1.69764495476189,1.73054091644561,1.77675307936822,1.82241050031065,1.85586326538656,1.87346299977521,1.87255032427806,1.85854751711794,1.83425514864137,1.80915827500928,1.78659512740822,1.77429784554516,1.7739306731943,1.78668007270658,1.81127824565982,1.84502581475635,1.87930490724509,1.90719987938506,1.92266305990178,1.92136677380584,1.8958712079278,1.85872160015524,1.81498055325934,1.76804067898239,1.72002124473769,1.67587033302917,1.63376412281853,1.59809031989556,1.57107031057112,1.54223018224199
0.773348824990447,0.887101736531857,1.01147083153586,1.16485592829711,1.34701469937943,1.54807785658549,1.74061585733634,1.8370985296776,1.76995036977548,1.61108460744371,1.45168911659581,1.32179173928617,1.22269690774098,1.15521785442808,1.11350952608985,1.09567438933473,1.1007623449861,1.12904432008163,1.18241956127167,1.26876980066712,1.39155836464147,1.57890183568824,1.87066747977221,2.3280405921441,2.24516110057088,2.24953690945341,2.15694068010385,1.92964871838717,1.80926251086188,1.76436102504706,1.79026004867711,1.82277280744376,1.88001098572922,1.93621239430892,1.97629582589172,1.99202487521705,1.9804885973342,1.95050083126014,1.91433059823914,1.88530454466167,1.86980433807851,1.87625197982535,1.90584133376262,1.95131745381406,2.00338448476725,2.04198132378775,2.04722772012098,2.01469984973272,1.95521807607291,1.89693359663881,1.81427208425024,1.75032264252573,1.69918614659747,1.66573626505292,1.65206159381417,1.6743828419135,1.7444179352313,1.89331425651294,2.13701436630272,2.38022702380934,2.12901350229176
0.718854001291842,0.828993763706677,0.967818447161511,1.12947721925314,1.31872699922517,1.53744911050883,1.7399378871919,1.83073007691727,1.74043827904953,1.56682610645928,1.40260730601354,1.27183745400778,1.17609103699865,1.10831080370174,1.06159925699516,1.04108714821215,1.04146695508377,1.06718212963739,1.11084387465158,1.17936260545734,1.28246667568902,1.42665382929106,1.63299344156137,1.93575675882603,2.39739564156199,2.39388650586363,1.99831102943646,2.20829044681296,1.71972097006906,1.61231285326264,1.60545914985345,1.63600218491624,1.68104627021307,1.73261767324662,1.78501120246376,1.82809361395628,1.85809486630915,1.87162531179795,1.86844737713531,1.85171886179323,1.82590867838955,1.79958670859738,1.77600335481687,1.76194900703198,1.7590615811643,1.76853378903873,1.78947455208143,1.81872769392861,1.85103184606527,1.88198047220883,1.89884944813735,1.90134604361842,1.88735480486955,1.8593942199669,1.82195748773167,1.77816101135377,1.73467308559367,1.69242078762182,1.65333457588491,1.61850208408613,1.60390220072659
0.780232411930104,0.898073591673749,1.02723656555049,1.19087046531298,1.37331314399793,1.57539012080664,1.75663590039053,1.8229921292213,1.73400174912435,1.57391088542565,1.42347507518606,1.30083807534951,1.20770946038267,1.14453298390699,1.10576523371003,1.08956063657284,1.09496776963199,1.12217903596628,1.17296927116849,1.25505653025272,1.37258633695581,1.55595754263657,1.85759268036965,2.36147792769624,2.17745700574224,2.27429036768426,2.14538838077833,1.91333894130148,1.81353716424141,1.80066884876119,1.83457090725237,1.88506915659601,1.93507135272384,1.96651664310503,1.97251291902828,1.95368843298356,1.92151590708545,1.88899898877383,1.86878094952312,1.86596980207527,1.88815884209237,1.92875732842997,1.98043532083376,2.02409132041466,2.03826620768297,2.01363830786917,1.95661199093324,1.88579112109109,1.81421772231511,1.75123499446145,1.69335670087238,1.65336049227397,1.63083451934993,1.63174700435449,1.66647356000708,1.7537614071711,1.89976344849938,2.12361301192249,2.32877345211745,2.15943636344189,1.90871381978936
0.596486816891008,0.705669758369901,0.833912054530454,0.995800938300683,1.18731226142387,1.41725228150844,1.66950528882732,1.86152006803574,1.83933511630749,1.65338975315255,1.46079745887036,1.30946863313169,1.1996440130713,1.13044578218006,1.09664744173114,1.09870633191969,1.14007872420701,1.22787029328351,1.37861471695495,1.61169481339623,1.95852891765027,2.40250465866987,2.37246112022145,1.9256390354866,1.64077387290592,1.49153079619059,1.38316201395962,1.33673235452758,1.32296271306021,1.33374519164699,1.36580626463031,1.43304851327092,1.77678691723187,1.66738705390771,1.60627741257289,1.64448834714831,1.71104118289675,1.77597639180803,1.83537391248734,1.87974395815582,1.90524233069124,1.90958335469491,1.89524542668676,1.86794644350137,1.83850853675267,1.81252775389681,1.7982005530755,1.79805267315829,1.81579783192647,1.84322655084975,1.86962663249892,1.89891144557932,1.91748336947222,1.919513188138,1.90013149196475,1.86607439090793,1.82234992406234,1.77566028390189,1.73859639713819,1.80536771364908,1.64788750091398
0.461975693764071,0.537953820232665,0.637770861704764,0.74139452839923,0.871678138054157,1.0212438029737,1.20947302900936,1.44090953085212,1.70672186329364,1.93041049736804,1.91841981191792,1.70194407191154,1.48782806860501,1.3245911250296,1.2066419967207,1.12827482449334,1.07938082374613,1.05450140662712,1.04937095619279,1.06062489633676,1.08556442706686,1.12198193290765,1.16802352400356,1.22694614535684,1.28877053034622,1.36000013892185,1.43712965857686,1.52312997898343,1.58727185067529,1.66215872995569,1.73227330163388,1.79455968520075,1.85021090534327,2.0494237440522,1.95198169343937,2.18780447973497,2.16831226942133,1.86973859389131,1.81086385372494,1.77681167378111,1.77413984283295,1.79089937532379,1.83081772216909,1.87749504663182,1.89945595762449,1.93252925558105,1.948935185998,1.94292318204433,1.91494819751385,1.86976756436882,1.81754931312547,1.76389545395511,1.74748204616672,1.65993176728062,1.61155204732758,1.57538619913301,1.55202162345569,1.54017889258341,1.55362671175587,1.61301190368994,1.76267322003228
0.291355750381761,0.35946252793845,0.436845316369345,0.526724155641714,0.645335689995857,0.776368134446517,0.945376531282457,1.15619057660252,1.42826312578552,1.7648971033142,2.05140837871582,1.90923262473094,1.59330335766555,1.35967712194481,1.20325896301916,1.10600181738823,1.05228928565779,1.03403154098111,1.04591987782213,1.08465881835326,1.14856304735533,1.24135051208978,1.36068491235402,1.51034040108278,1.6956311274535,1.91310904835531,2.13444014767195,2.27045736811489,2.38141832103077,2.04648462512038,1.80740079593225,1.6692730670909,1.59665470671149,1.57592475839839,1.58251565404144,1.6214071146276,1.68336415297007,1.75883040703386,1.83977069182714,1.91526811566254,1.9702009195909,1.99258205011763,1.98028174866403,1.94567240617637,1.90916091127303,1.88556023426777,1.88256741047682,1.89693335469494,1.92040774354052,1.94330100179113,1.94411404400793,1.92758489489872,1.89175719011981,1.84173694730895,1.78619304791677,1.72783560288242,1.67211523574666,1.61929820722098,1.56906397020921,1.52591420992781,1.4926552074009
0.3401830642968,0.406145173010101,0.480948802131983,0.56776969161885,0.683995023677448,0.811022134309973,0.976164542326072,1.18177738145297,1.44662067237271,1.77304706509766,2.04393974882756,1.91588076648028,1.60868755931218,1.37603457393427,1.2168808249181,1.11424584872569,1.05208200540938,1.01749497142885,1.01718503061658,1.03403592882458,1.0692596350454,1.12077474545882,1.18727194423195,1.27230615156942,1.36854357430314,1.4833494750719,1.61426390995847,1.76486017863621,1.93852782798586,2.16569736986815,2.40815531032406,2.17101518546678,2.01645140206806,1.8996772170097,1.83594949192025,1.84364007666629,1.83128301621784,1.88047590927613,1.95176026415083,2.02338563709655,2.06995933093647,2.06922090050057,2.02708725487762,1.96738550487476,1.91190822365156,1.87794796970999,1.86673852142285,1.87978763709898,1.90941527001012,1.94643136900316,1.97428794667992,1.9823357228782,1.96474326436085,1.92419715309601,1.87139710487229,1.80744425738704,1.74541356042946,1.68643580638303,1.63444501542535,1.59150160351801,1.54733905393436
0.490916293349751,0.594989452915766,0.705124836114982,0.835277703604357,0.999569990772768,1.19502019954318,1.4303452271277,1.68890935535114,1.87998212629649,1.84238959706536,1.64193068896691,1.44889141076987,1.29560075508677,1.18847220582074,1.11518790186231,1.07042057184232,1.05002674175921,1.05097532957058,1.07112339752289,1.10907094434002,1.16412135820698,1.2401957359761,1.33291871039105,1.49319278664379,1.58601736024934,1.75027494549545,1.94324352761118,2.12825036704522,2.24440789601404,2.39649783613769,1.98940222087003,1.87642216716919,1.86897808278311,1.9053403437532,1.94545446577253,1.96534508976,1.95592695288381,1.92373325029868,1.88507631035978,1.85429470406219,1.83661529374795,1.83584836831764,1.84781830294614,1.86596424255547,1.88191669353992,1.88786880896141,1.87903935090289,1.85497936275711,1.81809899257555,1.779486986292,1.72548739981888,1.67473956729552,1.62671578885824,1.58084874889395,1.53620091840035,1.49637155525463,1.46009947827778,1.43036696492364,1.44809653133594,1.37724784912607,1.33951028876412
0.385017054232452,0.456815244195975,0.539095096102753,0.648271053807401,0.766209366849441,0.918110416507601,1.10540237317819,1.34222652379465,1.64341366940904,1.95470674951495,1.99187217429402,1.70662600219094,1.44852332192201,1.26268117399834,1.1397948547543,1.05953914056139,1.00807216833082,0.986377927827176,0.98512949545223,1.00562749524085,1.03544747907576,1.07693538795606,1.1283493447647,1.19250786017052,1.26092260245544,1.33928705543004,1.42119873658307,1.51244920604212,1.61350797017395,1.70097640560002,1.79975444278943,1.90818153794868,2.10081686333256,2.30857538149031,2.19160942166476,2.32034504871501,2.14795582433126,2.00660465560295,1.92258152090391,1.85643397727467,1.82026543078538,1.80546368779851,1.81046937663261,1.82909833392965,1.85612424623798,1.88106348759515,1.89705433093525,1.89817946207467,1.88307230829081,1.86931581226945,1.80898268754839,1.75998343961718,1.70867786015586,1.65914081171868,1.60995563311325,1.56499963231588,1.52296662945558,1.48235362939287,1.44895919241395,1.4149368558906,1.38360316560517
-0.107187622913374,-0.0678373698093986,-0.0261011250233783,0.019575709086793,0.0711347272245335,0.131124512747027,0.227279556698805,0.317461904704169,0.43228333058569,0.583272240406648,0.800915841772195,1.10706985650955,1.58396288456444,2.24120579197312,1.78295108750467,1.28138289793014,1.00738586362595,0.848362622440677,0.752545490044485,0.698075551078558,0.672067018492473,0.666405723307046,0.67577127282654,0.696581816205369,0.726382275729167,0.763471966331423,0.806671418925902,0.855173720850117,0.908448294784565,0.971576029358487,1.0343101177146,1.10147338594107,1.17318665261833,1.25364888355161,1.3359148871786,1.42637236821813,1.52010070576144,1.62153821535711,1.72747615306194,1.8372331671828,1.95365871303941,2.10123062999439,2.34025289494724,2.25327228045048,2.04942094699617,1.91473678871248,1.81670203536088,1.74358824832574,1.69362634604449,1.66940395463754,1.67405756684471,1.71148249703934,1.78162726109361,1.88042059249168,2.00203869275752,2.11167985953511,2.15640460979635,2.09937646832312,1.99630307379518,1.88832741542838,1.8066736037302
0.315323076751981,0.374679090816246,0.441089251532135,0.51735448634618,0.619432854711257,0.729771441565747,0.873175353305239,1.04784716540496,1.28548611600679,1.59697593391807,1.96887793480338,2.09989366272813,1.7504526103863,1.44707320362805,1.24228491171209,1.11153620208147,1.02467475877286,0.977693029582829,0.957269169422379,0.957313668217235,0.978630935259341,1.00815267940896,1.04810583012899,1.09660765105332,1.15629547525433,1.21866161144842,1.28602507990421,1.36126156034462,1.43662918175911,1.51746029397435,1.59936466197131,1.68514248143951,1.81742411142532,1.8304298485514,1.91924344542893,2.32230552497623,2.03857848228625,2.05824674756889,2.52263540755824,2.31034309262844,2.00778599659634,1.8879477033294,1.84076610414855,1.84498680804366,1.80683279154935,1.82126385316816,1.85083677941549,1.88364688512878,1.91204239231474,1.92890753702102,1.92669329783309,1.91960584954093,1.86591576615538,1.81639761447003,1.76302061163783,1.71065627437763,1.65826767757251,1.61176305631003,1.56479785620988,1.52389077227498,1.48646652615991
0.477361729457838,0.557666473494273,0.663358857376222,0.774408516950968,0.915525626701227,1.08518496248315,1.29403723541252,1.55211776228634,1.83582467316848,1.98225244665573,1.81540960990853,1.56715401034098,1.37163328150181,1.23568054413461,1.15061807465093,1.10477016856728,1.09225055613723,1.10893803278443,1.15224521830791,1.22441196889332,1.32023035841926,1.4476727905958,1.60776262893659,1.80649835917989,2.02348548016601,2.24244610550441,2.52444318516242,2.11306269215821,1.89614117979765,1.8195592991868,1.83094228122825,1.89618245134155,1.98005924290982,2.04494972933142,2.05761012163737,2.02057064997218,1.96991548781059,1.9362692833402,1.93005482123966,1.94619721621576,1.96807913721433,1.97498582658411,1.95531667866083,1.9116890861321,1.85060718387647,1.78242063261978,1.7134305662394,1.64891332230853,1.58773201369757,1.53169805753719,1.47912970811233,1.43370980516241,1.39283579954544,1.3575376682547,1.32401745893857,1.29358261900795,1.27492407241279,1.24700391704854,1.23005135506575,1.21830863882749,1.21265591318654
0.555401959241791,0.651398936398007,0.748549425921561,0.870290894478287,1.00739631767597,1.17986061069448,1.39261160739531,1.64417618613987,1.8940750791086,1.98067129850569,1.81128613877918,1.58891874179581,1.41214109383108,1.28846964172298,1.21123344745198,1.16755346596156,1.15827306399793,1.17959944290742,1.22165632649278,1.28568077694551,1.37457696390775,1.4849941336761,1.62270931904506,1.78009139751544,1.94799644069466,2.12321920971369,2.37461032297291,2.20358155546264,2.10122716103262,2.16599833646549,2.20096793387679,2.12218110340012,2.02891629654684,1.98306277371779,1.98090852325787,2.00103733617768,2.01046411775628,1.98903318046612,1.93674238445034,1.86581501868888,1.78861495291357,1.71258463371806,1.64110148091024,1.57524374356672,1.51733883935208,1.46305637181731,1.41637035113126,1.37194403723447,1.33549750132495,1.30357910023389,1.28091193433045,1.25366557947448,1.23528609823389,1.22536806221091,1.2177074763341,1.21917802266285,1.23156473855246,1.25798269160059,1.30453654408591,1.38938037550255,1.5216728996101
0.480708301367445,0.560839543501102,0.666487100841607,0.777517769909065,0.918015915216702,1.08561223663973,1.28908516914609,1.5347643956135,1.79583282024504,1.94228854007952,1.82165744378226,1.59708616375281,1.40408329801611,1.25965210009608,1.15811003065087,1.08841167534593,1.04061915903724,1.01831039795906,1.01387441799323,1.02958269628274,1.05430934888023,1.09096031411917,1.13843051687845,1.19968088920584,1.268055305218,1.3469764446336,1.44184042411276,1.55342521643312,1.69404726812707,1.90633560353483,2.34063881445546,2.20033607309908,2.13849760976634,2.16523258563397,2.09809300435696,2.02267126768589,1.98441359825344,1.95855800030564,1.93122630191053,1.8932739753161,1.85184883994554,1.81133276253575,1.77610181226772,1.75132785040518,1.73797080530989,1.73610713517896,1.7486247648582,1.77404756061161,1.80633620887825,1.84198415876446,1.87670793463886,1.90053696529916,1.90703283067331,1.89826330725737,1.87428889798973,1.83910586254325,1.79616697711834,1.75207864951881,1.70774273236759,1.66917167945199,1.63008382235951
0.291689432818677,0.355212350681324,0.427128380734035,0.510535266557612,0.621219207763535,0.74291236591887,0.900013003803907,1.09114590123926,1.34661195360316,1.66922410956657,2.00269806669022,1.99603447439116,1.67146260434186,1.40630871039844,1.22347001054489,1.10038383271027,1.01441617478145,0.963527401383767,0.936319204095812,0.927814406636184,0.934321025984893,0.953044416446259,0.98747063071104,1.02542261070201,1.07058468311379,1.12189578627372,1.18285113915927,1.2448971580808,1.31101878597263,1.38466486241449,1.46172096594124,1.56495273119142,1.62940963961163,1.69633926654976,1.77682712662871,1.86405384527531,2.02242246675074,2.41777265245921,2.11752525152639,2.23318411638551,2.287959577883,2.1022360642623,1.96250546858074,1.87713096174719,1.83064393111134,1.79526872699528,1.76589332679708,1.76057483325336,1.77083563175219,1.79276913541317,1.8200168685718,1.85543875112964,1.94235469171128,1.87987479814792,1.87208637222398,1.85492794803664,1.82760107761166,1.79156737620168,1.75261099889566,1.71247244716279,1.68280131030829
0.669295634399317,0.778000237688041,0.913202393850627,1.07054374900236,1.25584502938464,1.47220997505376,1.69465297279184,1.84273255849046,1.80437557689477,1.63762905126638,1.46501755642899,1.32683517731653,1.22476549904671,1.15837703381403,1.12100350756644,1.10966874514406,1.12207796399702,1.15662841565178,1.21246266608707,1.29360291916824,1.3957476857803,1.52922338244458,1.70942559472544,1.98379145674306,2.67207345996778,2.26274410299861,2.09486606713773,2.07766052715103,2.05745442220218,2.00334972269939,1.94920973133736,1.92634124008324,1.93559926516029,1.9652653237595,1.98561625290471,1.97545554549067,1.92959277878908,1.86128252472984,1.78476180357084,1.70888419910194,1.63955652851951,1.5748881179858,1.51639674727477,1.46677159176465,1.4232237468619,1.38563911827201,1.35154597035945,1.32653416701394,1.30942819433543,1.2953715435422,1.2914926544296,1.29758783968155,1.31622078245213,1.35317521830082,1.4078717792292,1.49670075880274,1.61316168199885,1.77377068573778,1.99032165359203,2.23178135165053,2.28657866731357
0.391313650496437,0.470926164503061,0.562624299192438,0.683273076747628,0.81449064587492,0.982272775937834,1.18725001316988,1.44418625788045,1.74578502346043,1.98355332373084,1.89306935154218,1.62741605131587,1.40896524408137,1.25551080603912,1.15674243325096,1.09921703276215,1.07622816796016,1.08322154876204,1.11738287941117,1.17741762308821,1.2674113797298,1.38577837721832,1.53771664419765,1.73082368652483,1.96596341504077,2.2093528704534,2.35647233513696,2.59406409038745,2.03520882577481,1.91939849682128,1.74258192087611,1.73560733813197,1.7826610692464,1.85908999655766,1.94274516432018,2.00635064283952,2.03054187003231,2.01108356269183,1.96655811463687,1.92385269474026,1.89928219515669,1.89813609429106,1.91308160096947,1.9312095080824,1.93800710876845,1.92385780872978,1.88710591392679,1.83865941045213,1.77587371701599,1.71403315853962,1.6528427590183,1.59639063759447,1.54231610766544,1.4943997994275,1.45070904637587,1.411382180159,1.37950821733211,1.34620976776077,1.36125238848396,1.30777553255417,1.26460165070578
0.435197823657252,0.509524531973966,0.607480521450676,0.709711589785212,0.831918141753177,0.990673176952265,1.18457612684636,1.43007599032893,1.72781988323065,1.99186305380082,1.94847180566439,1.67452273727746,1.43783439458764,1.26678261338529,1.14736508700659,1.07074290859945,1.02223750061728,1.0046020947191,1.01426621172774,1.04007934130768,1.08452916255389,1.14664509414891,1.23021302602656,1.32900081050813,1.45160566678601,1.60048584528066,1.77968563005708,2.00287374152999,2.26881942499544,2.32826829440791,2.18379621538672,2.06642634098929,1.93714945510994,1.8148040322356,1.71215589825427,1.63734952897087,1.5850414123215,1.5546532049539,1.54569502671352,1.55545336743156,1.58433806459514,1.62597933252607,1.68245229902007,1.7506462121292,1.82263034522004,1.89933256593086,2.00412045880056,2.07184369249312,2.012442470805,1.98878107035207,1.9474153238145,1.92126225081957,1.84604299454467,1.78877689431559,1.74853734303016,1.71922992152724,1.70431144768044,1.70208104832984,1.71187841024553,1.73240993007014,1.7620838483225
0.410019692700008,0.485755515491979,0.572920223270876,0.688618298092061,0.813548530260772,0.973725595471856,1.16888443417017,1.41286249266954,1.70109467805273,1.95009180641714,1.91678279896959,1.66667646710866,1.44116767223588,1.27286998876649,1.1583249638096,1.08100833486047,1.02909041109799,1.00500180159386,1.00022027807571,1.01647399615444,1.04204122852384,1.07948523768516,1.12731715149061,1.18438865586104,1.25447880904543,1.32885422420383,1.41464767525141,1.50842071134018,1.61196628646327,1.73089840886061,1.88051886877911,2.1743610540345,2.25909285909475,2.1536581327281,2.17118869858656,2.12758893211828,2.06413647221202,2.00353795413528,1.94287026262466,1.88612909857725,1.83748602512213,1.80223968899997,1.78038701925494,1.77547201555969,1.7853860887216,1.80732542766805,1.8363889494657,1.86722731598515,1.89020702021116,1.90019221601838,1.89636610444785,1.87179652383089,1.83461357032438,1.79178311444697,1.74389977527802,1.69700659439067,1.65135082730795,1.60687689414341,1.57128565448745,1.5482213861631,1.49656374643962
0.346920440019387,0.412720855307913,0.487301964156476,0.585381356517109,0.69010607777337,0.817015957825803,0.982534864736272,1.18898065411313,1.45549815773972,1.78342717036215,2.04670746350225,1.90019283385619,1.59315764328747,1.36269578895391,1.20587435346031,1.10555344520894,1.04596145329719,1.01433116649791,1.01755061023183,1.03869918857037,1.07927638962663,1.13756580171275,1.21658328001651,1.30981801227741,1.42444231152003,1.55881167222349,1.71651271975425,1.89735858557882,2.12413198064442,2.40093363851638,2.27798681538895,2.06865864559523,1.91329924725298,2.07106287376289,1.79272789823863,1.79859766369207,1.78522224386966,1.83789008108095,1.90903144261522,1.97774977424512,2.02391356630226,2.02978649042047,1.99879613164483,1.94905167873361,1.90109577631496,1.86865979514192,1.85925804994968,1.8712001585338,1.90482793905288,1.93234873439957,1.95306851463159,1.95892683751159,1.94270919332642,1.90577800913547,1.85703540124369,1.80199829002995,1.75618673355982,1.73013452238291,1.64234765066052,1.58989375385972,1.54633102980993
0.519274546058701,0.619990412480467,0.724668952097906,0.856452809021379,1.00809595188934,1.20473156231696,1.44195784276952,1.71777135445255,1.94572232664518,1.90891630490602,1.67243687243465,1.45136410941618,1.28914200540934,1.17674355238771,1.10942047795496,1.07947284689122,1.08455927750499,1.12434649527315,1.20037782483029,1.3210004295587,1.49208481784063,1.72326340233886,2.03525188165455,2.39832302822658,2.35450604017048,2.07937559698484,1.94162270085315,1.64618826296187,1.58930399119865,1.43648238295766,1.3860252278084,1.36666285772695,1.36825685757909,1.38694345239769,1.42345342044383,1.47301222550979,1.56231793421246,1.86720730307891,1.67233936200373,1.82118654753097,1.81116767574546,1.84806573410958,1.89799541333063,1.93252938753249,1.94467285990472,1.9337758200614,1.90433233632333,1.86636581285591,1.83009123389062,1.80273391828669,1.78271773992094,1.77820299432423,1.78961252921505,1.8131271999508,1.8454889953278,1.87778451429169,1.90369882998863,1.91654360468894,1.91278086112323,1.89406931702599,1.8784289915137
0.484519452301342,0.5588324925304,0.657874188340631,0.760214003893384,0.890613816671709,1.04090171849504,1.23697081363853,1.47316982981761,1.74519022621505,1.96141294385023,1.90918841525304,1.67152665181057,1.45328487609937,1.28827552797018,1.1674732110316,1.08399832340396,1.02411782809026,0.990560214053587,0.97524865678801,0.975306719921832,0.993442784371423,1.01881829421242,1.05464827784435,1.10008963866153,1.1546459204042,1.22273047437047,1.29669332263841,1.38485320076891,1.48572605312435,1.60382099247215,1.74934270575233,1.94053211776413,2.23327596195911,2.46867039899919,2.15913461625902,2.09065990826244,2.02071848306038,1.9612378111517,2.13614288431288,1.93777042816098,2.00430159835547,1.94946215019228,1.94092082687564,1.94224868527866,1.93211260987847,1.90679677345865,1.8669064626346,1.82315256343958,1.77848219405808,1.73800085011653,1.70115985068354,1.67276907047342,1.65275529620843,1.64745494367218,1.64512779251823,1.64049501202153,1.65238015047127,1.67379716499606,1.70001429524601,1.7306577169487,1.76362003754169
0.609356558501582,0.717153181146675,0.843667434946929,1.00298311149033,1.19057449304866,1.41352940196808,1.65152339051749,1.82862135501017,1.81207848994327,1.64147443316982,1.46009631006612,1.31556561689556,1.20994721254955,1.14248180718345,1.10747074177799,1.10377081255047,1.13235165601178,1.19690531707021,1.30833980587756,1.47847400962822,1.7369577323816,2.13300776322639,2.38573293859475,2.20529186149579,1.8601221376597,1.6684516044282,1.58358273760303,1.5731115411952,1.59790708089241,1.65642793673861,1.73376375061389,1.81817040094019,1.89724645600372,1.95626406094299,1.98121786540533,1.97046884219771,1.93852580191319,1.90649344411747,1.8880451944892,1.89316059094701,1.91888511021634,1.95414524288035,1.9824805512573,1.98489253989645,1.9548358811862,1.9012302490165,1.83392276156232,1.76376627727456,1.69836906640929,1.64955969870133,1.57979049790052,1.52965979223236,1.4881787128664,1.45451148929219,1.42948978418358,1.41276058682774,1.41860026389683,1.47113721004607,1.4784897588847,1.56344680899118,1.72735386237333
0.632654403981093,0.733973428798508,0.859290040844229,1.00015357548605,1.17354386691012,1.38059387568316,1.60940467659579,1.81368965338112,1.86622155712053,1.73131801095528,1.54673946341216,1.38675346042357,1.26624007101958,1.18390785980247,1.13169692038033,1.1057796270533,1.10293741425484,1.12056504805053,1.15656871896273,1.20932857778581,1.28264596241706,1.38128574237283,1.46688388611696,1.58382265244436,1.72652363806812,1.94999804870781,2.47292657746163,2.36812015602426,2.16672927160471,2.03151591423695,1.96192119263094,1.9138915984498,1.89214832048353,1.89994953954289,1.92858171875517,1.96232967245364,1.97828722494137,1.96344323358057,1.91762213647871,1.85321862329348,1.78192589441834,1.71106253526991,1.64608676406572,1.58503805273442,1.53184070435122,1.4828239061301,1.44205625976305,1.40747463563523,1.38079363409998,1.3556633527853,1.34076555224555,1.33563895418302,1.34333310755552,1.36668155543067,1.40048015683206,1.4615311336376,1.5585132619415,1.69647575557624,1.88947392563765,2.13092350142433,2.31751628211627
0.214832688574879,0.266648240166871,0.32365629664288,0.388080418478155,0.46276238924226,0.551499337883998,0.672602218959737,0.810302333321387,0.995890016745176,1.24029672648004,1.57951535326711,2.00892556384241,2.11594931974546,1.6746682588979,1.36239003867552,1.16539113859405,1.04248494070287,0.964234615602471,0.924578447362782,0.910248372283678,0.915018508711831,0.934515688631963,0.971305696228876,1.0125873829554,1.06177714709446,1.11767897689506,1.18374956312114,1.25138269310444,1.32352690094288,1.40334268376129,1.48562688124768,1.56775539050483,1.65223158038677,1.7342095409876,1.80990379527041,1.88206760801103,1.96259145460336,2.13449483779045,2.48028038847261,2.09577300082228,1.94615866856904,1.91215617293493,1.96736515932632,2.11341840106906,2.29928119573208,2.28663879122194,2.10363537548741,1.96874094058372,1.89702979177446,1.87311866379969,1.88347463628978,1.91607417651735,1.9585821472748,1.99261647721898,2.01100218067131,2.00487228280822,1.97432876907209,1.92733483892502,1.92597262344437,1.84198158383559,1.74852977935613
0.656120805765155,0.750777379689006,0.869121456577657,1.00144161978603,1.1663676416152,1.36579237462352,1.59116040419883,1.80609082088305,1.88781618665838,1.76507559360516,1.57118189798909,1.39957150660811,1.26764196813874,1.17390130297025,1.10969564389553,1.07103494306774,1.05480594487712,1.05883635441463,1.08181952945424,1.12330848229457,1.18385110809378,1.26938536222967,1.38057639918012,1.52838910058237,1.73806248978236,2.06604322463167,2.43320490423704,2.16434737447995,2.1791156708934,2.12354555349514,1.98873677296589,1.8779248225811,1.85628180144541,1.8295979474215,1.85835712014368,1.88344534434361,1.9195431471859,1.944588634574,1.95058240500685,1.93502736936373,1.90394246469357,1.8653909296809,1.82745118683327,1.79813212475889,1.77952294422067,1.77746637941216,1.79175304175905,1.82136349464997,1.86419501723287,1.91209044493544,1.96204587297492,1.99103440848155,1.98213248833419,1.95800994634379,1.91543944644519,1.86565021567517,1.81375220136003,1.76388693927998,1.73164233030727,1.72828246152577,1.77859987760007
0.507532192868012,0.596040259943043,0.685771868975902,0.790755547510428,0.924337387332492,1.08301639956915,1.27576996429958,1.51125031391325,1.77242080981023,1.95497842131313,1.87559282771245,1.65112259845223,1.44856232723269,1.29667258726651,1.18770290243809,1.11621145736139,1.07307662397853,1.05348553250686,1.05379517654009,1.07127230312905,1.10389966310937,1.1502504088448,1.213016801628,1.28551112149855,1.37361017842664,1.47363015081361,1.59274575254007,1.73603001915151,1.91937290333693,2.20704698228178,2.43032836651518,2.14620389118281,2.06927258050846,2.02059176452236,1.98835659097305,2.02624927977573,2.03009286896899,2.06784849042998,2.08338491621406,2.06358532729764,2.01538994694857,1.95808928000089,1.90355858131649,1.86367267566477,1.84373527869709,1.84440834355504,1.86530778215268,1.90427269810358,1.9530387772543,2.00560901556072,2.04434175398861,2.02846665063712,1.99855228668606,1.94775618798205,1.88896879162621,1.82121188165261,1.76475318990171,1.72054609378588,1.68936762233047,1.68687320851801,1.75283267852285
0.675426368338705,0.768924825423989,0.885632065665349,1.01493393074966,1.17551239766976,1.36867630460034,1.58611531192724,1.79633633895802,1.88928068084229,1.7858185982307,1.59936641260489,1.43087389839435,1.29849794361658,1.20094595148565,1.13619747521967,1.09706650231639,1.07991897168637,1.08179185416618,1.10030594867817,1.13357013326368,1.18012304266736,1.24306300767262,1.31483859113635,1.40276229990136,1.50734006204986,1.64969930476256,1.88957675817658,2.58344450850837,2.09210480548421,2.36648768095048,2.2123996855588,2.05565564184385,1.99142507808082,1.94325530291901,1.90134058438566,1.87037058141142,1.85734453271881,1.86460919156441,1.89179408740239,1.93424617449019,1.97762051759702,2.00804726285374,2.00883645713314,1.97784805952567,1.92264403352248,1.8566888587956,1.78933515109384,1.72599929289568,1.67124669304828,1.62287361394212,1.58379711853278,1.55869344691701,1.54897537766678,1.56739424343605,1.59252066557414,1.66756649262697,1.79655542656531,1.99289362559441,2.23527530111626,2.29097446757444,2.03119057187303
0.42667031717467,0.498308073768705,0.592027876620302,0.689610089980688,0.805653953908195,0.954358542402211,1.13404805394711,1.3549994549191,1.62605314015726,1.89660145237874,1.97424805509723,1.76579230343144,1.52465105166249,1.33930822228925,1.20332796678119,1.10894285112781,1.04075429608215,1.00079845392399,0.980145723564289,0.975381338332239,0.983855518851409,1.00879425351178,1.03857103291269,1.0766385245441,1.1219347665015,1.17748258698168,1.23570394472621,1.29943495153161,1.37190353529631,1.44766574777721,1.53365216269637,1.63127858537819,1.75478637096942,1.98855512938868,2.54356399529759,2.11295884196503,2.14701611203712,2.22561987760729,2.15940087322226,2.23491155701182,1.99061461871004,1.92861698215962,1.87564950640223,1.82973944612596,1.78926909805775,1.7718400362207,1.72170191836308,1.69956348399021,1.68987776027958,1.69063370121368,1.70143688554751,1.72122597517817,1.74999629032261,1.78783641278605,1.81543625010627,1.83956110019724,1.85951330147007,1.86953325251645,1.86795261143945,1.85530784803721,1.83547779218988
0.397216117608795,0.467996155769196,0.548716821200581,0.655792811728744,0.770190687725102,0.916876323887008,1.09610007944038,1.3207523679319,1.60534658875349,1.9112643920193,2.01234375995775,1.76623557246618,1.50287609973229,1.31199422974576,1.1795941746172,1.09442939468573,1.04357113301555,1.01532338418627,1.01757550850257,1.03294739047875,1.06271804893209,1.10441174410463,1.15603053847431,1.22039617242855,1.28814537022885,1.36498556316223,1.44342676361191,1.53089603582301,1.61139664676616,1.69263344817841,1.76707631055578,1.83894464635642,1.94560260139603,2.5766361160095,1.98533181710829,2.32476396963427,2.1950356349609,1.891940819839,1.82485206495247,1.80370064132861,1.79803541016384,1.8127207039311,1.83931208091398,1.87021395933764,1.89647738316568,1.91068953783659,1.90373070554437,1.87890866068089,1.83909152740795,1.78897053786283,1.73754773283377,1.68183870509561,1.63039897039992,1.58104902172626,1.53831874182883,1.50401858750892,1.50449673049637,1.73088858601866,1.4396665312389,1.38077303258264,1.35226310112695
0.934326272680514,1.07370792623211,1.23434695390192,1.41842819070984,1.60585703208052,1.74627454699384,1.76061674755006,1.65394052019175,1.5066414509916,1.36961338824099,1.26020414961328,1.18155450105533,1.12862633814106,1.10095212686916,1.09946067621645,1.12814577036865,1.19753455613698,1.33799542408923,1.62144495381205,2.21683729605066,2.08884202254699,2.40250268792476,1.86855381861407,1.67064205653768,1.67623937612632,1.74560421180963,1.83731701766806,1.92723611166323,1.99200751331944,2.01269974421404,1.9952287516425,1.9656990234775,1.95406143988522,1.97687288524119,2.02368866757094,2.06462759346834,2.06624052415587,2.01451532434297,1.93236456943293,1.84216507708643,1.75884072928648,1.68547859645012,1.62318712958509,1.5721015303721,1.53594149426172,1.50902850642294,1.49652883583585,1.49947378892193,1.52411130416306,1.56434136883274,1.63360963927395,1.75652713357491,1.87048694248777,2.02886783328329,2.18266421297937,2.21824086534647,2.08139038821347,1.91527416146831,1.78054797194233,1.68359479241926,1.62114027252885
0.666825217074026,0.763418725501877,0.883561547402367,1.01708730479662,1.18190091458153,1.37863146254486,1.59678237361842,1.80057728396775,1.88185785814901,1.78121954703634,1.60581722129014,1.44534120178421,1.32086866382051,1.22915767581515,1.17044503979026,1.13694841704722,1.12568665425498,1.13434541075847,1.16127264161303,1.20969552788833,1.27213786660669,1.35667345398497,1.46421854158335,1.60628448325878,1.81979822731324,2.25424964791572,2.25224003937464,2.26019971684276,2.1642118431781,2.06246326463179,2.04436703104112,2.04005291307404,2.01477576830965,1.97184490167206,1.92557051352154,1.89315410006615,1.8838934519247,1.898944677077,1.93386967003609,1.97791491854535,2.01122717435506,2.01511009506075,1.98335068522914,1.92564960158678,1.85586713710789,1.78440585040044,1.71698386152031,1.65849132172143,1.60587830243788,1.56460177046574,1.53151068702196,1.51296749868083,1.51174156420891,1.52605865410658,1.57181294176964,1.65380545227496,1.79088621323079,1.98798616153559,2.22444217056277,2.29283525920004,2.04996405436476
0.535879083989324,0.647383729412278,0.765533245241334,0.914851087476499,1.0935341871717,1.31068654399389,1.57534579723664,1.84283244341996,1.94172880915632,1.76678019064288,1.53668840159367,1.35354044318181,1.22449622119262,1.14487311246482,1.10720223560071,1.11096054291616,1.15859228236117,1.25899945650975,1.41950032203199,1.65846045215839,1.99721464603273,2.37804715781944,2.34544232092737,2.09048848615988,1.72686861985741,1.54142785853813,1.40872811665237,1.33376611411076,1.28770126319221,1.26933988754803,1.26977862236439,1.2854604064824,1.31774426922339,1.35784076783022,1.4087912120321,1.4772309163805,1.60272677464716,1.72643482591104,1.72323687217728,2.22889859002012,1.83234781735594,1.87388298948923,1.91775696475166,1.94258212061327,1.94334139974604,1.92176358151165,1.88908021044891,1.85352737313457,1.83028128643263,1.81473221720037,1.80777807127684,1.82217547636783,1.84942584744426,1.88282603637003,1.91373297063106,1.93312187037617,1.93451975263342,1.91683565245098,1.88555259857835,1.86429488134328,1.95020765879442
0.439393958281041,0.510094608723519,0.602597697665671,0.697702914000748,0.810108532397158,0.95469245410883,1.12965091342559,1.35048295208046,1.62142591157253,1.91516555222786,2.0225695924316,1.79602836086308,1.53444515409596,1.3442602146165,1.21314870484356,1.13150839265898,1.08636170287748,1.07044932002151,1.07823632140166,1.1054967761382,1.14899437973556,1.21025015894256,1.28041968122242,1.36437220223345,1.45502446853624,1.55662944072148,1.66800296596067,1.78005958041935,1.86945018412536,1.97190402309224,2.21007891548767,2.22360048295491,2.1129269927176,2.29047117109723,2.34927237963208,2.07622982063323,1.96134719967217,1.91702732113868,1.91704230375721,1.94095892028056,1.96946164632872,1.9850854139095,1.97185360786855,1.93277202271488,1.8739294371745,1.80657340899297,1.73785093029689,1.67167854283099,1.60980410549738,1.55517296673796,1.5039118898274,1.46304618561647,1.42265829874335,1.38621202871982,1.35928100686643,1.33903351231809,1.32676034055086,1.3247767962318,1.33713198311091,1.37095156663742,1.44223284263797
-0.0869953108433143,-0.0441381824988519,0.00222341054556675,0.0539846064506255,0.113550070213778,0.207829866378197,0.295101099121134,0.404403692632143,0.545238041449257,0.743202125018344,1.01120787019448,1.40509891316171,1.99448047972014,2.11151713577109,1.47376015897512,1.1393994926167,0.939205880031677,0.81786469902143,0.744251676462457,0.703437068392734,0.686121080966753,0.686201607564665,0.699539456166607,0.723265108950002,0.755362496616259,0.794408900277961,0.839408828460175,0.889686855047737,0.944818327679945,1.01024917872343,1.07537590949449,1.14537051668133,1.22414244804617,1.30565604226952,1.39347862992823,1.49153087636853,1.59705790588284,1.71120623298174,1.83527645290411,1.97386544482744,2.15141030659575,2.40564560195024,2.17136843738303,2.05737029693392,1.91641346952306,1.83823651537178,1.79813566774807,1.80020544693732,1.85536343528044,2.02275641966746,1.98633163159791,2.05652925217042,2.09285574200755,2.05931243044019,1.98591063932644,1.90448542739831,1.85687826152095,1.77326409924462,1.72859487299807,1.70411153922643,1.69591278738422
0.504695941556198,0.595033472000028,0.687309333400312,0.795603067269444,0.933623762506145,1.09869089830009,1.30048684031467,1.54761505448926,1.81737001210599,1.96820909955859,1.83306921320549,1.59416042328886,1.39618250493584,1.25147571806313,1.15275691104448,1.08804969913776,1.05092796533584,1.03639216434199,1.04057807625683,1.06046323446737,1.09364998600256,1.13820599615067,1.19653611341695,1.26032436108786,1.33471862200658,1.41354587422216,1.50142598786123,1.60196149857659,1.69673418022361,1.82740264835639,2.18148711190788,2.10578553082224,2.18004130654369,2.34292467012548,2.1240504803845,1.98980074892649,1.91503352393483,1.86630068794897,1.82416891240353,1.80513709449478,1.80547271279141,1.82181255887857,1.85136576722288,1.88474892692076,1.91405404992894,1.93123173475842,1.92759297580025,1.90241550495058,1.86247176364757,1.8117932836876,1.7586664719844,1.7028143111015,1.64968849983046,1.60210614286606,1.55891500793353,1.5211397119445,1.48861175770537,1.45895607242639,1.43621768847584,1.42431158493161,1.42670388044788
0.283261105261088,0.345504079666964,0.416234392699095,0.498705402769971,0.608863226537742,0.730966169665762,0.889925261238317,1.08578606237408,1.35070206780436,1.69044670844663,2.03555097878147,1.97322569107957,1.62655988389336,1.36204541482967,1.18095219011424,1.05932836428238,0.974462547795323,0.923269902995301,0.894692694504981,0.883742257907072,0.8867577464675,0.900989551886833,0.924330705477581,0.960871088951397,0.998573925148956,1.04151268431738,1.08884834822233,1.13990823158344,1.19909136810929,1.25729194066951,1.32283113556423,1.39646750174285,1.60852944883524,1.57033283545894,1.61043737193828,1.62466207778363,1.67376440914875,1.72163765285394,1.75985206054788,1.78775507550006,1.80468414331706,1.81770149216809,2.02683670228579,1.82098692943764,1.96641681563632,1.99563039176043,1.766396856332,1.71263716565452,1.68722313555009,1.67496269541069,1.6731850082666,1.68079605210796,1.69675220628541,1.72059640579827,1.77263294515938,1.77452871149777,1.79933522705491,1.81967885606285,1.83183403871799,1.83584498927412,1.83078312349925
0.445000033847406,0.517299752479151,0.612898616977326,0.712285035926543,0.831101743190878,0.985354220276651,1.17333595288005,1.41054994373226,1.69666693409957,1.96570804320481,1.96913038715773,1.71456110413371,1.47140664733476,1.29221180768412,1.16327655080984,1.07554747142469,1.01387193681293,0.980334622985826,0.966377069038142,0.968866659962835,0.990389623160635,1.02000064668051,1.06090582250073,1.112272271752,1.17362555288688,1.24969132483469,1.33233686999817,1.43039751926744,1.54174593928433,1.67205730093655,1.82606731106759,2.02225906240866,2.29715990871433,2.38065168900724,2.14902141705472,2.05002385590316,1.96130794642272,1.88217530258861,1.82778383174474,1.80095885574067,1.81127131728317,1.9654801887881,1.87142338543851,1.91889880863509,2.08866412833347,1.96697960453181,1.96171297014957,1.93816362314929,1.89890584254795,1.85088671781937,1.80065191994419,1.75294108733875,1.71086402240857,1.68198531036142,1.65355001706234,1.63461013830608,1.62722523277076,1.6286729326337,1.6384162243195,1.65570816154936,1.68106897158691
0.398283512931643,0.476777874414614,0.567283863289453,0.686583507115077,0.81589962894593,0.980558349763454,1.18000433072225,1.42645789980529,1.71068125789744,1.93857924826925,1.88945113676455,1.64937882297723,1.43295663255049,1.27205875516881,1.15974863407318,1.08323582571902,1.03170560324675,1.00768395914696,1.00339952951769,1.02073072909123,1.0489751822014,1.09089384579416,1.14556642821891,1.2163313359635,1.29687703732286,1.39413536590661,1.50704737894849,1.63910846164719,1.7973558159509,2.01378404811138,2.34315951148802,2.40234144029183,2.1035740185598,1.97174088326204,1.90420208589799,1.8922822649945,1.91204388604538,1.93673770547827,1.94786018163704,1.93717193226582,1.90698434967036,1.86788865222395,1.82983629557137,1.80174397679061,1.78653889056284,1.78480757095641,1.79789404751138,1.82099996463847,1.84980206991641,1.87504653600803,1.89221987309769,1.89324953874476,1.8786142334688,1.85088414033905,1.8122733284684,1.76949333336361,1.72462989435907,1.67915904651901,1.64067845530654,1.65874379304641,1.58058275515078
0.235023951741069,0.29210158295935,0.355915619818257,0.429143699870529,0.515185970612581,0.630290083652402,0.759289108177851,0.928228702549332,1.14355616813821,1.42898977082437,1.79650087522528,2.11791440318733,1.89541368956225,1.54239758542647,1.30400465099463,1.14487959873343,1.03887848013639,0.976765205843955,0.944046142720962,0.934114467397491,0.94224546780324,0.964999621797124,1.00520226324558,1.05100648203732,1.10581340610547,1.16861838183569,1.24285856966959,1.32055883919066,1.40780132397689,1.49882709160497,1.59838648999721,1.70350163244535,1.81526565785559,1.94117800535865,2.11750675163038,2.39935256762011,2.18969404381868,2.08544489142091,1.92734084041995,1.87139511089366,1.85037652221126,1.86339689261164,1.91781578573258,1.99757906934313,2.08401450386103,2.13693582280388,2.11871086873941,2.04375746670401,1.95456920816402,1.87845777690926,1.82388796715332,1.79342307632193,1.79648945122808,1.79906320249303,1.82574323398849,1.86382153164081,1.90276197869186,1.93655678675583,1.95527538747267,1.95661942207228,1.93261365346488
0.599480441635006,0.693670223068934,0.803385233487687,0.941820281773086,1.10445446004097,1.29766623825378,1.52387422649022,1.75255444864094,1.87621424477871,1.79140891827576,1.60220478451195,1.42416557564947,1.28382340737927,1.18097755300601,1.10687138223344,1.05320021077537,1.02409510176873,1.0127731428998,1.01729310531791,1.04118618171414,1.07457214862842,1.12158986776548,1.18269443343563,1.26371895920534,1.36315776121197,1.48798382735662,1.65038168739623,1.88048945401368,2.25377533046615,2.37227463750116,2.21447857320128,2.14727399326278,2.06197414461811,1.80697320722108,1.78766201457429,1.7921935644036,1.81982024399606,1.8485261386857,1.876650814148,1.87591627790498,1.8678172156198,1.84927992830011,1.82126746648174,1.79084772582893,1.75992029544825,1.73461703171203,1.71524067610784,1.70659994533848,1.70848474030841,1.72162283666015,1.75219751881449,1.77880068417126,1.80569324435477,1.8373418659536,1.86509125980948,1.88154320994845,1.88482846494351,1.87455673727063,1.85278233428001,1.82315408167687,1.79062234944174
0.42795414271745,0.502081329806198,0.598613209689314,0.699266040137807,0.818654364873534,0.971874779246502,1.15773792601085,1.39162940753449,1.67541560866365,1.95067082178808,1.97777772915954,1.73364804070038,1.49221798458784,1.31859274926064,1.20091762664312,1.13064801052783,1.09624819780203,1.09142920662623,1.11150186501339,1.15302897933581,1.21357720969877,1.29608087594004,1.39494153923577,1.51060374044744,1.64272333048641,1.78864125243511,1.94211199308197,2.09750140548073,2.35354498544936,2.23095419311603,2.03519748653481,2.02524048942845,2.09917501122198,2.17598118157159,2.14967448315322,2.05913847822703,1.98620797772558,1.95735695028722,1.96593888335921,1.99017645087358,2.00627210890029,1.99200668781379,1.94776353884311,1.88167804154079,1.80579735123579,1.73100494565165,1.66200042885455,1.5985386173171,1.55334188525057,1.48667414497209,1.43973027163772,1.39700881227216,1.36257301426609,1.33399080142134,1.31234605253457,1.29677040938884,1.28957571462635,1.29409874457228,1.31432614058548,1.35773200778795,1.43977958789972
0.452098412512438,0.533363406905648,0.6401654848396,0.754023036219674,0.898371473940474,1.0673636623061,1.28568806991442,1.54564592287978,1.8202275793059,1.94922603364962,1.78486711948438,1.54654637610227,1.35570669231107,1.21424906204851,1.11553204022689,1.044326780246,1.00227905576639,0.98053647468845,0.975665838620848,0.985023583395555,1.01176378337102,1.04456359507883,1.08679608120273,1.13748191474877,1.20009689173871,1.26685637266867,1.34457234318398,1.43080667045885,1.61783067121872,1.69095384444301,1.72470582652313,1.84577950044734,1.998783558553,2.267868659426,2.29971630774581,2.13145797644969,2.0707189600024,2.04359901319859,2.00460030872426,1.97288299845426,1.93756242452771,1.88836378216545,1.84298915144789,1.80294318276764,1.77322767107666,1.75339700580116,1.74728025466794,1.75297349662163,1.76867331628003,1.7911419378409,1.81749586412822,1.83946699249637,1.85413785671522,1.85784297664195,1.8492910968039,1.82944954563339,1.80081024610097,1.76511683483397,1.72798775199773,1.69066605672833,1.65851781639886
0.544725178745687,0.646543169009107,0.752132870664102,0.884255491141647,1.03480735337845,1.22715129177065,1.45059965175995,1.70390071102227,1.900737760705,1.8756386668232,1.67695283336227,1.47891117974606,1.32653818947925,1.21746857592022,1.14829398881286,1.11052199489824,1.09997512409914,1.11355648033001,1.14913288889848,1.20548246583252,1.28629913964244,1.38601418425182,1.51408847285399,1.67495848580107,1.87751720560727,2.16479975929009,2.47637013947783,2.14284896452075,2.02600986164527,2.00220037516171,2.04676750612122,2.09048132467663,2.0804837071786,2.02649388421655,1.9669609948856,1.93216080396751,1.93079622528943,1.95522083079147,1.98790337013678,2.00721936415315,1.99371312547227,1.94677256319136,1.87944702911497,1.80473212187562,1.7307793937067,1.66149624449929,1.59840353321139,1.54509889986451,1.49957680152891,1.45355865704331,1.41927042181531,1.39287136901699,1.3724137684182,1.36512662820967,1.3745152872022,1.40055256531873,1.4442051841848,1.52838842058536,1.66259775861101,1.86347636946163,2.13691303071546
0.681827872208643,0.784313555006058,0.913017234413645,1.06309753280923,1.24122942660288,1.45307015683141,1.68209008217334,1.85327333500309,1.84072709821136,1.67378329114824,1.48784203179728,1.33805230441625,1.2252242798871,1.14939029428099,1.10361193880383,1.08572855684221,1.09496416610986,1.13218347056351,1.20032708611502,1.30952358625056,1.46868639429706,1.7074732503715,2.06718266561995,2.34699020323751,2.20860940322031,2.38305101374211,2.02901765636555,1.81501904154213,1.6819816434582,1.6169713846203,1.60055129473207,1.61977474193456,1.66155524363165,1.73202615464812,1.83382116927953,1.85161980899731,1.90686554325242,1.94847266642033,1.96322113421343,1.95375597962738,1.92437329357983,1.88794627199875,1.85586969160119,1.83842183072637,1.8393135187536,1.85992316910553,1.8969286584208,1.94339849022531,1.98483152807573,2.01856385335836,1.99628847583783,1.9582076289228,1.90379178354753,1.84112155396985,1.7802013796235,1.73510553343862,1.67381939278176,1.63680232571213,1.6193923125726,1.63687549179517,1.72291856966444
0.364259469242425,0.437629432161667,0.521671953928657,0.63203682890336,0.751406861542287,0.903400948590349,1.08401903270571,1.32049000551221,1.6103203073177,1.91109530555404,1.99095191430418,1.74520138380529,1.48964520727243,1.30405673178337,1.17537942481715,1.09350530725568,1.04701125284759,1.02577699636951,1.03833364005374,1.06958481641303,1.12234885839159,1.1963428615359,1.29688595365834,1.42186032662539,1.57549033236949,1.76340103434937,1.98365508680138,2.2221927806169,2.4578177007804,2.37040028221249,1.95519475018304,1.95082387332479,1.76231836759635,1.67261129759887,1.65149039541467,1.68502005732012,1.73923329652881,1.80696005170356,1.87590021244764,1.93275558042055,1.96764569997313,1.97001990983908,1.94704275016154,1.90957150919706,1.87303400897363,1.84784615267926,1.84068516303699,1.85023909050118,1.87220240192471,1.90077651337652,1.91909598136692,1.92492430247103,1.91282347982484,1.88341482921182,1.84142268817787,1.79132946339689,1.73997598891964,1.68767089035541,1.63938994953134,1.59440026066679,1.55802083305841
0.824615542458646,0.948965542637433,1.09098351427266,1.25505587294779,1.44322828119089,1.63384138105077,1.77183128197387,1.77509744003084,1.65713558257594,1.50224941527404,1.36584893614697,1.25557775270737,1.17527910089326,1.11909539232198,1.08485685311142,1.07084433657658,1.07613454728787,1.10090471214,1.14713400879325,1.22048189411261,1.340721751757,1.55307733724191,2.017625957004,2.21479053950008,2.1660146674813,2.27809185867343,1.85043286676029,1.7655730860256,1.78280996348654,1.82882701587391,1.87113550286001,1.89816187372789,1.90383898595296,1.88944674011456,1.86601887874342,1.84142720309036,1.82731479450887,1.82744063610885,1.84833949231282,1.88350236736979,1.9272130312234,1.96386346574548,1.98093376737444,1.96757200116867,1.92646106499879,1.87026133172686,1.80703726093734,1.74508465890482,1.6940203418369,1.64301614005973,1.6024142637166,1.57139173123488,1.55288064434209,1.55605482399159,1.58175257175724,1.65558909360187,1.75715040865652,1.93022005023608,2.186620374322,2.35834868916101,2.09084057272374
0.454248292243839,0.536925618201061,0.644860401869582,0.759492395040607,0.903573593957501,1.07057607757345,1.28371060803852,1.53378847866116,1.79600618603757,1.93320893684328,1.80674224431482,1.58440529623623,1.39543471135006,1.2546221617415,1.15622375270692,1.08936783013413,1.04825599185317,1.0241222162064,1.02634739417823,1.03937410501162,1.06530001669777,1.10233650529563,1.14898698170593,1.20783361557927,1.27095078642178,1.34056087911027,1.42012582431347,1.52022233513845,1.58896840559577,1.68500258909403,1.80736148958303,2.13349226811189,2.09427626604174,2.2317759231422,2.25277973957932,2.03753813894976,1.93008729396916,1.86912037312943,1.82398406356302,1.78906571268493,1.765947544554,1.75668525834486,1.76088591030636,1.77740321203514,1.80322694934947,1.83344318047554,1.86170043941029,1.88261335798877,1.88848036011406,1.8784695349821,1.85826271625447,1.81608098288763,1.77280042972245,1.72577722919114,1.67993755878238,1.63387930072628,1.59227831606082,1.55471388647791,1.53346949344529,1.50193032481754,1.45511824536587
0.322181099624794,0.381109703020028,0.446973457240565,0.522533329304785,0.623911143948698,0.733002579382016,0.874751865356935,1.04673107582296,1.28008749342137,1.58204171920948,1.94785840774146,2.09814955942749,1.767101272861,1.46296467677451,1.25480734293152,1.1204370335567,1.03391884151946,0.978588770894579,0.953912044758496,0.949494880103613,0.960864079747712,0.990600546372642,1.02521573422968,1.06798898263707,1.11738256076567,1.17693198679709,1.23697203775786,1.30398558296135,1.37082313046324,1.4422925730134,1.5124060635916,1.59161212862707,1.66412730619829,1.70894042106982,1.76013079506147,1.7985803157982,1.82291677726879,1.83493084495638,1.82900488625295,1.8161870633845,1.83684309603859,1.79357008711509,1.7437176663111,1.73109573284494,1.72925986222807,1.73880821776266,1.75984611172025,1.79564296571544,1.89347495653189,1.86452078862527,1.89027892699558,1.90677736166952,1.90844164006892,1.89845576365911,1.92436616002082,1.82767435427972,1.78049336248039,1.74662970368731,1.69239282635193,1.6386079945526,1.59514143956814
0.79230580322517,0.914135027043324,1.05391389241173,1.21671048940986,1.40306217627055,1.6062298475103,1.76852009543929,1.80290855935216,1.69345318895064,1.53633825756899,1.39071264291341,1.27509202648914,1.19161894890753,1.1341479188287,1.10060146233443,1.08948204071069,1.10030193375999,1.13395269382737,1.19346985457599,1.28948885158801,1.43529636406048,1.67482202663254,2.11276789645972,2.3056979535582,2.18852299781799,2.28593796457361,1.97254986867649,1.84298487942713,1.8044761550579,1.83585691520189,1.88856516973166,1.93542295859746,1.96158934493528,1.96043205829458,1.93604441162638,1.90285999857121,1.87495562021777,1.86481767177938,1.87717347231887,1.91332942702567,1.96271199265372,2.010448519849,2.03275664753871,2.01297137505941,1.95996052033974,1.88855011689217,1.81355466000217,1.74462587761012,1.68558019687348,1.64003598975822,1.60684289351021,1.59381513030248,1.60442470099664,1.65036844506575,1.75849513336817,1.88211157504731,2.08353224484914,2.2831429965247,2.20628609409715,1.96971454433884,1.78593377927
0.301162826866932,0.364834552481194,0.437003011516512,0.52080715807497,0.632510802913672,0.755190672355048,0.914107457355697,1.11243864086856,1.36649389820816,1.69492724748505,2.02268980606962,1.98482024462269,1.65731107971309,1.3971114138008,1.21897582470284,1.10060961100127,1.01998613759794,0.975580795221884,0.956439628426178,0.958007332010226,0.977029082165543,1.01648299716766,1.06505486964749,1.12645766196847,1.20402046058815,1.29136920162792,1.39525107484574,1.51420099107789,1.65116330818162,1.81312530403394,2.01299699792209,2.28318857303969,2.32467889950667,2.14153894919095,2.01515450865632,1.90125069467262,1.80141974546185,1.72937173225312,1.6877346176745,1.67965131484541,1.68543779484938,1.72084133431042,1.77198632489419,1.83933231679161,1.90291706213218,1.95904040979028,1.99298118036022,1.99597599880311,1.96775005859872,1.91985381049639,1.86526323878655,1.81416722441918,1.77392090112291,1.74457439342734,1.72971988291032,1.73060770608711,1.7445423036788,1.7692246011082,1.80259443112404,1.83791968563903,1.87134168663119
0.746372267111599,0.861748806767384,0.989240835424605,1.14573400758588,1.33127318852906,1.53652086333985,1.73033824786492,1.82626349938911,1.75503895128127,1.59375148182572,1.43630053034129,1.30637350324516,1.20648293151119,1.13654988076323,1.09037331990096,1.06530518112828,1.05939506042654,1.07145362687877,1.10114464475759,1.14928698557568,1.21864535348681,1.32081880433339,1.46972735784439,1.725178862964,2.24194735136909,2.13061636101366,2.18868776279915,2.30485049800539,2.02916621001865,1.86165387545308,1.83017090294675,1.84761199017532,1.87476184275744,1.89527196861244,1.90006923186092,1.88717714633107,1.86264240985817,1.83553324748284,1.81055778606955,1.79690242319628,1.79762205162265,1.81485073162358,1.84738304544659,1.89118804959037,1.93415251092695,1.96583839541455,1.97247117171326,1.95134366060459,1.90690282198782,1.85206012409755,1.79228287340179,1.73705730236327,1.68702221748889,1.64838126857903,1.62299220019659,1.6178351489739,1.63910060295549,1.71346374268183,1.86477794375754,2.13102083080049,2.4035928819325
0.626796595727299,0.722690696455392,0.834331018411034,0.975988106911883,1.14262356639613,1.34441367467251,1.57501453664327,1.80002313152987,1.89431214179887,1.77371591516291,1.576712945726,1.40424046715671,1.2746398790613,1.18655330903749,1.13159767903907,1.10635438566056,1.1086244241428,1.13762368868169,1.19418180968218,1.28477530715808,1.41242514197184,1.59043498133947,1.84636016847107,2.22924385635932,2.38399154141322,2.20006178134124,1.96787647730012,1.81166651464699,1.78580982360327,1.76153965274395,1.79835393861199,1.86892390762646,1.94642847848902,2.01047519504823,2.04212939322392,2.03244933330934,1.99652030490528,1.9569098643629,1.93251570073273,1.93464996470456,1.96175310609471,2.00362813503523,2.03665431911618,2.03929322904196,2.00303804509534,1.93827933470342,1.86116012320153,1.78168542688405,1.71009272908027,1.64681908104643,1.59532524925838,1.55278071086271,1.52429536917931,1.50858980131222,1.51360308287217,1.55247659166265,1.61881490443971,1.74932101788909,1.9583237628132,2.23637272332435,2.31310494361246
0.204852638698986,0.268412492942544,0.340508247392185,0.424257419511729,0.523628409285384,0.655394560978601,0.806204416044631,1.00380277076906,1.25718851422098,1.59246889252877,1.97716019275148,2.04852875290267,1.68931118701029,1.40025571242869,1.20752373130501,1.0815428138418,0.997232226199583,0.950956750326277,0.931039110426129,0.932329461204968,0.951176575182102,0.990238469422693,1.03814600798115,1.0984120120011,1.17053145677155,1.25953889151784,1.36079174363441,1.47638944688347,1.60820562870031,1.75875055582918,1.92384208341294,2.09282511434845,2.25695837767024,2.39198753926283,2.10221439998771,1.92004783840618,1.82204130986577,1.76603116099397,1.76677455839031,1.80802022065725,1.86661719244082,1.9295434435318,1.97829294114211,1.99965775411571,1.98825962354701,1.95058056734579,1.903486138464,1.85824245518421,1.82458366305373,1.80908728159082,1.80847465209041,1.82258283536292,1.84509611918563,1.86838596300606,1.88448810067124,1.88724010304904,1.87418477963957,1.84688823644662,1.8094712521974,1.76575862939812,1.72335081408432
0.44433529848883,0.526307969688254,0.633210334687883,0.746727816436015,0.889494371546295,1.05545118955205,1.26817828347571,1.52067257676749,1.79248138341427,1.94786087684504,1.82094954434114,1.58923188888693,1.39389516256986,1.24976907354395,1.15002179881493,1.08337869125987,1.03973930083092,1.02243248060684,1.02844511034535,1.04659788701119,1.07905387938942,1.12427075678834,1.18110463272248,1.25330825779167,1.33268026783105,1.42734086415246,1.53195793270734,1.6487377907551,1.78078967443296,1.92533177826282,2.08033072909441,2.26128862035499,2.31322627218255,2.08444966392197,2.04561028736454,2.04666613738295,2.07941609556397,2.00059368484827,1.94974535303565,1.89836390241116,1.85611706100059,1.82870318047639,1.81916219062788,1.82436526355326,1.83965526294817,1.85822214448084,1.87250398662526,1.87609896280718,1.86559611549312,1.84132556071573,1.80474159294081,1.76248212383097,1.71685761548542,1.66904588148279,1.62371199494894,1.58030429473908,1.53782891844868,1.50122691172524,1.48233347438884,1.44262918921787,1.40821426980476
0.0765989885097329,0.12818387804982,0.21002582726262,0.277412537994675,0.3569697731377,0.453411548655275,0.57334125163906,0.738790048284353,0.94958503308293,1.23619686927323,1.64472957790248,2.13950185330523,1.92700073506389,1.47078711693412,1.19460414321396,1.0207253665299,0.914552703202525,0.851366491753931,0.819331983192911,0.810727564997842,0.820336264284635,0.844568357147423,0.880945562761321,0.927780589261559,0.989466481155731,1.055263405652,1.12971218538971,1.21678358170696,1.31002848027319,1.41624368137361,1.53305668479869,1.66129876627559,1.80094467442683,1.95364888564714,2.13049137015459,2.36438850667621,2.2374853564435,2.03838440486144,2.00854600716987,1.81720422742549,1.73948606181656,1.92390143560635,1.70081571870794,1.75140598092907,1.76471139333291,1.94117744476211,1.97736011939176,1.95829121465345,2.01220817692513,2.03873386852596,2.02320970931602,1.97685911035102,1.91218505555714,1.85060780146073,1.80134014315189,1.76630406464614,1.74917954433676,1.74828919933348,1.76166372553843,1.78601667487443,1.81693786786112
0.593543736873838,0.691016964934275,0.804855874422663,0.948461064863788,1.11823958547177,1.32104226707777,1.56097472524009,1.79071070675451,1.88469119807172,1.75564369455909,1.55572610660897,1.38187367987946,1.25154597084381,1.16223787553663,1.10565609121425,1.07813024843151,1.07736731506813,1.10253878631092,1.15442132247073,1.23579659024082,1.3569398655102,1.52725076417241,1.76620450800165,2.12504146652672,2.41468913716866,2.26308697057192,1.93239658425064,1.80961747787124,1.73733800268955,1.66047950226611,1.68340861714765,1.73805331283543,1.80459121505593,1.86998871649862,1.9204703072027,1.94674198892371,1.945057662769,1.92035753430283,1.8863024510751,1.85695070132262,1.8392435957649,1.84021594834429,1.85834596457645,1.88828482623562,1.92141846120087,1.94369374326872,1.94612579657147,1.92580870293529,1.89399084717712,1.83112414017052,1.77220431903721,1.7149296533958,1.65916101058706,1.61000851125102,1.56288906984168,1.52128649761614,1.48610815827714,1.45664794686456,1.43350458734804,1.41788396529579,1.41222113254875
0.389949234018935,0.457264176643908,0.533524241325021,0.634647431039051,0.741652465610466,0.878553924973703,1.04048532662382,1.25502515145237,1.5231167646641,1.84156669939957,2.05174748396866,1.863498825138,1.57280435775593,1.35570185370767,1.20634471007166,1.10956314210494,1.05043988220824,1.01626623464324,1.01423848307366,1.02652431313432,1.05410880064619,1.09434767283481,1.14517365844241,1.20931757497798,1.27770578765475,1.3560538076265,1.43723641043634,1.52580472491367,1.61841028028802,1.72908824009298,1.7964847862349,1.89129385691646,2.08972984270868,2.27992963857495,2.08038161283551,2.27053457904995,2.30650094336589,2.10918881225322,1.96662561638355,1.87970420849038,1.83928937891886,1.8267335794607,1.8375420607351,1.8628575429398,1.89488959147367,1.92053643844949,1.93143957266535,1.92206539520225,1.89286608708223,1.84783458842376,1.79430750414711,1.73921402775856,1.68293473068906,1.63064301544268,1.58003257795734,1.53548272941497,1.49858421332319,1.456178932591,1.42321553607255,1.39526305242876,1.37242071473573
0.654480428463147,0.763378455402001,0.898916098269448,1.05208731663527,1.24456925109464,1.46000303007543,1.68550427001509,1.82645181611814,1.78045816373969,1.61137320318799,1.44077539232249,1.30157026342965,1.19634002010115,1.12375638902226,1.07762220766924,1.05141776940717,1.05519202138962,1.07698557556974,1.12163663095889,1.19185996824403,1.29729118089257,1.44400828088069,1.65127872284439,1.94161663635436,2.31358863181032,2.44335232783412,1.94948795298632,1.72220072172364,1.62471654936228,1.59929645921852,1.61673851733537,1.65942271670164,1.71619142861998,1.77543527989152,1.82796822378342,1.86791615540599,1.89130758359841,1.89266979568015,1.8785624076112,1.8528473896539,1.82552143548162,1.80076998653358,1.78609396098808,1.78304399968617,1.79219153507653,1.81150009640159,1.8364149316022,1.86051035250879,1.87829444711291,1.88133349546358,1.8685087783091,1.84094956995476,1.80456026408438,1.76231844854206,1.71636497839085,1.67233713372708,1.63041605721759,1.59238375015519,1.56102315098829,1.58063003248306,1.63472478842035
0.707281228994556,0.800622841024899,0.917773813661736,1.05189987689363,1.20854047742566,1.39009982276746,1.59557588368234,1.78078783982644,1.86230417141738,1.78288783709435,1.6240425251696,1.46955203055518,1.34448942802741,1.2512823129234,1.18115394832708,1.13670566823679,1.11159054807632,1.10338635253229,1.11014949560999,1.13036033607956,1.1669078235333,1.21181924306367,1.26833440710528,1.3408277098056,1.42545840209183,1.53597050412369,1.69452950872245,1.98689895420934,2.54569850546283,2.08157925731638,2.17336972100396,2.27930181457234,2.17526101434137,2.06556117708012,2.01032169926952,1.97201805510959,1.93376033533626,1.89385466754225,1.85443912182295,1.81957094218516,1.79316039574491,1.78050472433267,1.78251036951401,1.80070350044121,1.83623217553592,1.88417516143783,1.93640875710812,1.98468461966695,2.01938764158918,2.01993508489814,1.98351779697523,1.96744151425278,1.87556725568313,1.81766143581083,1.77562490402916,1.75736747576105,1.77764368162501,1.87002072455943,2.08617085447882,2.3932927418191,2.15237422181647
0.802614744404619,0.924878808835809,1.06502528009123,1.22805540725603,1.41777548256735,1.61758277445964,1.77938964907335,1.81400273238938,1.70810990329815,1.55174172269051,1.41175074222208,1.30009414738602,1.21748161243725,1.16638779146464,1.14190555726423,1.14451774642622,1.17691409002868,1.24929077947154,1.3711484012475,1.57154287187387,1.91405111381632,2.39769323937358,2.17616129157298,2.34431835960453,2.01656738379332,1.76380293537033,1.66095460393729,1.64136842815245,1.66946477995443,1.72815236877633,1.80186226825976,1.88080772909678,1.94896955327943,1.99338665700487,2.00636272119889,1.98877700152174,1.95554901978997,1.92522811033515,1.90935899678968,1.91879882878665,1.95273911711009,2.00310606726285,2.04838818214046,2.06266516876094,2.03442594521431,1.96878716919002,1.88895533185584,1.8108574882629,1.74323801977598,1.68058779486615,1.63253612884861,1.59817738412597,1.5841360538757,1.59363471068051,1.63904081597762,1.72905802662863,1.87710022938432,2.0949479657222,2.31145610739576,2.19547179059466,1.94193286471612
0.133022700731289,0.211280501569616,0.272975587343664,0.344018722505701,0.428018433506796,0.529809109633005,0.667821021142353,0.830973764567742,1.05215978926813,1.35230445457717,1.76110993080839,2.16559575853419,1.86627954620304,1.46989354457406,1.21592533339744,1.04977099053192,0.94430717837553,0.877539222935004,0.83901806482419,0.821719375868613,0.820741574272972,0.832568235262655,0.854623847475464,0.884991267472119,0.922224981484795,0.971187090850398,1.01991367405058,1.0730578090283,1.13014548081491,1.19533405054849,1.26021741639152,1.33155535125751,1.40368536937238,1.48164591676851,1.56094086162251,1.64700024505558,1.74229271792849,1.82732091067728,1.93964760141586,2.1266441300946,2.49105708890885,2.08438860059761,2.09781946211228,2.16994881894252,2.18476680535212,2.11906982614993,2.02061358253605,1.93037827178196,1.85615072959502,1.80049327761763,1.75742940559656,1.73283132068188,1.72327940198164,1.72892695002107,1.74275551055723,1.76397970247297,1.7908261114206,1.81903886757301,1.84169120067216,1.85596512878173,1.85930582672599
0.684085686139317,0.79238794519639,0.927952402088427,1.08654558315934,1.27438924742575,1.49447473625103,1.71977926282416,1.85220813982674,1.78862846845685,1.61003627477142,1.43614147609865,1.29990471477793,1.20091827815277,1.13867331505449,1.10769782714011,1.10714563673086,1.13832421966572,1.20554687048559,1.32166928231155,1.50172046713792,1.78638778858644,2.24180931279474,2.40452453297317,2.16062003716162,1.8198544568496,1.66266188657593,1.61561639376874,1.62496890701642,1.67862879825645,1.75424635941222,1.83829100648754,1.91636866312779,1.97228163514908,1.9921565064128,1.97676025619726,1.94317998496795,1.91200956848903,1.89945571675322,1.90972870326212,1.93813410201033,1.97074191068342,1.99008733773133,1.97873662979567,1.93873754312623,1.87755681449366,1.80792404621506,1.73774893015397,1.67319707990642,1.6127353193754,1.56025681171653,1.5124829736153,1.47416078489875,1.44327681100396,1.4206874779225,1.40797255750157,1.40824358895459,1.43344520059157,1.47732388463381,1.54826893160222,1.68922972506596,1.92085141328243
0.120411362011784,0.200842369700329,0.265487175952518,0.340115935451763,0.428358810281844,0.535015566188631,0.678426084906095,0.847239571479214,1.07388127036547,1.37757157445513,1.78041155001075,2.14018258291462,1.84866475399435,1.47721264023658,1.23411193810921,1.07900438780213,0.975594942251417,0.915677869776652,0.885442046438172,0.878412673321624,0.890092075037115,0.917310896017746,0.957841368417533,1.01561858563723,1.07966003867621,1.1541979192922,1.24312269813052,1.33965483699679,1.45083285030191,1.57420476157477,1.71112351873722,1.86542417971207,2.04414904852315,2.26776646278729,2.30803634310471,2.12424056195283,1.98139269615842,1.94979135601139,1.76068402058359,1.67576602693849,1.62322663548562,1.60006065417194,1.65432386714347,1.84617502082016,1.66569474042091,1.6989916749101,1.7661996928446,1.8485726086072,1.98304005713097,1.99904810612662,2.02010989916697,2.01600022471164,1.98292661423987,1.91940659009485,1.85614248377616,1.79957749403873,1.75264916452303,1.72001445150036,1.70017750225718,1.69529704477764,1.70300075112129
0.734497839442714,0.855980750471024,0.991640016094753,1.15878078721895,1.35792187282831,1.57657587747661,1.77225069748031,1.83041018179214,1.71411281027607,1.53685867524736,1.37839291333574,1.25640276235766,1.17197696066991,1.11897013834729,1.09638062076657,1.10505437812441,1.14862276238365,1.23498204427105,1.38420851951454,1.6301627466776,2.02844359634443,2.28846964938932,2.24842567301745,2.30752261839712,2.14523526029203,1.71094777328949,1.58069167564147,1.52943993660601,1.52762395518412,1.55945430389701,1.61070758967942,1.68785800213882,1.75197238461328,1.82425339340522,1.88773876817491,1.93456702410333,1.95400745282873,1.9453930090933,1.9179266896084,1.8860381966811,1.85985537934382,1.85112336442399,1.86322219859959,1.89497489291865,1.93847611482346,1.98077437160368,2.00246378603452,1.99301239354577,1.96129401873105,1.89376958469358,1.82466833726123,1.75913548084813,1.69792539937275,1.6452841406005,1.61706190742994,1.57263476100392,1.55718064467498,1.56693907712778,1.61751008685857,1.74411569039985,1.99196234782702
0.803614298856787,0.936525699817097,1.09052365552314,1.27058467787739,1.4781797802179,1.68566893215331,1.8070973147617,1.7597769305155,1.6024239472597,1.43901285378398,1.30580164143608,1.20568602788157,1.14068577890153,1.10682849596878,1.10578207790607,1.14296959984842,1.23024461909727,1.39617645492919,1.69280322267837,2.18726382710281,2.1854734642759,2.31853426254465,2.07972523734939,1.69972752588317,1.54296194639954,1.49014181969832,1.49239098609539,1.53040492666232,1.64054179047032,1.66489820972998,1.74417644194165,1.82453340068784,1.8945548528774,1.94167479165404,1.95910819099421,1.94694733639723,1.91972999206913,1.89112607067677,1.8759473486302,1.88338525618082,1.9121360936793,1.95508180531211,1.99436704460415,2.00987485101348,1.99102810621616,1.94083009742439,1.87372987426896,1.80214699625887,1.73778205301882,1.67129728635035,1.61748853699908,1.57110782896023,1.5368522050302,1.51465056896276,1.50791583996877,1.52285619779472,1.57168156913742,1.69659136613036,1.84460186184438,2.12110771597956,2.40293133751509
0.47546708935304,0.552233900102962,0.653388501048982,0.758769717397136,0.892590974864776,1.04780450693655,1.25127114953134,1.49919184092801,1.78566538723547,1.99352106116247,1.88712872746581,1.62843903141479,1.41210796259657,1.25985994905222,1.16042152937439,1.10023025722742,1.07205695451096,1.07041209443621,1.09119681016218,1.1313965342117,1.18886920033443,1.26681434181241,1.35979667018921,1.46636919001504,1.59459163093862,1.73866105178947,1.91018437685617,2.06826582926194,2.28814759631518,2.34890926522854,2.0737388843933,2.04506918099517,2.08094612936458,2.10882732797872,2.08891950572166,2.02220540105531,1.95458147514335,1.90956390870465,1.89313288422119,1.90177550194325,1.92283480020631,1.9415686145688,1.94445514604288,1.92453995953214,1.8835663468734,1.82768891064888,1.76543207381611,1.70243015038359,1.65087860244361,1.58722839612313,1.53289358619818,1.4851208413522,1.44033064363659,1.40484039409842,1.38867212210094,1.3380163449871,1.31098211387321,1.28616627225562,1.26716251548409,1.25320170111829,1.24520934110419
0.414752954299345,0.488493174539918,0.572963279058894,0.685100845001668,0.804854478352537,0.957665416243325,1.14222343746162,1.36842921728461,1.64307302490559,1.90690793135522,1.95938717523623,1.74409606611318,1.50990662830926,1.33204929064937,1.20292277356047,1.11524539584477,1.0580363378081,1.02121820310937,1.00875578330954,1.01787342385133,1.03706369045825,1.06881099022797,1.11164164584948,1.16446208213396,1.23053222830149,1.30239175225452,1.38644684200957,1.47855984311019,1.58677473638893,1.71743526906906,1.90404624879035,2.26165631091923,2.25115111681166,2.08770632590501,2.08410159215799,2.07901898573959,2.05301642833589,2.0495084870269,2.05456480490085,2.04561345983826,2.01390133785168,1.96432363163914,1.90597237359716,1.85094838240174,1.80409951633185,1.77089231360196,1.75040954548647,1.74689727074521,1.75849370415554,1.78517572911179,1.82115909396688,1.86811279771841,1.90807720493466,1.93233100249343,1.94696555834304,1.942458626679,1.922561336029,1.8781456894365,1.83136128160548,1.7862342446821,1.73945912225285
0.867237260285139,0.993143492588838,1.14595962023058,1.32419483572882,1.51590364441739,1.68941405494602,1.76963895672743,1.71155747546057,1.57087766129675,1.42765108855047,1.30585952193435,1.21062299526038,1.14378578474347,1.10048662146195,1.07939897343094,1.0801974591773,1.10422642531899,1.15589099136701,1.24953155357637,1.41293148176701,1.74189884724375,2.43944532530972,2.0881642937788,2.41967695980906,1.83154257883212,1.69448259149713,1.70565598605385,1.76144526332039,1.82667349740494,1.88465368253754,1.91880034557473,1.92498120370742,1.90700435841952,1.8804173566141,1.85680718824526,1.84936501018527,1.86202893974026,1.89316597233977,1.93471484838528,1.96882481181993,1.98094860819941,1.95938923815788,1.91237174805088,1.84934261734918,1.78204381468901,1.71878406889421,1.65956189819037,1.60952873768377,1.56649428648176,1.53372220696055,1.5111834949339,1.50137237954797,1.50696862801863,1.53540008062862,1.58952098411953,1.68579627101269,1.83591076593479,2.05111405179623,2.29678046724226,2.26845805588536,2.00288050809807
0.477170725599091,0.549070488228053,0.644257031195603,0.741964408299404,0.865763203591826,1.00823500387629,1.18975769321971,1.4168689196636,1.68757246034963,1.94118870135358,1.96418701797644,1.73358929611725,1.49874769990567,1.32312707766926,1.1970096009789,1.11282230131368,1.05930084178563,1.03028889622062,1.02107073417786,1.02799424220775,1.04818101465622,1.0793175401023,1.11949943724053,1.17132905597641,1.22588946204189,1.28532755069154,1.35230279272908,1.41878630240185,1.49426007927486,1.55966280991226,1.62272100022433,1.6839432429565,1.73716557962032,1.78080670737757,1.85961868851667,1.82097462324573,1.83208443960212,1.803499056256,1.78940638542824,1.76283695519518,1.7427653201839,1.73078670839589,1.72757909234871,1.73574580323937,1.76617127460683,1.78104226827929,1.81417206518474,1.85080502035457,1.88180562617721,1.90189356608118,1.90773427054343,1.89492478325719,1.88228242985563,1.83886881999815,1.78408518785719,1.7350727568728,1.68941284316675,1.64645924818806,1.60609265910742,1.57621431028539,1.60623652014989
0.462155201729218,0.547672822505373,0.659524634213648,0.778869366466004,0.929379788658055,1.10938005318327,1.32723933003008,1.58542756286056,1.83744925048287,1.91840298268965,1.75161348330046,1.53321358048196,1.35938361450213,1.2321733150598,1.14781974575799,1.09685011474558,1.07480689422889,1.07872616621347,1.10693291459946,1.15893250443152,1.23546268253549,1.34318351725855,1.48274330713502,1.66578598959538,1.90880828520237,2.25222141766419,2.3354758850584,2.22422242159135,1.99132565249447,1.83274094665295,1.73201999624973,1.68673737073912,1.69478901055199,1.8643439489097,1.78331494692864,1.84433355419544,1.90986942933384,1.96026549577665,1.9837271713956,1.9756902977551,1.94291796769978,1.90158935813744,1.86608666264842,1.8461779293477,1.84807311136458,1.86985386588399,1.90698297016362,1.94637254311487,1.97519150645815,1.98207012370791,1.95990092395897,1.91564828194262,1.85433229738776,1.79049331031525,1.72958136303909,1.67174922760547,1.62193057862173,1.57877748465323,1.55511355855895,1.54135498597627,1.53442910069534
0.527287566375199,0.623775340133287,0.723050535351249,0.839610609718266,0.988306960102619,1.16531657427137,1.382679046057,1.63669233552122,1.87621987347434,1.93417213029718,1.75354625252125,1.53745233760279,1.36473222483302,1.24167840027329,1.16263350328022,1.11784764145781,1.10253426091608,1.11317914408262,1.14741547736313,1.20394701266924,1.28654717170339,1.38977474827772,1.52324820986624,1.69098792654098,1.89875697166047,2.17369726886751,2.48723974783765,2.14654340959037,2.00595064235455,1.91930621496055,1.93715754786228,2.00371887895819,2.07114884363533,2.09408740744972,2.06121762619287,2.00452939189124,1.95805529032156,1.94306839625214,1.95775567213678,1.98973976942977,2.01864479181171,2.02039436333091,1.98589854633797,1.92422997270334,1.84983119976457,1.77347857772372,1.70088587355925,1.6347810540411,1.58252438529499,1.52492958568192,1.47841976650535,1.44267645100542,1.41518827507704,1.39722060864965,1.39209337489789,1.40110811823986,1.42819343777645,1.48705725292601,1.59303471816724,1.76401359997546,2.01552849618132
0.591161629484405,0.6829507894968,0.789655704297512,0.924001428651472,1.08212606158618,1.27120665493234,1.49596198475963,1.73166689030681,1.88555210184261,1.82460126894073,1.63097992370101,1.44736063790168,1.30187185406837,1.19357555391779,1.11912989446591,1.07072476684549,1.04018721312369,1.03640347508287,1.04474396038089,1.06729658397471,1.10256540479126,1.14946293918607,1.21096017267749,1.28066974023744,1.36527947005584,1.46315275810459,1.58900503026645,1.80066564994761,2.16117864740919,2.19890696916797,2.24508258465455,2.20685212247373,2.03247793771235,1.95905474018096,1.92927193381303,1.90524452142842,1.87743048123207,1.84358278958745,1.80985595632646,1.78239593733528,1.7626073175451,1.75602268208867,1.76253149210538,1.7816451729045,1.81071183083784,1.84628638324934,1.87899378451878,1.90253537702454,1.91203508257902,1.90278690272364,1.87708056069891,1.83668338326941,1.79160095006246,1.74302744594646,1.69644640083409,1.65105933633707,1.61343137045713,1.59421100300911,1.54436112508049,1.51508643534522,1.49668408189312
0.521168248118264,0.609455992527823,0.697861410197473,0.800613416778361,0.931637930624696,1.0868912572448,1.27600552847433,1.51023787161998,1.78034702819722,1.98338410919784,1.91249982530584,1.66976597004099,1.45568524532661,1.2990701742609,1.1907520520794,1.12422437918977,1.08923553150783,1.07998459125694,1.09185181437819,1.12115243519663,1.16492131813531,1.22547483745114,1.29291102250606,1.38170854078303,1.4591282369619,1.54959487100334,1.6424838886333,1.73276372371587,1.81415107336049,1.87982014270746,1.92754440157941,1.99136463800867,2.1703663161566,2.12953022243178,2.21845377906995,1.89182928073973,1.85138387564398,1.85640264144536,1.88808940234921,1.92959348600286,1.94697438184857,1.95353186412472,1.93418959417472,1.89433312359905,1.83912191281324,1.77756905678354,1.71671855545341,1.6565542816674,1.59990251673819,1.54974184551323,1.50197222485738,1.46154740444958,1.42629037701072,1.39835481277911,1.38811252681548,1.35119753619882,1.33926978334812,1.33913048826991,1.3575151194954,1.39724459785758,1.47648676755437
0.395950590408114,0.466389372955535,0.547126262282695,0.654865328167475,0.770620362068414,0.919726851921742,1.10260013740846,1.33213564952653,1.62185023617714,1.92629931264844,2.00305310291584,1.74770532933508,1.48585169801626,1.2940970746119,1.15717947889547,1.06383989199439,0.997841506254973,0.960214915906715,0.941974998141978,0.939575774998675,0.950344298191174,0.977491643398738,1.00964073176173,1.05033171049238,1.09871208461617,1.15420392646194,1.22124899610065,1.29137181186952,1.37245872110307,1.45917166337651,1.55954890213279,1.6743466857598,1.81517082078822,2.01291651281514,2.38765262751108,2.25720623445391,2.13230018949972,2.195500453253,2.0173125152322,1.97488050397555,1.96772475094387,1.97364952973483,1.97376802588832,1.9611265960342,1.9343554979065,1.89080615829517,1.84485074702139,1.80080938323868,1.76003378484019,1.72636014355433,1.70349433423634,1.69088206008987,1.69201280422171,1.69685401556429,1.71279648569386,1.73680148718245,1.7656887728245,1.79770878043232,1.82651595124858,1.84975378089773,1.86566396934138
0.408278434436594,0.485657452917275,0.586255512065003,0.693176904899411,0.821296946215838,0.986266639389161,1.18818652030387,1.44236138256225,1.74438039847176,1.98570128187178,1.90070117568075,1.63225563367604,1.40718175700891,1.24900022458056,1.14541027009268,1.08313967396304,1.05582775968656,1.05943062755463,1.09176368296958,1.1522212754594,1.24537320363773,1.36798343249245,1.53412385959638,1.74489637119043,2.01257587156111,2.34287384297894,2.37097963794358,2.20831923429044,1.88339372755941,2.21463592505773,1.6186091892039,1.53488750314727,1.50567129570204,1.50833332878759,1.54070479939428,1.59735215030621,1.64613288058484,1.70802416050179,1.78169773035651,1.85432940851481,1.9164188762412,1.95656853373733,1.96839953508396,1.95168580264345,1.91770118209355,1.8802730610868,1.85247509403796,1.83884019625071,1.84469804263558,1.8690492030105,1.89648447863296,1.92590494573515,1.94486354055883,1.94552479428955,1.92580895012256,1.88835012446191,1.8421565711048,1.79349736159528,1.79805531069087,1.71411890573374,1.64177681777897
0.867378242919424,0.998448238917988,1.15901980176909,1.34876330707229,1.55453738060383,1.73804379668071,1.80020800908235,1.70361380370108,1.53949438405303,1.38559508406647,1.26709070539276,1.1779793993071,1.1225781304318,1.09829304500498,1.10859442325637,1.16263375424312,1.28392337707734,1.51474411935999,1.95387096494055,2.38118574298217,2.28194079525264,2.25543665800876,1.71200936668804,1.53535399774468,1.49393544862162,1.51628818112794,1.56617621829204,1.63442725722075,1.72060893094071,1.80755214234761,1.88669554895,1.94408263361853,1.97177794645211,1.96492505585297,1.93794110283863,1.91046915038783,1.89569171538216,1.90461237395299,1.93498253235905,1.97688518456147,2.0092869330942,2.01159977902605,1.97697824655505,1.91752988267321,1.84556265480049,1.77298616776123,1.70626831967032,1.66548565237107,1.59658611859394,1.55076676252887,1.51928423114555,1.49962825669355,1.49416907156744,1.50764209321327,1.55942335350166,1.62571599941008,1.76028570747093,1.9470418389556,2.21492177463454,2.35196303968837,2.05927444847621
0.693495646931698,0.789371115225314,0.909507295402919,1.0482009210958,1.21166713879755,1.4028633552512,1.61931343635113,1.8071536012985,1.86136378480937,1.74312157410226,1.56425237358301,1.40311083715313,1.27636621054053,1.18393413642092,1.11785975624928,1.07446560869769,1.05060792915957,1.04380405889058,1.05215501637713,1.07427220349009,1.10926418006351,1.15682162730445,1.22145421051697,1.29855037962052,1.40060151221216,1.54106798909791,1.77796819020555,2.30169960348274,2.13717596727422,2.19298447971556,2.27954872855538,2.01764864811046,1.90130015703721,1.88463773149965,1.87215102483941,1.87187038562582,1.86557701907317,1.8483508209311,1.82474726128209,1.79643024513009,1.77027963231471,1.7475625424511,1.73431056483195,1.73151031162233,1.74058176950692,1.76152679608328,1.79257216140858,1.83142722314763,1.86959056788581,1.90249023669478,1.92070365803541,1.92113570792343,1.90235124573816,1.86990248560761,1.82747112555653,1.78338457292796,1.74163889388345,1.73264415910595,1.67213948777836,1.63720719044686,1.62226226987391
0.292376870499757,0.35731862433061,0.430710746367241,0.515601184102416,0.62781507243881,0.750919181188378,0.90951599884512,1.10692803689888,1.35953235200782,1.68462217355618,2.01691617280799,1.99654482269618,1.66981875284898,1.40796152210882,1.23049408218523,1.11506213365671,1.04332422288111,1.00138082455886,0.990558033937979,1.00686912454081,1.03806157330104,1.08637911040742,1.1505811756061,1.23469252136564,1.33151773573396,1.44976416009422,1.58981297185098,1.74881960293718,1.92980015441544,2.11348289423809,2.28502512455922,2.3726317929033,2.0856951791156,1.95818017863852,1.84524258732556,1.7572690372178,1.76918122016519,1.81744593165679,1.88065865903652,1.94367235240678,1.98632804018041,1.99340163397555,1.96964690561831,1.92814469404156,1.88767415245909,1.86153341925668,1.85266357772895,1.86245764426223,1.88416048173506,1.91351184292405,1.9267787725998,1.92644931780945,1.90796176226797,1.8743925768036,1.82963661092204,1.77801882690847,1.72574590573717,1.67304046613028,1.62409331980041,1.57863529033516,1.53913424356003
0.533668271344316,0.636968795768386,0.744910354122479,0.879936269205252,1.03467979348,1.23184581653475,1.46056065490942,1.7144425057832,1.89325914852043,1.8417488628156,1.6392748829336,1.44467075666348,1.29498193408054,1.18650697592568,1.1154538360695,1.07420014439649,1.05923228662199,1.06836287515378,1.10064468724017,1.15641675032343,1.24124242465603,1.35321165776142,1.50862001956929,1.71232215091431,1.97638907922126,2.26799595601955,2.61429243713923,2.05467402223153,1.86917861361831,1.6984309027817,1.66387305367299,1.68390713947744,1.73112035823814,1.79304014705455,1.85291965983766,1.90104162566599,1.92471199471478,1.92247651090238,1.89983965183981,1.86989379572186,1.84565042136569,1.83265663602645,1.83626237935488,1.85344136109254,1.8783116693498,1.90227487092837,1.91746813126129,1.91531101397956,1.89440246105844,1.85989587144595,1.81383953240882,1.76264594787047,1.71159020676826,1.66003621164726,1.61260294602831,1.56821876967897,1.52746305368527,1.49093184424482,1.4711126164056,1.43459273159518,1.39478980297893
0.572814198706781,0.6810474307455,0.794008278014629,0.936060934621066,1.10390659947841,1.30490236561786,1.54264496261102,1.78362833011424,1.90199937859566,1.78703761189126,1.58252020895402,1.40384807128816,1.27123400051561,1.18274942257399,1.12971896743601,1.10864831023341,1.11750364521584,1.15592422335163,1.22552644628973,1.33476566242076,1.48866949038203,1.70448945318511,2.00162524132829,2.40879553666484,2.27406460074476,1.93355103720153,1.76803439667351,1.72268671063511,1.74943203002012,1.81902005848194,1.90513792403925,1.97897111030464,2.01584489675424,2.00618825554959,1.96848115249552,1.93124498134643,1.91505865272532,1.92211438385526,1.94759974438143,1.97122300111842,1.97638661430966,1.95362494788545,1.9049303182673,1.84124764075153,1.77196728459328,1.70474022589394,1.63949510422419,1.58069958610909,1.52553094801656,1.47741838969793,1.43451295551228,1.39462768178998,1.36224016936141,1.33385584758462,1.31115961612326,1.29451608732582,1.28434424419434,1.2811345516822,1.28945730631622,1.31368135180953,1.3665629338142
0.306093719620991,0.368696783416536,0.439328357455823,0.52100351271525,0.629773164656511,0.74869866017486,0.902738699647591,1.09511304810618,1.34264470858942,1.66466460060931,2.00654933603383,2.01519828952001,1.68402192652971,1.41367903072016,1.23127335305216,1.11283017476339,1.034888882787,0.995295599138595,0.982396413920536,0.991193225009942,1.02332964440808,1.066711533443,1.12430169855179,1.19881489826951,1.28352481764198,1.38452794859916,1.49963466425085,1.63021088029002,1.7777390912851,1.94833355935656,2.16944350194223,2.42416723971546,2.17976444966917,2.11178189891435,1.90508895113996,1.83046092450962,1.92942492701211,1.80485958170662,1.83507073223721,1.89613081548317,1.96453280678911,2.01840436333929,2.03591236946316,2.01123159948115,1.96008310126604,1.90294376547347,1.85795689870558,1.83350279220268,1.83026119876357,1.84697670985047,1.87845324967554,1.90791478064097,1.93660652915364,1.95001137973637,1.94363852612363,1.9168062974842,1.87651406357282,1.82791228517287,1.77777510336886,1.72107669161389,1.67133064299796
0.410126636300003,0.478511565650303,0.556627445023492,0.661428441806562,0.772747503321984,0.916136974637463,1.09099253239268,1.3094661360191,1.58513309944213,1.88291063175504,2.01067516446715,1.79705165462858,1.53087963383058,1.33074076875058,1.18606424679651,1.08619441618731,1.01445462126222,0.971601655435572,0.948337829185179,0.940885020592361,0.946355276410146,0.962500237869022,0.993254550204762,1.02649214900284,1.06616036938661,1.1113106309114,1.16533362207603,1.21999334840405,1.27828357226926,1.34322168873571,1.40833561087297,1.47903622450079,1.5505922751107,1.62871136420917,1.71596453817042,1.8296053125331,2.01061205576066,2.55890553709982,2.10544565025099,2.13637281271266,2.21298394944401,2.17973467978075,2.07562483000785,1.9823150012072,1.90834978127417,1.84429419500253,1.79128465864717,1.74483633665886,1.70651090488165,1.68349480953847,1.65757827111407,1.6442901128798,1.64197217985579,1.64843269255505,1.66592478299991,1.69281475525816,1.71097131751266,1.7391357032868,1.76977140908548,1.79744685418931,1.82084162727665
0.513844894721909,0.609515692810591,0.707700588972696,0.823312993622371,0.971855964829477,1.14999956120527,1.37163310528838,1.6364281005154,1.8974283398893,1.96260305410237,1.75944042625583,1.52412150152432,1.3411586519111,1.21140414591592,1.12754066883686,1.07971526481306,1.06373626220246,1.07707727727231,1.11865628073029,1.18871933533107,1.29335544509328,1.4329617108415,1.61840780761491,1.86346354983401,2.18132117968044,2.34357361657948,2.27175095619287,2.09978341670075,1.88491631867695,1.72120431094286,1.65928336322005,1.52753700750666,1.47651897463084,1.45493427875327,1.45461368988497,1.47200431940322,1.5070518809847,1.55221719513565,1.61025426603744,1.67975384116783,1.74446688063854,1.8154558866604,1.87883487190828,1.9275806371239,1.95478295145156,1.95552130446616,1.93139271735272,1.89267374458412,1.850274783073,1.81633832556991,1.80637275641705,1.7775648057196,1.78102543423627,1.79982224661269,1.82989453169801,1.86576930086146,1.90047118667369,1.92777009847965,1.94225832973328,1.93087611765127,1.90597503330744
0.189206047036767,0.244423243177887,0.305930657698814,0.3763473520376,0.459032224587647,0.558448587514463,0.693391924046809,0.850250526893873,1.06187623062437,1.34589649979158,1.7265226840939,2.12600350212934,1.94364085750869,1.5414266090768,1.28082629702435,1.11055635097094,0.99837880807435,0.932079666785774,0.896166930848731,0.88334022719494,0.888493723411355,0.907986142074002,0.93919404112037,0.98610270233745,1.03650540079565,1.09463868753809,1.16395996118608,1.23702482101294,1.31705142019329,1.40817674341949,1.50671825593605,1.61361192322304,1.72960281060923,1.8559861399671,2.00186652338943,2.21930125073256,2.4113868628396,2.10346384793374,2.01774408187528,1.9632208295337,1.92775036515313,1.95628599817392,2.00676812516627,2.04593700300483,2.04696979422239,2.00674841692316,1.94576823862056,1.88484926722358,1.83639241826776,1.80736690446819,1.79755054278051,1.8090236391146,1.82527269229105,1.85191156815022,1.878973327398,1.89877613062049,1.90555341849244,1.89665122695085,1.87298774096174,1.83800837360234,1.79494813988797
0.385116257192566,0.460638991960374,0.54725886301316,0.661557309677227,0.784897938680144,0.942599803844886,1.13501449679783,1.37755771871691,1.67281621703713,1.95729503493086,1.97352195709912,1.71272682811136,1.46944413475416,1.29656012692176,1.18006802004314,1.1119162815115,1.08235908404062,1.08730335855002,1.12468347654284,1.19411446198852,1.30091472558165,1.44472467340816,1.63358963618094,1.87339581460472,2.16613327337961,2.43634836876883,2.22060664818832,1.95333426262322,1.75651779579296,1.61382209666206,1.51806025209,1.46167966563357,1.43424018081088,1.43058242128012,1.44672762709254,1.47955676175745,1.52990489779792,1.58886770781709,1.66562626167981,1.73878964122757,1.81067703134705,1.88215996994318,1.94195369075441,1.97653111878739,1.98093306023731,1.95743140187635,1.91946787729194,1.88125122252055,1.85513678548795,1.84492497823348,1.85335576633294,1.87613685560626,1.90740870464194,1.93464288589493,1.94875022551135,1.94311994977006,1.91734477747927,1.87578096277959,1.84056385829324,1.77161562082262,1.71738042648691
0.29438666339894,0.357306261835823,0.428315743285961,0.51045483268138,0.619522294152129,0.739125430222467,0.893808403352086,1.08239750034439,1.3360190049773,1.65971959167052,2.00190605403757,2.01161537601981,1.67613581417044,1.40415492401468,1.21949261931068,1.09765070361496,1.01539124744653,0.969880784960714,0.949606643930856,0.949418439536844,0.965556724963082,1.00068821445292,1.04278962231171,1.09518487700486,1.156884603853,1.232059593631,1.31207196259781,1.40470248107774,1.50638112977074,1.61793871303616,1.73978303188468,1.87452139520689,2.02706491829792,2.24089863930123,2.42689433085363,2.10564592246222,2.02986249317741,1.96674378695256,1.98190786690796,2.0189139143309,2.02901583091228,2.0120664125217,1.96660312760125,1.91136593688854,1.86182527133933,1.82677197156673,1.81111229642667,1.81311352562011,1.82943095827468,1.85451323344199,1.88902085483905,1.89839941946899,1.90321791724152,1.89273832334189,1.86746183067382,1.83094447294462,1.78642136273471,1.74022592417715,1.69261837920672,1.6506433959781,1.64136264846981
0.415380570491165,0.491071252981334,0.590020768619123,0.695166364323028,0.821761465960471,0.985695949721392,1.18746109150672,1.44277841612656,1.74545335733449,1.9861882979829,1.88928807952788,1.61418877275997,1.38810997221489,1.22605687023649,1.1156336172296,1.03874044065656,0.995547379084726,0.976354344495844,0.977373396010797,1.00071557823293,1.03576868663668,1.08576807293291,1.15038548464397,1.23439438538203,1.33158651997183,1.45172755237602,1.59728794529187,1.77112662010255,1.98416803952519,2.26725668836375,2.4216914827914,2.14612339093102,1.96241780083742,1.89914062569428,1.8740205042036,1.84027189412552,1.85305265861304,1.76955498228847,1.80807689014497,1.85721156715266,1.89972719391441,1.9274461662958,1.93438476618965,1.92021121406108,1.88925985100179,1.85077947712351,1.81389261878334,1.78221988413814,1.76226807068877,1.75449050599424,1.77389434195059,1.77655068181719,1.80280727386825,1.83276917646183,1.8615193540807,1.88313341240985,1.89405007674465,1.88947893614876,1.87115351644619,1.84096791394395,1.80531641590173
0.777889358081583,0.900533593954699,1.04190360585733,1.20773015688828,1.39985225801471,1.61333136032456,1.78942403392568,1.82771245230846,1.70623580555332,1.53724700620499,1.38533133139345,1.26807279277035,1.18653514857758,1.13413147909826,1.1086700320758,1.10878150528143,1.13441873907838,1.18754545754496,1.27707413904347,1.41159703218352,1.63553695964756,2.05510536207058,2.40968231821485,2.33155322519051,1.98227775259228,1.8513701015894,1.88867286103172,1.96429662662399,2.024897231297,2.03836643843552,2.00862112987324,1.96973882434148,1.95213609116177,1.96766384512846,2.00519698064062,2.03495955153396,2.02969252917893,1.98113237896553,1.90622307989091,1.82334315932894,1.74311291798187,1.66991952413362,1.60503346820901,1.55071043934128,1.50296188919696,1.4668795256388,1.44069154029713,1.4155459927467,1.40649627734239,1.40992997310449,1.43178123341374,1.47239564757358,1.55238453067625,1.62493227529713,1.75249834950822,1.92386831264865,2.1253113385701,2.27617783793789,2.17889993593225,1.97099253440581,1.79815844702223
0.391838654556438,0.467369502684951,0.554315564370578,0.669283769760143,0.793834676065156,0.953117645216184,1.14736410930852,1.38765329309305,1.67981360516699,1.94578971766391,1.93894738684698,1.68821004616599,1.4547641526126,1.27968885409928,1.15968383972027,1.07771956819664,1.02215942611576,0.995172117361818,0.988671574933568,0.999824025389588,1.03168938585234,1.07356625674127,1.12928247182718,1.19876833224529,1.28716760639566,1.39124445532824,1.51489191322406,1.6637820697492,1.85025277223502,2.10579704258594,2.45729566338596,2.22330071311332,2.08049611953152,1.94594206030928,1.8655757172192,1.79873050046299,1.7935140434636,1.82611903464497,1.86163331743511,1.90510735913816,1.93611073906739,1.94671360922054,1.93344048372008,1.90237258561027,1.86386121130763,1.82440435885057,1.79196909732154,1.77246744967697,1.76676152363918,1.77530980666974,1.79799861830762,1.84054632726082,1.85653062131244,1.88522948425322,1.90400310597726,1.90869647915246,1.89775435129517,1.87294675278142,1.83704415414636,1.79671016746096,1.75462885897284
-0.19426072376394,-0.154149847262935,-0.111143893599543,-0.0635087556656692,-0.00905114315880254,0.0551322610395893,0.133030730484367,0.25371160412034,0.38040608074384,0.548664802957418,0.790842004393703,1.13816519155501,1.68724481433304,2.36713468299186,1.56695377498185,1.14053015698817,0.900852038715261,0.75735358307973,0.66224926214417,0.611550819361394,0.586330065764856,0.579526800999184,0.586433168485805,0.603819706937271,0.629424496979021,0.670357546102793,0.70850596746898,0.751355128617288,0.798339728462484,0.849091133070975,0.903401930767423,0.961202112195075,1.02739956729914,1.09299170128806,1.1626334635235,1.2366712693935,1.31876011440725,1.40340266104086,1.49584313708461,1.59254109675419,1.69690165014337,1.80632743981182,1.927804110913,2.08575475810516,2.37775379519936,2.29856679139315,2.02923421461682,1.91793386011138,1.84306046349286,1.79632998195877,1.78533212870667,1.83291475731875,2.0088402768793,1.97308334139193,2.0765009199148,2.14881078473764,2.13116242207661,2.03944391942418,1.95651776176802,1.83824533979909,1.76360846597902
0.117099377222355,0.194154779193233,0.254412549864459,0.323485467406185,0.404797604120058,0.502934970520888,0.63569488232853,0.791988425282937,1.00346000486425,1.28717559470369,1.68620426628679,2.139230986139,1.9409643854372,1.50879899350739,1.23847862523449,1.07088018284088,0.962081971416221,0.900805320667818,0.871493957819752,0.866677433035191,0.881251234334285,0.911677377294646,0.95550508457531,1.01678308081129,1.08400662142767,1.16149506930784,1.25335618811559,1.35203081487877,1.4648851588288,1.58858922931472,1.72515990675391,1.87099964002858,2.03009444081389,2.2078768022368,2.33823070750832,2.18257548562854,2.01335383804354,1.90429214650586,1.77743353744237,1.67945280853243,1.60671581187766,1.55551114733383,1.52446487229436,1.52187106103747,1.53197262692245,1.70829321366721,1.58089691741156,1.62122330180952,1.68824849097268,1.77084730758326,1.86689073584566,1.99550212593752,2.11289702599366,2.08135758376062,2.08016996443755,2.0360697161367,1.96715907589716,1.89236762609742,1.82590846068948,1.77373980665825,1.73581801065242
0.0536835498561641,0.0968110937029074,0.167115536505866,0.219847529536582,0.280254137203528,0.351600793771103,0.438461966658278,0.547485851357232,0.701086449740177,0.893923574597595,1.17906130773996,1.59960019511221,2.14657487951374,1.97131149985544,1.44085049746688,1.14631100041567,0.968197329947309,0.862719309584655,0.801800126174327,0.771762724019041,0.763906470518481,0.772497201591656,0.793672023049417,0.824792902435231,0.864047158384069,0.910194541804973,0.968829570745848,1.02751740424381,1.09164635058264,1.16553810844799,1.24150137066679,1.3266642375839,1.4158545619426,1.51500207569147,1.62185538051079,1.73704427928797,1.86135024841485,2.00068149673574,2.18126790593787,2.44879250281317,2.1593241678306,1.99850597456809,1.90546855336759,1.8331274172871,1.80338704219923,1.81254336115663,1.86084533497593,1.93945093207789,2.04858227802096,2.09339888969568,2.09698963512227,2.04136162939942,1.95925835446568,1.88350144131658,1.84014742429982,1.78684918654541,1.76947417772422,1.77327468845808,1.792233010932,1.82259087594199,1.85577622053368
0.76669108974515,0.889992286783299,1.02681624972082,1.20040933843319,1.39566026225146,1.61322522275353,1.79136113411429,1.8241714989105,1.69447934632346,1.521322987178,1.36789893313839,1.25013776270258,1.16875946528681,1.11771656968004,1.09605142325956,1.10460592444925,1.14698213703685,1.23108286119005,1.37708012124618,1.61671384294628,2.01438591870074,2.40012142286195,2.24442115752921,2.30063424471687,1.92196117651108,1.68535479099827,1.58489642812923,1.55937982327508,1.58051558440601,1.65797624176978,1.76125743010419,1.76184493575947,1.83083564427339,1.89506737593905,1.94032685064939,1.95979974236141,1.95256129507419,1.92544662419362,1.89242980967853,1.86588033345093,1.85639525722766,1.86704447016075,1.89665853631883,1.93849495483959,1.97569992423477,1.99350753560111,1.97900651443727,1.93561423388319,1.8866715877241,1.8066528576426,1.74156130977219,1.68177963099812,1.6321555464566,1.59081367210211,1.56442139790453,1.5534673618067,1.56740782160847,1.63373798912436,1.73243242544746,1.94085077976897,2.2678545390034
0.677558296975387,0.775900952640022,0.898792018271749,1.03547255942667,1.20918707442608,1.40562290856466,1.62614639213496,1.81175992368646,1.8524857251151,1.72162088380585,1.54275574009239,1.38350837455849,1.25895524754068,1.16821146920961,1.10366325731768,1.05785290350733,1.03564356787281,1.03081878044237,1.04650203376422,1.07331484092652,1.11525178208131,1.17302275313572,1.25281889736352,1.35218280236093,1.49075177742452,1.68507612866881,2.00697952620168,2.52831315413624,2.28311491717512,2.21368546234097,1.97569722556856,1.82825878033856,1.81192777790197,1.78257930600933,1.80440329751475,1.83148168853582,1.85209735122472,1.86090284802119,1.85484050968878,1.83822881551512,1.81274165875693,1.78590961388374,1.76008548037412,1.74181361568242,1.73141017392214,1.73379927478717,1.74796656106954,1.77443319619905,1.80760476388443,1.84435809058584,1.88165893594844,1.91395361073672,1.91663223356145,1.90966395191131,1.88654586977348,1.8535658330117,1.81430272285286,1.77375014711966,1.74047890333517,1.82372615225882,1.68309849994067
0.585806258345086,0.684177353691419,0.799386280751165,0.94534820424489,1.1187317138279,1.32706568609286,1.57577394434305,1.81546983427066,1.90130292103112,1.75090538860328,1.53816887495975,1.36019590919006,1.22799405460087,1.13733488186315,1.07963111362552,1.04730706768352,1.04989362847246,1.07518548155398,1.12807006791471,1.21129991739189,1.3348720555945,1.50653640420344,1.74052126018163,2.06046637332731,2.46998870189229,2.3100183290058,1.98411986764093,1.75207723483154,1.60911999390874,1.53056353724893,1.50285007017674,1.5197001962914,1.79571575349352,1.6487942759161,1.62943840340803,1.67590380002904,1.73500922491268,1.79498316755572,1.84574903370163,1.88404462808724,1.90242241952246,1.89969923656873,1.88135580785435,1.85144786722343,1.81980234011965,1.79080495929517,1.77184106919046,1.76385119032324,1.77190166151166,1.79739633224168,1.81995416401403,1.85249023466224,1.8825910326468,1.90390476063835,1.90867475061767,1.89625681740283,1.86907590682051,1.83091489641345,1.79003152594016,1.75459590626339,1.81887467431942
0.515104032580275,0.611947434826108,0.712326206042285,0.830528387690673,0.980596648716198,1.15876800418958,1.37516471168837,1.62153143103545,1.84888681800716,1.90269694005565,1.73889838655113,1.5313147506226,1.36209757041231,1.23334425342077,1.14210069090341,1.07896228732094,1.03500843777197,1.01458240441137,1.01068509485395,1.02606216215593,1.04992473671275,1.08552753455037,1.13207575032893,1.19289485792425,1.26166558406673,1.34231185468913,1.44107149658039,1.55941082015936,1.71195692269571,1.94510394276852,2.3832863728935,2.2538921847578,2.22078025777524,2.06693749899604,2.01164256768631,1.92795453186473,1.9098711165572,1.90680206103225,1.89870029834596,1.87787141923414,1.84992137563836,1.81725034284593,1.7862617188103,1.76296023177382,1.74907706876432,1.74532171016529,1.75468691695195,1.77450705165256,1.80321848049257,1.83368952672774,1.86164352235394,1.88401771118129,1.88961902677698,1.88197724189429,1.86113200723927,1.82898451952161,1.79165590648921,1.75145187580977,1.71068351588885,1.68613822714938,1.67365980383135
0.0709536490840313,0.122066536376213,0.202617780673309,0.268141037083289,0.344491710270864,0.435614223706733,0.546910966648015,0.697769614829874,0.879213567072935,1.12792151533978,1.47387050776772,1.93447031019976,2.16619856862139,1.68867957039241,1.35030568406118,1.14131071154033,1.00819493504717,0.931239967594127,0.891331402021325,0.879346334317002,0.889155590965873,0.916579484882882,0.958788008523209,1.01942400538882,1.08736666375595,1.16690706660953,1.2621742559592,1.36649384667897,1.48715252707843,1.62112033860757,1.76892460516674,1.92287329984008,2.08030901417545,2.28534368873845,2.30952071867799,2.06283155490711,1.92725859218144,1.77464420590845,1.71515158415629,1.6693854878941,1.66521045486938,1.70234526132201,1.75698813774368,1.82917544855503,1.91366078021237,1.99153600311018,2.04030953848647,2.04375934732571,2.00476987089713,1.94799757468901,1.89985242727633,1.86494244122408,1.84907316740979,1.85768984720933,1.8811209729231,1.91027518952215,1.93607654886121,1.94717569095072,1.93945523915265,1.91253827292932,1.87413204915297
0.546000731651495,0.641334581930969,0.738291722194171,0.859460719976717,0.996364285173204,1.16759763484252,1.37705282442336,1.61932216076414,1.85820726043955,1.94040136870786,1.78659608201549,1.57144951538396,1.39295129530663,1.261559365704,1.17245982702909,1.11526843655053,1.08461851960323,1.07613902628788,1.08631854050753,1.11230799371761,1.15175557628499,1.20670199938451,1.26840874652323,1.34168018612189,1.41951535920856,1.50606709623067,1.5938929028716,1.68327516960195,1.77457998469903,1.92550383695295,2.10498087657557,2.02116076862545,2.4136838281071,1.96159282148662,1.88505882072342,1.85873984755544,1.83881086919242,1.84215393644583,1.86796855608895,1.90411438493365,1.94245173081346,1.96692528229701,1.96744259554583,1.94096199009893,1.89219017551111,1.83182862031717,1.76782551946808,1.70699499184134,1.64907372346655,1.60372753831724,1.55403472961697,1.52573761766603,1.47950628443599,1.45629995408012,1.44524336267677,1.44839237772704,1.47285907301228,1.53191494656819,1.63815823604304,1.81626872629963,2.08685796825711
0.0447409798666825,0.0924324697801226,0.168481827166687,0.229088344286329,0.299780841626691,0.384543666720362,0.488910254167213,0.631563221166257,0.805625574202697,1.04722172806803,1.38825194528964,1.87481198384712,2.22820381176259,1.68486072826073,1.31221467735275,1.08775295808402,0.944824526067677,0.858873000488081,0.809508791611766,0.786736354633735,0.783948958071039,0.796641535386449,0.821686609713853,0.856897268277417,0.900751306040669,0.957572822663069,1.01673771234595,1.08263866805975,1.15517612347825,1.23872015760131,1.3260167440677,1.42424074852117,1.53056016776283,1.64582432564203,1.77035892111332,1.90445717241939,2.05350968023598,2.23921461949862,2.36286844124038,2.12696600186787,1.99314106250285,1.9060775257999,1.79346752269042,1.95090524955134,1.71658129334252,1.70612258802884,1.73772907841776,1.80577248963476,1.95251024135312,1.9941753792882,2.03452153133981,2.08014223974526,2.07720837057355,2.03866817234787,1.96168142447973,1.88205053679122,1.81623253861023,1.76518742639943,1.73166474318256,1.71410505035906,1.71157643371617
0.522200122844609,0.623519529677778,0.729658942592397,0.855263863449782,1.01512645684571,1.20535002601439,1.4349474095175,1.68802545120468,1.87903455983984,1.85001301468082,1.65482385735674,1.45790532659685,1.30292612651469,1.18717432283363,1.10636060481225,1.04834254442455,1.0163626527177,1.0030475384127,1.00594661298027,1.02802050470793,1.05902977273541,1.10242937763443,1.15784467069491,1.22941346478867,1.31121224591154,1.41174651111477,1.53180410467967,1.67860907260987,1.87038517461879,2.16153801796424,2.58942930230198,2.19671132725186,2.00781518788757,1.89437615131681,1.85546427183197,1.86000115372161,1.88768692749926,1.90454934033455,1.91131548184971,1.90508227862899,1.88371243121739,1.85276327876973,1.81950702890387,1.7868129589626,1.76148637453466,1.74403986394212,1.738956193967,1.74522792306445,1.7618801815292,1.78750548691529,1.81747140338676,1.84017781574039,1.85821519271533,1.86497310936911,1.85843290026749,1.83939468551981,1.81063816695543,1.77571370102171,1.7367019042388,1.70029456802869,1.67326182423415
0.0963640874044428,0.171134902129541,0.229268834685648,0.295428864602324,0.372659882070378,0.465004187465707,0.578017392098582,0.732119400228538,0.923649345477752,1.17728803226105,1.52826774525489,1.98833203771551,2.12259389739394,1.65418818927245,1.33540977653873,1.13743799149854,1.01124615972465,0.938949693974145,0.902056093389633,0.891724707015445,0.901934510026486,0.928507928708492,0.968533390537768,1.02568382657326,1.08816052405222,1.16009648513395,1.24506851965259,1.33583220276158,1.4387289618573,1.55043956877205,1.67068923740363,1.79802910549228,1.93153475615718,2.08757916139127,2.34155716930436,2.2258913491343,2.03192772329876,1.90324819916257,1.82509620661246,1.79435704915496,1.84229715637805,1.8432121082363,1.91865783817034,2.00643452986627,2.07249449296986,2.08020363760803,2.02916559934175,1.95681047221794,1.89366916820557,1.85746752084647,1.85255733151112,1.85964332425582,1.88846753404458,1.92100850608856,1.94681165141211,1.95616677825374,1.94427053540828,1.91262652557678,1.86614424880505,1.81205465741555,1.75750727142645
0.591550352721776,0.685889833075446,0.79603062984467,0.935616526258856,1.10094887179498,1.29973531535723,1.53661410800275,1.78240325118569,1.90821335580844,1.79594352094106,1.58532403607497,1.39849724777123,1.25610417515234,1.15488952910229,1.08517761900006,1.03834055668352,1.01848926994878,1.01923803472054,1.04405875689141,1.08371437729688,1.14309766890806,1.22810325995588,1.33603340499403,1.48379811422834,1.67743873105902,1.94506011251842,2.33735182406463,2.38965477952906,2.15150303313352,1.90853972725517,1.75489524748624,1.74389777446146,1.70080073460839,1.76706618524121,1.68672518241193,1.7199866070133,1.76960494842318,1.81721468218237,1.85866611554592,1.88542281241253,1.89528189163298,1.88693206678464,1.8660835484613,1.8358290280002,1.80323855782042,1.77532696261925,1.75464125358192,1.74301031834091,1.74531817888443,1.76871108193525,1.78881024705567,1.81361273714253,1.845318033347,1.87457944473086,1.89278820282471,1.89666465925853,1.88517911383913,1.86053479588527,1.82684443281085,1.78746393187868,1.75049250292242
0.328507240981359,0.397508896902794,0.476047860647116,0.567480171564253,0.689424963262,0.823928227574809,0.999162944464014,1.2186195332918,1.50468487160893,1.84427172036817,2.05571311687006,1.82916343667024,1.53096366471447,1.32214402768053,1.18443039104229,1.10370004168803,1.06588435488532,1.06372997988629,1.09260555943991,1.14993539748419,1.23845705287231,1.35356016600881,1.50434725821961,1.69425907435731,1.91996540461486,2.13724943600665,2.36727245733775,2.38875138413901,2.27946683315882,1.91290366248581,1.7220196208692,1.64048824272114,1.62334465243823,1.63575204310301,1.68704251262753,1.76111032874107,1.84835641831352,1.93595134546773,2.00542599249498,2.03530728052221,2.01957617002883,1.9782151976338,1.93881425167102,1.92064567203338,1.92655567701675,1.94901704239593,1.97296336029306,1.98506044946391,1.96759643825267,1.92180987960501,1.86283068420057,1.79828295415488,1.73186031250353,1.66778482004814,1.60946126183568,1.55422961027304,1.51172862820387,1.46167735039423,1.4209587103459,1.38802089979361,1.35269397056066
0.730041995873537,0.826052235624347,0.946809519157907,1.08479680707523,1.24507567066096,1.43183564569992,1.62976115117985,1.79393565154336,1.83500510373211,1.72879426907515,1.57014496664727,1.42333415494708,1.30390680177161,1.21205551019229,1.14765416826649,1.10465388077034,1.08029728923746,1.07226914716358,1.07867705432894,1.09798821446612,1.12898560265599,1.17076746983454,1.2267397457897,1.29019474975889,1.36895444880636,1.46355579872109,1.60101257206755,1.86125196417543,2.57066065452464,2.00550731907095,2.10343911134533,2.42044645394461,2.12264668657836,1.98245168569543,1.92823124099526,1.89496418234568,1.86937364659246,1.83263253006608,1.80463865216835,1.78527943951528,1.77636223445432,1.78093181951952,1.80076620735249,1.83702750450725,1.88384815024049,1.93676357510023,1.98299447028494,2.00906892168485,2.00465055690327,1.97214550805297,1.92093820232557,1.874152069501,1.81048466781682,1.76849736057501,1.74910471701548,1.80403688980816,1.84364410878562,2.01874751595035,2.30250490458941,2.27787819963586,1.95835536902138
0.239473277972692,0.299155175011618,0.366100429512169,0.443112482932365,0.533758641338652,0.654975659451856,0.791301033546899,0.970301093929238,1.19895120375478,1.50176070407879,1.88297795337268,2.12031193212522,1.80993745267834,1.48333550269631,1.26218482322394,1.1195177569952,1.023511934938,0.969167260868674,0.943168491755501,0.939489541436161,0.953830360054799,0.98833491461634,1.03115808509771,1.08542547786351,1.1501974141841,1.22958342866839,1.31556056204322,1.41593148375494,1.52763753432959,1.6516762283756,1.7896848205849,1.93664311734594,2.09656952687054,2.3247354709903,2.28321114255797,2.03781785245793,1.92105110041463,1.86364189763588,1.8718529403814,1.90176788367014,1.95584473494506,2.0052487283914,2.02323216704289,2.00148546717353,1.95382611910257,1.90067188556045,1.85845885361497,1.83252883811319,1.82721608930475,1.83903383034907,1.86350376255149,1.88829144467436,1.90911490417193,1.91711273953325,1.90827783309175,1.8831386192969,1.84552306189183,1.79925139916068,1.7510697638155,1.70216106302069,1.66751312388233
0.474904911754543,0.563805817831867,0.680596510918496,0.806092330811897,0.96553360247782,1.15755475623268,1.39411474327272,1.66824987687526,1.90382542155626,1.89765059702409,1.67975764435993,1.46557875976851,1.30481793554107,1.19243725383697,1.12367576322954,1.09044787756435,1.0897737201925,1.12057401047543,1.18357658746042,1.28497429637383,1.42709663609695,1.62007270412517,1.88271935130183,2.23491236945439,2.44071571741813,2.20478614136762,1.98005107322553,1.75995786675056,1.60739189996234,1.5337596343771,1.50604362515741,1.51039445434487,1.54200099928268,1.59091475899057,1.66149684710829,1.72802955803618,1.80454564040337,1.87561029652265,1.9339405911629,1.96621806293637,1.96834668016364,1.944013856306,1.90744416401004,1.87306078605337,1.85303980400306,1.85040806138081,1.8678999136736,1.89990911334235,1.93529995684233,1.95854788073618,1.95967801600413,1.9374509998098,1.89428295219583,1.84668510723645,1.78024413236664,1.72154943721718,1.66488200732165,1.61453026812821,1.5694580693052,1.53032499987566,1.49631165645524
0.0173549024950067,0.0618051852434485,0.110037227289957,0.188275454180563,0.252058637375352,0.328053224243191,0.421280573918246,0.538995525477664,0.703692906498594,0.912734144003489,1.21971276052584,1.6670373251532,2.21827864621644,1.83562882148218,1.36801514787106,1.10130678646893,0.9344712789038,0.83275976687315,0.771510191201345,0.738613955863875,0.726278785457326,0.72928557892412,0.744041877177949,0.768025148334104,0.79943828821568,0.836990018481014,0.879752508130748,0.927068126320127,0.985066491934447,1.04116478121422,1.10109122341502,1.16908599728821,1.23758414205113,1.31038663628237,1.39140452876406,1.47458391875781,1.56628579141755,1.66382030455943,1.76844599724321,1.88551779272304,2.04797853241673,2.42663600397232,2.20841693488422,2.06290182052533,1.99609928457824,2.04797383757137,1.99111350135655,2.01822767314275,2.07415313737291,2.09953209815409,2.06910826662655,1.99738046183757,1.91699448070436,1.84205424444018,1.78189861902533,1.74095257514859,1.71451564590315,1.69951018353237,1.70157600662957,1.71551731007638,1.74010170666304
0.445267802097866,0.516390526520757,0.609768870070919,0.706093509565282,0.820256639463338,0.967203195200264,1.14487251116752,1.36791892147755,1.63746073798038,1.91667685991594,1.99551389821257,1.77221171321183,1.52435831772436,1.33917307921253,1.2077991205007,1.12162811113679,1.06858095463512,1.04196205399201,1.0366840331203,1.04884920355039,1.07543497410766,1.11406729436109,1.16284697012633,1.22466650983975,1.29032921996955,1.36560162499404,1.44337425967499,1.52794959478909,1.61489545576606,1.7035527815876,1.79789107663027,1.92842754684348,2.36318981535955,2.11654452826261,2.077127291192,2.28204855537088,2.37772315332148,2.12448050819728,1.97528091623981,1.88278484088975,1.83907489489992,1.82593050409323,1.83595842299261,1.86399090630961,1.90408821343613,1.94348874255637,1.97261894773476,1.97854786084901,1.95857056347942,1.91596760155012,1.86129145433932,1.80036127841917,1.74230463113975,1.70902413815958,1.63560889102616,1.59506562276007,1.56198840109138,1.53868022579399,1.53907846522459,1.57399711350988,1.67531864093269
0.593609926255075,0.679660410477084,0.779083786214487,0.904955347136145,1.05283936275761,1.23080466749691,1.44760130892329,1.69413802094416,1.90317434931224,1.91054013858783,1.71993842881921,1.51077173967983,1.34593894532885,1.22286505401266,1.13853348458084,1.08382372646107,1.05444778337475,1.04726360807671,1.06014092032581,1.09184214494533,1.14200616014056,1.21481731338674,1.30651683224779,1.42787589079713,1.58837118704352,1.80873193808624,2.14322318311171,2.42273783614162,2.18469143062645,2.17161407931621,2.07379052483612,1.94637395704844,1.83011844410327,1.78197391885072,1.9045154435706,1.79979417021974,1.88683015366652,2.12878071482726,1.9261146237353,1.93518437653543,1.94560361244257,1.93601997551382,1.90860156150876,1.87127788606469,1.82926441347269,1.7905446518709,1.76000250256372,1.74276470142861,1.73938794438346,1.75274969273687,1.79896091774774,1.80639992631086,1.84526075663325,1.88345909968547,1.91546465809451,1.93291124132914,1.94863446415737,1.91202212509684,1.87763904357666,1.83519545511876,1.79159132649364
0.225747598559943,0.284522575702228,0.350551602473298,0.42657255763326,0.516024769923935,0.635105342202837,0.768640975630598,0.942359362189097,1.16198039860803,1.44918420154185,1.80932372219724,2.10144563846242,1.88499766314468,1.55018655660848,1.31392516147937,1.15272291202347,1.04499916651919,0.970166286345659,0.92676811572543,0.904412949510908,0.89859851656228,0.905971416959063,0.923977801872549,0.950635626261958,0.990404223989426,1.03074013320592,1.07600496797138,1.12534983159843,1.18242934496475,1.23859885192557,1.29697334385823,1.36048153149448,1.42215819275271,1.48862543697954,1.5531700056559,1.60937006868056,1.66445078342604,1.71565352928633,1.7570448106321,1.78848420283601,1.8151020625914,1.89502701639817,1.80893797888341,1.82141585002899,1.97056496592774,1.75990887664639,1.71869450091461,1.69497078432186,1.67999897668979,1.67370152401105,1.67635500505756,1.68777973693551,1.70734132989478,1.73584922034008,1.82147912344468,1.79274740185902,1.81450745584343,1.83426518513956,1.84621260856856,1.84342507414826,1.8347071907585
0.629992945730053,0.730616200459958,0.848002619434579,0.99640589365216,1.17051849585592,1.37876535155225,1.6084191541014,1.80726212408545,1.85037072489269,1.71147655196273,1.52383811095642,1.36525153722193,1.24259192723264,1.1558441758425,1.09728853172644,1.06326658971485,1.05107410908878,1.05896978307841,1.08613761115526,1.13276077996893,1.20027107930136,1.29626343513185,1.42305882523431,1.59281615196509,1.82838617361303,2.16573728960301,2.609907106185,2.13080271858506,1.89558174906212,1.75544777355787,1.72872236108082,1.7458310494849,1.78840706553887,1.83798896130482,1.87794175306383,1.90049889444333,1.9021091877772,1.88460339098812,1.85851497350615,1.83038078605549,1.81035814092227,1.80100719672059,1.80691259028379,1.82552876901503,1.85382112981601,1.8825875453321,1.90483542442448,1.9134377278783,1.90476965935853,1.88072417022132,1.84240697289331,1.79521974069044,1.74702987533811,1.69723254836563,1.65098321708414,1.6075571793046,1.56583247282099,1.53176453244391,1.50750167964943,1.47850187425744,1.4435190139494
0.375542639094482,0.45109384405272,0.537847751996257,0.651871452867715,0.77540092557474,0.932732147623744,1.12446476360275,1.36213268195753,1.6531702225753,1.92798018677698,1.947445580875,1.69936239733009,1.46145368207078,1.28388013051195,1.16339271655405,1.08270907119743,1.02970819400319,1.00612064004604,1.00350872830589,1.02352584418363,1.05473680822068,1.09976341534327,1.15741521723704,1.23132362331706,1.31387442235471,1.41255436564684,1.52495117493407,1.660193779982,1.79833150413537,1.95171365947714,2.11101923843259,2.3399580888826,2.26493880071983,2.29557820056202,1.97744107807462,2.1666929930876,1.98549877258746,1.99721144755874,1.98593735070286,1.95044011115724,1.90587962029923,1.86428839987391,1.8357192537001,1.82514784941896,1.83056244508895,1.84761144391214,1.86923570835303,1.88719465193485,1.89418922631238,1.88633885373606,1.86262176786181,1.82665186436575,1.78213207704779,1.73507655114077,1.68574811349722,1.63902746809365,1.59440878602402,1.55276543963651,1.51520663371811,1.49839445068666,1.4457984631178
0.430034580948386,0.508188403357414,0.610068155618935,0.718091901574778,0.847383146537662,1.01396434320852,1.2171174959785,1.47086798946044,1.764376716849,1.97297131560539,1.86678787332485,1.61068389745615,1.39976813072375,1.25074313457855,1.1546108951429,1.09892050918763,1.07736822258428,1.08565266948118,1.12110817511244,1.18246825710002,1.273385125887,1.38940430052132,1.54179849795477,1.72668560947753,1.95138887589859,2.24003300914877,2.45925808957098,2.14523013202895,2.12377894194931,1.79225023965339,1.71861454467002,1.76998946268516,1.72462209805291,1.7805179875769,1.85749253523447,1.9383927906587,2.00336631021597,2.03108460617208,2.01516543659735,1.97291735093054,1.92971533942817,1.9041532071769,1.90480724558212,1.92720036629143,1.95938840383776,1.98417842974552,1.98581618004024,1.95823212088749,1.90635282305043,1.84199332496751,1.7733264352422,1.70856815704939,1.64474123198125,1.58680381731191,1.53663098542748,1.49241269156257,1.45240764473526,1.42101879035125,1.39696382297416,1.38238055625743,1.38259880925752
0.288063772211726,0.347527847885801,0.414292185660522,0.491175814215442,0.59336645486517,0.704331031131608,0.840620183854724,1.02019069519798,1.24742780740966,1.54661300303301,1.9021886358788,2.0938889724614,1.80863456702187,1.50030421835188,1.28606805198542,1.13803016143658,1.03939215823849,0.971332254351026,0.933256990966707,0.915310477878989,0.913309078448777,0.924126161944326,0.94538355980829,0.981008240560459,1.01877575063666,1.0627140854623,1.11193374309608,1.16992740997339,1.2284952895728,1.29073302027973,1.35976994026775,1.42909804735675,1.50420587592812,1.58017156292303,1.66272591917122,1.75558470976567,1.86572724197017,2.08639728189698,2.40368990816296,2.04950777849583,2.08847874413861,2.18214811499391,2.21071458173041,2.11856685821091,2.00629506259143,1.91512514389672,1.84136725414927,1.78457896264346,1.74878649002379,1.71421264506953,1.69642466705836,1.69222939823935,1.69940222683055,1.71635070573189,1.74122084184094,1.77673009779219,1.8022228805586,1.83021344747317,1.85251547067826,1.86721132429502,1.8699008080355
0.302109613145675,0.36525962306905,0.436969837412598,0.520369203657863,0.63161541264627,0.753741643246978,0.911599119674609,1.10795810149579,1.35823000836364,1.67731547204593,2.00009803793486,1.9889458306832,1.67404153366418,1.41245049082982,1.22939605679076,1.10388370969951,1.01400642669645,0.95793432478257,0.924554108999323,0.909049299100438,0.907837640198651,0.918191004851189,0.937987934884327,0.971173825769939,1.00582171698803,1.04587824028821,1.09042553436434,1.13868406606498,1.19456260355277,1.24904968008255,1.30550081582109,1.36699010371489,1.42639727245337,1.48918689490214,1.55989146262354,1.60810610104207,1.6624622577667,1.71330607291524,1.76320955249475,1.81747147120569,1.97847215864148,2.03126168108839,1.95348493764319,2.21565218202862,2.28896853995275,1.94684604357946,1.82082981557825,1.75211263401113,1.7059303959374,1.67463595241964,1.6523557083885,1.64154435643755,1.64069172431733,1.66576319265399,1.66368297238104,1.68092411352031,1.70528441163053,1.73713059114557,1.76009453259075,1.78505464832734,1.80724001785999
0.473244985494942,0.5504722579072,0.653098039226243,0.760600983196727,0.897916409117961,1.06324488987254,1.26718198861598,1.52052260085068,1.80699768488557,1.98733009268624,1.85258721885083,1.59683762495664,1.3868783427269,1.23315663199801,1.12612870953005,1.05311930961758,1.00360133574122,0.980364005699589,0.975892986122535,0.987660639742953,1.01913686031336,1.05938101583176,1.11237949980241,1.17796499895109,1.2614985317433,1.35897895526004,1.47369489602358,1.61026189421119,1.77874661439672,1.99840640326088,2.3071114493682,2.36766191710639,2.16595385625505,2.0436771534135,1.92145209889783,1.83316593481686,1.90973716726949,1.75215268901379,1.79658177440683,1.83921475770502,1.82713892289002,1.98992692944679,1.90268894116856,1.92431863069669,1.93673355038005,1.92915314842227,1.9052005243158,1.86783083113854,1.82453791306899,1.78085491568072,1.74241926297379,1.71020676420591,1.69351961893215,1.67212346977751,1.66612628460688,1.67210754617266,1.68752737332794,1.71266000551744,1.74272359126431,1.77661210804925,1.81242107341757
0.557549618951781,0.660274903775504,0.766706554580791,0.899988809026316,1.05142290035191,1.24369581239366,1.46355299900076,1.70407325708286,1.87431923014381,1.83890774033029,1.65499369821628,1.46730774411175,1.317723999191,1.20529520303157,1.12717337694792,1.07564067327565,1.04285435982478,1.03358570181025,1.046348626822,1.071262248664,1.11176326816696,1.16788026176901,1.24450615268821,1.33757779545919,1.45880624625632,1.61726055312867,1.83123434697907,2.17008872170271,2.64720861926093,2.19779792607147,1.98342842275902,2.07656633759911,1.82333072217428,1.82846812063845,1.86938490773205,1.88455314815539,1.90111729766037,1.90045169361444,1.88231830131429,1.85376108237985,1.823936057188,1.79691023142282,1.78060010930569,1.77659136979885,1.78572527981528,1.80636840842116,1.83444796487444,1.86386895946048,1.88881002106447,1.90115617381487,1.91024340230074,1.87661667126875,1.84176263392298,1.80088430448137,1.75620476293968,1.70937543863376,1.66536662600767,1.62422334081483,1.58998073240095,1.56583152233879,1.51753216491644
0.368374355385026,0.434007481610312,0.508143332325722,0.60570720392308,0.708071873437637,0.830272405185089,0.987518951169877,1.17871349064374,1.41898346833686,1.70861445685831,1.98408727341218,1.99464867399786,1.73941504010554,1.50319508583837,1.32904437859543,1.20791998057927,1.13001632233769,1.08242820132768,1.05891489421599,1.05475831564836,1.06634606102628,1.0908645207733,1.12607925664272,1.17497122719975,1.22734344912097,1.2858975209728,1.35363061203928,1.42457283521249,1.49569553111349,1.57018883695156,1.6434247886644,1.71232811100992,1.78358198812065,1.85630218349481,2.08937501298331,2.14668231115743,1.95820451526349,2.07372587419816,2.38161284192267,2.19590536412783,1.94736085723001,1.84702008097285,1.80360320448828,1.7813371468915,1.78607210614207,1.80880087425239,1.84463526883861,1.88872398693037,1.9307922964306,1.9598986257568,1.96866164361013,1.95380960632904,1.91906998614096,1.86918450277365,1.81305144040225,1.75719193882196,1.70836947368397,1.65891710879049,1.62296391927521,1.60214973332133,1.60924258847208
0.489788274508332,0.588590089612106,0.692113448288761,0.81430090295458,0.969241115059073,1.15465252664561,1.38201443014484,1.64389037988023,1.88227110528017,1.91110047227026,1.71381699767786,1.49679750029486,1.32972105837169,1.20921665779376,1.13083818049186,1.08583887516056,1.07037968805706,1.08226707302536,1.12083863825532,1.18700248862977,1.28759277152692,1.42447718893982,1.6090528589256,1.84994437236864,2.14976981227418,2.42419178333166,2.28017384534803,1.92494640114388,1.74124506477019,1.62057615059875,1.58856732903027,1.60020352698785,1.64080292076762,1.70148985249679,1.77100073901459,1.83874805605575,1.89716921393814,1.93334383693047,1.94266057899056,1.92665865594603,1.89847171793608,1.86866934856145,1.84848909687805,1.84481973464111,1.85637683152741,1.87846679154455,1.90259527826288,1.91880438609706,1.91908711012377,1.90063988502638,1.86526751299415,1.81911224600576,1.7664826257829,1.71367904554916,1.66077870827696,1.61212692891251,1.56748525753251,1.5366228001713,1.48993234659235,1.45639262412602,1.41930310053522
0.545794651277795,0.638836346399496,0.733138436668133,0.851200419958419,0.984652053129844,1.15161198212957,1.35573656993288,1.59303141347097,1.83191151664946,1.93726538433756,1.80299127338218,1.58962434583568,1.40698169153877,1.26969804707721,1.17347381903486,1.1079197610906,1.06762271416222,1.04822264462369,1.04628143858474,1.0590675267397,1.08438190191458,1.12042843993297,1.16571517353974,1.22331622046936,1.28444537634937,1.35492455241313,1.42850212162263,1.51017908736733,1.59852344139755,1.69977248326592,1.86197059921606,2.33101326387774,2.07121241681072,2.04221423014324,2.26704400410048,2.34236956074431,2.09048177957932,1.96156192757754,1.88748277790254,1.83519538366326,1.80272333425854,1.78571158421096,1.78667696273987,1.80391830405247,1.8373744799964,1.8799013733622,1.92736674660162,1.96811134854717,1.98987683012904,1.98646238097523,1.95818845047408,1.91105745943649,1.85680690803595,1.79985097318745,1.74795711231301,1.70661376777828,1.68074210332383,1.68153945489766,1.73452458215745,1.88312865230864,2.18939630251765
0.617702108386338,0.705572420501167,0.807281792120657,0.93652942870636,1.08819935156312,1.26978980249231,1.488121017733,1.72643588485046,1.90079454594946,1.86735077239426,1.67543338974229,1.48100977751873,1.32613589754743,1.2092248651826,1.1273074794224,1.07182942080295,1.03433002743738,1.01961473844081,1.0255581614374,1.04146148611637,1.07019956989018,1.11080790969846,1.16280137024382,1.23055390251796,1.30775958214441,1.40427780916066,1.52378958046013,1.68662553535278,1.9470438205082,2.44851838421907,2.17264029714177,2.14151633233084,2.19762122894285,2.12580815679399,2.35789335563817,2.03372746715444,1.9396868467058,1.92395950599238,1.91154115702508,1.90913585899302,1.86520582318732,1.82867476876281,1.79134627196544,1.75615161761001,1.72790426543112,1.70605379195188,1.69579619204058,1.69660174581317,1.70888946457225,1.73205719996426,1.76603106056947,1.80599687429571,1.84649304162349,1.88109838423277,1.90820784721739,1.91974115483533,1.91477379030131,1.89478434631267,1.86375343447613,1.82573983955314,1.79346751204961
0.282122156447141,0.347690131493992,0.421970980064358,0.508036453262186,0.621530257828545,0.746390645828463,0.906908953949573,1.10650524371465,1.36134630529675,1.68800597076261,2.0182758154744,1.98859052974678,1.66503348527712,1.40782493848375,1.23517911750684,1.12583523527386,1.06237323814394,1.03594822372578,1.04073819117145,1.07304033899529,1.13075673292416,1.21654568382349,1.32533426367264,1.46477474953065,1.63680293154318,1.84050782645128,2.07107063496766,2.30301351287149,2.34602945259998,2.04995944892252,1.83759424660947,1.69162704271032,1.58933050835639,1.53070146588818,1.50433775041408,1.50525881069855,1.53354992109276,1.57195950713974,1.65311403512739,1.70222351422912,1.77961600493646,1.85853608491397,1.92766299390398,1.97698736750053,1.9933858389623,1.9762785090931,1.93853106945055,1.89702452656102,1.86652716845154,1.85285147537353,1.85921214005429,1.87944915611576,1.90778565848202,1.93295982986368,1.94471572082699,1.93678599740018,1.90915611597405,1.86588382373064,1.81815144185601,1.76845189804623,1.70646237285652
0.40519718761222,0.471402362753242,0.545986989405236,0.645188771966285,0.748150841692551,0.879172614240946,1.03115432160223,1.23100933720846,1.47742162482932,1.77439134795469,2.0344921150845,1.97722279665385,1.70047775284777,1.46660202332018,1.30303447697742,1.19112428564892,1.12300165601836,1.08578963244804,1.07308544730002,1.08000792592268,1.10280293308748,1.14305627474631,1.19042954964439,1.24679667507017,1.31496570951062,1.3890538879736,1.46563279199088,1.54872049917068,1.63282772170439,1.71548646976248,1.79446114692454,1.8615568456803,1.91390566706091,1.95768240633045,2.01985329693068,2.25777859577271,2.21943741562561,2.07150601726241,2.23283398193593,2.28435234589423,2.01803024114169,1.92369520985688,1.848562446938,1.84804613490208,1.87273058285282,1.90518384948034,1.93521411030613,1.96480822229215,1.93829006534347,1.90660389850003,1.86152438333601,1.80697705492362,1.75176620504072,1.70380875794094,1.65166004779057,1.59354759307541,1.54898793761354,1.50891026068425,1.47759407547427,1.45505271390751,1.44986083349382
0.433384933774437,0.507146855687275,0.603416841672145,0.703945568932038,0.823685853863328,0.978138691491586,1.16649167166107,1.40455632655306,1.69323930423702,1.96590213046296,1.96242766198747,1.70156048107142,1.46216700074222,1.29193580364163,1.17639310714033,1.10654160127007,1.071017075838,1.0636651374496,1.07996936062723,1.11666503191414,1.17148164844258,1.24727513155833,1.33609471769601,1.44510190278615,1.57124920781746,1.71659875115776,1.87566944345783,2.04276027393498,2.26631753232549,2.43120324762738,2.07635361614095,2.09091034950316,1.97832826738356,2.03150086356064,2.08462497645381,2.08493688939709,2.03188077467417,1.96785140242195,1.92169177631651,1.90366904680209,1.91199543512076,1.93403261387983,1.95413635397662,1.95765500560654,1.93704585682293,1.89434923832175,1.83646579990908,1.77236403866898,1.70811933433834,1.64711078235265,1.58787247521925,1.53551342234233,1.48798012497992,1.44542849962582,1.40713222314295,1.37170687232452,1.35733802127187,1.31650187591734,1.29213301912476,1.2718182744305,1.26059696416935
0.330789417670109,0.395563326081101,0.469089732928864,0.554538540544834,0.669019656230966,0.794185460176944,0.956650883075983,1.15859944902261,1.41815940073652,1.73843179987587,2.02730994287446,1.94067326446008,1.63301292728604,1.3914049592237,1.22260051511181,1.10949929814361,1.03154823681876,0.988129613403161,0.968557149200403,0.968411967760556,0.984446850708098,1.01961748565466,1.06223444346484,1.11583604020774,1.17962039189083,1.25761476177238,1.34196433707946,1.44026346749662,1.55009084745857,1.67443211643236,1.82172874282064,2.01138904832809,2.29410792995203,2.313298389362,2.11071168833243,2.01692670854109,1.93555400672007,1.86552260342829,1.82234068728609,1.80893093894688,1.82892250925177,1.86818824082252,1.92588559456383,1.98528063340645,2.0264916440251,2.03483587976896,2.00574673684492,1.95202786102472,1.88838404326393,1.82941132177649,1.78206281588147,1.74744961155763,1.7324276099312,1.7246305592906,1.73465599057011,1.75703446476195,1.78857016192591,1.82520614688837,1.86345401271829,1.89531826970817,1.91847604232347
0.0551984872227245,0.102523526445885,0.178276744472411,0.238060630626908,0.30758491560887,0.39076956288933,0.493106358240932,0.633634270163975,0.805063998832293,1.04459434308723,1.38552621176375,1.87886311588293,2.24435993873082,1.67006921912101,1.29726573981361,1.07602914402786,0.938066805308776,0.85829009287664,0.815987475007543,0.800935011940638,0.806423946781179,0.827949565130663,0.862463832465495,0.907919737051012,0.968741803563206,1.03358995797701,1.10709268804016,1.19348401991432,1.28567069638195,1.39108099698709,1.50708946521023,1.6347464619005,1.77426462042045,1.92654777782972,2.09087726876742,2.28479637162066,2.34034573437204,2.10838199173037,2.03595875766581,1.86918883226565,1.73553978921778,1.66469722375462,1.65419016772895,1.77490086948665,1.64842922275874,1.65338544581047,1.70418625215602,1.77958430470108,1.88400033288653,1.97599432498382,2.02001180394381,2.06171856309104,2.04221049957014,1.98866923194429,1.92104964037026,1.85608119258559,1.80489169353763,1.76946854201886,1.75319350972469,1.75390789440567,1.76926702494206
0.603799430928502,0.703817074413166,0.820773753785136,0.968475307695839,1.14310447673572,1.35445332422868,1.59434759284891,1.8174015078805,1.88086282668562,1.73370088238479,1.53572292228449,1.36856474878404,1.24494385287102,1.1621890243308,1.11241591203146,1.09262365904927,1.10138222270405,1.13905005205477,1.20819360946318,1.31839982507901,1.47797597406892,1.71227145959855,2.06935784004671,2.50634445722812,2.40838928400381,2.03665221745298,2.03038693537413,1.7078095822929,1.67147189164489,1.68233186166041,1.73599882972946,1.80752921707579,1.88225121880243,1.94376765243902,1.98025620726715,1.98102378613733,1.9551571619859,1.9193550001467,1.89176923047259,1.88084420718736,1.89291622965367,1.92370437967115,1.95943565825469,1.98491492956402,1.98553001491113,1.95655780839283,1.90368678591579,1.84203161594639,1.81385678015956,1.71343785868071,1.64899988011782,1.5936349488643,1.5473536981401,1.50690355937789,1.47707219498619,1.45728621228175,1.45113109572151,1.46384569680291,1.50636986366659,1.59365075470868,1.77000241864177
0.0440247948826398,0.0867233127173155,0.132683120000057,0.208567092794286,0.268377086318905,0.338976870028992,0.424834889644096,0.532421201627085,0.683309188370131,0.872243875983105,1.14881952303611,1.54921753916757,2.11428746225778,1.99753019131509,1.45786042214725,1.15700817540601,0.975055480902328,0.866872754741551,0.803822752950945,0.771909703852443,0.762227222591782,0.768888989518998,0.787904895452473,0.816518559492826,0.852797217004653,0.895370659409878,0.94918420838028,1.00246437002269,1.06000565432284,1.12148889337732,1.1910752905312,1.26070198260317,1.33395025155391,1.41439050725702,1.49758594269926,1.58180341724224,1.67029821397453,1.75996360608854,1.85080621918916,1.96101684658357,2.17534105254325,2.41303391220829,2.0740473663777,1.95661555570128,1.90482204285445,1.90283585947199,1.94719964048865,2.05572529438077,2.18267997105703,2.20619950099973,2.09036829340463,1.9571945529075,1.85465139676195,1.78879859928821,1.75433853584678,1.74306958635977,1.75235899540866,1.77740043275995,1.80999053741594,1.84574151194703,1.87990661891954
0.00379975727609989,0.0488470189420545,0.0978054654452084,0.17645342843421,0.241120067855085,0.318028497686837,0.412119606057349,0.530531955517363,0.695239772888714,0.90404727396255,1.2094585651448,1.65517959816615,2.22059932393929,1.85201209663723,1.37777717097285,1.10982560822049,0.94417948052569,0.845310031599569,0.788219274227851,0.760600648973115,0.754542770183625,0.764769771528802,0.787687049044978,0.820819515077753,0.862464231004522,0.911470231015419,0.97295623420065,1.03568115064488,1.10466250163196,1.18404261237887,1.26710423928004,1.36075816375167,1.46061347365727,1.57283105654379,1.69571153902633,1.83160617633519,1.97883729178776,2.15129184390664,2.3893346648504,2.20620308529892,2.02356781625746,2.03158998687026,1.8438284853728,1.78533288377806,1.78159025798162,1.83185704054805,1.93704907359496,1.95355708829319,2.01434847487154,2.05171938999327,2.04245710440986,1.99234768037322,1.92950143166624,1.86263443353186,1.80801240336155,1.77144701699185,1.75421732849528,1.75390980408594,1.76799591571025,1.79272065267265,1.82331185986737
0.512874232053421,0.613384037345881,0.718602100255027,0.842986087026209,1.00152645438493,1.1911418930198,1.42289286709386,1.68576299293697,1.89983493018481,1.8819454912311,1.67388686955838,1.46778530706775,1.31046505812294,1.1984683816714,1.12787885253911,1.09082554483251,1.08423243733196,1.10671500802101,1.1585425753629,1.24498830314604,1.36542922510651,1.53597206504685,1.7662529638456,2.08799230877399,2.37766014148525,2.35480684152172,2.00980175737437,1.82169346189332,1.65633069570356,1.58451441263619,1.56312696245025,1.58025099160204,1.67026795705848,1.67471503433583,1.74229044636917,1.81578253535859,1.88433623175872,1.93583136204945,1.96168439685989,1.95842838003041,1.93163695380336,1.8959428642928,1.864811533256,1.84927105171169,1.85222250091136,1.87277368049029,1.90467840098099,1.93752986428032,1.96504229250819,1.95803679615704,1.93194269176583,1.88843080109158,1.83320825361268,1.78124941637122,1.7171698900648,1.66239191999374,1.61100126984123,1.56672218895048,1.5280062743402,1.49578454111023,1.47059522165806
0.683257840126533,0.788957261275534,0.92153467119616,1.07631515211709,1.25977486009158,1.47650123810622,1.70504517026776,1.85926567884853,1.81945808640192,1.64473439326185,1.46363188869199,1.31789667144506,1.20860705641156,1.13526030539198,1.09156492955524,1.07584066304259,1.08804218002606,1.13010384881244,1.20650521021511,1.33004806122884,1.51517047765613,1.79025233474688,2.20480229825736,2.40620516707181,2.2807004506394,1.98596265476776,1.69346584871503,1.58765972698421,1.51659533797452,1.51049955408209,1.61993775715889,1.64998722923731,1.62005239670331,1.67606015968827,1.74014735584977,1.80003092667556,1.8520989887349,1.88670475066854,1.90108326489145,1.89531097103227,1.87343205866102,1.8447004942361,1.8190508079876,1.80074660736755,1.79708943432733,1.80842882132387,1.83338052000142,1.86836557022212,1.90338823004055,1.93000708707063,1.94092486066939,1.93004118908009,1.89922787462624,1.85659974467988,1.80598785419571,1.75529730068088,1.70676034782214,1.65866437707218,1.61741161151685,1.58175348392668,1.55760949176791
0.536969199111523,0.638430568280003,0.744008146859689,0.877111475107245,1.0301138694796,1.22744003535944,1.46209358295335,1.7248472139142,1.91868672900429,1.86439122869209,1.6445705416905,1.43892176593485,1.27936167586421,1.16842173876175,1.09246539159746,1.04209875042417,1.02109542190845,1.02273056215178,1.05044264570145,1.09496640164153,1.16132322133983,1.2557708225514,1.37860130353182,1.53782097757337,1.75016737205408,2.0362353283665,2.41265582259427,2.32791716935066,2.1125645651989,1.888379715066,1.7536741672065,1.64734155953147,1.59689973866644,1.63732093548148,1.77628150269768,1.66950040468236,1.7563452773732,1.73874881810175,1.78946232896332,1.83944700825038,1.87763097279891,1.89970894563855,1.90290898883735,1.8873849006414,1.85896426938841,1.82566953905633,1.79106710353189,1.76309346140702,1.74339676085349,1.74473917052829,1.75157242030438,1.75609460295969,1.78096584939098,1.81453800927371,1.84846854960523,1.8778219023087,1.89804494111196,1.9026188534574,1.89174416770015,1.86779559415659,1.83571471173572
0.235357080585236,0.29111356671498,0.353083325757727,0.423815292498069,0.506577321037373,0.617517942125108,0.741372229634521,0.904267457362861,1.1131687327427,1.39097778202508,1.7670532009483,2.13555363318001,1.92565219646038,1.54695902032759,1.29766524844295,1.13851466820536,1.04191323816631,0.98409649323171,0.962436428259353,0.96532464870902,0.992834086355486,1.03187318439893,1.08459344494803,1.14934453016071,1.22939406976044,1.3165703729284,1.41748238663603,1.52831790081987,1.64864181319955,1.77658012874016,1.91020140287755,2.05006962221612,2.25269022528014,2.35756727785996,2.07509666004358,1.93150296534684,1.85462984789842,1.83187964170967,1.84756835705161,1.90993295895946,2.0014160399125,2.09133122234717,2.13708412646364,2.1077926284006,2.03307956831161,1.96138244567428,1.91563825807023,1.90137558569119,1.91480140261559,1.94299062953273,1.97190964508862,1.9828006184207,1.96904355395248,1.9301513637014,1.87498897532414,1.81357433979096,1.75355028989958,1.68801176300037,1.63165070242846,1.5823864632387,1.53319931053516
0.500511407153102,0.588561666411665,0.67750789885794,0.781204987479728,0.913170182003948,1.0703908145624,1.26311262281198,1.50343566584281,1.78326690379845,1.99389373833205,1.90719125413905,1.6540507694111,1.43875128666526,1.28533729062831,1.18254859690507,1.12324234632577,1.09711797976716,1.098429235899,1.12275385726575,1.16673457672209,1.23187511233466,1.30962332607815,1.405336938035,1.51493088008694,1.63795223837595,1.77795381963948,1.90562580047839,2.03989106496688,2.28935976255239,2.2492634853073,2.11057257419399,2.19048914127951,2.23843893541022,2.14048700976334,2.02635624919411,1.96200709444742,1.94757489569345,1.96376992039018,1.98796194669662,1.99724720875104,1.97757020404627,1.928749141567,1.86263580639136,1.79009185758882,1.71798954206941,1.64972422034399,1.58665421170866,1.53206968703477,1.48949729570742,1.43531842524325,1.39539491443487,1.35841619588218,1.32979945421988,1.30739542023598,1.2969329285289,1.28113567543779,1.28034768351739,1.29252496273851,1.32246124899192,1.3822341105609,1.47986089638472
0.178218669569384,0.240458678028311,0.31084950909024,0.392324004887477,0.488580183001624,0.615168913447638,0.759495850714216,0.946872734630527,1.18581841686969,1.50034336872852,1.88637160603471,2.09655553729512,1.78446992784086,1.46967714462042,1.25634209302873,1.12021004878261,1.03092283437243,0.984347299529413,0.967986498130076,0.976502923269661,1.01089015721497,1.06015469709385,1.12703814490951,1.21093230636391,1.31632216140939,1.43946897974752,1.58222673241466,1.74526505764022,1.92844029484192,2.12783893012646,2.34504301537124,2.2333816809324,2.12205149922849,1.85148212963755,1.72293681117925,1.64194595178046,1.58714973965247,1.56777660352906,1.57730175328234,1.60677055333771,1.65849590249417,1.72635139524513,1.80190398951608,1.88154216649746,1.95179309309065,1.99686238283498,2.0062363064152,1.98069240100133,1.93382339756628,1.88428042301769,1.8468323051445,1.82326263241532,1.81941979610317,1.83403503470346,1.86044455420184,1.89206338942208,1.91775412149509,1.93040920075265,1.92520735609316,1.90238399553449,1.87072947331358
-0.0244716189053276,0.0219810630745488,0.0728461130540351,0.130254886525501,0.221239609716143,0.30219400282498,0.401340420146099,0.525959178442105,0.697771631482608,0.915501482840706,1.23126414881818,1.68737070061648,2.23740044054814,1.82084814028062,1.36848824299329,1.109142847764,0.947312392918967,0.850277098119802,0.79424811018444,0.767617853150919,0.762865869048705,0.774930583849975,0.800330964642502,0.83665082391268,0.882218447883928,0.935900520429485,1.00248153224802,1.07137908792519,1.14727896030195,1.23406936900278,1.32527348770583,1.42724997323803,1.53733720975251,1.65421842104294,1.78265787120196,1.91632569193576,2.05846173938017,2.2240297537844,2.32882015695105,2.13968726989667,1.97674812067691,1.88676684329697,1.7488930624967,1.6731467336641,1.64301111385863,1.60463744930597,1.58115612306576,1.59680711462945,1.63455138951726,1.69613972338529,1.77811337983958,1.92229674518227,1.96856730649139,2.0466864216327,2.11576351331439,2.07521323906835,2.01188943578566,1.93219959240291,1.85559944774353,1.79179538409243,1.74557340954124
0.728453224015239,0.831841257297596,0.961750145454301,1.11160987074732,1.28654133583522,1.48928117178942,1.69695851654985,1.83311409440424,1.80623007683913,1.65456149059433,1.48779406610694,1.34898206670417,1.2421778448291,1.16821898039929,1.12029179972834,1.09527211428701,1.09050666357698,1.10384630141677,1.1335872899345,1.1784429338227,1.24136997548666,1.31597136126037,1.41041716934194,1.53070707549706,1.72756309993396,2.37801601261773,2.06385429900745,2.50624368591065,2.05212360670341,1.9845840153438,1.96720530798992,1.92712906364229,1.89554092800726,1.8768172731039,1.88085725615684,1.9087611752976,1.95044007218572,1.99196644769542,2.01083791417734,1.99519448487395,1.94680717192885,1.88179132304808,1.80863038120707,1.74070398751826,1.67708411032374,1.620860931556,1.57580845310328,1.55961502511735,1.51087257685176,1.49095619239895,1.48685416555649,1.50128936152245,1.55849457669164,1.61720840594846,1.69592953495324,1.84006615552938,2.03102939633528,2.23033752475321,2.24750039414346,2.05477208233522,1.84781350624167
0.531546314757166,0.633845783423483,0.74087433926532,0.874982983054361,1.02926961321206,1.22241841568502,1.45686888374116,1.71506772425552,1.8997148060641,1.84523992018503,1.63656110692308,1.43937772923689,1.28660567136866,1.18155164034603,1.1113069450851,1.0703328599239,1.05433777428688,1.06019588762474,1.08573965733521,1.12963739779551,1.19137243567476,1.27563494235916,1.37981928798662,1.50834470747606,1.66740998703948,1.86825481840113,2.1381912314559,2.55875498475348,2.18779179405973,1.97567567570663,1.88470840868001,1.87896724198249,1.91431551460294,1.95278072191586,1.97055721349079,1.95889360626798,1.92461959140016,1.88426510641555,1.8512916480781,1.83499557272741,1.83539421635635,1.85385724864319,1.87990868686826,1.90506597274231,1.91912281979368,1.91489770873333,1.89094739161106,1.84991601132456,1.80116979579959,1.74540295361955,1.69126225264812,1.63901176399568,1.58839669564861,1.54317164557088,1.50216904721334,1.47120004014492,1.43001421035096,1.39859580775998,1.37205191036423,1.3493928977724,1.33079922870986
0.675006057929095,0.785613900044348,0.924296657131155,1.08696166252099,1.28005673231359,1.50684541382742,1.73840239990873,1.8691121969161,1.78861946668604,1.59974550181957,1.42187417112819,1.28380356257656,1.18376764598724,1.12128624839365,1.09194198973362,1.09667242429439,1.13951715076353,1.22858532654511,1.38570131251652,1.62867819996783,2.0017324457893,2.49853216105318,2.30914860287731,1.8555955811142,1.59818588389251,1.63128844955659,1.39229309871393,1.36314370075358,1.3740161167653,1.4476735996782,1.71753223939876,1.79180339548678,1.55469665509697,1.59857242390498,1.66214375906059,1.72657266646075,1.78912599826396,1.84095829943648,1.87961540028074,1.89824822035461,1.89629617225057,1.87985019125592,1.85308692503263,1.82623758072212,1.80357736559185,1.79275915119057,1.79530117444424,1.81161674848078,1.84040802890869,1.88083034235324,1.90004050646022,1.91694639906947,1.91683775157677,1.8981804003371,1.86441122976342,1.82117182339528,1.77274490899902,1.72607605455767,1.68790254734427,1.67725560436358,1.60769450685656
0.539562263419586,0.637968620784663,0.738873708358835,0.866172281436999,1.01138362336435,1.19978323591905,1.42235999052838,1.68787934367803,1.91542711259973,1.91404909462136,1.69867228151858,1.47824218431069,1.31105172390594,1.19140531684389,1.1146238655235,1.07213670262287,1.06027583449775,1.07697995280952,1.12164348629429,1.19508367357231,1.3043804960705,1.45114812058989,1.64856373729018,1.91558619550221,2.2671733033819,2.35560000165512,2.23790300300564,2.02224898076585,1.81535611784471,1.66982698078132,1.6865571471261,1.52160194120708,1.4906005226429,1.49093817286249,1.51477681483411,1.55274741452133,1.60705306800711,1.70118332959354,1.73507474561814,1.80070121293746,1.85786258904066,1.90592285666937,1.93229454716666,1.93305323981358,1.91309339154273,1.87815216915252,1.83932696274954,1.80539453535094,1.7857453709208,1.81939208128172,1.78790843778309,1.80406385546252,1.83532215831214,1.87213891776682,1.90782343136457,1.93233070035115,1.94072528852643,1.93362555777595,1.93063070221955,1.86394910856864,1.81699702075505
0.473848258532071,0.546139163917599,0.642480715002733,0.741425919364604,0.867650186822482,1.01321987804819,1.20458752876553,1.43880352694684,1.72021691931957,1.97707121406277,1.96604545455464,1.71293565218672,1.47405058124018,1.29781909440543,1.17138604833726,1.08659526292586,1.02834537564598,0.999293226948782,0.990848564025979,1.00482338099816,1.03002779962266,1.06931721936183,1.12170879774343,1.19065678432617,1.26943747398321,1.3652236690463,1.47666767073898,1.6074219639606,1.76599615866273,1.96642535174156,2.23728340234109,2.41517456195148,2.18926018086332,2.08424246949549,1.98862173642499,1.9058387005973,1.81581062172435,1.75888860990941,1.73329103753239,1.73627431746253,1.80600926181979,1.82371049486989,1.85559357055516,1.90100931513145,1.9478460316902,1.97114790391366,1.9711830289758,1.94707563507483,1.90538598882584,1.85512099399023,1.80405654563751,1.75758178151216,1.72126369539813,1.69314934747344,1.675046933965,1.6692573935694,1.67430621502279,1.68932405329399,1.71297693174849,1.74338970299098,1.7796186820987
0.718818941904031,0.828254244558013,0.965778362669209,1.12562726916084,1.31272074365139,1.53017900606503,1.73623472050438,1.84009762329801,1.76243365464915,1.59186619535438,1.4303686900796,1.30156612477283,1.2072483371488,1.14732327606689,1.11644137754059,1.11328810906129,1.13810913419929,1.19338502909101,1.2884755049891,1.43397893172402,1.66037456290865,2.04434083885593,2.42204793448886,2.31858135304379,1.96290884617919,1.79083808586855,1.7675167678494,1.81788819749613,1.89968218109042,1.98112279638258,2.03214682549077,2.03280655902522,1.99787116711767,1.95914732580315,1.94359908227982,1.95879371842105,1.99531331006646,2.02968446789233,2.0318534766626,1.99086082735292,1.92026512547811,1.83867965467377,1.75804617267247,1.68373583279276,1.6176532927104,1.56165630650841,1.51419521173171,1.47513962047926,1.44393775394213,1.4258092675559,1.42005245365365,1.43257121364203,1.46166881964372,1.51198297846464,1.59696649102113,1.72496536338275,1.90376768331413,2.12362406526379,2.29273787618259,2.158419788886,1.92745415839553
0.350335002741314,0.412826348014464,0.483307746904135,0.564778531520798,0.674689092303398,0.793265840503276,0.947474418450191,1.13834340655515,1.38357075269301,1.69015336365437,1.99857374026821,1.99661518033156,1.69480199960836,1.43747869521753,1.25210663091614,1.12712371918426,1.04237305191912,0.984443017254689,0.954441406872187,0.943464657032037,0.948005485557119,0.965441358748121,0.999461965130543,1.03803964267057,1.08515003811983,1.1400555923833,1.20674395180402,1.27716006929798,1.35845047079587,1.44544480393631,1.54509377845826,1.65727646833931,1.79072173872037,1.96579913981628,2.26085556105734,2.35389220282297,2.12063166202631,2.05444510420435,2.00307334298881,1.95463836387407,1.94517742058817,1.94631782466855,1.97303597400249,1.99807789845021,2.00719020654189,1.98622337521222,1.94457316575338,1.89018706744865,1.83512953646836,1.78617301523377,1.74467290798339,1.71388591497416,1.69672850467707,1.69235999727359,1.71139835288634,1.71432504929882,1.73775607243499,1.76908646636439,1.80187628906187,1.83356991089191,1.86151021064093
0.45376127819292,0.536253229284189,0.644040516309305,0.758711133997248,0.903297751773399,1.07162296947787,1.28789830813486,1.54369225626922,1.81271053554895,1.94517591817484,1.79852694199635,1.56784221702577,1.37779013883055,1.23883352097374,1.14387430174998,1.08184512717757,1.04683964478046,1.0344089380504,1.04122741623673,1.06481044683794,1.10333443016355,1.15553585758157,1.22443513725175,1.30340187640907,1.3990681714045,1.51018794312114,1.64055061332315,1.79827645710956,2.02116096948125,2.47953263988157,2.23165430357353,2.09918943856951,2.00744851050954,1.98302960814652,2.00312135402392,1.99195804563674,1.9720388463568,1.9327983391353,1.88713651492152,1.84649131015904,1.81980607335879,1.80856747954622,1.81547480026177,1.83612237361203,1.86422759676591,1.89249667207374,1.90950407855436,1.90973366310427,1.89166727929621,1.85889913511748,1.81064436687069,1.75898389927433,1.707782705694,1.65777189927355,1.60916569924783,1.56705364585646,1.55180623219117,1.49437946825224,1.4535676018167,1.42297803829713,1.39671104184228
0.365025202894527,0.429052492833796,0.501713294900838,0.598483777817763,0.70137573785833,0.826693740332707,0.991583301362313,1.19806924499345,1.46611349485379,1.79820936666957,2.06710858059382,1.90710432759137,1.58949110690604,1.35249384960722,1.18725020193617,1.07520911264016,0.996122836064285,0.949055252375688,0.92350962463494,0.91503507252484,0.920327786669639,0.936895730676865,0.968502309194821,1.00308156801637,1.04457442182865,1.09212779829425,1.14930435493763,1.20808931553595,1.27175850832625,1.34391974605057,1.41834695277878,1.50171012026085,1.59217319774225,1.69281241207225,1.8107614005704,1.96947419634225,2.25095633853417,2.39733170903397,2.10811198619899,2.07692153670269,2.19860404843714,2.09329398322976,2.06199578740763,2.05659759526507,2.03565834504509,1.99629962696583,1.94403417273717,1.88689776307212,1.84046532539009,1.77880061053493,1.73461984258694,1.69817136560403,1.67247929576941,1.65650964868826,1.64989860065076,1.65516003209774,1.66298561415713,1.68313937212702,1.70805823543741,1.73707363326968,1.76777981979853
0.472802929551425,0.54931084655165,0.650120435474284,0.755279744204792,0.888838638201509,1.04401665550136,1.24739909401143,1.49572662859768,1.78405865220876,1.99773489808594,1.89253277490793,1.6303722942197,1.41158125807402,1.25680328800639,1.15402202520512,1.08926971592215,1.05498978092959,1.04539492175994,1.05605713660298,1.08354677712286,1.12517007054226,1.17876553230149,1.2473042892728,1.32098925083355,1.40605873549053,1.49708898381208,1.5924135547317,1.689250644803,1.78487027127543,1.87964328218653,2.0165723219892,2.51374380023406,2.15680949323805,2.35737087173145,2.14738718374167,1.97982566270475,1.89354435671456,1.84959644572501,1.83434663464376,1.84224522579047,1.86547351497308,1.89189267695509,1.91187307968575,1.91607309054748,1.90003275258979,1.86423523354421,1.81694192765722,1.762005786783,1.71054486395661,1.67208952852833,1.5988196552016,1.54626539408612,1.50067549693225,1.45926557193252,1.41997382975917,1.38811400840705,1.3650890136288,1.33153540771977,1.30827726041776,1.29009269645821,1.27710140650516
0.115854244038888,0.192361497548452,0.252158704781369,0.320508848351171,0.400573175384778,0.496487170219175,0.624804715934987,0.773737108023314,0.971321124017383,1.22998632939189,1.58262768585241,2.01448422856855,2.08412272580613,1.65546841167834,1.35066735489369,1.15301133703876,1.02026910113847,0.937253969597366,0.886747092972396,0.860745738901073,0.853707443508623,0.861678152280501,0.881780191359461,0.911894926755244,0.950456957517318,1.00211694692565,1.05522836910736,1.11439505195486,1.17928670565378,1.25421907562211,1.33122321192349,1.41744158051227,1.50758933693935,1.60776602767326,1.71682639951117,1.84044572964692,2.00281130720351,2.28674082004441,2.29106653264849,2.07401510511915,2.01219165280598,1.96422606286602,1.89368929865409,1.88561108223915,1.91463523832463,1.96788076688978,2.02631520755113,2.06503772745626,2.04719589647888,1.99453244412663,1.92471220525826,1.85543875564474,1.7961145859738,1.75062908290631,1.72250407226316,1.71026199780711,1.70743396067293,1.71917002424077,1.7409468147605,1.76969335720793,1.80189993225756
0.521052146175377,0.631474891620655,0.749296155526241,0.896872779978345,1.06755286116759,1.28449710494614,1.53549396660685,1.78739608906155,1.89438562003176,1.75532195449185,1.54557765859902,1.36922023689038,1.24163610642947,1.15996619652644,1.11705359604202,1.11163316383153,1.14515013035933,1.22221170464567,1.3552914748657,1.55705688717475,1.86139672288645,2.26484706117855,2.41785317718261,2.11145727065959,1.77902785753517,1.58973152083369,1.48101107987675,1.42516711654007,1.41046822373976,1.42702959036437,1.46275049671155,1.51527148984042,1.58340756357226,1.66056105188098,1.74264519242723,1.82378478331164,1.89421862328579,1.94617245325836,1.96776392757734,1.9583905291381,1.93090739817103,1.8993049274396,1.87881592824265,1.8786398384918,1.89804274451794,1.92983819063407,1.96069650264432,1.97573114504364,1.96490323052163,1.92603062047003,1.87020137992937,1.80785447275713,1.74465156872378,1.68594457416288,1.62552010819559,1.57449366516912,1.5292575746345,1.48809144332671,1.45478197217837,1.4286703403366,1.40894241306644
0.261665486666655,0.32401086398073,0.394497179636638,0.476181900756305,0.572954856303476,0.70314278223721,0.85025867388595,1.04446673777186,1.29618086673053,1.61879653023688,1.98389603245869,2.03639155083414,1.69208833683136,1.40978795133898,1.21886882336051,1.09286515405156,1.00765890029086,0.960147971660961,0.938793687878065,0.93856419583163,0.955894143244791,0.993592169381965,1.040225321243,1.09944497587226,1.17474000932506,1.25959768615826,1.36114883050521,1.47777096175006,1.61166000443502,1.76629782303108,1.9407893396124,2.14418251333514,2.42371309389492,2.24710402694245,2.02319898057915,1.87828162379537,1.9874014968994,1.75022069939132,1.80980662493046,1.76177552472776,1.79061714043048,1.84727699706593,1.90519933205841,1.95350086130717,1.97783345125444,1.97353704525256,1.94342005291211,1.89910502370008,1.85213162336307,1.81350968393017,1.78400378045689,1.7687304897636,1.76925297514901,1.78302446714951,1.80647587605775,1.83445297475852,1.86077188874046,1.87926964228528,1.88635784212289,1.87704102291999,1.85626194897965
0.49187097769088,0.581111457873257,0.671639939784278,0.77788866908245,0.914097071208988,1.07743176035388,1.27846566732816,1.53177759096136,1.81449552772794,1.99819598163223,1.86410150872178,1.60615259045759,1.39333686951154,1.24160051746208,1.14007789390435,1.07646934910611,1.04477085059667,1.04076257902381,1.06167317295248,1.10590713577821,1.17290431585045,1.26766642922607,1.38829041904075,1.54009771007025,1.7360329198571,1.98834366481389,2.29459869211115,2.31327854093207,2.20382134482196,2.07168173569752,1.92116701170058,1.7633044456587,1.65548495174386,1.58165218189373,1.53283740579271,1.51058910114503,1.50943688431421,1.52657910488497,1.55964325269049,1.60953061601551,1.67593348113962,1.85302478146086,1.81062241405354,1.88061993318459,2.01934009407918,1.95915836502764,1.96304427021097,1.94559256179614,1.90846117405287,1.86376758096394,1.83783951583782,1.79129477385968,1.75305869217711,1.73692918175192,1.73755017852015,1.75175168962364,1.77738871602251,1.81267020595333,1.8509319942296,1.89532161799159,1.91699772156491
0.723260643707534,0.840024381319164,0.986923736164447,1.15799910412936,1.36144334367835,1.58420629857647,1.78098852788843,1.83328585764964,1.70832147980822,1.53058869021492,1.37188988901711,1.25009402194604,1.16606320074048,1.1141521890272,1.09442751456749,1.109652854275,1.166733872587,1.28254552197556,1.4801572712105,1.81432814713358,2.30844548048757,2.44411500425966,2.06049782376084,1.68398159003644,1.49996952730121,1.41450582106757,1.38180002317395,1.3876850369636,1.42612655656306,1.46854549713821,1.52539652890848,1.59477019338797,1.66819183384494,1.73951055374303,1.80682614636085,1.86127812997011,1.89520817835776,1.90642504425371,1.89584452699007,1.87373679134879,1.8477254358069,1.8296553969739,1.8235402188424,1.83477737511188,1.8615744611401,1.8954505231808,1.9276710266488,1.94829307294737,1.94785357025452,1.92496729958504,1.88027287279058,1.82869399947324,1.77240219493531,1.71818009703883,1.6654664557767,1.61881617988006,1.57713258719396,1.53878291255271,1.5084642190228,1.48509409139264,1.46813109882221
0.672285458946783,0.763449458030049,0.877421228793784,1.00301676066072,1.15864617830671,1.34493445696221,1.55437572781205,1.76157844602304,1.8735161073595,1.8041816719514,1.63288254028482,1.46382464646346,1.32742493015017,1.22318762261858,1.15022137045476,1.10143911375031,1.07349251272727,1.06368428779587,1.06992033085475,1.09061617666926,1.1246325902203,1.17125684771785,1.23405142277528,1.30681969983329,1.39717498715272,1.50591921132729,1.64221483228067,1.8308400483419,2.13951950849884,2.49178811533167,2.14785369751204,2.12898358444385,2.12119477936292,2.10105909102154,2.03812287190842,2.02132618847557,2.01855320417825,2.00820378777743,1.98482229990353,1.94686449784419,1.90251356237725,1.85699138457424,1.81584718374773,1.78320768348529,1.76386095586754,1.75841374990328,1.76826944458909,1.79352762791498,1.83443215147162,1.88533958829849,1.93827639227811,1.99110518209623,2.01258885752966,2.01148015260065,1.9851144129531,1.93906925697657,1.88726892169854,1.84235826450587,1.8068981197206,1.81619037093129,1.94743400100269
0.288312635304825,0.348257339088321,0.415668934860469,0.493465949436309,0.59702075408108,0.710074610668405,0.849616328143272,1.03459566219914,1.27448590083236,1.58382427180998,1.95152686655415,2.08375539007341,1.75121413441837,1.45183432877891,1.24508365884417,1.10892288426724,1.01462659161081,0.958518816036813,0.928093431122267,0.917773520620301,0.923510841474642,0.94231997405835,0.977454309916679,1.01705987105593,1.06479416138484,1.11979105341417,1.1857205875602,1.25468117246374,1.33323805347839,1.41619651114735,1.50940202286273,1.61143053396351,1.72519213010453,1.85818568706742,2.04135441972001,2.39125604194831,2.24809637980731,2.08488378534914,2.0442220402874,2.01719820453788,2.0073269841215,2.02301585117258,2.03628416624514,2.02645337444866,1.98750470346996,1.93190199534594,1.87301928691222,1.81989812586473,1.77770163716698,1.75035648442336,1.73616299096986,1.73800113788581,1.7617438382549,1.77823318892074,1.80509808734651,1.83554714057422,1.86261513619042,1.88255357552968,1.88942848784083,1.88294948076527,1.86296371570001
0.625500009930503,0.726027997123639,0.843140492080686,0.990510306794495,1.16274815072075,1.3675943121299,1.59304611778959,1.79152646791432,1.84625806688294,1.72138484187086,1.53990577453304,1.38299201776335,1.26001125165111,1.17204761491554,1.1114354468449,1.07442662062756,1.05800567499204,1.05990221820302,1.07849191257493,1.11274954608111,1.16230638389911,1.23119586975189,1.31552244098685,1.4263654777914,1.57483018121046,1.8278083668695,2.17811313557039,2.34326437855333,2.24945092203505,2.04998778180007,1.91802158036028,1.8904451293867,1.90419326380442,1.91030056695461,1.90490536706959,1.88401133590635,1.85505344167026,1.8233876784457,1.79730408753584,1.78371059630215,1.78396816591887,1.79850574095935,1.82477771454954,1.85720646753686,1.88912406873883,1.90918147794393,1.91169881861999,1.89461549550736,1.86099510111629,1.81612056375563,1.7662222128562,1.71344836979717,1.66463712671559,1.61916904134857,1.57658115049658,1.54618441710161,1.50820068256441,1.48171647300597,1.46220604646423,1.45106919349173,1.45163751120786
0.488935014303395,0.566938588892747,0.670125089972649,0.777405285304715,0.913563778823256,1.07601430725169,1.2744924472631,1.51886843511144,1.79375574006887,1.97595949708515,1.86984177006657,1.63048776202324,1.42667227078533,1.27891465150392,1.17698807971313,1.11485912075625,1.08318023641122,1.07705399605525,1.09284212060635,1.12791896075542,1.18051212536055,1.25372163934873,1.34033823758197,1.44778317443521,1.57464736668294,1.72468275862854,1.90831626533091,2.16938979093551,2.46476045992683,2.15676227325426,2.03815680757982,1.99675687597058,2.0147742752565,2.07212739953382,2.11042511147336,2.09686098873148,2.04055218349782,1.97875379896135,1.93766323956218,1.9269296931728,1.9437066672812,1.97752798430349,2.01216783181852,2.02557003172589,2.00690524905454,1.95771000041362,1.89129127347612,1.81977039239472,1.75589040307694,1.73898757715573,1.62750674949319,1.57032881276477,1.52617768396299,1.49108191723535,1.46426635262679,1.45976911901588,1.49092034975094,1.48231888506866,1.54040855292227,1.65982277205491,1.86769133619907
0.350417883326091,0.419172104431112,0.497390408951363,0.600140752190327,0.710438215106876,0.844160669790947,1.01867361891833,1.23624230734169,1.51849111559729,1.84757768297841,2.0448987395789,1.83584109274101,1.54682196096842,1.33574160696579,1.19486236977007,1.10928373827582,1.06519803338908,1.05547628775704,1.07540802784493,1.12210816918815,1.19417777727411,1.29605922946962,1.4249755776265,1.58423610528987,1.7782729460205,2.00512450584618,2.25557371259119,2.42328940002452,2.14177442537636,1.91057707764171,1.76250281794433,1.64992750852765,1.60145167264871,1.59407196759114,1.64437669131944,1.68306889729474,1.72893935434032,1.80624532776976,1.88898661393622,1.96342344755272,2.01194553377225,2.02246434893941,1.99577201347785,1.95103607694109,1.90911233783851,1.88398934356576,1.88254745233877,1.90102479414191,1.93128114805697,1.95717817741229,1.96743863984975,1.9538335172634,1.91647846077549,1.86476029914706,1.80494171875732,1.74590745875237,1.70069481393371,1.63000927174041,1.57883149691334,1.53426781455954,1.50617668827946
0.0833834435217251,0.141781657659453,0.231992905279186,0.309771118894599,0.401856570883419,0.513192238071101,0.661315499031757,0.837221900078428,1.0725556338009,1.38865554689558,1.80782762574442,2.14970719921297,1.81182080411606,1.44777511319767,1.21391557846959,1.06694784155409,0.971444544072627,0.919580206512526,0.897906817347021,0.900202400542648,0.922225202172205,0.961107990470294,1.02038415521203,1.08932052309874,1.17227798534042,1.27397580352973,1.390978855595,1.52560730836288,1.67924690057577,1.85145460175066,2.02885303971481,2.1802237802862,2.32355087065709,2.21332715419538,2.17840666195083,1.81962130008446,1.79617969033022,1.65482906894076,1.63489007489863,1.68033626363672,1.69412839880171,1.75750382828036,1.83220908199136,1.90713495812615,1.96775507747445,2.00159919500002,1.99756301385051,1.96465758053442,1.91713035115309,1.87181093051818,1.83976260212281,1.82448652499067,1.82826247003056,1.84624523124432,1.87159914843248,1.89555777192235,1.90945359253762,1.9073253783611,1.8878434872962,1.85398724410695,1.81083715054811
0.422644243220479,0.496927334600062,0.594063546571764,0.696388788889182,0.818853186795938,0.976559959864191,1.16878830634266,1.40989169619433,1.69708322878645,1.95401949975372,1.93552412397057,1.6828703934883,1.4505370969107,1.27574153686007,1.15495636739454,1.07125821700156,1.01296034505217,0.982043101450207,0.970267481065377,0.974574065979398,0.997655608770028,1.0285418784547,1.07052262621628,1.12286237124799,1.18918732437467,1.26282281871507,1.35086665424531,1.44980498166419,1.56828370607808,1.71148170054539,1.88988931143316,2.14453500210071,2.52206912064319,2.21271885681285,2.09574126000057,2.05988339599715,2.06898087485269,1.88407699999588,1.8868763618897,1.90868426864959,1.92960658665612,1.93764932984957,1.92768641819158,1.90320968694278,1.8671999071173,1.82712490632123,1.78854774758832,1.75735001646156,1.7348821339991,1.72195654996544,1.72391193939871,1.73983708642761,1.75145895442202,1.77861949623678,1.80811413781886,1.83638606735693,1.8600066122786,1.87273342684855,1.87338448811758,1.86196191529031,1.84062660398408
0.62934891426067,0.726079063176437,0.838568944724965,0.981494955125505,1.14942600690184,1.35261429910684,1.58361044046402,1.80616239680339,1.89286772250512,1.76625711715036,1.56743445643001,1.39296095845943,1.25957422552072,1.16536155620467,1.10176547204285,1.06519128254015,1.05318054230663,1.06451710218392,1.09926539957306,1.1589664430633,1.25094241798354,1.37893099754482,1.5572377819703,1.81924646453566,2.20866851125677,2.36924465961038,2.28724094148427,2.03487329353629,1.81967655145138,1.67223155097499,1.61923243631288,1.59684927252729,1.60579080434004,1.65787582715168,1.6931376218322,1.75029317355875,1.80810222615981,1.85760971096727,1.89332971582405,1.91019273472937,1.90687577284893,1.88570518073893,1.85612340704207,1.82361605949422,1.79610988217822,1.7803425309142,1.77798101617562,1.79004595341227,1.81501511684865,1.84885381402612,1.88680890339662,1.91443037168609,1.92934663310865,1.9255723942618,1.90354977368741,1.86796662361691,1.82631597961219,1.81469241622628,1.73328020223205,1.68694041236366,1.66817871741183
0.679194487712668,0.780180546119255,0.9068052688736,1.05425506471568,1.22894155231948,1.43283460987093,1.65776753426813,1.83038336607955,1.83307546777411,1.67914899820279,1.49846762090536,1.34641875099311,1.22822492336417,1.14355100731869,1.08501711404787,1.04525316117647,1.02930601121399,1.03578729861258,1.05557023980332,1.09252339160474,1.14744859101019,1.22639529836053,1.32706555468034,1.46702304729593,1.65503119060538,1.92513151303895,2.35187081034513,2.39683138862267,2.14500526617767,2.35218875611699,1.8993193701408,1.74953994501211,1.69535393331243,1.7139928301306,1.76614635512044,1.78887861311935,1.82553497346369,1.85462026540527,1.86851294177515,1.86614835777801,1.85186427789968,1.82723006774046,1.80000152410286,1.77258723678789,1.75183093274546,1.73819254462215,1.73676842755408,1.74676365778454,1.76884780036596,1.79865388813245,1.8338987728077,1.86356631185056,1.8874174111866,1.89865058458422,1.89462874743103,1.87614499767164,1.84651737326157,1.80998961891612,1.76910573409496,1.7304819778363,1.69964263271613
0.849233246022822,0.974479934763234,1.12768579723988,1.30889289478538,1.5089150810537,1.69894202682409,1.799442642251,1.74178643319264,1.59282566682305,1.43785076869854,1.31065573324438,1.21418532528009,1.15080818516123,1.11665171079522,1.11304985259077,1.14459354447614,1.22159127757137,1.36916385524881,1.6309496687021,2.08600543163634,2.30819873186564,2.19087031035446,2.28029716721833,1.78210186520863,1.6117677346334,1.56127094905306,1.57707370778171,1.63043811932689,1.70082545063023,1.7877889964881,1.87518453646188,1.95111353811274,2.000330250294,2.01174083554169,1.99090320545627,1.95832836528616,1.93544044944807,1.93829037787801,1.97040731059208,2.01921214074845,2.06270506358178,2.07013207885824,2.02799658991606,1.95527444241974,1.87139707343519,1.78683066301286,1.7137952541476,1.65258847220216,1.61287767796598,1.56893590757817,1.5461193408207,1.54350041384271,1.56449715420746,1.61888901093013,1.7144422429587,1.86272277669807,2.0663348835913,2.27496154396333,2.23497834530993,1.99792528634175,1.80751945617758
0.328555541881083,0.388515543939655,0.455931028022305,0.533767858394085,0.638621333663043,0.752444824293863,0.901102103107515,1.08751342574517,1.32908202913933,1.64760923766712,2.00047823183002,2.03186890171999,1.68914122352365,1.41020570427611,1.22205870364042,1.0987351620726,1.01568524650936,0.969788160196628,0.948860576239058,0.947412245886678,0.961429602741619,0.993501753445098,1.03104628725709,1.07731831488045,1.13102518672158,1.19550329223326,1.26216459430869,1.33706364313569,1.41412029730678,1.49793380618245,1.58339117351193,1.67522986938456,1.77379981775685,1.89598351801284,2.13674268216546,2.44154385235374,2.10018248307153,2.05571940870367,2.03712882459059,2.08727023982359,2.17140009652804,2.20163508069934,2.12925473583043,2.01737192259011,1.91807262927959,1.8451904037572,1.79867468953887,1.77677730868696,1.77539672295025,1.79152862245797,1.82097086047842,1.86018576686056,1.91385224727604,1.92682392881762,1.94016517524847,1.93529521449207,1.91213152253962,1.8738769480903,1.82721419569848,1.78121358128125,1.72936025371526
0.541142164384318,0.640960175269287,0.744396086206963,0.873898148784444,1.02187944015057,1.20680414971864,1.43130049399324,1.68308301424878,1.88766560176258,1.8813203390124,1.68883385197205,1.4874134559863,1.32892516890779,1.21227320314304,1.13396251704238,1.08549791359437,1.06280749373951,1.06305325001264,1.08449555637255,1.12643545350992,1.18930763133027,1.27897883128197,1.39583594033278,1.54927005738425,1.75880816270945,2.07150280294778,2.44291347675754,2.2661232483654,2.10586628139243,1.88853732682231,1.78532412709918,1.75342105954219,1.7713556327598,1.81411018481945,1.8674637335914,1.9135972105968,1.94190962008648,1.94586234059009,1.92594093606341,1.89376653552777,1.85790832486703,1.82903263122423,1.81491958307499,1.81717128468564,1.8353084969032,1.86513246920065,1.89904640180019,1.92855605830398,1.94212488536435,1.94065145483078,1.90625236596134,1.86226019381596,1.81180395376049,1.7581708635331,1.71674326173615,1.6578903492108,1.61107229804712,1.56931899549623,1.53652731669924,1.52417037471549,1.49016310406791
0.347264066573274,0.413347459886336,0.488384945177068,0.587243766817352,0.693101862453489,0.821776703594023,0.990096675792853,1.20082506315812,1.47355060913804,1.80709545472274,2.05348873326034,1.87003252638015,1.56285629143464,1.3364628577482,1.18127513770558,1.07952396359239,1.01131546919355,0.975943611963867,0.962805293344693,0.967314096280139,0.991351008229562,1.02234956697827,1.06301005595541,1.11169885422928,1.17129635228326,1.23314213022671,1.29961642395627,1.37363147006592,1.4498574719457,1.5267203968431,1.60522927150542,1.67523831090791,1.74174530717086,1.80551653042668,1.90317910864917,2.28427695145633,2.02461487658213,2.34569177185583,2.11805666849843,1.90688271250015,1.82638551928695,1.78510015848099,1.76896213564597,1.76696307235908,1.77851790084033,1.80229699048151,1.83200448638788,1.86267915929514,1.88487571978722,1.89430415018487,1.89012257164997,1.86662834719283,1.83074476752934,1.78920755256037,1.74226946824291,1.69591587030241,1.65024490363777,1.60509615755105,1.56551761640791,1.53399108075488,1.48996290761151
0.67265326421959,0.765736784211886,0.882065759386054,1.01101777161219,1.17106781145867,1.36299249303585,1.57773302769071,1.78285386279176,1.8709552966071,1.7736683776455,1.59303193572164,1.42706097823032,1.294337954558,1.19402280207046,1.12430266424155,1.07825800416013,1.05247644705577,1.04424895057973,1.05147842896696,1.07257990787246,1.10642850186001,1.15237753767063,1.21410658132642,1.28616474474599,1.37762001197155,1.49402108235081,1.65986248316731,1.96140412198459,2.54534018388564,2.06850403216445,2.15363577339408,2.27398412403081,2.15120190821045,2.07962815187106,1.96189301638759,1.93574820812281,1.91650151695048,1.89269199015533,1.86246256529564,1.82856188313059,1.79480191379133,1.76682254071145,1.74480140877882,1.73489801735319,1.7373523581577,1.75310007461568,1.78310085645557,1.8219287787623,1.86745745214518,1.9098285606323,1.9430446554997,1.96106707363989,1.94837109527679,1.91888312224973,1.87748713535679,1.82822817665087,1.78346456668961,1.74709173602421,1.73586442221365,1.75435301175091,1.8819018504712
0.303269803035763,0.365420812563413,0.435340208721638,0.515970015224664,0.623172255359373,0.740113751157328,0.89148510606786,1.07581967549358,1.32472614077964,1.64532584578407,1.99729805780662,2.03279860435313,1.69633229802732,1.41891557377872,1.23283879797146,1.1128956726926,1.03877383351622,0.995280518781347,0.982720004954792,0.996324053947455,1.02324949129804,1.06506283387118,1.11981995274204,1.19014502051633,1.26849958120586,1.36084008255189,1.46175167943669,1.57690623391607,1.70498586597211,1.84086123840802,1.98709299265738,2.17378182774337,2.49045347499534,2.14704705554188,2.00345926640568,1.94389011054501,1.96257310988783,2.01431942730453,2.06493093008236,2.07702236641301,2.0379624124445,1.97258624227319,1.91168895378586,1.8696455945169,1.85285014064447,1.85815021279059,1.87906294275888,1.90572982777525,1.92804012225672,1.93363203435587,1.91753327090657,1.88434840374555,1.8371793484993,1.78449784022413,1.72844700168978,1.67467948127317,1.62219098683523,1.57599781473073,1.55507546984964,1.49295053655118,1.4517728628022
0.643137353027154,0.747909695376912,0.87884955058431,1.02735370057209,1.21636655960732,1.43292688469505,1.6726337788843,1.84945215827588,1.82760393549942,1.64957824749726,1.46085357112149,1.30893474983029,1.19483713223469,1.11647757068222,1.06301876928907,1.03909882276256,1.03896664068823,1.06696338118484,1.11579351282405,1.19242223320558,1.30681716111962,1.4647569991013,1.6879862846173,2.00126191003847,2.4308382477423,2.35825193805427,1.98960754369117,1.75419432760812,1.624944861108,1.58252437926889,1.72193201086752,1.5896532812202,1.59102948783707,1.63580711155329,1.69249379395838,1.74962036355806,1.80473936634382,1.84872463461901,1.87794248820735,1.88921993430924,1.88278183587782,1.86130313223183,1.83367554055658,1.80387341127355,1.78030585381606,1.76461139864719,1.76241366050662,1.77304457692366,1.79564039572859,1.82858472792138,1.85828499824331,1.88484997366222,1.90072003665728,1.89916562744298,1.88102546893002,1.84966519954611,1.80888847331699,1.76579042908099,1.72313707890052,1.68632329047445,1.67796397822777
0.245519988798449,0.311507744137409,0.386713713281986,0.474436046128926,0.578866451851977,0.718711283914996,0.878333911429897,1.08908011345864,1.36289450883426,1.71100220331662,2.05170432722776,1.9502153167251,1.6057374504847,1.35427649353852,1.18634085756422,1.079668386836,1.01292981985796,0.984762993711053,0.985045947203141,1.01439055998825,1.06194667366945,1.13040803885191,1.22272678255453,1.33378717342235,1.47062934606151,1.63432194594078,1.82439904210495,2.0406131790172,2.27753323387214,2.33422861549097,2.10274317191873,1.95401912919693,1.76323442021101,1.64396972145672,1.56846940448605,1.50239181961549,1.46810330800883,1.45842933700058,1.4696445403401,1.50806940594158,1.61930553040308,1.77887049197779,1.66539667130186,1.72535964735282,1.81768312233902,1.88883447646635,1.93482167050725,1.97968127655942,1.99517860089736,1.97869834564893,1.93915856911655,1.88894574492856,1.8400442754441,1.8012657424131,1.77448342494249,1.76402672163848,1.76838518663342,1.78562422893221,1.81216359185567,1.84302407279246,1.87227302594417
0.532525740175723,0.625417489629691,0.719962206381299,0.830591464787204,0.971496070551921,1.13802770244948,1.34128298775107,1.57823383578701,1.82197694712445,1.94954092676669,1.8375484560915,1.63093298044356,1.45059347430917,1.31582033965263,1.22254882303017,1.1585380575127,1.12479423002999,1.11404817456171,1.1234889389103,1.15114459086859,1.20025582870319,1.26239117815543,1.34514214975977,1.44418057072569,1.57136939325641,1.7268670616625,1.93702244595833,2.26633079281577,2.3566852701187,2.18911197887719,2.07435782794624,1.97459933303744,1.92508232593954,1.92535717348671,1.96615291494505,2.01719321021059,2.05368303520526,2.05888814262277,2.03017453715891,1.98120631811087,1.93174072498472,1.89344463914127,1.87407569484943,1.87860829010997,1.90585716826282,1.94705793776065,1.99313582857734,2.02694873535265,2.03343437561937,2.00095692590853,1.94747954785208,1.8801430268876,1.8130227590346,1.7519424933324,1.6930771817433,1.65086476053049,1.62580293472512,1.62028172982631,1.65936855185035,1.77009494106346,2.00166043935328
0.319771857578205,0.38473795517048,0.458469148463016,0.544131555297915,0.658408716343172,0.783655128043644,0.945717191016815,1.1470482107382,1.40547014222867,1.72447624838906,2.01409757310972,1.94728793433525,1.64123466454347,1.39605918416545,1.22329822810626,1.10580228081441,1.02294129191028,0.973627352839984,0.947123734980534,0.938848472129182,0.94537903558647,0.964112380358371,0.998598730442006,1.03691540248463,1.0827997921253,1.13531429015626,1.19799356030732,1.26268938953814,1.33258186812524,1.41139666788455,1.4951705625192,1.58330870146936,1.68364926250212,1.82812352242623,1.98531007123928,2.32370753264009,2.1686311836052,2.12104825871114,2.14725453621819,2.15997445168286,2.09106344792499,2.03062370088273,1.96744030282669,1.90474752220147,1.85678636435921,1.7988511623251,1.76211879078288,1.736481868983,1.7254387244246,1.727126449461,1.74037219613968,1.76297624726626,1.79403775019935,1.82764616666164,1.84940061769481,1.86786322312714,1.87532436078019,1.8700758518818,1.85281125981439,1.82594341273052,1.79307832494068
0.408184992827778,0.484092642655781,0.571378133318016,0.68721848267961,0.81207135912018,0.972087330117533,1.16687359293274,1.41049122189203,1.69938366971919,1.95364285786792,1.92806399148937,1.67654180173991,1.4477239832212,1.27630125304483,1.15893055883175,1.07871321888002,1.02378030114125,0.996460182488857,0.988194570537801,1.00057761034076,1.02199765090691,1.05487678807365,1.0976384919082,1.14903059142774,1.21257514393784,1.28007191566378,1.36319048105982,1.48583953817338,1.5215372860604,1.60926989719709,1.70225427926054,1.79835285910761,1.899771412546,2.02885292050295,2.39526949102957,2.18151911254223,2.19931792879756,2.16453510315921,2.06263580806158,1.97020705132383,1.90096555180533,1.84618812902751,1.81171427878863,1.79630492450014,1.79660699128116,1.80941036171642,1.82982704566508,1.85170284384056,1.86856386239746,1.87504054669853,1.86873388761635,1.8483912455798,1.81664179961778,1.77810079666486,1.73446624376888,1.6907166436695,1.64584446313392,1.60426527629368,1.56608596012544,1.53315368766389,1.49258846898228
0.951276589214964,1.0943895614985,1.25787715241979,1.44157256936052,1.6198823571217,1.73602352007875,1.72719509569869,1.61570547778796,1.47530982064472,1.34967161650461,1.24765380569499,1.17423337942171,1.12475571154334,1.09867076026271,1.09659441830172,1.12178019739802,1.18353639635247,1.31146963551378,1.58881138421635,2.25330416947647,1.98356132851599,2.56708060836537,1.72710314246123,1.66551372684285,1.7207948699463,1.81385874543151,1.90551065625683,1.97144647777367,1.99194405333322,1.97230816023663,1.94236857077501,1.9329479630894,1.95573331460093,2.0021359497959,2.04011592572722,2.03481827799402,1.97966907504737,1.89760899490171,1.81060418692066,1.72964323412174,1.65858986796964,1.59832090364394,1.55138376879383,1.51771162469388,1.50217276494229,1.47557213983278,1.4751351691188,1.49257064164726,1.54515972394964,1.59227445806186,1.67277111483612,1.79066802225297,1.93564514100492,2.09570413239253,2.21165165916489,2.17393334597614,2.02443664586002,1.87601390093322,1.75955917690811,1.68047350450062,1.63163290383436
0.310514834532127,0.370747179491241,0.438310026491558,0.516100228622381,0.621020500644818,0.734156630069584,0.881930522162376,1.06680856529025,1.3066263119483,1.62739371043367,2.00468816037766,2.08841006588749,1.72225444180369,1.42445521513313,1.22279828882972,1.09295527954665,1.00629138752094,0.959369054749213,0.939803251707136,0.942102146439059,0.962301912889068,1.00316077248401,1.05232004007144,1.11320850180714,1.18913263903782,1.27204980807054,1.36870125250981,1.4755915560602,1.59320466230011,1.72361412844271,1.86402975849886,2.02141275670917,2.19528420031515,2.32497462212295,2.22511332176761,2.07275797995616,1.94613328686567,1.84174311082029,1.74496229952991,1.6621453240226,1.59818738898194,1.54699971067416,1.51300044554882,1.49951578922075,1.50734181821307,1.50127692468298,1.59115812563135,1.5640667996856,1.60700100661225,1.67306231139017,1.75240631061731,1.84143389818834,1.93562601120556,2.02324192698165,2.16411644760843,2.08807193170057,2.04633180513913,1.97697500211416,1.89978507757796,1.82653771818226,1.76359361244494
0.7675248997447,0.888134113601722,1.02146222031949,1.18495897824257,1.37730135886889,1.58340275126814,1.75943860897221,1.8097707395036,1.70535834525258,1.54293809997296,1.39108557460469,1.26987599024536,1.18101138395102,1.11787535361216,1.07769970084462,1.05822093402532,1.05796356789614,1.07634691739259,1.11392166994178,1.17297452578094,1.26286327224208,1.39333807672313,1.60105996726043,1.98792475698931,2.47272406404602,2.29186527765022,2.19139128725956,1.84624486174329,1.74533006071533,1.74053700524562,1.77329120345716,1.81648584160533,1.85105050932401,1.87154121238502,1.87379488566936,1.85895828966332,1.83437368288858,1.80931685991105,1.78786662527649,1.77844749381085,1.78284770397066,1.80189861679639,1.83326157002885,1.87263091283547,1.90852164113342,1.93334889376919,1.93676996437039,1.9178767670707,1.88098426512095,1.83349471468102,1.78010407081366,1.72702523465533,1.67898849361879,1.63652009007808,1.60578487671892,1.56848267073832,1.54711945409054,1.53901730872742,1.55452504073288,1.57930482895897,1.65832854529074
0.526066165880821,0.618404889623096,0.712045764563043,0.821472306600895,0.96145030422467,1.12834094936966,1.33582777582857,1.58540417684166,1.85646943677833,1.9951297835676,1.83678777287355,1.59173751817744,1.39606511972692,1.25770314726721,1.16889131238878,1.11738462639652,1.09672478964433,1.10176889144861,1.12849293044889,1.1737696629591,1.23945071887817,1.31650225766597,1.410643297271,1.51847588989902,1.6357959434653,1.75809318144775,1.88572169260308,2.01484852739952,2.29661884881717,2.22829120641059,2.22208956585352,2.31295641754243,2.15343755464608,2.02006425711312,1.95462436130248,1.94163792127829,1.95818852674946,1.981185279581,1.98849036277437,1.96733613039397,1.91835639416116,1.85307584162479,1.78179122424663,1.71097803930012,1.6438214184048,1.58151467809761,1.52653518862634,1.47494772800655,1.43116415897081,1.3910840484743,1.3542281213074,1.3246104851985,1.30014728293343,1.2816963023515,1.27161415354918,1.26387761911022,1.26840420988664,1.28632723057632,1.32312689829819,1.39153266706182,1.50279201488647
0.642744669809324,0.74113379164967,0.863970713230535,1.00221498153281,1.17425385135076,1.38190270987817,1.61634176239048,1.82395865974274,1.87729025798939,1.73294028981568,1.53861631423267,1.37318279533788,1.24838500999971,1.16207141800934,1.10607163534194,1.0770842498383,1.07293595780184,1.09264737414717,1.136476367463,1.20614282853563,1.30967323513342,1.45120493022111,1.64959681293781,1.93774181326103,2.32166764638715,2.22821661503487,2.20274834994021,2.20741942937263,1.9516655279305,1.80313764742864,1.70601602778791,1.6605080714693,1.65422462233379,1.67630890020287,1.72106729641864,1.78749307258211,1.83948956619081,1.89235711667346,1.93564364109963,1.95536835859423,1.95194970240938,1.9264028287575,1.88907062612055,1.85016515576681,1.81973408577795,1.8012384179219,1.80114079514791,1.81912732894135,1.85349098058276,1.90492340585992,1.95202343159421,1.97960414353007,1.99078682490617,1.97509659172836,1.93692175509447,1.88795870105611,1.82357415903589,1.76763581422686,1.7176475057704,1.68435491748511,1.67282540981184
0.48114157537582,0.566408875940335,0.678423265680509,0.797549444509571,0.948612561306724,1.12990268354976,1.35037536731998,1.61571695865651,1.86888625251794,1.92870316398962,1.73737250836861,1.51283768387121,1.33941384877289,1.21455672132079,1.13296383719311,1.08482232532132,1.065223719433,1.07075386426539,1.09924970995086,1.14967124571224,1.22211178350259,1.32250290799101,1.44980056212557,1.61029409356652,1.814731947546,2.06526212407416,2.3819628301724,2.38627722353862,2.163258162317,1.88876257621369,1.79053168428267,1.77422600867846,1.81039629003311,1.87066778418965,1.9312843156738,1.97136374162332,1.97963793218078,1.95641363613668,1.91853386281985,1.88037436831011,1.85506815036259,1.8494534323843,1.86184913737798,1.88647646354799,1.91343743366553,1.93128326455595,1.93103848616708,1.91071637144857,1.90220654266699,1.82162874696888,1.76275768785678,1.70461829011933,1.6501846386988,1.59790250786836,1.55233589802351,1.51724536521817,1.46841981013093,1.4330413215895,1.4021991791818,1.37526739127503,1.35237269711121
0.495786124279953,0.582719381873818,0.670408589423543,0.773156117611732,0.904529507898287,1.06130822439815,1.25326630622027,1.49107094961874,1.76290512836471,1.96920784788547,1.89717642906565,1.65527596488234,1.43971313796509,1.27536945251993,1.16118126413234,1.08174844778851,1.02640104749287,0.99800368174261,0.988595917316686,0.995399499595279,1.02154170909339,1.05585131930235,1.10191971581362,1.15912462765265,1.23180444858541,1.31241604570449,1.40949925756654,1.52172164101096,1.6562702489483,1.82256322734862,2.05614105657002,2.39329153681479,2.25113465743572,2.14730614886362,2.07668188833995,1.985532057749,1.90642606906133,1.85064127779146,1.83147438890179,1.84678260182766,1.87233433989117,1.9401699377015,1.93156529763946,1.93921197983409,1.93065635592003,1.90392984662008,1.8643213107754,1.81883363684796,1.77352080922368,1.73435252155809,1.70132369674912,1.67945491569891,1.67016697051908,1.70919511066875,1.67839211357134,1.6919578556532,1.71712158553385,1.74891002532628,1.78561700813183,1.8214972788211,1.85397062659959
0.397192117393589,0.472295527642867,0.558695219967425,0.673069183334172,0.796594157106491,0.95449034588211,1.14660881129317,1.38369062029823,1.67183509205513,1.93818220822553,1.94290610393605,1.69974551819875,1.46844340402833,1.29748266551794,1.17648384475674,1.0973198427006,1.04936437109626,1.02275257515232,1.02642539460004,1.04459364930469,1.07957071457396,1.13006040890688,1.19539027071973,1.27966055048848,1.37646119444062,1.49445769479633,1.63422787410786,1.80662338200258,2.03389458062481,2.35566348719832,2.26059392748453,2.10158715760915,2.00745309475766,1.90569606074849,1.83763163606536,1.81406766186261,1.80116875800204,1.83632850998043,1.88248783178036,1.94042198238687,1.9900469413823,2.01479881745623,2.00639848072922,1.97032032542559,1.91986840562749,1.8686601753971,1.82645101219603,1.79900023086702,1.79069506204009,1.8005005121424,1.82676167269519,1.86536660007369,1.90740097322096,1.94931016633868,1.96865626844198,1.96931549650268,1.94761764571864,1.9071041841117,1.85748064543346,1.80352643506069,1.75016918921532
0.466733248446497,0.552114571146428,0.663993323958044,0.783288875763996,0.934221957156142,1.11525555539794,1.33530778294977,1.60045917858134,1.85755714090655,1.93270227065345,1.74789477971141,1.52182836444214,1.34524268444116,1.21698614730586,1.13242681888525,1.08215619214237,1.06206001648874,1.06978429946183,1.10455895028914,1.16716211794329,1.26371946875073,1.39586070558489,1.5724296458513,1.80828689923731,2.11568282618899,2.44485371051238,2.30826936220373,1.99307299249047,1.76725606610323,1.62517206119917,1.55287457536051,1.5324185663968,1.60032686941885,1.66957474420519,1.62679038533255,1.6857397594766,1.75410244907967,1.82096780972441,1.88126396775004,1.92310653450305,1.94106601281304,1.93411160875564,1.90774421181666,1.87425171150281,1.84592071850649,1.82801079437107,1.82717842201019,1.84198399572195,1.86837669144893,1.8989527095525,1.92504432149254,1.93570700716522,1.92713458433372,1.89883265419459,1.85808444909287,1.80968451849612,1.75806890538283,1.72195202105566,1.65900188952946,1.61231323038951,1.57733319448159
0.526725642862024,0.622059858439056,0.719693749469886,0.834690990216375,0.982428038576687,1.15900893184037,1.37725632716974,1.63482619730946,1.88289062376372,1.94933493730775,1.76232410416849,1.53617177388321,1.35582184984473,1.22449994024705,1.13544154618316,1.07842781412078,1.04851226682058,1.04211797827342,1.05678641466024,1.09096851652303,1.14391768948478,1.21926683876564,1.31212370169058,1.4311564571213,1.57882418698299,1.76977225700051,2.02098402486195,2.34365278490652,2.29500916257101,2.15649403107442,2.06262669890199,2.00885722636556,1.82854613557231,1.74441671001445,1.7287872230366,1.73045683082509,1.69286516155937,1.72235783750345,1.77105853780773,1.85906312793725,1.91290342181189,1.931347828735,1.9583627691586,1.96067174597021,1.93715554276566,1.89679367463075,1.84996570762097,1.80558844450398,1.76984566825899,1.74835283164707,1.74300257193445,1.74957473145323,1.77006181397252,1.80215704275435,1.84081115645393,1.88171871410307,1.91618927000288,1.9415016718644,1.94100401926649,1.92640507600666,1.89612584122489
0.510146290989031,0.604715732419946,0.701924277239579,0.815982001630389,0.961358852876824,1.13528615238964,1.35096775976519,1.60759332668828,1.87208246669582,1.96827249978835,1.78591570496262,1.55130811529044,1.3668081790317,1.23696333119439,1.15449658465634,1.10851663605484,1.09363444635955,1.10591891779394,1.14273097072944,1.20263367774335,1.28999175048875,1.40200271692805,1.54315821123405,1.72119464502961,1.96539136372934,2.1531640254685,2.47380662987054,2.22584666231565,1.97984879135255,1.90782916365551,1.94069601987993,2.00969720153837,2.05913259356185,2.05580924752327,2.00937526094217,1.9580666328663,1.9276880106443,1.92534127435796,1.94144766169202,1.95950876638647,1.96257986534756,1.94020932552191,1.89619513426173,1.83641125100462,1.77026414459393,1.70336235156018,1.64079231070174,1.58074023062632,1.52674020143038,1.47679951615057,1.42976787254929,1.38921599581229,1.35279024974013,1.32115192136914,1.29371634263642,1.26316306267407,1.24292570476631,1.22333638488885,1.20945863187666,1.20058305501151,1.19789453650229
0.433174063476942,0.505059420996878,0.598968380854865,0.69662067048793,0.812905264389696,0.96307091393813,1.14648110771979,1.37942449898249,1.66669484443702,1.95723695502865,1.99618111137375,1.73260484562099,1.48013969424363,1.29973908920978,1.17602608119452,1.0987470041714,1.05563496076284,1.03987239551,1.0463710367516,1.07130494173292,1.11178609058745,1.16563107867834,1.2356891682706,1.31296718170497,1.40383792952087,1.50394400391466,1.61305744542209,1.73523429729785,1.85293363095223,1.98929282233226,2.2224180764333,2.33226625988207,2.12693142620378,2.14622186652563,2.18711697763632,2.1704853125266,2.04365842339849,1.9539799166063,1.89571051540786,1.86843944021799,1.86887634803576,1.88772786633946,1.91386312139038,1.93458541877643,1.93889747671256,1.92148351067226,1.88421044745771,1.8324524693304,1.77435455438814,1.72390217288891,1.65772146371685,1.60281195032908,1.55106839501898,1.50582039074021,1.46867222938952,1.44159919672101,1.39965871184505,1.36293114515202,1.33666601474797,1.31576093875864,1.30037122994783
0.629021604410872,0.721553867725139,0.828934575902463,0.965497708131802,1.12566546199784,1.31605138271785,1.54328845835764,1.77102705387737,1.89494370177107,1.80754943126965,1.61482378300339,1.43530004378037,1.29543948621274,1.19176069688341,1.12186432508817,1.07846409393907,1.05826767941193,1.05895681183055,1.07910028953779,1.11811564773311,1.17635365818954,1.25926528858961,1.36412535162464,1.50792520934847,1.70248077633109,1.99130765769271,2.37479485887124,2.19917257639079,2.16829845673883,2.14226746099355,2.01205145434826,1.8839283859297,1.85956365182394,1.78630773643015,1.78397134906764,1.81989286727813,1.86260790847131,1.90217030125366,1.93668411355632,1.95382929962594,1.94806443013711,1.92292482744092,1.88552672322563,1.84428284143908,1.80811551323382,1.77960234332723,1.76552232843942,1.76662902819601,1.78352287607179,1.81497668242327,1.85810900009279,1.90441632698699,1.94487683150864,1.9705874331493,1.97527838925742,1.95422192822464,1.91595590077561,1.86634189178223,1.81614487747443,1.77104488616187,1.76483636178601
0.491730068756144,0.579391001522258,0.66818802634072,0.772568717941266,0.906538591086006,1.06744958375766,1.26603049192787,1.51442437778069,1.8013665217914,2.00056633597122,1.88261142477154,1.62275589056073,1.4051642703413,1.24866900676127,1.1416799506911,1.07097203009569,1.02561909952383,1.00863781803406,1.01668749801111,1.03856970657905,1.07660222513228,1.12951833107332,1.20030308173625,1.28246592715973,1.38261502806004,1.49934436679063,1.63594963131202,1.80047134043873,2.0053896905256,2.26495420761235,2.36221652705818,2.16696892544079,2.05856310703985,1.9690543605451,1.869654417716,1.78922438404165,1.72902081396822,1.69390213283451,1.68164142173426,1.69216224009434,1.72587381198622,1.78018523725457,1.90173931133953,1.91891579491686,1.98697542435288,1.99897624444514,2.00717342082704,1.98583020070243,1.94076549984606,1.8841217994084,1.82756025398878,1.78311681532249,1.73318317163632,1.70386193604087,1.68633083158059,1.68337094053199,1.69276301474774,1.71356530918087,1.74845809515353,1.78368936876609,1.82163690000127
0.32208518733288,0.383802319591312,0.453384111694611,0.533850258315843,0.64166379560758,0.75923202745747,0.912242481448495,1.10378722933333,1.35097955613043,1.67385028105147,2.01767366053856,2.01148428732937,1.67373008390952,1.40483199462204,1.22376959252174,1.10606097409278,1.02815184508998,0.987700010169574,0.972904672196886,0.978587932984377,1.00606981084229,1.04315083944492,1.09240970914015,1.15245135762959,1.22642943082525,1.30654890549044,1.39901802228573,1.5005617963838,1.60990658664359,1.73380814711484,1.87096992848642,2.04727030631177,2.34768611324527,2.26124844730092,2.08065057222872,1.99287974027226,1.97469542151823,1.9296710352867,2.03796508318931,2.00958838011315,2.07209629394774,2.10619594659253,2.08303144150757,2.01768289538402,1.94305393545819,1.88183376169355,1.84210216837896,1.82762165289054,1.83563514717168,1.86183137416023,1.9053137939414,1.93762878972577,1.95950688807781,1.96437898335178,1.94662662147297,1.90858721195981,1.86221298441409,1.8101591161419,1.74772514426758,1.71221625258364,1.65172534097556
0.358527196113256,0.422461431915746,0.494849448647546,0.590670481085432,0.692243039465572,0.815215803465335,0.975658104315028,1.17493991667496,1.43140018775643,1.74784440310972,2.03426992585101,1.9496865603826,1.64258940107854,1.39641430812156,1.22417053544309,1.10682007532868,1.02353639505353,0.973531536504371,0.945858775225224,0.935869345365994,0.940069624384933,0.955784038228874,0.98670059796945,1.02037226878528,1.06062842431945,1.10638686026092,1.1610072556949,1.21598192102407,1.27422364790238,1.33865984960689,1.40237506584034,1.47056488486803,1.53818609336216,1.62032980142434,1.6829129315259,1.75272340196959,1.85639375392876,2.19469467280827,2.16932699902561,2.01969650370698,2.25451399540847,2.30838024550493,2.03081341450989,1.88938122040886,1.81468289959734,1.76438310678642,1.72967101903688,1.70779184640974,1.71502639804936,1.72139146204235,1.69729775630299,1.70999747573812,1.73392555801983,1.76260716671516,1.79952920557442,1.8415242591628,1.84182044864285,1.85418829448959,1.85745915550216,1.85043023830464,1.83497257386078
0.210280159511181,0.263451740008214,0.32232064454696,0.389347166088148,0.467683085670153,0.56151426357313,0.689554076410179,0.836915964093364,1.03579158826241,1.30185740329915,1.6608713985122,2.07983912218727,2.02455975851458,1.60292140692347,1.31983616692792,1.13630438679554,1.01480132329598,0.941501998232234,0.899571216185482,0.881038527825054,0.880320010922786,0.89340919254971,0.917376497884595,0.955709534416577,0.996169624710818,1.04254431517993,1.09384550984636,1.15343566733744,1.21309821724739,1.27574291607634,1.34424390122474,1.41182578844161,1.48331528509646,1.5529581264169,1.62431029684136,1.69293559542477,1.7807377247593,1.85762445900596,1.94657104811251,2.56168721499886,1.94715264023045,1.94729544981812,2.11465204146327,2.42751172007126,2.05347677693606,1.87728336070028,1.79375263147395,1.74798135416264,1.72719949264516,1.73736618396305,1.73498550598362,1.75269179207772,1.78144761011685,1.81456432440158,1.8497148648206,1.87862782806751,1.88811931509583,1.88901018518179,1.87625083965316,1.851596353839,1.81718036877803
0.0352116375416941,0.0785477925920366,0.125198458299533,0.201621741277721,0.262241976345472,0.333687588986348,0.420320214753223,0.528359659034763,0.678602446920565,0.86505624558394,1.13011695219665,1.51699007110134,2.05628459091394,2.07379977798708,1.51659350708734,1.19982634597046,1.00553550122426,0.886892250525013,0.814450246499548,0.774066303915634,0.756715380770036,0.756387671222602,0.768965401903921,0.791568809569514,0.822152574090005,0.859248142305415,0.901795827828608,0.954956801677194,1.00707231264343,1.06308834871569,1.12279074539995,1.19029840454118,1.25788062740875,1.32916507198824,1.40765464686147,1.48715225707429,1.57316347496492,1.66245458131268,1.75368921983983,1.85279348413141,1.97633955345013,2.25717621844646,2.33426978919371,2.05021252576413,2.00259631566457,1.95793306212006,1.95796622902737,2.02122911216597,2.11321197733418,2.16148542584979,2.10604462566246,1.9971383742668,1.89337316090692,1.81382666941479,1.75661462526193,1.72299137457476,1.70845750664803,1.71130223487244,1.72545582098856,1.74934280655936,1.78018244239714
0.0715491128784027,0.12039626106545,0.198248700647956,0.260410592272951,0.332678685312798,0.418846530150749,0.524131804605894,0.667327289072597,0.839537180209078,1.07605729067431,1.40384968918779,1.85709380016969,2.19994082424609,1.74088463570342,1.37086299842016,1.14534845062305,1.00120698458773,0.915366620016032,0.867002759826107,0.846048303203321,0.84573609441251,0.861383747996557,0.88969451340662,0.928325492418048,0.981113242837837,1.03665784310991,1.09901753356175,1.16766080158655,1.24663861971944,1.32795925507354,1.4183630340552,1.51199115144558,1.61403775293242,1.72123930017901,1.83463015943807,1.96538801838267,2.18245637606241,2.39558820256848,2.09836655130153,2.01915155306457,1.9326929912129,2.00542780583451,1.92928839473874,1.9934503974019,2.07306252795903,2.10604897807188,2.06300496080433,1.97683238513449,1.8940183744018,1.83647513978679,1.80460440090023,1.80010738659708,1.81324237245794,1.83988924415617,1.87344021302655,1.9059377246232,1.92723570673392,1.93238767974331,1.91826833126658,1.88925008488379,1.84871164334801
0.599285785688259,0.699245179763623,0.815665261613919,0.96209052049565,1.13450829153838,1.33922833193562,1.57935095836106,1.80444706431281,1.88296597451661,1.74860467072784,1.55244528830283,1.3835772164618,1.25792812002481,1.17306365253025,1.12030762677888,1.09536465209197,1.09478621714288,1.11591473694929,1.156761413764,1.21596960535885,1.29874748802773,1.39560038056269,1.51166057079099,1.64902938937626,1.80995183192503,1.99169925435803,2.20940855819692,2.36891174228306,2.12321810443813,2.10299157826763,2.0790533348245,2.01357673543552,1.94226865368892,1.89122055048589,1.8689901810155,1.87318503239806,1.89150905668285,1.90937359044681,1.91339366530031,1.89636964379314,1.85919735803546,1.80703024475749,1.74758959761865,1.68781874016673,1.62766467309681,1.57221070386049,1.52041531635792,1.47147869735423,1.42902699286075,1.38722079303695,1.350819950603,1.31821251930842,1.28683984649233,1.26392657890889,1.2455070426906,1.23594251757535,1.2071828424855,1.1926979739603,1.18503439871412,1.18328489500327,1.18905063273218
0.330636060388615,0.398751736123546,0.476276815555173,0.566524144396175,0.687052631149699,0.819605121123724,0.991975649417012,1.20695671693086,1.48347666148163,1.81780313908185,2.0541642391305,1.86594575597527,1.56490667990111,1.34385566989545,1.19407621035181,1.09937120279109,1.04513509424613,1.02381637749307,1.03037754099959,1.06159868069708,1.11568468000591,1.19205395605168,1.29610237865285,1.42524517103004,1.58327065251994,1.77687062066265,1.99912733780876,2.24140128109174,2.43762742971109,2.22914997385911,1.90662501734703,1.87112602160039,1.64922799753876,1.59320627501943,1.58859776608168,1.61262412331238,1.67404264732093,1.69090040257965,1.75779048697884,1.83066173568924,1.90188332622426,1.95785802307631,1.98578190570021,1.98176817420366,1.95170283991018,1.91138738569136,1.87532696992137,1.85435328468828,1.85029504720827,1.86518657285615,1.88867469848888,1.91605848117948,1.9341173997281,1.93574265392723,1.91701451637171,1.88281032890751,1.83770182612472,1.78691157426341,1.74339665022383,1.71833071728593,1.64075235505185
0.350309570590616,0.413504997208906,0.484854018629344,0.567436207856653,0.678774143166105,0.799623945897758,0.957454887857367,1.15442104764743,1.41004864746732,1.73169235920268,2.03952071699957,1.96764345872205,1.64459170957695,1.39157360782586,1.21832239019613,1.10348075812761,1.02516201144759,0.981964944450225,0.962568167181377,0.962070932370548,0.981882699550381,1.00985469847381,1.04848829572268,1.0962525652576,1.15200313585171,1.21956938731983,1.29010393890097,1.37064990752058,1.45501233988268,1.54965434393878,1.6530105930406,1.770412903473,1.92478535950802,2.22699609033338,2.30038340686708,2.1098492051776,2.12046179870241,2.14005254413006,2.11712837963884,2.10949445536731,2.07444604849642,2.1024407602632,1.94782228211406,1.87490038320982,1.8222108895394,1.78727406313144,1.76777331424235,1.76630030136971,1.77972094127506,1.8063959513731,1.84037479257363,1.90461143160331,1.90043825146037,1.91257657939472,1.910211338026,1.89070234074763,1.85942894669591,1.81940659765392,1.77370421237336,1.72833871703956,1.68752577346617
0.540241588368841,0.638592222693784,0.740107138357076,0.866914549802016,1.01139954229924,1.19135280248666,1.40917867550581,1.65287188785029,1.86460331767656,1.88842946419156,1.71471623773378,1.51250591442109,1.35023747832478,1.22827385754384,1.14359621159173,1.08727293083333,1.05461211030546,1.04192913318504,1.04635795249219,1.06565749830483,1.09807746747404,1.14228228529404,1.19733245179371,1.26709406905369,1.34425765064095,1.43755803107162,1.54946100711907,1.70071459726549,1.98698000703343,2.56556463356593,2.08129661962574,2.2061536439242,2.22907125087699,2.09874640633926,2.01216990880843,1.96301230786254,1.92498671953228,1.87877002700514,1.83843149109077,1.8044041055598,1.78208744514708,1.77289724737798,1.77857569216823,1.79892032308066,1.83127640740283,1.871478533242,1.90915974679134,1.93586652793854,1.94482656516535,1.93046538503278,1.89645661385785,1.8502977865696,1.7978286899991,1.75696642046155,1.70772346837527,1.65319382198072,1.6159642300388,1.60188261287863,1.58230541516073,1.63208190607089,1.67195188081947
0.637798211662712,0.742020643756854,0.871138845317811,1.01698961931761,1.19637267554863,1.40917079574886,1.63790837933166,1.82206771623572,1.83300294639746,1.68110012227113,1.50148839150429,1.35226401577561,1.23900987151833,1.16193689938888,1.11404814662023,1.09262167033884,1.0961001929294,1.12429512286595,1.17875079827006,1.26699399225451,1.3923425748024,1.58140300451827,1.86879613851143,2.33747322723866,2.31287245114656,2.31528692277217,1.91310144899488,1.77040211307888,1.73807281507396,1.77273900472277,1.83380151639726,1.89845175180358,1.94695743324563,1.96747017426069,1.95793854006289,1.92778205132972,1.89403587684652,1.87033522348415,1.86611980013746,1.88163945300335,1.91167192044075,1.94586811499555,1.96694003373901,1.96356728862501,1.9328271324971,1.88046567460453,1.81752618384774,1.75213614799332,1.69432613348338,1.6332461621112,1.5808576139381,1.53413421844414,1.49704485222957,1.46795847927063,1.44841792344102,1.44175457134319,1.46633917247389,1.49145807160853,1.55614159203937,1.69214193720775,1.92869783639768
0.321075944774246,0.389834385731716,0.468682482731155,0.561152195482114,0.684714966243274,0.821981225840997,1.00044062121266,1.22331860341339,1.50800226239245,1.84150734028838,2.03476019626354,1.81657600156347,1.52631565181425,1.31428832499649,1.16453759499282,1.06287335875968,0.991423699214354,0.949833139223612,0.928569946444126,0.923600108501342,0.931872816743083,0.951029684455217,0.984783295887168,1.02125014166754,1.06419895358421,1.11267708097928,1.17014022634574,1.22876198690394,1.2930791750012,1.37820617560539,1.74325675354466,1.58637005098068,1.55703019001534,1.61585960124312,1.67501065336531,1.73189006280375,1.78018081892984,1.82348476628511,1.87114644458038,2.06937731888206,2.12182534771313,2.14821560469529,2.39448944377967,2.01116418859097,1.85899598823665,1.78688257933792,1.7460273230937,1.72616625828089,1.73499955509752,1.72718867137202,1.74010865784251,1.7617150028441,1.78825791261636,1.81280810408628,1.82787505128667,1.83667793630038,1.83512291644715,1.82304288814151,1.80077153215243,1.77333010491308,1.74287925918306
0.443822852593966,0.514698439249591,0.608477357775378,0.705075506887495,0.820112607114701,0.969553481194499,1.15134001919409,1.38156682822504,1.66403753843872,1.95150643208379,2.00512906656229,1.75382485663748,1.49701178758822,1.30932375849029,1.17544586820346,1.08593218934229,1.02487377932484,0.994283873972065,0.985307346553229,0.994729348738545,1.02550549406026,1.06621678474132,1.12047825968076,1.19160175244373,1.27294263928176,1.37149421696178,1.48583496867132,1.61937868989379,1.78018949334881,1.98076833620655,2.24156282484355,2.38491777277817,2.1847906349892,2.07861929547806,1.98072573209306,1.88300407008133,1.79390271635144,1.72802908118142,1.68791517903699,1.67328206717645,1.6898001679123,1.70460164755257,1.75038929735993,1.8260228976917,1.86557110151374,1.92211130334904,1.97606526843317,1.9871350191677,1.97978767877298,1.94677120133084,1.89803717015976,1.843413256964,1.79038148724906,1.74350404264622,1.704790556971,1.67806587212222,1.66186562088827,1.65626413730189,1.66088186880476,1.67494996184337,1.69733478952889
0.376977154473377,0.442609767326197,0.516895084789369,0.615295287617079,0.719133753122851,0.844356413061896,1.00781985761374,1.21004241205168,1.46912788960437,1.7846650641876,2.04039203724574,1.9199970606488,1.62253376085342,1.39213267044101,1.2319953309844,1.12665456593353,1.06019493406578,1.02396326749446,1.01167562904676,1.01872761933804,1.04171281296599,1.07810317292307,1.12602667051715,1.1879318386207,1.25604252499857,1.33275050377449,1.42115770705059,1.517000381009,1.62030923393451,1.73140885281075,1.85426668675782,2.01466645300805,2.32833001693653,2.26062988546534,2.08113021987149,1.99936196669404,1.99261477664712,2.05075246055707,2.11414944343554,2.17264081575776,2.16350257909897,2.09125668147261,2.0048177539346,1.93373481577046,1.88966689291416,1.87329031419891,1.88399392949512,1.91619161074934,1.95909337414379,1.99904756991928,2.02504194847406,2.02128523164282,1.99383826927535,1.93538517901409,1.87156127538973,1.80650332990776,1.74489963374048,1.69172666904493,1.64699474137448,1.61134116834305,1.60161137000966
0.62283486550224,0.726763188481127,0.848296265554097,1.00153313363499,1.18144903432367,1.3957630098309,1.62861666973577,1.81836882631378,1.83542480517703,1.68060186011671,1.49698843640017,1.34476957611719,1.22923750198901,1.14968992365865,1.09890807149891,1.07368263708592,1.07189656334698,1.09257137252093,1.13597343506699,1.2039547762949,1.30475629734496,1.4433303192219,1.63894886591121,1.92530114892399,2.39220718910465,2.33676512700694,2.13350663200013,1.82730227613843,1.75479009234329,1.72186472310849,1.75722566932023,1.81139198779532,1.86835452699653,1.90986276874948,1.9275764766023,1.91996080472433,1.89330448301889,1.86084316133504,1.83525659104958,1.82137946069559,1.82561093575532,1.84545728612997,1.87673916120008,1.90778336272861,1.92869134196058,1.93049065113991,1.9102296850603,1.87157538336388,1.82046289911819,1.76542346507276,1.7085861948376,1.65605398555314,1.60772994548763,1.56644856807282,1.52907958556377,1.48949691857762,1.46057966692217,1.43839420863438,1.42367936210839,1.41844636161734,1.42669991203462
0.759351070923695,0.87210811631123,0.995557105201278,1.1469781955435,1.32603823422589,1.5241722504351,1.71588255443522,1.82610036280745,1.78104634926235,1.63250469124802,1.47470585167524,1.34283099798931,1.23996836529724,1.16750628880717,1.11924220399257,1.09278748109188,1.08635274804018,1.09889834769579,1.13026400642439,1.18148654414595,1.25911493036004,1.36437943013201,1.52261252580484,1.7732224284515,2.23283516796841,2.25442969335379,2.16843080545428,2.2641699669823,2.06208864561215,1.94042501592656,1.89941087522213,1.90600180552642,1.93422907299858,1.95386985847939,1.95304135629473,1.93298562424642,1.90131156753628,1.86958893551342,1.84437425446154,1.83539844946306,1.84570112728895,1.87598773973785,1.92324718928305,1.97539013891838,2.01461093841484,2.02743018290449,2.00563735310609,1.94473350650804,1.87741900785063,1.81504448415819,1.75040780519273,1.70007890568279,1.66852858129958,1.65892392048842,1.68115411144389,1.75451095800409,1.89316546712255,2.11678693728586,2.34555449145341,2.17332871660091,1.91097476640042
0.681890708846038,0.783752853632154,0.911018683857328,1.05882783297835,1.23334945101521,1.43942721289236,1.65972253146451,1.83117644369467,1.83662587571339,1.68586972402837,1.50655258240572,1.35873822853987,1.24632446333193,1.16994583847356,1.12256631491679,1.10125603251585,1.10397699616477,1.12974478352346,1.17884489963618,1.25666274466814,1.36315715674495,1.51630838241714,1.74857348948014,2.15569879153323,2.3126573003707,2.29106249762697,2.03200566696957,1.89857790263564,1.88541079504342,1.93264783985636,1.99075587919746,2.02455346370081,2.01814866235758,1.98240168108426,1.94147113727424,1.91632835565616,1.91900235444264,1.94716273073248,1.98942050373349,2.02241054470591,2.02333764514042,1.98520132187574,1.92026376839599,1.84453750027769,1.76884041824891,1.69856962903063,1.63614400180798,1.58325431257598,1.54003450290856,1.50494053166594,1.48097193604695,1.47296808009308,1.48140094121032,1.50322705692802,1.55829308076692,1.65257165602233,1.79970852002672,2.00322550721159,2.23580530865838,2.27691890280505,2.03401933219328
0.687778819555517,0.789242274321165,0.916656149214134,1.06501266012331,1.24078162466977,1.44916552577411,1.67162453418745,1.84236283530582,1.83509370199534,1.67495182153814,1.49195646026752,1.34226209294006,1.22775715619384,1.14828737585262,1.09651782721979,1.06938538833557,1.06479907524588,1.08171472301636,1.12022436000318,1.18185729168039,1.27419707321642,1.40200202215484,1.58485734000528,1.87419937380124,2.30396154694055,2.19268646248806,2.2386237985757,2.17620123755582,1.96944925062121,1.82979467151848,1.86085646269276,1.75876808164413,1.82858180077563,1.82780596546262,1.87569498694222,1.91892074550756,1.9470126871899,1.95005531446575,1.93169416746676,1.90073890241925,1.86445370676245,1.83318019443569,1.81519501273287,1.81225424345714,1.82866491013055,1.86255611652421,1.90499465278437,1.94850799992042,1.97759063980097,1.98399134204769,1.97060728721802,1.91625864739834,1.85846852759007,1.79849039770294,1.74381877635935,1.69853561996343,1.6600111707951,1.64109680153881,1.65905876963482,1.72880310952185,1.92720963142771
0.0812965933582174,0.127489767195307,0.202382082300486,0.260258638632314,0.327201523264785,0.406812445004262,0.504050667371061,0.637313063519474,0.796916339978406,1.01681565449996,1.32251932295025,1.75706648379538,2.22943344890434,1.83809033180251,1.41300272143363,1.15887220458738,0.995322533600998,0.893902758348159,0.831470080532766,0.796857578394981,0.782685517797473,0.783895450661032,0.796928061196354,0.819227790074176,0.848928955178096,0.884650541789136,0.925359286179621,0.976744637444189,1.02606841147502,1.07868378183315,1.1342700506221,1.19723595444965,1.25887080588854,1.32300072519739,1.39316702758174,1.46243221256756,1.5364376511398,1.61164474274025,1.68768833485881,1.79644935875806,1.84332858730155,1.96719503402946,2.45438852527274,2.03894893124047,1.9918691133201,2.04804384334637,2.20529348094257,2.29247094157069,2.1128641189124,1.95188368428306,1.84544815410279,1.77447946684757,1.72696028801111,1.699502041113,1.68762672902674,1.69229363122819,1.7014700977579,1.72342838027139,1.7609127841629,1.78863124560692,1.81406801043004
0.377819924783951,0.443957878682792,0.519286981492664,0.619625798800771,0.726474641066069,0.856288958632474,1.02647811837807,1.23789831598912,1.51085133061819,1.82787435391051,2.0406240096376,1.86249793119547,1.5722472869604,1.35091252818338,1.19414627866442,1.08672804226287,1.01014873732833,0.9642427465242,0.939043203860428,0.930369111523613,0.935057296947529,0.950667854132509,0.98097366520958,1.01380543123889,1.05300700980112,1.09756720425068,1.15081780342852,1.20448106436917,1.26150040734794,1.32492361916348,1.3886104507553,1.4606777489083,1.58942917504921,1.6220312540023,1.70136082718402,1.7185076233061,1.78484857559957,1.87637339237209,2.18999506868057,2.10400224540328,2.15395161194919,2.33869589580565,2.15331497862246,1.98002035493355,1.88046355921444,1.81382943130491,1.76404118276701,1.7264092719713,1.70274548210709,1.69817609814344,1.68155051157069,1.68561486831479,1.6989318869447,1.71970123360352,1.7493877807629,1.77296538127166,1.79857733891055,1.82006171619989,1.83452438960352,1.84035675651754,1.83779771495276
0.559321181891055,0.664539214339101,0.773937410930305,0.911185138846365,1.07300100269224,1.26706452048337,1.49933832597442,1.74783101843107,1.90821279856492,1.83534872640913,1.63284499968081,1.44543607899584,1.30438297909079,1.20566424497768,1.14652690884714,1.11969925507777,1.1222488263921,1.15261692020052,1.21072881482658,1.30209313853669,1.427531731285,1.59617624733923,1.82238902953167,2.1241065373979,2.50519772325473,2.14355721350503,1.91436131521705,1.82041879146236,1.82624063940643,1.89517405063287,1.98592476821567,2.06057604338231,2.08190750247854,2.04819069633693,1.99792376497583,1.96687797661981,1.96941127907575,1.99588327468629,2.02260339831999,2.02313041763612,1.98595565876178,1.9192763836295,1.83901002627291,1.75915159132043,1.68381778784324,1.61497414676075,1.55555179941369,1.501002812761,1.45589745187422,1.41769118355014,1.38670255122599,1.3609709466864,1.3468556447198,1.34359905632813,1.35843633442841,1.38523511585839,1.43888554687303,1.53089268854603,1.67312269613557,1.88109281360331,2.15785622345268
0.10148420773536,0.179293196408629,0.241240889959475,0.312239104790068,0.395520573376422,0.495299822395955,0.627946183553682,0.782376155613247,0.98646878133658,1.2531217741866,1.61423301326713,2.04097027656255,2.04469196230622,1.62713536365314,1.33848622774842,1.15040183332426,1.02527281139523,0.94923744203013,0.90589496787141,0.88766830292717,0.889307558008311,0.907087964421953,0.938341910204204,0.986097376297637,1.03988303849385,1.10325578748228,1.17577577814309,1.26125679056976,1.35298987815171,1.45765287538804,1.57284760158914,1.69988886702233,1.84090566001354,2.00528345535523,2.22544082444489,2.36167670233918,2.12040604699843,1.98128324316481,1.91578778820495,1.79407439405807,1.74077664541198,1.71934824276715,1.73044739848334,1.77347012645093,1.85161579982062,1.90246235690746,1.97170689605212,2.01877301292668,2.02679343846842,1.99349005619612,1.93620483197115,1.87420299913208,1.82186331492578,1.78770738864088,1.75840817569862,1.75286369539223,1.76305119212642,1.78568073797767,1.81655876414084,1.85175709508519,1.88360278144365
0.420354883305433,0.494129922745541,0.590498249920496,0.69177753056164,0.812786060343017,0.968591065616052,1.15851918575616,1.39745171638917,1.68484781424918,1.95129202238579,1.95067623577591,1.69661197059651,1.46161551180557,1.28989318885382,1.17003088688439,1.09350676236062,1.04972969656618,1.03319563804577,1.04006814115981,1.06777686083535,1.11478256862879,1.18047014365815,1.26945094786737,1.37901823096407,1.51345244725402,1.67925880574174,1.89217227389379,2.1777705808194,2.45711042549537,2.20160411863254,2.08256506067976,1.94006922896495,1.81325613410184,1.78102469843038,1.72418870063969,1.73551302591141,1.96286908345455,1.94006893587693,1.86971508331617,1.92045805484406,1.96123266765678,1.97757519133087,1.96427789557218,1.92899933021256,1.88397640466541,1.84081772086552,1.8091924983442,1.79143436455546,1.79210638026945,1.80940534282306,1.83906446473065,1.87531492421852,1.90938884131933,1.93279735731567,1.9386097910731,1.92593428339261,1.90558340316866,1.84819535061352,1.79800593660864,1.74584660320143,1.6973849944448
0.527152640953103,0.616750153274509,0.706676395591549,0.811327321272917,0.94502599363108,1.10369078031758,1.29700411582946,1.53882011755403,1.8073866550815,1.99357261281954,1.89134392674809,1.64646984421704,1.43822733590167,1.28765481341881,1.18449788139308,1.12247963199042,1.0915438092153,1.08608009201762,1.10161969108838,1.13459342032156,1.18596282158608,1.24679549170322,1.32130939664819,1.40286916574289,1.49565452393683,1.58739304337915,1.68181621569761,1.76993855681501,1.84297663060787,1.8926541888442,1.94089058543327,1.94965380959219,2.19465480014761,1.91025516453422,1.86319473363098,1.87193231169771,1.88180323177665,1.91258406248596,1.94403613222644,1.96111350502383,1.95363805010633,1.92061011249825,1.86783492179251,1.80543526868973,1.74031770412589,1.67653703979906,1.61804443147613,1.56231168889662,1.51377411364674,1.46774019903619,1.42715364196646,1.39232744535459,1.36029430853249,1.33749816332441,1.33065653711701,1.30561510914203,1.30121317088465,1.30911053007385,1.3336932798176,1.38688554437818,1.47734051337618
0.0676231561147219,0.112234635073505,0.184961704707982,0.240513423051604,0.304779647579784,0.381412289222801,0.475502456436244,0.605221092824783,0.762226665923062,0.98064215187471,1.28563620315719,1.73491915007976,2.23823442032464,1.80027205223694,1.36685750870327,1.11219070109273,0.950092930991576,0.84995915492467,0.788513020635549,0.754313723966486,0.739906195576611,0.74024730117988,0.751831484818952,0.772168550857726,0.799456755607636,0.832372242981455,0.869930927249853,0.911396594071852,0.962813187606508,1.0113315367125,1.06259965601206,1.11641840284645,1.17723619961498,1.23650275121407,1.29812091717207,1.36552585223112,1.43218285557254,1.50346124253563,1.57430002248178,1.64954207714021,1.75020439146682,1.79496336130555,1.87256601955191,2.04256693677454,2.40609279856414,2.02554470210234,1.98921638397134,2.07059873947928,2.23403131771452,2.2432081326483,2.057409364714,1.91153602421209,1.81172274628414,1.74294915564952,1.69670069715481,1.66692207838455,1.65035944974905,1.65368397577865,1.6822052390449,1.66910497516646,1.69345157633794
0.604545933732833,0.696116099226849,0.802535389718669,0.937556622446461,1.09654136761474,1.28688014221598,1.51409824450824,1.75416849176905,1.90369953619472,1.82958338849086,1.63114441847824,1.44388087582756,1.29864365802202,1.19168306374211,1.12002952064306,1.07600691791485,1.05608635591894,1.05778716086976,1.07954122201822,1.12060605791953,1.18108107136342,1.2659625378939,1.37153696783154,1.51257660920216,1.69344489183197,1.94821011006927,2.29941948024947,2.27640895171037,2.16651553799259,2.11282553343963,1.99217372218637,1.87036047734974,1.80172799415519,1.74187244044225,1.72923608648703,1.7484074879547,1.78719366822065,1.84727009626103,1.88643255391208,1.92991892313252,1.95521129221987,1.95622202847551,1.93478797938771,1.8977010636136,1.85411205674936,1.81377999230178,1.78018137566366,1.76026339902722,1.75394933924158,1.76540486451313,1.80073855920203,1.83169679507159,1.8763753585636,1.920903815538,1.95686670832938,1.97410411836096,1.96597865426857,1.93671658636874,1.89212105536789,1.84075742760253,1.79248339459469
0.01166075546123,0.0530064796009809,0.0971998318587883,0.169895861545871,0.226589580610552,0.293150496506493,0.373741250864867,0.474401807505278,0.614817093650736,0.790725058606276,1.04332187532304,1.41700846905648,1.97939753075551,2.15382358570322,1.51256335093755,1.17367031597494,0.974628363630149,0.858200447202465,0.791370317189485,0.75821883097648,0.748842644877496,0.756824611854023,0.777898525270632,0.809178262438474,0.848689013219526,0.895073827012134,0.953128129053639,1.01156343160831,1.07508550459747,1.14349840764143,1.22110059414713,1.30005549641788,1.38718476309346,1.47693383059972,1.57427437242441,1.67583722589339,1.78071140589527,1.8885178223542,2.00642160467434,2.17591279611389,2.39845780428873,2.14916670054905,1.98048422896126,1.886508665876,1.94766645560614,1.7631277176972,1.73639029725261,1.76416216236582,1.83533368075061,1.89169841229736,2.00122221965509,2.11875247973502,2.17088244333862,2.11166870401302,2.01101258254699,1.90154680825972,1.82817382822906,1.78796678773933,1.77664557107359,1.78737549653745,1.81408850544512
0.646217191681118,0.736906985969421,0.849764168312323,0.975333109649668,1.13100884706681,1.3149521385691,1.5332132156063,1.7507762938046,1.88194114273718,1.81743134310724,1.63778844848859,1.46039680010258,1.31799180132484,1.20926944594408,1.13238499484756,1.07976157919652,1.04764114976597,1.03301189663443,1.03350257247098,1.04724889099956,1.07279589921367,1.10904606758083,1.15525937877966,1.21517460071691,1.28210414075825,1.3642727638572,1.46127811134016,1.59599232546716,1.81829392406352,2.33921475047557,2.10112103934426,2.14259433419148,2.29194488874945,2.13581899360245,1.98648264726954,1.93962030542791,1.89683004299121,1.87586961030644,1.85229989662946,1.82695777353364,1.7992264364864,1.76217643579518,1.73486731581565,1.71356915905927,1.69915278565571,1.69611214481484,1.70392144775755,1.72262476582594,1.7525631402016,1.78855173013442,1.82814329231722,1.87027288486187,1.94600357452825,1.91551386627473,1.91207981654835,1.89504915089919,1.86604170587592,1.82839775120542,1.79040761572618,1.77733089994163,1.71420779046491
0.49392832986534,0.596779274041923,0.705751646926373,0.83508364140979,0.999264835287102,1.19579079010183,1.43415307526391,1.69783389114081,1.89031406245032,1.8412120644513,1.6302577404239,1.4301257133348,1.27646697065699,1.16704637938001,1.09142654001573,1.04037253509266,1.017117706576,1.01498199089821,1.03666723470864,1.07305689051286,1.1282115173673,1.20321949968107,1.30499939799725,1.43371631795959,1.59701918610301,1.80759640438006,2.06838676909739,2.41580404324655,2.26446938782131,2.11779050393621,2.05771360604146,1.73070329546303,1.88262918427948,1.69168607782309,1.71663035213402,1.76318192927919,1.81619189135086,1.86275267227498,1.89759001206041,1.91150438407531,1.90700909301295,1.88632454197047,1.8552338643762,1.82217436447793,1.79500961736755,1.77564888193389,1.76971339643271,1.77641689634434,1.79462392166425,1.82923587175873,1.84882625765439,1.8684380198804,1.87859982497909,1.87433415205542,1.85543893041204,1.82473931972544,1.78510025273296,1.74325545984559,1.70141139688447,1.66602798534601,1.70741207636134
0.553478065980157,0.65370452115928,0.757297141242794,0.887300926449855,1.03560967755093,1.22538350319208,1.44607101875718,1.69611033003273,1.89192523384695,1.87302693960829,1.67882232072776,1.48002277140885,1.3240382936264,1.20911869509755,1.13166031845664,1.08302915394451,1.05886544779751,1.05590201492375,1.07178822483955,1.10496035970575,1.15461596974382,1.22433152269212,1.30949450298213,1.41949623237176,1.56041182581702,1.75723704081243,2.08666909240414,2.43547197296382,2.19514245812526,2.18605922295305,2.05226567712858,1.95382055764136,1.94531469023689,1.94957985266892,1.96880827887278,1.97281987771971,1.95438244292949,1.9200964162641,1.88047985400018,1.84558837889024,1.8242025355148,1.81804843024642,1.83103546472496,1.86070205953478,1.89805460588941,1.93556526563836,1.95918120127709,1.96051298823457,1.93722789515817,1.89436360022018,1.83985789456038,1.78082896104849,1.72292319269306,1.6703972766237,1.62260478319134,1.58460262576263,1.55822724506166,1.5741073946381,1.54932131285297,1.57964625342849,1.67744724653679
0.094584112169322,0.169785151250121,0.228355515011083,0.295286186100864,0.373915791509259,0.468761757760082,0.586158235371489,0.748415910390654,0.954089957917072,1.23286732630187,1.63076695495025,2.12746593346309,1.97523830212398,1.50491467351642,1.22241574216804,1.05150534807356,0.943642788787202,0.885498827238142,0.860649581104474,0.861145535383356,0.881690307882112,0.918749132174244,0.975506382319716,1.04063145437296,1.11818293522442,1.21243526054708,1.31640564007435,1.43820670077118,1.57527028291647,1.73034947708217,1.89882121679,2.07371980946029,2.24737916281685,2.36607867572868,2.12535577654022,1.93258752418423,1.78102197523829,1.67270571196323,1.60126841141322,1.5670912670295,1.60376835506378,1.84262610674213,1.60171352934749,1.62983349993124,1.69694093095369,1.80926070756995,2.05162822965455,1.93481517378856,1.9938174002089,2.03178240382515,2.0295771312359,1.990088248571,1.9330503841401,1.87598794043441,1.8299185136897,1.80029359449428,1.79036349137371,1.79753278064658,1.81837074915482,1.84751931119795,1.87932998699167
0.466748130217292,0.541933896511249,0.641100492516092,0.744460067501705,0.87532760215493,1.02688939644899,1.21933932252759,1.4581106916796,1.73316411156379,1.95386124791606,1.90435077270671,1.66616930727437,1.44934018767147,1.28746102035319,1.17125937636285,1.09373845285049,1.04514495408443,1.01603943712373,1.01053153671865,1.02647400477115,1.05255829807875,1.09161081749129,1.14254552666074,1.20858063851829,1.2830218693102,1.37267371638853,1.47434084780131,1.597990150573,1.75517916126357,1.98624673575922,2.41963617866215,2.19869435488177,2.13886067528994,2.10656658426764,2.05961193496778,1.97228348813655,1.95925810558945,1.96955981047196,1.97807048191502,1.96999788397374,1.94322377408428,1.90272925330101,1.85702530753569,1.81381769265594,1.7801250619323,1.75695529011202,1.74898510074835,1.75528829779597,1.77474422463958,1.80447679397996,1.84142452413923,1.8773152307788,1.9040572475418,1.91953335584594,1.91695706228424,1.8978889092393,1.86522388880029,1.83099171243883,1.80564856698736,1.73675697109503,1.69483104601454
0.344731670142817,0.412543015372507,0.489814096112634,0.591537270637916,0.700876084480367,0.833621479212728,1.0066627204923,1.22208458781414,1.50054180082536,1.82618916176402,2.04288560631479,1.85101311057471,1.55814950138464,1.34032901828191,1.19003211596037,1.091859762085,1.02755995634369,0.997568070185695,0.992382599526808,1.01311815360843,1.04862534898096,1.1016482446653,1.17147030630656,1.2624019964548,1.37087434468345,1.49955085131086,1.65176167828107,1.83481566617866,2.06380090072972,2.34311419792285,2.2938353914932,2.12070249283479,1.98655133267924,1.8232401125286,1.72110667536194,1.66152573997535,1.62032486925909,1.6143707880934,1.63572809850771,1.67348862139,1.72921825763445,1.79520666327743,1.86394391678752,1.92594498778871,1.97232866133255,1.99026945536906,1.9768235548665,1.94008370931184,1.89280061599064,1.84706245505111,1.81355597875995,1.82600081070143,1.78538388165602,1.79285243964804,1.81494329914364,1.84559167016619,1.87838758653797,1.90625659412992,1.92380735072688,1.92459743418211,1.90892858332165
0.387071514486719,0.455724948148475,0.533707729124932,0.636961610533009,0.746854172188038,0.887556795772945,1.05452218795747,1.27605530704007,1.55252364017785,1.87381912499549,2.04762699191368,1.82261534319667,1.53808846988529,1.33359550198252,1.19368471820426,1.10574734412931,1.05555937358325,1.03524855966778,1.03907006087648,1.06280340455976,1.10335152490966,1.15846728780151,1.23077908459111,1.3119661312957,1.4082128077469,1.51573352343616,1.63432794905136,1.76284009282514,1.90101882674886,2.0594299290804,2.32755478283912,2.26291992176374,2.07135318842233,2.00760362344605,2.05037896368206,2.10700924692167,2.1280835822692,2.07706253721585,1.99782321950571,1.92865654422278,1.88763823992818,1.87679774443284,1.88929338387409,1.91459147229525,1.93901286726171,1.9491933329894,1.93693354712746,1.90230553540955,1.85068819485774,1.79129959121387,1.7299684912633,1.66919596320428,1.61144569043665,1.55993243236882,1.51339252950724,1.46831558470852,1.43132261904591,1.40282583928901,1.36799435488041,1.34300513809858,1.32384083284587
0.112452838211793,0.187325095793524,0.245062646924204,0.310987911229183,0.388305138588022,0.481251916847372,0.606439827695702,0.752634582792091,0.948275894878905,1.20742575083198,1.56685965660793,2.02331442035035,2.09488542913459,1.62876812280025,1.31771390602215,1.11713646592124,0.982808870583087,0.897937032127019,0.845097238331677,0.816006651985362,0.804984056408556,0.808003168927589,0.822140385114157,0.845233483521139,0.87566111855328,0.912196066328112,0.95959878319624,1.00643406985851,1.05730824091518,1.11184929676053,1.16980358087971,1.23553391473163,1.30067740200268,1.37208453001055,1.44442638347271,1.52250576685516,1.60242171232311,1.68843285793451,1.77905511509129,1.88652520925548,2.0558065223885,2.46726756504758,2.11484492153085,2.05284691016538,2.1022369326397,2.05671124809781,2.10968050728875,2.1418113128171,2.10512980678585,2.02086686981886,1.92748347733635,1.84516033099621,1.77718644234569,1.72396634119287,1.69245535945888,1.65816254199444,1.6435286328466,1.64022236433848,1.64676515547873,1.66183402238279,1.68542729398894
0.685217588855675,0.785428446256593,0.91085047154535,1.05634537104325,1.22809741150844,1.42802789403286,1.64916900444359,1.8233862380799,1.83894672643986,1.69447269654968,1.51449865612993,1.36280127559901,1.24441810395475,1.15998702513617,1.10218849874696,1.06768370238735,1.05390523577307,1.05912256226887,1.08243775262262,1.12389016347314,1.18478637293329,1.27260784334036,1.39134564064359,1.56023007381849,1.83296666482499,2.32658941883285,2.21205100998273,2.25370784398407,2.15206246675373,1.93006773382843,1.92599069332834,1.79460400828636,1.80409732984945,1.83613263172574,1.86361883853446,1.88241444533812,1.88520432602172,1.87080985034512,1.84658162549126,1.81610788755397,1.78854585155336,1.76670334520941,1.75728984179871,1.7613696786737,1.77953266939346,1.81001020209297,1.84975425714398,1.88931310612077,1.92237284047001,1.9393050404527,1.940712364387,1.90766303519365,1.86782271157782,1.81965694057599,1.77172384028053,1.74375307001323,1.68079064575731,1.6418227901277,1.61253923497289,1.60051657773964,1.60275346625666
0.391235663861293,0.464042879496578,0.547386030199301,0.657460990165547,0.77546044428474,0.925550984914307,1.10712870187874,1.33078341403517,1.6056808077458,1.88586740996818,1.97844184959067,1.77136390750222,1.52670882106216,1.339289132244,1.20252726008415,1.10823830449309,1.04103021994149,1.00281013434012,0.984818471208294,0.983778734268609,1.00190425824798,1.02850648746695,1.06648943258043,1.1149055063717,1.17320219350798,1.24544711293407,1.32465911094347,1.41870896928783,1.52684132793354,1.65485126414865,1.81827773197581,2.06969811346168,2.43435975428236,2.20142729768784,2.1341530377334,2.06395720835436,2.14976364572307,1.95244902254937,1.93463459519905,1.94461911194284,1.95611244445869,1.94805666310122,1.91948910460568,1.88202396372464,1.83969252124332,1.80014855429276,1.76580530459842,1.7424057741528,1.72939879233949,1.73018421857934,1.74292642729111,1.76695096952665,1.81728299588465,1.82807054509344,1.85593530227041,1.87846521677431,1.88851397839366,1.8850561070493,1.86861448699477,1.84057537115102,1.80688243698365
0.138744388717249,0.220569570973362,0.286765606908022,0.363406726241656,0.454263134695669,0.564329594111238,0.712747482048891,0.887806240339886,1.12363116976176,1.43995360900199,1.8535650793417,2.14874304704832,1.79498296726416,1.44657793386367,1.21745346886748,1.07019609129478,0.971073182178598,0.913030419922494,0.882850586058066,0.874384819287167,0.883318848747045,0.906576783225197,0.941962877403295,0.993416721237912,1.04982042531848,1.11539964438886,1.19378784724164,1.27846755685687,1.37605120127128,1.4822253526111,1.60340992844426,1.73993853195956,1.88967624240707,2.06072213149469,2.28027915625834,2.34497497136386,2.08129494592994,1.94029253204966,1.84482651868168,1.77916754111626,1.75508801758602,1.7682089636227,1.83990761500408,1.86352944145732,1.923185191697,1.97548964540624,2.0019958530368,1.99544037113607,1.95923215927809,1.90726966772041,1.85254278544485,1.8052904931679,1.76824204700559,1.74632082866456,1.73895709087434,1.74408307893299,1.76322153311304,1.78919816374523,1.81875430722647,1.84671902624531,1.86794278301096
0.45870389468325,0.533345062788924,0.632000120789984,0.735201994367228,0.866233501291531,1.01885261308603,1.21344411815846,1.45626121600447,1.73770049952926,1.9618725100833,1.90864048481957,1.66359073242632,1.44143256850218,1.27271058837311,1.1550704564604,1.07237442580175,1.01327053540635,0.980161510700458,0.964764034453947,0.963989329119759,0.975438815586473,1.00276043870698,1.03409114882582,1.07318792368123,1.1190957641095,1.17520583582543,1.23352441500355,1.29716822668546,1.36972484150771,1.44511365248815,1.53055979247372,1.62595665002481,1.74373345929672,1.89501861929936,2.17669907153225,2.40582188151948,2.15654549945317,2.19017420493531,2.12925699268639,2.05625692867768,1.9904751938845,1.94063858745359,1.89613729683153,1.85192237691818,1.80888278194721,1.77004963822269,1.73581754313059,1.70833216788444,1.69113966646731,1.68328976368232,1.68508192963387,1.6962004966822,1.71645019438806,1.741786584205,1.77095186611239,1.80039415724484,1.82690428768235,1.8484803170962,1.85975193104722,1.86060601696971,1.85132170395278
0.191024369831427,0.241601372133109,0.297211279945108,0.360154254564833,0.433392395585614,0.520894472364523,0.640264725093846,0.777723553325239,0.963528322464292,1.21061109722267,1.55714721720434,2.00669462021329,2.11844768710948,1.65291871120704,1.33509803380848,1.13642006981716,1.00852054648946,0.933599657018285,0.892823633391897,0.877118021910519,0.880266542015983,0.897914675115844,0.926961009786354,0.971056764115686,1.01759815433251,1.07058987154926,1.12912234965141,1.19705888567144,1.26559760299797,1.34128191875397,1.41786737650849,1.50000074309529,1.58211617224033,1.66766349014343,1.75306689184055,1.83939145955894,1.93912769406764,2.13608045400016,2.46015847771443,2.0609336750319,1.95701844400745,1.93768080490227,1.98827795041152,2.10973713928868,2.24066917116564,2.20340758736021,2.05211707170426,1.92501778423751,1.84651295441759,1.80575392138651,1.79611786208285,1.80898542650498,1.83752624199835,1.87876388144158,1.90997930126261,1.93687422490737,1.94663405386478,1.9358519557734,1.90854740509864,1.86697122952069,1.81981657351009
0.0895607666144527,0.139497099381913,0.219421494009687,0.283753552346887,0.359124916773896,0.449768115484372,0.561519229855028,0.714922720725699,0.901145928999562,1.163939893002,1.52297350002319,2.00023305921148,2.11320932902129,1.61615043883741,1.29476254658258,1.09158096535749,0.957843489404124,0.874728102734526,0.824350367547364,0.79796786608028,0.789642957580955,0.795207411577145,0.811662973191721,0.836811603786518,0.869016927358325,0.907045770775733,0.955822371088683,1.0036300614838,1.05517539974856,1.11005849853861,1.17214168819614,1.23360866035304,1.29784522731996,1.36804413660538,1.43807970098395,1.51310302648987,1.58822054423644,1.66793209086175,1.76129851967751,1.83376619309311,1.95152526013869,2.28873065214656,2.1394244118352,2.06427101453384,2.12247690263147,2.19749736556841,2.22073141967881,2.10997655717345,1.98641500377254,1.88862265907874,1.81390545950179,1.75841640751738,1.72403632527314,1.70137261158418,1.68698558681776,1.69015553554093,1.71018235255685,1.72658906183402,1.75390053843129,1.78384967918989,1.81252441106753
0.0583846528072424,0.0995258324750418,0.167263097347878,0.2164562652987,0.272170208321582,0.33728293265811,0.415818641719241,0.513625148413626,0.651405280649864,0.822269380721419,1.06903668847774,1.43509329410532,1.98223759504181,2.1808701590712,1.53952221625938,1.19344636164576,0.991590955229212,0.8740114803415,0.806987556822985,0.774267523051866,0.765728682622477,0.774839254128818,0.797295757829291,0.830227784571662,0.871712345379731,0.920470296216565,0.982523654464264,1.04474104127261,1.1128763150298,1.19184661046462,1.27305544823304,1.36466746042803,1.46313674900163,1.56929021382576,1.68343626810259,1.80532716563582,1.93657889375906,2.08375263991951,2.29458920019418,2.34784447659521,2.10209059646809,1.95979764029477,1.84866688512847,1.7682754183133,1.71211414401667,1.68674927677562,1.69259630575164,1.75352133209826,1.80245905610988,1.87772077997308,1.97588697886845,2.06494434972341,2.1083839047604,2.08073354809299,2.00523506121487,1.92187898516035,1.85280764111053,1.8059707510471,1.78372895477889,1.7815425728415,1.79947586955313
0.386019107247447,0.448365616613421,0.518207707091113,0.611033561134934,0.707160116727297,0.822455932702981,0.973458979216785,1.16037528032334,1.40298460606191,1.71103366101193,2.02907360698048,2.01548414572069,1.69269218889171,1.43141082831394,1.25021093970351,1.13479295259818,1.06364321225249,1.02610518931074,1.01439950311748,1.02280589154445,1.04707452288175,1.08401441401314,1.13118684799905,1.19155958312226,1.25499501666603,1.32789131947626,1.40212672569305,1.48282166333915,1.56490863499844,1.65452623095685,1.71909895516718,1.78253652734359,1.83040825823844,1.86054027326428,1.88923235797028,1.95895024858896,1.85630121986598,1.97442126914292,1.86767568165254,1.81437406258558,1.8105038305386,1.83077907443106,1.87377022244604,1.9009992498467,1.93709047592683,1.96197564114982,1.96410425997882,1.94089983420816,1.89926877383717,1.84440933936557,1.78481231069794,1.72554940752577,1.66596143216532,1.61364670045864,1.56472302555619,1.52865523500289,1.48418246441783,1.45298303896702,1.42964136842751,1.41763162787142,1.42252562921028
0.573313101353047,0.677546526917194,0.785363482694424,0.920506052807216,1.07905588305864,1.26776378541736,1.49070387389322,1.72326042660715,1.87663490322633,1.82384646413048,1.64001203748593,1.45844827508295,1.31502160559332,1.20811279905082,1.13528451607302,1.08889460286624,1.06510913546282,1.06094827115433,1.07415241850013,1.1030665883139,1.14660110544408,1.20429749623018,1.28091671449181,1.37114053956794,1.48800435350403,1.64687105444382,1.90504091555771,2.49612501415585,2.1466578167,2.2372480001385,2.20365648168208,2.02716445460993,1.97624825360426,1.96515918472753,1.94665763009558,1.91841920160354,1.88238616306173,1.84611618066514,1.81678273862073,1.80140250384643,1.80162039223973,1.81804423986626,1.84796286814433,1.88630327043824,1.92109116030861,1.94244617422204,1.94209297634761,1.91845170642244,1.87682657795139,1.82765860037235,1.77194584418976,1.71208047132362,1.67023718188026,1.61403376861464,1.57482981841609,1.54490962076862,1.52636453655766,1.5246792326593,1.54564135648241,1.61009789275395,1.75521142915507
0.432208918277173,0.512064799923173,0.616169894904834,0.726829744956929,0.859058452821008,1.02852202643285,1.23339307622094,1.4850899254832,1.7667394465611,1.95285579694628,1.85013914225164,1.61182084907129,1.40912164554589,1.26065870535848,1.15957117622195,1.09401542404241,1.05800141431937,1.04721000170412,1.05866106482203,1.09043116331216,1.14150756550798,1.21176237845654,1.30625781339913,1.4231222079147,1.56826418972638,1.75447997412146,2.01065107710882,2.34631486305664,2.24290075756485,2.15336332507846,1.99188059789253,1.86468835944367,1.78108368009311,1.74016422795826,1.74233204389526,1.78605602615411,1.82858596080153,1.89061215955893,1.94868463067892,1.98724652361956,1.99683672764698,1.97575438785115,1.93539085011623,1.89008993697691,1.85193253208548,1.82877200928642,1.82628536015927,1.84313116678385,1.87714143474152,1.91956063403837,1.95734899692,1.98130647174431,1.97930996504547,1.95246592181227,1.90563790395832,1.84856084556285,1.79003385917303,1.7324076563751,1.68009577049117,1.63668222100539,1.60570865623068
0.375816838116729,0.444840007080814,0.523479673191269,0.627543432174491,0.738793167410097,0.880963231586285,1.0495717404018,1.27157829978323,1.54605796092322,1.85993373672452,2.02932229555598,1.8230292147745,1.54771198507983,1.34007584783263,1.19486589434442,1.09873909936077,1.03434694347602,1.00286167210588,0.995001931422145,1.01210302757416,1.04302637983581,1.09063271199643,1.15425721027001,1.23812074934843,1.33611337865674,1.45718841489109,1.60358358673035,1.77907467882814,1.99909484922812,2.29849054917532,2.34955419812681,2.15422937021308,1.99147055772852,1.85336846990809,1.75641312081051,1.70029142752499,1.68292268087898,1.69529383966972,1.73451730637524,1.78682112397276,1.84615046435777,1.9054193658386,1.95161883095423,1.97355624935141,1.96681148797417,1.93682169379939,1.89429999471681,1.85049183797414,1.81540132006486,1.79186169556188,1.78630692465489,1.80786027429523,1.81410400571516,1.84272202431751,1.87580206241223,1.90349242920632,1.92002290396957,1.92090181253216,1.90535509725345,1.87646710976416,1.84939175468805
0.512308256678379,0.607195660092594,0.705161610280141,0.821213175042077,0.97065202106921,1.15088033706321,1.37555697680445,1.64340283214175,1.89981291395414,1.94597025060532,1.73203750641688,1.49754195115689,1.31799521565129,1.18698968452498,1.09764725132129,1.03559959941781,1.00327442411276,0.992560353872552,1.00074981705,1.03116573696882,1.07330497184781,1.13133729272445,1.20972099321982,1.30301438680171,1.42089492883656,1.56737539160951,1.7488178289284,1.98589057288035,2.31169883402516,2.38742414142766,2.17601247487975,2.01333565747138,1.86470238186522,1.76036759503357,1.70436458333231,1.68845841951265,1.81915840066996,1.79672274074067,1.85656572243877,1.82668787141481,1.85764602166105,1.89247510234321,1.91361532750548,1.91638678695028,1.89982312604795,1.8708183014987,1.83295170457061,1.79339041844813,1.75853718234378,1.72938189287939,1.71280131107236,1.73689862258431,1.70825623181933,1.71934368144369,1.74231510215438,1.77278070903609,1.80818471899341,1.84173582291766,1.86956224899661,1.88838851274864,1.89332859235946
0.512367733078304,0.602842551584956,0.694448826595831,0.8012762571406,0.937352782084607,1.09925212913503,1.2968089003142,1.54346712237963,1.81513440379305,1.99161683547388,1.87294747980656,1.62806012720944,1.42557196310453,1.28256071406659,1.18884748459995,1.13872247029057,1.12310576777657,1.13732767026154,1.17807681896275,1.24682742535475,1.3368999980698,1.45473419565337,1.59899319452601,1.77210254100084,1.96453678636556,2.15102185796328,2.38604953768764,2.20368670980905,1.9818760446569,1.9399009005606,2.00489576686771,2.10874593786202,2.16813621480462,2.13102377419344,2.05407899501543,2.00332740884217,1.99611047387945,2.01385822249903,2.02778652365481,2.01341065789602,1.9642614335127,1.89156101541246,1.81204510659422,1.73314099743086,1.65890917070023,1.59071468800998,1.53107094140396,1.47621142606822,1.4288361484292,1.38325841709265,1.34670109615894,1.31522712970106,1.28926672568242,1.26937457215478,1.26043118629652,1.2492383158831,1.25156169536558,1.26693658731422,1.30021300136158,1.3633929070185,1.45914418305425
0.550259177715823,0.649070331786964,0.750148485009425,0.876015833645083,1.01761657192697,1.19293523757144,1.40384259930904,1.642170646493,1.85784462778853,1.91741867449863,1.77473621636359,1.58075148642703,1.41999614270086,1.29886260758426,1.21231995592461,1.15926811495099,1.13103032058963,1.12389100946076,1.13478436381617,1.16525094698362,1.20576491036987,1.25791745086624,1.32387585005,1.39703795269248,1.47631732231803,1.56134315813651,1.64750341066964,1.72990050641745,1.80259603240146,1.87029845480283,1.89894100895914,1.9592216064444,1.87150068280768,1.85917452822299,1.8280145278107,1.82188628891469,1.8478860105925,1.85427081520041,1.88969152144094,1.928112668995,1.95331154854162,1.95524384741901,1.93056952997333,1.88347132099951,1.82588100071966,1.76295875371012,1.70090886281499,1.64421878424017,1.59098861085189,1.54547596049221,1.50571066683945,1.47284429296701,1.44759801660848,1.43309437146689,1.42996725909174,1.44386063371555,1.48153959495304,1.55820491434803,1.68284201074665,1.88067722316192,2.15543898572166
0.72925447856661,0.840690621610108,0.980926802103713,1.14363930698738,1.3371572810639,1.55170190736937,1.75139184427848,1.83841773198694,1.74785278026032,1.57627432932405,1.41701074461918,1.28956738253548,1.19504841389489,1.13369887274315,1.10072240818355,1.0958129573729,1.12076196410084,1.18042550945613,1.28822364139237,1.46117325878079,1.74404169780741,2.20605147391729,2.31628738764997,2.35135637093618,2.01194951129311,1.6986775046087,1.58008147751648,1.54461952147233,1.55847279453186,1.60180795468779,1.65845610463,1.72735125383623,1.79660305479515,1.85610632776252,1.900003674792,1.91908315876912,1.91309823213243,1.89113191169967,1.86159327551972,1.83625986464076,1.82465586887056,1.82985812478084,1.85205034154026,1.88649348195826,1.9249945391953,1.95282882296382,1.95973614289867,1.94117710122556,1.9018171030479,1.84730625618449,1.78908739491543,1.73111349561754,1.68386257531982,1.68088108799645,1.58919737235471,1.54988706967759,1.52163500165766,1.5040494107385,1.50347056595549,1.51589211222474,1.56116441150113
0.169323859206498,0.224134875969404,0.285037328627803,0.354516687159833,0.435729329023668,0.532832708466193,0.663413924992447,0.814290164096039,1.01558684814177,1.27950202187154,1.63888559763982,2.05666133358864,2.02917069503423,1.61567571524629,1.33307873762362,1.15076456992009,1.03186128571883,0.962827292477501,0.927152089704584,0.917124961715037,0.927420792265052,0.95432590672815,1.00087704544412,1.05512914300063,1.12095919940495,1.20210626305313,1.29148794958966,1.39643226647871,1.51457710260587,1.64714410555011,1.79559641958699,1.95533091814292,2.12711259627746,2.3785730543528,2.25030239121358,2.12742366668465,1.92764325332237,1.80194257484723,1.78126264700769,1.76232129754491,1.80054070402729,1.86399491216815,1.93500102614958,1.99300599246904,2.02029382006983,2.00518837244819,1.96085354600969,1.90814800416258,1.86381754593455,1.83880369762621,1.84446419780949,1.84545591511911,1.86877442464724,1.89658049239662,1.91892054559481,1.9277079775629,1.91871407023598,1.89264539967453,1.85388959872543,1.80757964980584,1.76642738497486
0.0341047520048582,0.080351323259392,0.130663299705065,0.21148091546538,0.277776313681667,0.356203303372817,0.451398443823874,0.569939953485503,0.733721921197097,0.943076709351263,1.22951025634121,1.64271977135817,2.16521013151425,1.94272679388992,1.467709252852,1.18923238820501,1.01685213656896,0.913915906254807,0.854670891653194,0.826810213530549,0.822320851344026,0.835813267112116,0.863605877813025,0.903181208529015,0.95284481045948,1.01738384976841,1.08536411901784,1.16166840301429,1.25057522517731,1.34500199874583,1.45213091614774,1.56902576960927,1.69600348206568,1.8321651171102,1.97803807851963,2.14628689712666,2.37440814408774,2.19942521547309,2.00335812966269,1.89309612925964,1.77675769064361,1.7333263837404,1.68554938220078,1.69413800438934,1.72629378317423,1.7898137986198,1.8721353104772,1.96164422517448,2.03748702630294,2.07241276400116,2.05036384209572,1.99083655249557,1.92290140071808,1.86408056180814,1.827048628798,1.81369589992984,1.82064942246628,1.8429321000966,1.87354570464286,1.90428505802025,1.92691365508476
0.567353458044402,0.666950861561261,0.76844446499164,0.895282534462806,1.03761344884278,1.21907616437879,1.42753437557574,1.6671854857544,1.87746897670375,1.91895098059624,1.76364371757647,1.56845778736689,1.41000760185098,1.29213196912328,1.20931638540308,1.16049622507671,1.13709423578208,1.13548613517907,1.15270480374947,1.19070342296256,1.23966512686621,1.30495562448449,1.3795157511848,1.46854627934068,1.56658743633169,1.67367624203223,1.79617072161659,1.99169457062832,2.42866171965235,2.18157121731372,2.39300240435054,2.10685731420461,1.98679462539191,1.91964514789166,1.88414630874278,1.87593028849245,1.89303290491753,1.92674221785798,1.9601508067976,1.97768185070241,1.96744513510222,1.92906480842333,1.87054264553564,1.80363854527896,1.73580395718395,1.67105457870782,1.61314679433988,1.55951679497926,1.51449122087681,1.48164363158659,1.44448586807689,1.41589455684835,1.39914598266923,1.39460253050079,1.40089589665888,1.42671569813227,1.48802730605884,1.56627625271565,1.70345693837066,1.90738466410891,2.17374792002658
0.355270216891841,0.421384909445064,0.496298826277469,0.594884519523261,0.699865365076551,0.826876419043835,0.992395918859531,1.19832577079703,1.46336207835485,1.78760493147549,2.0447769882847,1.90040917442416,1.59694462514322,1.36665751158331,1.20802536352802,1.10408399124722,1.03476015699318,0.999361759179804,0.987051491088928,0.997921284285728,1.01930622177811,1.05279957910684,1.09619803852128,1.14771179901931,1.21034368123645,1.27474441548377,1.34667865785696,1.4188832030337,1.49576060106705,1.58356076945667,1.6415462878789,1.70710695738655,1.76168089577048,1.8057981877626,1.84555531744162,2.11631711163275,1.84667744456716,1.911192420841,1.93722467263685,1.79437990212796,1.76146101086477,1.75088576365801,1.75511638971748,1.7732834008739,1.80007556422019,1.83506909642039,1.86807472363031,1.89296787545255,1.90446904879852,1.89657146420861,1.87030110523409,1.83297354618668,1.78464045507173,1.73477313514574,1.68325182593728,1.63485103074859,1.58784383898623,1.54928952025637,1.50765617693179,1.48310201063619,1.44412028648515
0.886782819006947,1.01387574193783,1.16963931792452,1.35301739925728,1.550697578401,1.72864523708556,1.79733777130123,1.71612274599182,1.56142687219706,1.41361652278407,1.29237706015191,1.20112564856233,1.14185072997564,1.1107864375852,1.10919936747079,1.14159259054512,1.21841342884365,1.36631640202129,1.63770274753329,2.12667212712885,2.2214641782877,2.28138452830154,2.18809321432572,1.75684389672643,1.62487860468929,1.60847947162795,1.65631783924929,1.70944146715407,1.79256516043861,1.87918575516199,1.95318408456346,1.99772501554137,2.00172513603848,1.97816356522742,1.94709606480378,1.93146362405117,1.94493893789089,1.98661306958557,2.03898254287712,2.07204631142493,2.06061539359192,2.00441340316692,1.92249255968695,1.83820994750103,1.7591906273703,1.68949378919641,1.63121429137961,1.58504418420146,1.55518581664411,1.53575786682593,1.53566032860324,1.55787158881961,1.61136846603754,1.70597170148945,1.84095690330212,2.02138686294926,2.22244088196591,2.26275779236993,2.06248195282355,1.86402989561554,1.71831442061943
0.842852354887344,0.980501774386059,1.1392364796768,1.32675199718232,1.53235652485747,1.72173504811435,1.80708715512496,1.72933466396458,1.57190879810963,1.41655660584449,1.29116939690647,1.19665808920883,1.13473419361556,1.10147498874131,1.0983434910313,1.13041535716309,1.20921124759595,1.36310038124122,1.64527586388326,2.15044137378314,2.3137738681082,2.30981177427263,1.73589903324052,1.60103809999268,1.47601566062621,1.50957244494972,1.51188431983033,1.56875728159672,1.64214902111364,1.72119315064034,1.79805115782441,1.86224506163422,1.90746429906875,1.92457915682961,1.91524437591048,1.89159729054712,1.86415555639977,1.8455546073884,1.84476549535808,1.86223949596587,1.89522959152703,1.93133366470965,1.95904646032835,1.96364775702697,1.94136278839294,1.8959574165782,1.83934405532312,1.77820868312475,1.72172409011217,1.6609748780066,1.60876909617458,1.5657593844919,1.53802403394418,1.50104872837149,1.47731159028675,1.46480819985577,1.46453709789226,1.48073633252946,1.52335707888291,1.60452141278937,1.75087093827034
0.531529381116935,0.627138288136516,0.724819613805355,0.839195191394123,0.985486358457256,1.1598393226968,1.37557132106704,1.63214467200605,1.88547823381227,1.96472422841701,1.77928552323784,1.54966071965016,1.36992230328896,1.24454489591053,1.16682606847907,1.12613223773195,1.11706019036186,1.13547733169444,1.1784023963562,1.24754570858739,1.33602926660068,1.4502514580445,1.58851941077208,1.75326338004249,1.93596690702239,2.11338883548747,2.40457604398691,2.20095975605785,2.03525947951405,2.05663488776578,2.142686830238,2.16721846889269,2.09757780241112,2.01798799403918,1.97964550001992,1.98268360673591,2.00284437850959,2.01096044640142,1.98775744434817,1.93275106891004,1.86001193090684,1.78045655878373,1.70403159780767,1.63430544897417,1.56890184904913,1.50929691905577,1.45792465197234,1.41324473997245,1.36884604231504,1.33390771400042,1.30454783281749,1.27651736202283,1.25580650372431,1.24140061245734,1.23564107550338,1.23356615457395,1.24433311745922,1.26975740529156,1.31600542551034,1.39772667395071,1.51751786780789
0.753399027879417,0.861794566869574,0.980093533358424,1.1257505544856,1.29925892573265,1.49523460532768,1.69612327506886,1.83857934314873,1.82799808141559,1.68884213702388,1.52631419925933,1.38773663774062,1.28005044966036,1.20086851656755,1.15079710866812,1.12357830302439,1.1172345942867,1.13056163848258,1.16324177914036,1.22018756276829,1.29688513140336,1.40605150400879,1.55756658066297,1.78649721007304,2.16497124778915,2.42688057127487,2.1922851913456,2.21402093249768,2.06097022546189,1.92760553100491,1.87925330998559,1.88043738194881,1.91483826755275,1.95360162614273,1.98227483075856,1.98686764559864,1.96897407067025,1.9357334911222,1.89754135695357,1.86408545549064,1.84447766614144,1.84230855586615,1.86013380837044,1.89671269650966,1.94747892874572,1.99948232969364,2.0337317210151,2.0345652676138,2.00207092004955,1.95984527529083,1.88044584235354,1.81154611343835,1.75437781194123,1.71147432170693,1.69079611214627,1.70063798176836,1.76039165936585,1.89548400824517,2.13181597685375,2.39711491968942,2.15988582091521
0.353081759440937,0.416202748960253,0.48741063507193,0.569714185273403,0.680547676554852,0.800433162696789,0.956551546260045,1.15053954987189,1.40107402331732,1.71538867864035,2.02354676077832,1.98328981777919,1.66918183234652,1.41401807102953,1.237965070053,1.12066869153352,1.04429100886698,0.994981299990004,0.973862568976909,0.971702981789907,0.98982727612902,1.01585604769376,1.0521762680496,1.09706098064305,1.14912796747449,1.21173124702822,1.27586354288383,1.34761056899685,1.42051439768816,1.49908281158665,1.5780183153976,1.66199661353705,1.75170183939718,1.86564745085536,2.11634682142174,2.35753425530453,2.00800151443296,2.04469063714387,2.21268541918112,2.32132045389667,2.13161415049628,1.97234931904319,1.87425751418372,1.81986619137392,1.77454551063805,1.75752738038456,1.75870864706104,1.77533428289917,1.8039537224775,1.8396750198189,1.87772264428524,1.90788376296115,1.92601925290777,1.9248573529865,1.90452541892126,1.87102161418186,1.82682223386802,1.77973874463065,1.73161173543279,1.68482657974025,1.64662812946111
0.447946956911593,0.519786942974537,0.613883491767452,0.710452381639829,0.824178555948489,0.969855579520558,1.14450529243195,1.36219967241923,1.62626900862151,1.90251015485031,2.01969787714648,1.83482724265168,1.59183057557174,1.40288289514725,1.2701499968117,1.18019069128912,1.12825166548209,1.10373136733635,1.1015283588678,1.1176423494904,1.15325384719604,1.1980840572641,1.25374437293315,1.32293445606056,1.40264517923508,1.50784663835932,1.56543978835913,1.6526560094541,1.74029431932685,1.81860889875835,1.88393419464509,1.9324310654485,1.98009975588763,2.13123728344613,2.28068099909278,2.0950950948518,2.36196138282634,2.12353492125115,1.92212665500861,1.87255273149881,1.86156857374995,1.88598000141072,1.91801006710568,1.95556009601633,1.94671487148037,1.92840689594872,1.88892074061383,1.83610907294323,1.77877127834013,1.7189319198078,1.66085099365469,1.60882002379108,1.56167029245102,1.5147794011441,1.47639931182712,1.4435200654788,1.41760707360764,1.40742430301061,1.38630545073848,1.39323367258837,1.42202633592953
0.51975707026131,0.620961590725977,0.726716113712397,0.851727855800778,1.01150817957628,1.20320921135853,1.4387574621168,1.70681272202868,1.91998540212197,1.88368554857015,1.66305105110323,1.45443232595967,1.29804800779342,1.18783559829667,1.11847894770314,1.08091309835087,1.07053170165901,1.08401878921737,1.11913445344022,1.17460154355765,1.25418503983883,1.35200086828481,1.47740054251301,1.63395717202021,1.82480999463259,2.02948984018428,2.21468940007251,2.47699452363141,2.08226353921851,1.91613511035773,1.88184115977899,1.92022662510053,1.97706352441274,2.01177568241871,2.00320687507417,1.96334264004297,1.91673929976174,1.88244420054526,1.86994724504797,1.87669821655955,1.89496761911674,1.91319952946874,1.91989288147527,1.90787761321117,1.87668410711322,1.83007608590906,1.77656080303391,1.72029305167365,1.67143501708401,1.60777469331284,1.55644880406077,1.50737524370575,1.46420151470187,1.42462421087309,1.38848838144808,1.35562197277156,1.32593669797579,1.29661724671872,1.27240877322269,1.25087354000179,1.23194174691815
-0.270801123435651,-0.231579785163459,-0.189638841357942,-0.143307194898258,-0.0904735019851109,-0.0283396942198304,0.0469514924311842,0.140909184650984,0.284536460896963,0.446828408152537,0.679440069095615,1.01455938880857,1.54950454448815,2.36273245585358,1.57888678808166,1.10915894356762,0.855770047599693,0.707179035920965,0.611380072726042,0.561330507612845,0.537772510873289,0.533190487231491,0.542641498323134,0.562777361781781,0.591281804975533,0.626530122034452,0.67561159972476,0.721708342090762,0.772121276864193,0.826518524523573,0.884736134268378,0.94675387875119,1.01267792059625,1.08738373755608,1.1624755375862,1.2425252170419,1.33078876250414,1.42268304979706,1.52273305987233,1.62770624923304,1.74016548372227,1.85780758956046,1.98175614037486,2.13384386198724,2.55777928375832,2.23730010685562,2.06261209876053,1.89119190877635,1.79237124023157,1.71742450745556,1.66261615697971,1.63296145295874,1.63198749325981,1.66207989903425,1.75191907931287,1.83439070563352,1.92911895265615,2.05874881552164,2.1611211777735,2.15915226128981,2.06238187305204
0.447942533112673,0.519787735301245,0.614008744274676,0.711543537762851,0.827392743137312,0.976620575412262,1.15732431245556,1.38389194214677,1.65741205746734,1.92612088623357,1.97624659783542,1.74717124620152,1.50528584984981,1.32479121188275,1.19599430272919,1.11055565804887,1.05692131104608,1.02871719628513,1.02110838022482,1.03038032438173,1.05362986665664,1.08854818984376,1.13326134042534,1.19023439651114,1.25101071862294,1.3176715728185,1.39296855951225,1.47199529527879,1.55400124453181,1.69676662794234,1.7261280526029,1.83932263878185,2.22855453188197,2.0361617187239,2.05674194438318,2.37174419622153,2.18874105130364,1.96696213064778,1.87697334320069,1.82450723149933,1.79834396595909,1.77534594109548,1.77491013648375,1.78934814938961,1.81572228830488,1.84912899402571,1.88414623948494,1.9098189823673,1.92017448952587,1.9114349825124,1.88466318889116,1.84328824045747,1.79552896450673,1.74341402587186,1.69335721684258,1.64418069520217,1.60168983606681,1.56575648337544,1.52644364735736,1.49801782710191,1.47968461438794
0.447568980440479,0.531187261416637,0.640948291979232,0.758771912312455,0.908375708842188,1.08937133645772,1.31210641205782,1.58251167412975,1.8581543129288,1.94211916027131,1.74421202195138,1.50613787898802,1.32221108140026,1.18812414121107,1.09601654186248,1.03112183152041,0.99490192431466,0.97881580549216,0.979496823246922,0.999146897671496,1.02681511841954,1.06523936467695,1.11328391111344,1.17038308250832,1.24254734438675,1.34061783040396,1.65183598344141,1.49002475137985,1.56335344250052,1.65367416426948,1.75247299384425,1.85050013144622,1.94773260600302,2.05401738526022,2.27911036046876,2.30245310716561,2.14922805816442,2.14562225645309,2.08374489403416,2.02699622517947,1.94889222013694,1.88531471610168,1.83473791277866,1.80089436964879,1.7818195816346,1.77916773101222,1.78884261914532,1.80655170033197,1.82797276599549,1.84722015027009,1.85225238041102,1.84762231337272,1.8306627613565,1.80203804685837,1.7672063215597,1.72804780524961,1.68578557840674,1.64533103165283,1.6066392910758,1.57203001248032,1.55552893191653
0.748047197669771,0.87659711199509,1.02001809982795,1.19504727718416,1.39980928343756,1.61658462110677,1.78234519210626,1.79602647915972,1.66557007178198,1.49683315847693,1.35243984959608,1.23913715396398,1.16001964245136,1.10996347701989,1.08893204530002,1.0993050392725,1.14731325509268,1.24536890370077,1.4245597285803,1.72486670691121,2.21616050845413,2.42502782191061,2.03857088906683,1.65804170453556,1.52802712308819,1.4226776738034,1.40428836347726,1.42279013139702,1.46680107714659,1.52293488307563,1.59117751127847,1.66416991651484,1.73556822903605,1.80317563272324,1.85825615173765,1.89327827674306,1.90598655080516,1.89701537929876,1.87618208859539,1.85070830868503,1.83225530959459,1.82479951789144,1.83384486681994,1.85772496189608,1.88821121401678,1.91680572469049,1.93284303091219,1.93003373431423,1.9043152782175,1.87452994282089,1.81320525885859,1.75730898976485,1.70418176491544,1.65258743914528,1.60695018676422,1.56630151280607,1.53125557271566,1.49993947043981,1.48577818265281,1.48190025224995,1.44588697741333
0.248219577478598,0.30469543633292,0.368025192357103,0.441027946682931,0.527323585904383,0.644157606474968,0.775676043575786,0.949879956094566,1.17402053978991,1.47389432071091,1.85869660388548,2.130002421609,1.82425718491156,1.48136483585789,1.2491946000071,1.09690228243565,0.990960607652958,0.925070270195961,0.885582089878522,0.866177051721064,0.862337281083995,0.87075108364885,0.888939963582563,0.915014917635744,0.953570875408428,0.992084560583327,1.03506191449798,1.08177249663481,1.13162844779015,1.18921411663664,1.24497112256005,1.30662109542246,1.36908682967653,1.44543332902656,1.65266685384132,1.59909604408153,1.65291204579379,1.65746879729147,1.70502478329801,1.74576361347321,1.7773485699166,1.79760526229433,1.80576354570927,1.80467643432037,1.83201995290616,1.76998468223097,1.75787939120975,1.77337004917288,1.69466820431997,1.66850190978684,1.65189931232398,1.64318473824576,1.64236802203565,1.64930665998432,1.66342890992563,1.68368081162853,1.70855315750223,1.73622747796879,1.76732529211242,1.79551165598756,1.81554681533946
0.764178667208221,0.872181158579643,0.98955258592008,1.13395260909829,1.30546393138712,1.49818746367136,1.69478085247004,1.8346943653451,1.82793887526807,1.69481063926943,1.53560718556553,1.39795374778247,1.28946457301483,1.20803334919881,1.15447394347891,1.12197960863124,1.10806308076465,1.11074429300007,1.12854775502383,1.16049967216118,1.21082982401518,1.27182769686101,1.35302994889089,1.45664251567639,1.59908004383383,1.83542956767382,2.33374217419334,2.17605933540439,2.16855115902887,2.32287553319025,2.15841590932941,2.04173947044007,1.99894450751226,1.98193661908396,1.96118830851349,1.93162348314737,1.89586999869453,1.86007328990989,1.83194755194933,1.81379359546177,1.81245146914084,1.82865913858168,1.86357675076516,1.91045495746919,1.96338444588264,2.00736248703543,2.02721462609048,2.01423923063164,1.9699097772349,1.91055408015417,1.84979026306421,1.79101222516222,1.74496429482752,1.71589282700606,1.71757628887675,1.76099426150016,1.86609145094851,2.06768519736112,2.33286457359972,2.24084965631155,1.95035975824976
0.568204763077583,0.674542904692105,0.785473737995465,0.9251407566372,1.09056754584209,1.2896520183165,1.52737100205133,1.77473650481443,1.90907105298174,1.8000438434716,1.58995997514762,1.405191880186,1.26705490673921,1.17246345338401,1.11160026643006,1.07946102446725,1.07214699881454,1.08678300313244,1.12136442192113,1.17468995462996,1.2500568670593,1.34212084087968,1.45938049168663,1.60406605562516,1.79109409642659,2.03781911081123,2.51374311577869,2.30256721076114,2.05461534950058,1.98573500430406,1.99734761676307,2.02018149936536,2.01409120453851,1.97445811993442,1.92489167875626,1.88432481351314,1.86538519306393,1.86918994080629,1.89096808764585,1.91991343845206,1.94201447353414,1.94489783963979,1.92330634891137,1.88062241873012,1.82382439520859,1.76146016068003,1.70024676820967,1.64038492352859,1.58784017889195,1.53427350870199,1.48918487407909,1.44906510936272,1.41255804529771,1.38137555411951,1.35626845016339,1.33891844916391,1.33763565235239,1.31789447102902,1.32133474246329,1.34110149218229,1.38976593619068
0.77866416533214,0.910188405132733,1.06312410798978,1.24319964350323,1.45354860076957,1.67112154640417,1.81242081525039,1.77803441005187,1.61722841899911,1.44665790356591,1.3079269747591,1.20445681172634,1.13803623547668,1.10467207364178,1.10615979111941,1.14815250489254,1.24263999534283,1.42057217668619,1.7259542255245,2.20943973858133,2.21174528341751,2.34611055815255,2.21341228904959,1.71054304525974,1.54033154944429,1.46838370700998,1.45495251228657,1.48009805515272,1.52817461588597,1.61373701179604,1.67560205900013,1.75110657313055,1.83055058928114,1.89793884470275,1.94501311932512,1.96123657895939,1.94828719494328,1.91903723681978,1.88942808641651,1.8745594448292,1.88088393055332,1.9089835728805,1.95067152305034,1.99100189134653,2.00802378295546,1.99069111024964,1.94250173877618,1.87609906183369,1.80973687267493,1.73496959802179,1.67259377585945,1.61695966289686,1.57240883685326,1.53868885128918,1.51950953467354,1.51270765907367,1.53383964867864,1.60166956334117,1.71468103549308,1.93761605587333,2.27582985226706
0.652096592556315,0.741116568328865,0.852065936458048,0.975066493875633,1.12805330778781,1.30936390805818,1.52650054635086,1.7467650012572,1.88756561237733,1.831718253941,1.65086050425038,1.46913681020199,1.32333410507009,1.21266828185337,1.13532286458341,1.08350658784325,1.053408217522,1.04201419019436,1.04702061119768,1.06671721316806,1.09991897383244,1.14596633127471,1.20857898730822,1.28223635270744,1.37582549331303,1.49359797434506,1.65465574868564,1.92098204331991,2.3964079592419,2.14221517373202,2.12760086537901,2.19131825401125,2.13567990393544,2.04519450023438,1.99767134945937,1.96010215925352,1.95787682772083,1.95314197172369,1.9376434328022,1.91024217596153,1.87429705584912,1.83507812412606,1.79934805604953,1.76845797383038,1.74873028682911,1.74114725328926,1.74723045764164,1.76718259192893,1.79955004257976,1.84237631144893,1.88747383731566,1.93120750231923,1.95929105248823,1.97588364981014,1.95905031617449,1.92097072679842,1.87814251111099,1.83192623256839,1.79235539239313,1.77678054003057,1.7717218251915
0.249440527596659,0.30492117131597,0.366492640409767,0.436573407371459,0.518248599814033,0.627925939577095,0.749063411000354,0.908042129711139,1.11050641752697,1.37793022900916,1.73898106823513,2.11085557571595,1.96810585753397,1.58582120671606,1.32708008444055,1.15951545122064,1.05517199792471,0.989534423778758,0.959677548286043,0.953567015659512,0.965837827880043,0.998332866358037,1.03771117248864,1.08700853233229,1.14474778904918,1.21442583614076,1.28695687960026,1.36877438926765,1.45298977381344,1.54423939456751,1.63783025034285,1.73155108524459,1.82127962104098,1.91035681813288,2.01743221481761,2.2552942119639,2.30633682218474,2.07065982906846,1.95256141993984,1.98057785653072,2.09503224521808,2.24926331064679,2.26596304985522,2.12278190160286,1.9962009729013,1.92476767611635,1.90072335861098,1.91188579775445,1.94484418895572,1.98321705080614,2.01157280733326,2.0139705437378,1.98900577153948,1.94059163714641,1.87921231706472,1.81248641798432,1.74812690927078,1.68806965506527,1.63393716910741,1.58305444818476,1.54450542104274
0.289628023869922,0.343944716518888,0.403971282361081,0.472149706927327,0.551606994912857,0.659860043602153,0.77849944907308,0.935685754973701,1.13621443137583,1.40466340583484,1.75911784158467,2.1168460895004,1.95475658474249,1.57838251778995,1.32099819012037,1.15230397653643,1.04520803500381,0.975742588127078,0.940908707737733,0.928845438669406,0.934183688564847,0.958547453751478,0.98877341569617,1.02762597000702,1.0734611162951,1.12498167989806,1.18623920390642,1.24711988555646,1.31473902282677,1.38164192016636,1.45296091393816,1.52205855617409,1.59291096711344,1.66233832405303,1.7672122939819,1.77414398382026,1.81811533949432,1.94208356681706,2.01016470636598,1.88036445896332,1.95592516415913,2.49140911842796,1.94237718244499,1.80990967104022,1.76422498127573,1.74887799783432,1.75616323518268,1.85032163079072,1.80700534987742,1.83024237570876,1.86584387113511,1.89858569923339,1.92279034084455,1.93615431284636,1.92088098027241,1.88918398355348,1.851045909455,1.80531998567938,1.75827125402294,1.70987539030677,1.66119688819261
0.201058694605078,0.252444244880149,0.308962674336943,0.372905170690028,0.447206565097061,0.535777051015672,0.656454257694577,0.794694335702901,0.981001462820289,1.22722920058002,1.5699833258186,2.00781980747745,2.11811898806834,1.66798227662017,1.35423158566265,1.15744696470137,1.03541925146802,0.95859230986137,0.92089827661974,0.909164230904314,0.917245224454907,0.940843279903713,0.982472213140634,1.02968918772964,1.08589935176313,1.1500506079971,1.22586430646533,1.30489860486176,1.39372094152545,1.48604593211452,1.58678008033596,1.69183538457768,1.80003921611566,1.91315702265562,2.05476399523143,2.31912002256289,2.26924790911954,2.03791560615475,1.93345082975323,1.88342301347542,1.86966237511315,1.91380419264947,1.99566069013035,2.10126313064478,2.17302377091133,2.15265104591765,2.06266649683715,1.96776074286428,1.90209532920078,1.86954490468721,1.86843511634429,1.89043004252645,1.92351094823709,1.95573580014136,1.97513032847179,1.97304350978448,1.94781613985044,1.9034556243628,1.84869484064243,1.78963635917356,1.73181218572027
0.415526861777142,0.494261851065527,0.596586310161582,0.70557155489662,0.836105035304879,1.00383885002722,1.20844557810448,1.46366362014593,1.75675573052879,1.96831884393227,1.86328755383888,1.60781215876661,1.39663257825555,1.24640369317088,1.14798049583286,1.08884113073534,1.06258961640498,1.06484945458463,1.09286511637032,1.14524743534104,1.22522778773273,1.32864105374098,1.46411270565846,1.63523569308086,1.84302611011357,2.08396324033471,2.38737251312501,2.30647124504792,2.00495255611773,1.84078268406666,1.80189408897654,1.74129385376156,1.70184504117944,1.74317906104877,1.8072176890973,1.880572750268,1.94500186457456,1.98260534183641,1.98500722626584,1.95674643688042,1.91649645468181,1.88192650593572,1.86546660250263,1.86924958050819,1.889852735388,1.91805938050934,1.94135652985095,1.94825473498665,1.93772097347184,1.8944948855772,1.84224683696233,1.78468418284664,1.72468808181194,1.66785090713447,1.61372620329442,1.57561981035855,1.52278037465023,1.47662663150017,1.43952546567064,1.40729218324655,1.37796779820258
0.374742013094471,0.445333650416228,0.525904641743334,0.632187649583418,0.746293584866012,0.89197216887742,1.06504142629053,1.29289998898064,1.57367874859889,1.88602361946544,2.01750178376322,1.78726201177792,1.51896588597158,1.32499489044619,1.19155047132557,1.10769348229581,1.06068538216988,1.04371951013964,1.05198878195852,1.08215417479228,1.13201622401789,1.20031667128821,1.29083255803032,1.39956553621469,1.52850798174597,1.67949503977105,1.8556669747537,2.06534986069071,2.36595732370037,2.24816302360298,2.04227354875327,1.90204683883854,1.82123094895935,1.80265895427801,1.79820003275591,1.8472122831432,1.91787098516796,1.99121400237917,2.03948356770772,2.04574583258509,2.01092478969307,1.9573198401255,1.91064338828798,1.88366892821949,1.88268288489773,1.90341925015483,1.93818723085143,1.97108747584061,1.98850737451252,1.98022140621295,1.94556565689754,1.89154219362996,1.82898567892353,1.76506591923739,1.70173488079319,1.64287552172672,1.58905920988201,1.54338213456387,1.50647148082894,1.47141066631734,1.44673441253326
0.473491053125195,0.556590311300456,0.665586468210547,0.78083408256112,0.92685662381288,1.10209644873715,1.3164428969706,1.57968853169757,1.85097901437917,1.96297312062562,1.78732455573156,1.55056480344502,1.36393917770801,1.23227617304855,1.14796946491945,1.10021279338118,1.08376884784439,1.09505621608613,1.13193887776007,1.19364228457119,1.28520348544353,1.40528382229182,1.55997672772787,1.75856892392512,2.00302211703192,2.25636245355153,2.52635912362786,2.32589890154562,2.31305494610842,1.86483990107236,1.77379571105115,1.79068001559917,1.85169698740709,1.92525807817303,1.98387306784271,2.00712944942943,1.9907329046751,1.95088879660037,1.91203250878825,1.88939315753934,1.88870007598151,1.90392411757745,1.92411125314564,1.93606929261765,1.92964494069677,1.90193423786703,1.85599610575239,1.80202355757177,1.74516315633989,1.68220734686593,1.62391289268181,1.57091044766725,1.52000408229672,1.47522795479723,1.4343593715997,1.39762749464314,1.36767944600357,1.33473740641282,1.31332244340252,1.27920080796849,1.25674153508677
0.832773244350473,0.968181794374378,1.12482789631794,1.3109708061274,1.5176064751623,1.7128715287608,1.80782219990063,1.73339706352958,1.57241351326994,1.41303196560982,1.28535698475229,1.19076149475781,1.13111340474703,1.10338256050383,1.11051836399581,1.16043501396591,1.27329809726024,1.48274200227065,1.86782983177459,2.39219802363443,2.12817810036645,2.41676652077646,1.84150067701188,1.58122208084131,1.49391526588369,1.4819935583054,1.51180314157492,1.58112506398688,1.64306713445375,1.72580933252701,1.81058060575921,1.88734952501132,1.94305223325499,1.96905739371194,1.9640023550681,1.93725002202655,1.90713702333811,1.89045530621838,1.89495828766403,1.92159858807599,1.96158550002182,1.99887296820124,2.01075438460464,1.98754021946957,1.93476508625722,1.86555206948859,1.79305107815112,1.72478901216471,1.67851352004507,1.61036416734621,1.5635895635114,1.53031703999202,1.50921262982644,1.50408488795217,1.53842716551571,1.56297557118276,1.64253716452005,1.78235458939508,2.00839736511988,2.30477278130714,2.27677521721095
0.490256069023961,0.564362068172817,0.662618865577306,0.763325287329166,0.891248123578029,1.03794639372156,1.23063616643267,1.46535596919715,1.74433077627113,1.98699516146011,1.94643877448909,1.68901258777721,1.46101710710584,1.29659178662643,1.18436639674773,1.11627004214192,1.08116378583728,1.07273574395535,1.08608011939425,1.11737441085014,1.16361549030468,1.22689025988868,1.2975180784694,1.38102876093546,1.47200037982327,1.56923962896396,1.66659431920957,1.7616090810087,1.84679989707428,1.92134621730188,2.09655922489403,2.15117559714646,2.21049924405767,2.38132320144156,2.02023314761394,1.92240518467617,1.8907835698803,1.90071609279952,1.9289108955553,1.9582861740071,1.97377444171354,1.96124285668067,1.9240878290044,1.86778650384336,1.80289755454762,1.7362523903662,1.67177336637598,1.61175599316604,1.56950389934316,1.50927763957755,1.46275825377801,1.42372843159302,1.39008576042021,1.35902600451623,1.33893938116688,1.3213017967033,1.31324132855248,1.31645786498891,1.33503923400994,1.38018996104227,1.46423899951813
0.546033568368825,0.63769251483898,0.730158878972976,0.846809530373923,0.979116643651618,1.14611304647251,1.35217960411584,1.59438703115396,1.8414536200463,1.94790414720783,1.79906144373245,1.57457632934576,1.3855367431743,1.24311299220037,1.14129601789279,1.06928837743338,1.01741875767779,0.989237487182011,0.977256224299004,0.978917632255013,0.997373248427227,1.02137625370181,1.05433791477109,1.09530556823533,1.14358063142895,1.20338984286344,1.26630433346608,1.34003470999097,1.41942751099362,1.51302750402716,1.62324904635155,1.76681101337084,1.99224182362387,2.46107160348404,2.20243255007798,2.22903684117319,2.16804160135796,2.09391497821493,1.99668108779673,1.95735235431271,1.93826769962605,1.92075035408761,1.8979602222785,1.86773155298347,1.83296150468054,1.79396487674005,1.75514032176469,1.71959331207177,1.68762842230119,1.66326840113188,1.64610907977375,1.63541531325584,1.63471101877684,1.6425128389921,1.66164997594888,1.68150470063228,1.70918043879394,1.74058913572568,1.77473241095111,1.80621671745094,1.83349935658222
0.55683603428936,0.660325573282934,0.767264076351248,0.90216578734036,1.06165451757921,1.25403970587763,1.48712963444809,1.74354454106751,1.92481612267439,1.86096010735692,1.64635510780879,1.44670804834185,1.29448920250169,1.18472328123373,1.1137522752687,1.07402250267333,1.06257064119088,1.07792077574648,1.12002044275896,1.19031475294152,1.29640008519674,1.44124748482519,1.63983950279781,1.91512288134084,2.28917056672657,2.35170142278208,2.23367854588789,2.01698671575189,1.88789802303517,1.6631963410744,1.57542377339016,1.53320436357225,1.52678031510261,1.5454694950866,1.58271245301442,1.63550184769151,1.69504263438584,1.75993562334495,1.82251990467554,1.87486152947616,1.91099603966529,1.92548272993782,1.91749929356077,1.89088087211546,1.85528319853887,1.82086578577471,1.79207886045313,1.7763994159811,1.77528085215784,1.79104088628085,1.82124773760615,1.84830969763989,1.88249696207743,1.91148474201986,1.92529891189593,1.92094448929336,1.89907676455464,1.86405436249333,1.82046767287971,1.77449413002753,1.72789741609127
0.35431811699869,0.425551680846458,0.507053294369831,0.613955587726563,0.729352228157937,0.868961185978425,1.04957725978102,1.27565568731867,1.55205581752557,1.85556566554825,2.00143370159085,1.80143929313636,1.53696457780249,1.33747711233313,1.1940288172409,1.09623853996435,1.02751916984912,0.988818421432006,0.970913587596462,0.97012240244133,0.983644898153556,1.01466031592436,1.05159512952257,1.0979380905216,1.15276388364541,1.21973310166927,1.29094619004691,1.37320932741143,1.461361447903,1.56241054092214,1.67688523882046,1.82661567921121,2.05802347915975,2.40411228556295,2.21398973047007,2.13683074604559,2.08251173505986,2.03661441702869,2.01032390682489,1.9918078758998,1.9821617428699,1.92260804067329,1.87356052816227,1.82969095497814,1.79237266013358,1.76756365670888,1.75473800388314,1.75681441460057,1.77109534908709,1.79466962390607,1.82469598307874,1.85842006056085,1.87349181326867,1.88305009512274,1.87921411573264,1.86193827700287,1.83370411439783,1.79677682231774,1.75752946009655,1.7183660232195,1.69353528075853
0.281173044536631,0.337943507853119,0.401062659139739,0.473109766544566,0.557389924899455,0.671539068030919,0.797872514063046,0.965086809349685,1.17896861357023,1.46500891986861,1.83595581635948,2.13254729723464,1.87018225815428,1.52140289301809,1.29081678473424,1.14074219738935,1.04929973615447,0.99451440203964,0.974446604626371,0.977935224168763,1.00541587790531,1.04359200609872,1.09473049372688,1.15712984397492,1.23425692202508,1.31729598114098,1.4131987292361,1.51778140187336,1.63068889921315,1.75053855238084,1.87530366377145,2.01094114065841,2.21565861514226,2.41754862661046,2.14775852038835,2.00470603889508,1.93597240610334,1.95234764591574,2.02113389981581,2.10912579569095,2.15625194680829,2.12003163236096,2.03564635062468,1.95665387666395,1.90740082263566,1.89042519528208,1.90147222319505,1.92933711195115,1.95759648168231,1.97576389237844,1.96499770466844,1.93146379557826,1.88228932818781,1.82272486305992,1.76050139955868,1.7005133028771,1.66619879543673,1.59473275972193,1.57113429508382,1.50745535214989,1.46330743317838
0.686769459748127,0.790222761172898,0.919943820782118,1.07126544131889,1.2507433311377,1.46352213093942,1.69135286821236,1.85552808979841,1.83310618891897,1.66248709674197,1.48175263661368,1.33673161632915,1.23007989190124,1.1619514141661,1.12623623360262,1.12160929032539,1.14863587298401,1.2104484024827,1.31752950390446,1.48067430337814,1.72892927288182,2.11355421376911,2.42821496450138,2.26283561405394,1.93144830225888,1.74216440489215,1.67132428074423,1.6719339265643,1.72060311395805,1.79760543452223,1.88908392096241,1.97460042161912,2.0346445963924,2.05092185975781,2.02679926008499,1.98797566640907,1.96115288893114,1.96285346174036,1.9919811680691,2.03431148140755,2.06094118453039,2.04927603258293,1.9961324570645,1.91965168365269,1.83556866465181,1.75997052512936,1.68428042709327,1.61999529446713,1.56791527982404,1.52178060305561,1.48867563970835,1.46690494649491,1.45882518179485,1.46898969952707,1.51362299247785,1.57018970761633,1.67882772303201,1.84998203077412,2.08717271441066,2.32041411752962,2.18054537543687
0.750009271507519,0.872592565672413,1.00863700879355,1.17474387867323,1.36953236485414,1.57770292691558,1.7542830008546,1.80350225789405,1.69878551999482,1.53738091915628,1.38680570053879,1.26671620842561,1.17898694051902,1.11755509306505,1.08033981206162,1.06610389146515,1.07491212272817,1.10856729615768,1.17143719239022,1.27579254757389,1.43596647525192,1.69091685636846,2.10853295317969,2.54653231592716,2.26045217256761,1.84458621394715,1.68728980589832,1.57721927677998,1.59722776301814,1.59688847982797,1.64620404013292,1.70431251935968,1.76545386306678,1.81846971152304,1.85956082295926,1.88080103425408,1.88118433251032,1.86702819293796,1.84256700540445,1.81857049785431,1.79925316882508,1.79255160231678,1.79957002609433,1.82001028134822,1.85148930775342,1.8849723798389,1.91260919222577,1.92702957223468,1.92100877450461,1.89852706283944,1.85972599159598,1.8081958247587,1.75628971740772,1.70708189869913,1.66082450261409,1.61713424054634,1.58035264004887,1.54902804171824,1.52993510245417,1.51285908828533,1.49109126597094
0.245832813778634,0.29994593736687,0.359935692715758,0.428351791109589,0.508501722094949,0.616871648141671,0.737972967798776,0.898728541961187,1.10686261340162,1.38730124550421,1.77367350730143,2.15559786246114,1.90120123943492,1.51063643071984,1.25911444893927,1.10280248427806,1.00149665046127,0.94616601800983,0.921123221564985,0.918868142684868,0.93416136030918,0.968709442990491,1.00983065900217,1.0604243058137,1.11913292205128,1.18934957502923,1.26258759673015,1.34514601207191,1.43081277626079,1.52455026173636,1.62272778487005,1.72457422720706,1.82992925827398,1.94554000401001,2.12012220680982,2.48130199704535,2.12639514793854,2.00699077154303,1.95585288126339,1.97593311082967,2.05359691565097,2.15539676829556,2.19754531191881,2.12969085297595,2.02106059983788,1.93028520869791,1.87182470329905,1.84819360011756,1.85156684812449,1.87451340651207,1.90822333146525,1.95546628497747,1.95659721033205,1.95237978782159,1.92584066977745,1.88366010125336,1.8302601288569,1.77283120242625,1.71758025873476,1.66351944980873,1.61276525933809
0.477545412317514,0.558372919258813,0.664855364040555,0.777203804727708,0.920120408130312,1.09221941315356,1.30402404112374,1.56710497234955,1.84624643265988,1.97787607051329,1.80220873505819,1.55726838779116,1.36500817778403,1.23022864909902,1.14440182226701,1.09621616662168,1.08013127479403,1.0923768578025,1.13067883106356,1.19410316950283,1.28708532707803,1.40775680182317,1.56064562227173,1.75206179210673,1.9843577769569,2.28460619456683,2.43139460313475,2.09166529566983,1.93497651239187,1.77892972623496,1.73365503586224,1.74712317725738,1.79747720939773,1.87328658811793,1.95176216831192,2.01177493751926,2.03444780312648,2.01563564881549,1.9713176056813,1.92984883144256,1.90830034102678,1.90994783605874,1.93408326980662,1.96444410541295,1.98515773879141,1.98178815418631,1.95012441953985,1.89589197305965,1.83078246576992,1.76198196270116,1.69534328678594,1.63496433745361,1.57794808848398,1.52877381139826,1.48535824277802,1.44791830181214,1.41499415024191,1.39809813914351,1.37453260207472,1.36901169224149,1.38089683157843
0.224112438105931,0.282649790793005,0.348326098224324,0.423949788044199,0.513100697873585,0.632176595584622,0.766653284181085,0.943110471154312,1.16904993904063,1.46932279217846,1.85226286422902,2.12610656242689,1.82753340345636,1.48894321448288,1.25961241828506,1.11037591068177,1.00815210771743,0.947013690867855,0.913386015870569,0.901009823909877,0.905394006192173,0.923248470739712,0.952128452360742,0.996029447658848,1.04276491830574,1.09645349101384,1.15634433258337,1.22660969785926,1.2984839077881,1.37914374809661,1.46234451913925,1.55404351987304,1.65163202986382,1.76004817389988,1.88291585463939,2.00845264401622,2.30805399358505,2.22113645299456,2.08484695951656,2.0730643810752,2.09990018499702,2.10462719546495,2.08610762553316,2.03644345231646,1.99454448298227,1.89094702548406,1.83477549572991,1.79830847294497,1.78180890559091,1.78240417017063,1.79713722961841,1.8225614974071,1.85556988826844,1.8735155615683,1.89005968402084,1.89292970980691,1.88044948452841,1.85633914673187,1.8227299483587,1.7823870912456,1.74326154446918
0.33145504851078,0.398994979426526,0.475991665203323,0.565753501936943,0.685754751604384,0.817639195597416,0.988794824970737,1.20147792155239,1.47337209242274,1.80015429418838,2.03908453010834,1.87741772434017,1.58314998538899,1.36037578024979,1.20597585608566,1.10445076624071,1.04097463210699,1.00360260457275,0.99481809668079,1.01129356237919,1.04156758313226,1.08805368951403,1.14959753535577,1.22943094688597,1.32117133526366,1.43178975782595,1.56011861475476,1.70987049310368,1.89200049386715,2.12305816159547,2.37900980586336,2.22936221606224,2.07473707304947,1.95958786117959,1.84662762429164,1.76285425368355,1.70531527944315,1.6778919746002,1.67771031254668,1.70519821342851,1.76629335300681,1.81364033506711,1.88406600002182,1.95155302174592,2.00227231004392,2.0209385537349,2.00280516040555,1.95781042443151,1.90160823359465,1.8463561359925,1.80497587652191,1.77900286698632,1.76634335763851,1.77268494592817,1.79362510584411,1.82528386409028,1.86392402569379,1.90563074956434,1.96047893082721,1.93802445889561,1.9298043553702
0.384429521024463,0.454048327656432,0.53335207652413,0.638210408208098,0.750146827308567,0.893032886298759,1.06208431347074,1.28439759699586,1.55793675474498,1.86676221436226,2.02319773583429,1.81622150549277,1.54745261357591,1.34538694722338,1.2053094416438,1.11454362357324,1.05984413358424,1.03408521594929,1.03210231728682,1.05014421774858,1.08550955066655,1.13631924483931,1.20497742500622,1.28469806203998,1.38130896300134,1.49057394255904,1.62119973714267,1.77000831462411,1.95289411310406,2.23106578663146,2.36557717410821,2.14964272467145,2.02666524856554,1.94965469783155,1.90939696970906,1.91816900814145,1.9677200468061,2.02365057850136,2.05511649819181,2.0440067468293,1.99834236488592,1.94035400979285,1.88948090651569,1.8568367412805,1.84653404937043,1.85910674786218,1.88877727069189,1.92333115241049,1.95154217252024,1.9618031555532,1.94752480003129,1.91115842284352,1.85925615956395,1.80939517990664,1.74222131926564,1.68304495496144,1.63062071789982,1.581891862304,1.54151621841456,1.50765675501296,1.48338322188613
0.642381342566805,0.732594555887856,0.845165084896923,0.970941237915759,1.12819764539285,1.32021287070265,1.54432976214841,1.77942260797385,1.91922831671598,1.83385792774634,1.63179110866391,1.44315639994923,1.29679655111877,1.18842901357476,1.11478630680402,1.067912726838,1.04394785956915,1.04002934851858,1.05415720911546,1.08509203387736,1.1323406870765,1.19625448632017,1.2830611407271,1.39184244724495,1.53159129800387,1.72335407112208,2.01831727393143,2.45981771364361,2.2114490433576,2.19481798534074,2.11930669072879,1.97997384772915,1.87653429251445,1.83056396820806,1.8348090120295,1.87181383263542,1.877835435086,1.90371490974466,1.91791819164922,1.9139500894871,1.89359236282051,1.86304481385023,1.82612130523318,1.79026370507037,1.76034692654542,1.74186976243619,1.73549158338346,1.74243858739715,1.76246267704349,1.79370121319679,1.83545441375901,1.874738692201,1.91103097338512,1.93434564109337,1.94168218701787,1.93155477168647,1.95154433347052,1.86530455925961,1.81492185429894,1.76990760710607,1.72999931957722
0.597171608593507,0.691810655420477,0.801460294107004,0.939062689195808,1.10011798209016,1.29126588473584,1.51660532778346,1.75072094475923,1.89375084562371,1.82424333194022,1.63523480595852,1.45497499054453,1.31516581661809,1.21322983426762,1.14679994714811,1.10811300923428,1.09320227605607,1.09880439136602,1.12222361991834,1.16118964532973,1.21739762963804,1.28289776598804,1.36440383958879,1.44712611933586,1.54176264614364,1.64110135553746,1.74501758955265,1.9171942597955,2.00433314947156,2.27263771630199,2.03326003654745,1.9284205493917,1.8862958781966,1.86173602001761,1.85665917865627,1.87411351858072,1.90753958848084,1.94150426781088,1.96089189840001,1.95341845185604,1.91781820172741,1.86132305517886,1.79570749007014,1.73021277816565,1.66616473518299,1.60679688305864,1.55510226806538,1.50742798721463,1.46877725553504,1.44054014069097,1.41464360840978,1.39370994626138,1.38596145011868,1.39295859236741,1.41203040120811,1.45611990906978,1.54788624588978,1.65189812733179,1.82656660042597,2.06933687045356,2.32094612337695
0.471723278150092,0.562760840673478,0.681959085032559,0.810413298579748,0.972968800433154,1.16802207535251,1.4060362980919,1.6738543646436,1.89123687727954,1.86594350428338,1.65409591503772,1.4470373868551,1.28633193623005,1.17479001541107,1.0991573766395,1.0498657117119,1.03039898453286,1.0383630906788,1.06425477514584,1.11162799753636,1.18124034874987,1.27956640070271,1.40695110084456,1.57102617416227,1.78377091709428,2.03579390952332,2.25227006526762,2.58973693272135,2.0967053096173,1.85396684322212,1.69631501525173,1.64145439846412,1.63782173823249,1.66739283542195,1.71678080312161,1.77710717229412,1.83663103350581,1.88492219042468,1.91495482277298,1.92231160640975,1.90875284746474,1.88072294054047,1.84880874199315,1.82299072004351,1.80764560098264,1.80459333503017,1.81566671564695,1.83611773334953,1.86221200754061,1.8796581635065,1.88690479207363,1.87912745021728,1.85503623702207,1.82018418769886,1.77779297499049,1.73184931961176,1.68416764955789,1.63927567386536,1.59762319477279,1.56519854146416,1.58563019637606
0.911148755822827,1.05313733990328,1.21649446937138,1.39910094525541,1.58629053112543,1.72216653708076,1.73129521761681,1.62530106512486,1.48200166856579,1.35165609251237,1.24548534621376,1.1686541681222,1.11673563104864,1.08932252250063,1.08751768944603,1.11564341303766,1.18496671479192,1.32781792757253,1.62413007519377,2.26656195560994,2.06981204180926,2.32869906421026,1.68749137268951,1.57317734826502,1.58448719755805,1.64869403422041,1.7317984409389,1.81691972373947,1.88839743342791,1.93048916680563,1.93783232449053,1.91705176875725,1.88757625329443,1.86907811402326,1.87141229082391,1.89655208839511,1.93588646964895,1.97327969976824,1.98627591182197,1.96526659408,1.91520781118014,1.84831715824561,1.77730291236282,1.70887633186055,1.64839940231977,1.59332240046328,1.54867508610132,1.51327389088993,1.49787571894886,1.47252187450649,1.46500208096526,1.47509072583085,1.50499598742802,1.56540223625048,1.68891190825026,1.79658402606846,1.97993991645419,2.21031711275553,2.30855271866837,2.09145407209662,1.8875514393849
0.397911210352027,0.470045882091793,0.552845894127569,0.663121230815601,0.781800649316502,0.934435783995492,1.12136147574454,1.3550621620376,1.64668946237456,1.93818895650268,1.97631679928321,1.7166180628956,1.46714420134231,1.28112046757534,1.15351682853112,1.06561834010989,1.00466392594733,0.971644861683909,0.957821241371288,0.959634394192886,0.974346545031891,1.00542073918782,1.0407849395454,1.08407772839185,1.13433647720276,1.19561387123287,1.26074124538701,1.34572637900585,1.61003339705305,1.56291163939742,1.54892943797725,1.61509888162274,1.68964784516293,1.76389456507805,1.83664931325252,1.91208272388786,2.01728624181643,2.33006605360356,2.1472019609743,2.24565792604206,2.2465874977686,2.060771356958,1.93401633611136,1.85434543240047,1.80511899361085,1.76864339890715,1.75154684024312,1.75014811204892,1.76033946381788,1.77868913012616,1.80249515372444,1.82337259969476,1.83809033748288,1.84340027246013,1.83725844705685,1.82001436987746,1.79241485729456,1.75993226869451,1.72391729601899,1.68704918550488,1.65247726473015
0.101200830588843,0.174022292022151,0.229037815169755,0.291402146933607,0.364124854965275,0.45123411136662,0.558309986851645,0.706133817986254,0.884457319017373,1.13772136738729,1.48563283595572,1.96328572061184,2.1643600627697,1.65823749703214,1.31621268939053,1.10606640194905,0.971715871598145,0.892325402213624,0.848713316742735,0.831534841480247,0.834512248462125,0.853319792354098,0.884935448031273,0.927237480890134,0.98449495075662,1.04509819626617,1.11341185457224,1.19310649917123,1.27683875278864,1.37099100962583,1.4700549303311,1.57942393596275,1.69589673170302,1.82065146313378,1.95058869834089,2.09439506234763,2.2595918238126,2.30538006367886,2.13569952891376,1.97882276702482,1.86082661775079,1.75953742862172,1.68024193828718,1.61582176904196,1.5705625619898,1.5512863663581,1.66235694897896,1.53771555263973,1.54580948514546,1.58181036120698,1.63542743403605,1.70895479892226,1.79921676980013,1.90842878713674,2.0501384838303,2.08610620375846,2.12520650329976,2.10172063363165,2.03025564889415,1.94119944437081,1.85723426988578
0.667023501502469,0.765774863985622,0.888455414731111,1.02491126479862,1.1925928425653,1.39097295693083,1.60628374797233,1.79520922025193,1.84830814704726,1.73191468025274,1.56001360334574,1.40407593140688,1.28241358215801,1.19546450845798,1.13574381311734,1.09970206192841,1.08422350981487,1.08672949368434,1.10508709600774,1.13750830654119,1.18247367281704,1.24265418787843,1.31020373085815,1.39140864048563,1.48601250294679,1.59234626751847,1.807978681373,2.21187817334403,1.97315977551908,2.50091244029133,1.98134929732998,1.92521611244136,1.89599522496395,1.880097404421,1.84353684274639,1.83444320900956,1.84369672256156,1.87143875964358,1.91366780350374,1.95700855354627,1.98438307549868,1.98328241633299,1.95130154681665,1.89615751487294,1.83097513032232,1.76460734815944,1.70395135176588,1.64826179382589,1.6039927165989,1.56623056147352,1.53751181434315,1.52393577205206,1.52753571627848,1.558760459945,1.61264293022646,1.71355676170312,1.87154367091554,2.0861282969619,2.29274190374185,2.19884916690507,1.95462716695597
0.344029559914847,0.412609387045349,0.490707894261789,0.59328548907246,0.703905120302421,0.83863088342465,1.01527625324692,1.23758776505647,1.52948229324481,1.87480665295905,2.06670054816873,1.81695593535587,1.51625041500246,1.30649030473477,1.16644810340466,1.08070319892137,1.03445272749717,1.01954638874421,1.03029771227463,1.06277066031998,1.11435618406739,1.18350794802232,1.27437651632712,1.38247086164569,1.509719565141,1.65749646977459,1.82642867660781,2.00607157827061,2.169845065721,2.36718994558711,2.21101734519491,1.97353902864123,1.86696383622749,1.81418509744955,1.84152416776399,1.90561986120509,1.9789303091582,2.03229377574867,2.0410379088325,2.00646701324785,1.95418505267957,1.90906376377636,1.88445709713068,1.88408442662654,1.90097949232964,1.92383585624014,1.9392585426673,1.93670456380667,1.91729165327288,1.86864241612007,1.81437981373774,1.75463393921978,1.69606285500018,1.63835489656136,1.58571930018726,1.53716250120517,1.49203834354417,1.46498516094296,1.42625482166436,1.40382558406952,1.35237818110478
0.0567872926631422,0.105434945886673,0.182885126366081,0.244954842577652,0.317453215725774,0.404480562269506,0.511744539287902,0.658610676310225,0.838022860241113,1.08770229050969,1.44043736303016,1.93507242135066,2.18278674005322,1.63562265886244,1.28802895492692,1.07476098389082,0.937901427050087,0.855121298091254,0.807199255602255,0.784602961268479,0.780968160377551,0.791910126647753,0.814345738680825,0.846079639459012,0.885540539623014,0.931609191171166,0.989842303962367,1.04799439477625,1.11135183532901,1.18418364371562,1.25886359164711,1.34248743030976,1.42996417941818,1.52739017643854,1.63283304995334,1.74751054021869,1.87464406520055,2.0187940155678,2.22507938916173,2.49770755791343,2.10742129769803,2.00510218184579,2.05252480406941,1.93996079300399,1.96147429447506,2.01070189262808,2.04954989970267,2.05000804210952,2.0071861647803,1.93953449578868,1.87177205554758,1.81567837484782,1.77522959230521,1.75244556470252,1.74451967231438,1.75282346164382,1.77298796559754,1.80069886620891,1.83088912956786,1.85810883066977,1.87724726233679
0.8158024631111,0.943807799619887,1.09117100207124,1.26278905650185,1.46103650293189,1.66140414666174,1.79791713912701,1.77876210466289,1.63666393139199,1.47462652316882,1.33718866248621,1.2302249681105,1.15622745938535,1.10981151055834,1.09017027287947,1.09824428616062,1.13785060605585,1.2178041701011,1.36125014816061,1.60982969347912,2.05561543142994,2.38106421383895,2.19278331897176,2.2242227830466,1.79931043300578,1.65019306555278,1.60699450912083,1.64497678768203,1.67892827450406,1.74770024224767,1.82079184387569,1.88611114034849,1.93101464758621,1.94896757451398,1.94031673940504,1.91359447818376,1.88381834767851,1.86349341083089,1.86254361863699,1.88217228152009,1.91972239768968,1.96130766132135,1.99278279590413,1.99605799907302,1.96724765236695,1.91297323282131,1.84694122978056,1.78071069086604,1.71950555214952,1.66002207417778,1.61207664639716,1.57442183289793,1.54618448324185,1.53435769514791,1.54537664199803,1.57799307584597,1.65442950356223,1.79283616839635,2.01811463562741,2.31291092576049,2.2640331796066
0.774258747409284,0.894166473817069,1.02636285053499,1.19357769897613,1.38083725100869,1.58752504742679,1.7680488711885,1.82094316727414,1.71385490124037,1.54899980881545,1.39518316456503,1.27635842241471,1.18561213774951,1.12522849024145,1.09007139081092,1.07875742910962,1.09122651496762,1.12928173068091,1.19772986753882,1.31117994290197,1.49099749494529,1.80440822147135,2.34074648035805,2.14301589624581,2.30298137926371,2.14522592412279,1.84253693114164,1.73989283603199,1.69898883246447,1.72075784317714,1.76987627541954,1.82859962378648,1.88167348346717,1.91726669866365,1.93024373746618,1.91976040787564,1.89421176337985,1.86565263346347,1.84151386298033,1.83225690931713,1.840991621793,1.8679897395207,1.90954024488693,1.95285350149267,1.98558703809279,1.99184056367869,1.9679194113488,1.91916971750242,1.85824874549158,1.79645493264304,1.73541480120584,1.68164965402932,1.63922903134063,1.60855819161385,1.59470944451678,1.59986826718417,1.641170977569,1.74325677622978,1.90481221332146,2.18170714853387,2.41219140812783
0.458044244194842,0.534175677549792,0.634278691360095,0.738789296335421,0.870361530620041,1.02204820570157,1.21295747981747,1.44743675467531,1.7152769363339,1.93525080161831,1.91190610061125,1.69241831644602,1.48003276814331,1.31802476480971,1.19993564214469,1.11995696344511,1.06826937028219,1.03967980636975,1.03022344791104,1.03685022382741,1.05718323707459,1.08935181303572,1.13187585575307,1.18358330514797,1.24783267617478,1.31631324865403,1.39524573086603,1.479118900278,1.57388981057072,1.68007418311381,1.81014503500465,2.0187403293695,2.47428062889512,2.15352683813922,2.06451417632617,2.08537394604529,2.13231592457493,2.17283704366256,2.16144562575644,2.09862280274945,2.01224365771353,1.93373898429736,1.86976208706008,1.82184840656541,1.7913172783064,1.78037850334213,1.78747971676687,1.81133556463131,1.85025753752014,1.89577685067454,1.9423442857558,1.97830047571727,1.99322293569767,1.9784478702001,1.94183564088582,1.89336511765134,1.83735934412382,1.78441352652349,1.74127176048053,1.71723966699263,1.7445753587248
0.710400901653794,0.810122843232368,0.935565620076926,1.08070654437662,1.25146229278218,1.45239159239799,1.664893051909,1.8277387095648,1.83176004923024,1.68616465630296,1.5096677208624,1.36110816323465,1.24471921004105,1.16138400832756,1.10373583945893,1.0683845691619,1.05257198420322,1.05422541499861,1.07190545208824,1.10480554348168,1.15287770227244,1.22079113052531,1.3057996510144,1.42244099633942,1.59377973133234,1.89634962688845,2.49216385772981,2.07518885754205,2.21713729152097,2.27550182190409,2.08827482794477,1.93464176380598,1.89451904123172,1.89626397821509,1.90514935534638,1.89747703782255,1.88134473237707,1.85715215661,1.82720879885957,1.79846746180363,1.77773330200689,1.76762450414341,1.77117351567263,1.78966882134391,1.82205663480857,1.8656512321081,1.91070759667089,1.9494032125255,1.96858909054829,1.96287574115716,1.93382323373752,1.89005910806815,1.84059548058736,1.78048131164281,1.73279068428841,1.69555301072445,1.67410576425658,1.70447089232098,1.73931490864084,1.89857891874164,2.22081922868332
0.571098779303176,0.682575775607684,0.799859214965672,0.94722935265659,1.12138223234209,1.32877221165123,1.57173487837183,1.79780601447484,1.87652657783041,1.73885809293544,1.54166101503447,1.37312139336562,1.24773310886887,1.16283315154803,1.11020408269446,1.08614977251058,1.08823728606008,1.11532962308039,1.16767004438244,1.25060314639316,1.36303482238855,1.52133389085148,1.73311795872073,2.01356098955355,2.37723381099295,2.32120222360127,1.93763460481331,1.77522597471574,1.72309897738017,1.74177475578039,1.79837371628949,1.86640083043506,1.92471610174405,1.95516325102365,1.95131066520875,1.9241900837038,1.88860464559966,1.86087608991612,1.85085898852268,1.85892506659851,1.88034309509325,1.90547041968025,1.92256566952624,1.92198240600552,1.90016283867245,1.85908543588387,1.80781007634196,1.74995429580818,1.69314241225194,1.63599484860033,1.58410530740948,1.53608172503764,1.49011942309789,1.45057214686751,1.41611962033162,1.38855172651309,1.35513687455533,1.33138200174103,1.30898571842876,1.29156933309612,1.27870274122093
0.347983683457382,0.412524461233036,0.485866932549165,0.583038465830397,0.686991814353731,0.813706034830564,0.979936925925657,1.18837773667983,1.45881503069749,1.79267808558972,2.05466065279824,1.89061672487178,1.57693809621693,1.34224740350587,1.17929284160575,1.06960665576532,0.993420593097425,0.949520831804879,0.927721342015149,0.923672992739202,0.93418558414928,0.95689797343033,0.995815906054162,1.03900899400783,1.09067847564057,1.15028453270029,1.22238803302436,1.29861094064209,1.38712262997124,1.4851181700116,1.59486953080431,1.71995724035127,1.87022956630407,2.07296425949717,2.41110536477187,2.25156221925392,2.10212702110742,2.01804452611962,2.03843967955257,1.90568860258495,1.94303472588449,1.92364533877305,1.93075217190093,1.96397908424432,1.97999646378418,1.97475170785082,1.94780557273251,1.90517796436492,1.85529202708826,1.80529432135591,1.76162418295212,1.72458994720764,1.69890588744014,1.68387290576822,1.67794126138638,1.68433466744176,1.70168698623174,1.72546895111112,1.75474589586812,1.78654515101614,1.818694482459
0.62723007541789,0.726807727840792,0.842410331964075,0.988217973798805,1.15864506246058,1.36302819098946,1.59234510237109,1.80866307788968,1.89113195113654,1.774510109659,1.59144825118004,1.42960566682423,1.30842761136772,1.22324310487723,1.17417215820634,1.15358546041099,1.15897289153325,1.19249129183595,1.24716072431214,1.32717716977051,1.44000079636681,1.59145036636764,1.79261551233736,2.07687680490685,2.49177892180839,2.20378766796329,1.99378367979472,1.96414789019473,2.0235744410782,2.08146043987971,2.08126463861191,2.03001229236949,1.97752907594226,1.95405117398043,1.9653162576219,1.99435690453528,2.01441639012456,2.00279598962353,1.95459044387943,1.88387508337514,1.80527844317444,1.72773909932301,1.65527955745597,1.58919973188084,1.53197743038713,1.47924769206881,1.43536251702425,1.39914356764835,1.36458742432914,1.33886834339106,1.32108468034876,1.31171086663478,1.31231538160439,1.32558012953856,1.35966933669481,1.44048335854562,1.48771138375327,1.60493358547924,1.77607958487458,2.00359042055395,2.25755698389108
0.431108534152734,0.506734514488539,0.605577067265214,0.709634300616009,0.833729416844533,0.99271056258018,1.18483222199888,1.42254969670205,1.69846118851107,1.93234410497865,1.91303376752913,1.68393977797826,1.4642310399526,1.29790871690776,1.17698327924871,1.09437624808497,1.03604156375345,1.00460986757652,0.991744312629411,0.994353380243937,1.01504884448739,1.04246220537028,1.07962469912811,1.12532191387086,1.17860170108808,1.24320388508807,1.3107847944818,1.38828710387188,1.47080520420951,1.56661036479941,1.68205174106464,1.85609700942855,2.27217920597121,2.14574043823794,2.08268677299716,2.16364038047496,2.18721023837238,2.11441940149975,2.02987580875815,1.96528523228419,1.90988776364734,1.85834782374526,1.81089596152036,1.76862163965699,1.73620262493024,1.7122484081405,1.7009455958421,1.70141733416313,1.71354295970822,1.73616474208875,1.76694923261953,1.80393129745049,1.83972830529935,1.87124035090735,1.89134790533258,1.89752036995715,1.88873525023157,1.86672856902563,1.83376812309934,1.79669907345375,1.75953703644187
0.0131951904429877,0.0581434579886315,0.10689065636279,0.185492512530786,0.249725291229057,0.326078805250808,0.419558612930802,0.53747700563187,0.70254262878288,0.912851235861328,1.22364540435723,1.68106286897173,2.24764541602109,1.78977921631303,1.33770196786783,1.08264079675774,0.927786935550801,0.838873358808937,0.791600646280378,0.773819731044527,0.777763952479099,0.798333304092061,0.832146805867997,0.876978918511111,0.931410955346093,1.00091763163862,1.07367480144591,1.15511094962476,1.25057991662979,1.35534502780677,1.46878235180985,1.59950312027392,1.74025216269558,1.89242259724057,2.0476941377964,2.20702138193985,2.39331161244633,2.17366169097224,1.96445123930348,1.82786001315777,1.73129471578458,1.82374711297127,1.70057999561783,1.65286741199929,1.67442457370829,1.75231971139427,2.13067544625328,1.89319574004126,1.96269981476758,2.02264616196079,2.04404303774644,2.0183087626891,1.96001535291901,1.89674074828896,1.84343656972123,1.8077273802218,1.79330723972199,1.79774739637982,1.81736810011027,1.84651641014557,1.87816779691994
0.507600810946954,0.599581335629546,0.693890410944029,0.804733035039516,0.946216978209911,1.11579709910523,1.32330525562346,1.57951573724806,1.84701352167415,1.97169844785749,1.80625830998272,1.56771966352615,1.37590741092649,1.23821729734374,1.14679868816697,1.09008132878225,1.06199898318074,1.0579544212397,1.07453212074212,1.10925471596488,1.16043421790269,1.23109473691598,1.31429429374274,1.41743059445645,1.53970405012304,1.68626358801705,1.87259036204046,2.15181632909096,2.46966097604614,2.19217801250263,2.08024629165097,2.00941886184937,2.01037580260779,2.03429668865887,2.04130480863792,2.01449970517604,1.96605437182658,1.91562280557006,1.87796203437115,1.86047433295104,1.86574406048711,1.88826247014185,1.91893842732189,1.94671010780464,1.95671381452445,1.94307699242366,1.90583227333265,1.85448914157539,1.79447748270925,1.73277569458553,1.67455895409475,1.61875227487922,1.57039275448412,1.52694119587105,1.48400593347403,1.45021038635028,1.42459252298265,1.40370903672569,1.38702350712287,1.38983963072029,1.40983526666001
0.495654838285725,0.579490855643257,0.663056436713197,0.759981683427229,0.883089698892631,1.02348884746609,1.20796194411945,1.43294471105828,1.70541121321814,1.96841391941399,1.9899565101321,1.74297666998249,1.50040809803027,1.32389509264865,1.20160379756344,1.1252046024039,1.08273636116164,1.06745584790313,1.07410467986603,1.09857675854099,1.13764057026359,1.19304229925884,1.25523312938958,1.32945833369423,1.40875293036253,1.5077408406787,1.58318632964131,1.67001083843644,1.75152706903048,1.82044731057682,1.86956589946665,1.89310679083715,1.90995700079632,1.88229624427279,1.90519024429695,1.87836112176032,1.82850583834112,1.83838451346214,1.90964822165742,1.90455563858749,1.93191676668229,1.95358063755526,1.95409215328746,1.92993388494055,1.88447836239745,1.82708146601242,1.76495128618066,1.70465691200644,1.64569299301505,1.59488382094887,1.54246280397765,1.49500012024798,1.4569311602213,1.43130340914504,1.4289753793533,1.3745384507771,1.3557720713162,1.34576979307026,1.35548846294852,1.38295580171744,1.44608377785014
0.370157716749726,0.439059879195128,0.517584881362279,0.621289047065471,0.732208133999805,0.873602933440284,1.04126486463201,1.26116871074372,1.53296116216759,1.84402953603428,2.02741464611084,1.83531130706794,1.55951083837316,1.3487290011178,1.19960627301979,1.09852556504812,1.02769203135801,0.987679320865579,0.968658701031499,0.966580023230387,0.983309282831437,1.00709985609073,1.0405232516486,1.08203055011151,1.13034850195413,1.18882274689951,1.24874980290972,1.31348718862353,1.39404658180348,1.50142549009825,1.53072370204418,1.59864138616966,1.6687968248841,1.73423264678152,1.79706854760944,1.8592195822038,1.98272316269555,2.49478199286357,2.08087515236354,2.40545607999967,2.06090796561976,1.89105987698645,1.81473736683863,1.77437610554548,1.75525174428976,1.75392042381868,1.75812172551362,1.77577775300124,1.79976635580275,1.82527722846646,1.84724880238225,1.86290259676313,1.87884217092242,1.85439125301534,1.82931279613349,1.79841091830166,1.76223092602828,1.722670598755,1.68810305418039,1.72277474437688,1.61610226853949
0.911066707822689,1.04980802627116,1.21027350793003,1.3919959028417,1.58699766173786,1.73827536342079,1.76653806465546,1.66608426648854,1.51799040907645,1.37825166367668,1.26950200896343,1.18622314605309,1.13277438588814,1.10614711476007,1.10824950392206,1.14498846360838,1.23068190281724,1.40378387376826,1.75255379323419,2.38426341431146,2.03518549711132,2.46698156678997,1.81120887723496,1.63069906825577,1.62343140176095,1.68142206456217,1.7684137343249,1.86464735730004,1.95253304299402,2.00702258273803,2.01756674671874,1.9922420716786,1.96108470436154,1.94755940789794,1.96623249792357,2.01006712483168,2.05075704855811,2.05292663638286,2.00403465001551,1.92390064316451,1.83587344386974,1.7511196544853,1.67766824250524,1.61753796272783,1.56697893320307,1.52942555178702,1.50209838687704,1.49124447840444,1.49640430735699,1.52246970055958,1.5694312774568,1.64762019648485,1.76154945123446,1.90942415993382,2.08545787419603,2.23178926057502,2.21285409853047,2.02941057822663,1.86192896285933,1.73317429765159,1.64433984915785
0.0847155267204972,0.130099663456785,0.204099743655464,0.260795254732698,0.326276334035664,0.40409397961392,0.499195759357818,0.630046143330153,0.787240293193713,1.00541968868752,1.31202847323978,1.75357078844685,2.22451587950274,1.82470175927699,1.3942591642458,1.14140660151017,0.982463154781021,0.887065447606981,0.831529299397714,0.804198594360924,0.797426374862991,0.806024986965641,0.826391952206131,0.855979432404675,0.8929571569616,0.941750364457399,0.990607115177222,1.04393249096705,1.1011936026485,1.16618403997871,1.23096194510723,1.29880850379105,1.3729127372293,1.44673322217362,1.52535423603193,1.60307688376363,1.68358185270439,1.76379618000229,1.84669110666847,1.97374272994566,2.31809528053531,2.13552602598915,2.01654910455869,1.96867977061495,2.02232975032831,2.16603847666503,2.26920998545471,2.12434556289754,1.95786868936932,1.84744234910444,1.78425162407688,1.82987329706437,1.73793418497148,1.73677361217696,1.75628583813475,1.79887474940169,1.83133929761089,1.8519094791485,1.87826045543199,1.89386692952233,1.89623223165009
0.315132782535915,0.388023005296362,0.471841899894962,0.570304501409703,0.701420302564629,0.848008369193052,1.03909646584284,1.28264202709091,1.58759511521418,1.92523800331581,2.01709813550683,1.731033669602,1.4587386442055,1.2675153860068,1.14515847576258,1.07129789705956,1.03299635654792,1.03650502668336,1.06637741916292,1.12483194016765,1.21146676372514,1.33173911636048,1.48406004587839,1.67469885488172,1.90482500169369,2.16812913304828,2.40072646249227,2.206359519051,1.95700712926215,1.75656659211404,1.63378473246013,1.51926351979751,1.45171285388675,1.41388212098511,1.39863385641669,1.40297105050552,1.42526651754122,1.47117810218853,1.59899105152461,1.63156718441321,1.63746195235524,1.72474924191014,1.79426877267126,1.84771320059057,1.91141408917775,1.95700117521665,1.97649624739461,1.96738280833622,1.93585878381189,1.91594271051516,1.84919612145206,1.81446629903022,1.7932866080937,1.7894134508446,1.80070112673961,1.82399451325925,1.85386388607199,1.8832109839844,1.90448737582566,1.91169563504703,1.90304433955987
0.411435580814173,0.481292962845959,0.560773656049684,0.666621161416417,0.778537490756688,0.921897371442268,1.09583156734233,1.31236918833745,1.58598623945026,1.88424262281972,2.02245891235409,1.81401381385653,1.55062784107937,1.35191566332668,1.21394701061663,1.12470688800467,1.07106925389604,1.04593356380673,1.04406062872839,1.06158074059949,1.09564728414248,1.14420384135952,1.20959441715926,1.28434521825365,1.3739784140758,1.4733961860787,1.5878998406152,1.71559490302338,1.86183998730891,2.04918094181455,2.39113201253739,2.23254268871916,2.11194731854081,2.00101951825648,2.02109042035208,2.02107865954063,2.08104781925924,2.1327803443885,2.13008606774635,2.07358342000047,2.00106899119649,1.9423252499452,1.90883622533237,1.90495922901587,1.92603274369632,1.96288502191881,2.00255342219568,2.02551396978472,2.02017599549591,1.99093239203163,1.92930360857901,1.85702144540586,1.78758695290551,1.72217558275639,1.66307153911713,1.61446957182455,1.58143436683298,1.54742343889204,1.53418297301926,1.55099105774866,1.62088462091971
0.788268701792795,0.912564252406739,1.05602345385105,1.22435548318027,1.42194443483102,1.63122822005266,1.7949513248599,1.80932476110219,1.6746767522811,1.50534024422715,1.35672404603935,1.24253378121088,1.16335879764263,1.11324555084676,1.09110107911847,1.09752399077074,1.13579519374974,1.21359716161887,1.3513938029696,1.5841820066731,1.98988104280138,2.36345982228867,2.16951674089141,2.34952599145052,1.91568165942421,1.69355002253604,1.60465283997734,1.5923565895859,1.62439424407661,1.67912331537551,1.7489063293263,1.82241157692977,1.88933997527618,1.93764955941898,1.96037429917077,1.95596536904188,1.93071191883801,1.89898421420012,1.87513505203497,1.86571197537574,1.87804117398765,1.91028166591463,1.95081487836507,1.9868582137021,1.99891577616882,1.97897858332293,1.93032280371682,1.86809560654587,1.8054032763061,1.73620946284515,1.67602862022528,1.62727954564719,1.58863043380532,1.56004717703009,1.55082237613857,1.56128141360894,1.60214977076567,1.69619179383825,1.86091456217529,2.12814715637215,2.41315621298987
0.625636976287708,0.72813067251556,0.847835362307548,0.999374678499509,1.17807747101108,1.39347163180693,1.63494398566827,1.8390882948684,1.86523218698125,1.70137929789962,1.50536039490464,1.3477711542918,1.23114130776144,1.15441569572454,1.10974488382264,1.09382538696521,1.10460088087075,1.14138538294221,1.20513722396518,1.30313926819194,1.43907150719034,1.62758214238315,1.89694677955984,2.30769546327408,2.41065670915653,2.07190410825166,1.83152362562991,1.79769980346103,1.84201671752588,1.91547038037197,1.98042425511564,2.01106071961843,1.99598451749231,1.95642016533913,1.91952992804243,1.90253051103517,1.91031242978432,1.9332767571718,1.95693989534716,1.96246184102665,1.94068152159828,1.89620397532452,1.83548258830627,1.76854830058663,1.7029885049285,1.63888518606156,1.58079494355444,1.52602489809436,1.47818336806268,1.43534323795186,1.39546171807861,1.36455978632353,1.34092750414852,1.31179274516743,1.29365377976996,1.2828888934246,1.27908075644155,1.28498681596914,1.30560938644251,1.3510853114125,1.43000949113205
0.661381060545847,0.764438404280565,0.893487148287638,1.04451267164654,1.22479299201908,1.44130296981324,1.68081235461477,1.86953341776599,1.86650515198256,1.68850875386595,1.49242668530318,1.33627170779608,1.21966290390844,1.14205372013032,1.09642568051436,1.08106056522173,1.09606663667028,1.14370320675918,1.22889018936884,1.36548369777833,1.56904124089866,1.8707586163799,2.29462849976464,2.34890792016324,2.25657739516565,1.90469864244876,1.68260696678797,1.55214983744458,1.4822691334379,1.4574284800074,1.46217396773305,1.48877011058861,1.53787441114938,1.61139714805832,1.65419070234043,1.71887432067198,1.78300651296686,1.84236845583312,1.8866375443693,1.91285131508696,1.91463905596035,1.89889748318566,1.8710111352737,1.84145561548719,1.81990661055035,1.80943240078349,1.81570297356492,1.83676223996943,1.8701237584641,1.90807616010244,1.9369410569899,1.95090053487612,1.94504041362393,1.91921627441934,1.87759223838516,1.82900209720336,1.77648177779411,1.7260891527362,1.67720832000156,1.63446694776109,1.59728327023894
0.485495155272932,0.577763762040057,0.698952618597665,0.829219744417371,0.994510156628052,1.19257228401678,1.43371266580635,1.7027081308239,1.9016337582368,1.85033416862064,1.63557236409868,1.43494548627008,1.28212824872435,1.18057689982232,1.11849610498643,1.09254081600852,1.10163630899066,1.14712331182807,1.23293371643812,1.37057643115961,1.57076113469163,1.84967238050146,2.22205834236016,2.46855036134284,2.08229729647294,1.82807432399335,1.59390788831814,1.48153304644132,1.42103191252677,1.40035671205435,1.40738235610243,1.43630908002936,1.48563772995191,1.53966331557609,1.60831082281528,1.68293292621631,1.75940388362309,1.8307830407139,1.89240168506808,1.93290864130046,1.94754388405744,1.93707060933341,1.90936251707562,1.87800675196453,1.85545090849242,1.84676392192681,1.85635659549906,1.87996465497142,1.9097950127498,1.9378144081422,1.94412595812626,1.93037499092127,1.89757055217815,1.85074775886654,1.79576139468529,1.74017604283766,1.68539208527165,1.63393640848456,1.58655414595223,1.54408109835204,1.50761405374991
0.342568728696713,0.407934160845913,0.482038434063537,0.568076621855568,0.68355996529151,0.809785100762068,0.97431385318001,1.17966932383589,1.44512832480771,1.77409617793299,2.04905002889319,1.91548683503914,1.60277352868556,1.36736145111689,1.20590952236007,1.10050573216502,1.030761170754,0.995992232721429,0.985547496230989,0.999697417188152,1.02637504630339,1.06757237356358,1.12170619811634,1.19150717871801,1.27005360996774,1.3633273169143,1.46682136602456,1.58685973067407,1.72455620700737,1.88259024907133,2.08450089593548,2.41069820092842,2.22763720986712,2.06574839016983,2.02781138519692,1.92479636328147,1.89352574841705,1.92670170621147,1.97170698857478,2.01944998539244,2.03813094500316,2.01731705032166,1.96869076364765,1.91183900508001,1.86230092370574,1.82878994307444,1.81606205385768,1.82263632641448,1.84538593274289,1.88242039628356,1.93641708708094,1.92935657119182,1.93265625534502,1.91668117618659,1.88505118542058,1.84173178608372,1.79143761199986,1.74227394512091,1.7237004035647,1.64787444666195,1.61390757731256
0.41106387618313,0.494629273493299,0.603146289588685,0.720345418498838,0.861518807282112,1.04324269870034,1.26944558210302,1.54274738754637,1.83460245954369,1.95954090283657,1.76550862702828,1.51584588406798,1.32505890942942,1.18935126407513,1.1002409463091,1.04295767372952,1.01935488717878,1.02173466466784,1.05280328736461,1.10290653390918,1.17674535941119,1.28068684597321,1.41482524733926,1.58615278405961,1.80559204624741,2.06225604346252,2.27800763136009,2.45147362689274,2.09446996520349,1.91402454070772,1.70456118718205,1.6118954046048,1.58893073700499,1.6052439040807,1.64837691561447,1.7050711198703,1.77104170126722,1.83622069990784,1.89076480743176,1.92840195641112,1.93978366967983,1.92876740027277,1.9000986861339,1.86660870055767,1.83549669107161,1.8159784886129,1.81045789619692,1.81830409802654,1.84454071600457,1.86358242620279,1.88291669904999,1.8922721220231,1.88589732548264,1.86335136195873,1.82681388097753,1.78348056111561,1.73643388274569,1.68769304521792,1.64281818634491,1.60567878603357,1.64193130688869
0.665725731034614,0.771009312195863,0.903166441899115,1.05823270603169,1.24355630158788,1.46569195079231,1.70721146658375,1.88240391011804,1.84470150490371,1.65614284036505,1.46350588077081,1.31419873877517,1.20589665516134,1.13787556806001,1.1040798256499,1.10378565604094,1.13843471175411,1.21209750936159,1.33670357901476,1.52577160561691,1.80555535700422,2.20200026627215,2.3277144949813,2.3169602025672,2.08668978175765,1.86930814674828,1.63465865951468,1.52484824629594,1.47001425741483,1.45461118926387,1.46626592471328,1.50154837415256,1.55066536009875,1.61687305117341,1.72501466614839,1.8049792320948,1.82701134532437,1.88691801613072,1.92988990801754,1.94840968867219,1.94100300477698,1.91338728236662,1.87835325710528,1.84741346060988,1.83065749784295,1.83146244616294,1.85053051317789,1.88399335006051,1.92655340315891,1.9568119369545,1.97041105380524,1.95979510175894,1.93827438775375,1.87687432296547,1.81521740188503,1.7568523109429,1.7002322333682,1.65068014703928,1.60790346843936,1.57404472708,1.55774362950129
0.311724400949935,0.372385448617553,0.440440352952794,0.518753670358061,0.623313644945928,0.736817795682784,0.884204758042931,1.06383231386989,1.30789097798239,1.62593669835669,1.99406895866308,2.07003770316796,1.71683174573182,1.42807064599225,1.23415860313947,1.11203146067192,1.03734266492931,0.993934223345149,0.981820235176146,0.995867103625081,1.02257916764779,1.06340985357241,1.1161443462038,1.18318847703004,1.25640823516674,1.34132793212307,1.43197789058025,1.53315127999213,1.64132725911466,1.7556167417478,1.87728948746848,2.01489253193756,2.27487606749576,2.30759082420308,2.08309234898456,2.05540771504207,2.07508767618562,2.15468669266215,2.198152473575,2.1112871225097,2.01264624622632,1.93177774781802,1.88319666382119,1.86692547096886,1.87600081689412,1.90111421267194,1.93000566578005,1.95073849007434,1.95109193557271,1.93705364375189,1.88452342357506,1.82824982318208,1.76789890775621,1.70726177778821,1.65101788625554,1.59720413170786,1.55770231591262,1.51757549050359,1.48313788020363,1.42999667812013,1.39744090237682
0.387404596127971,0.455038460618699,0.531820355779184,0.633549599227374,0.74139710255134,0.87899900098059,1.04137717771319,1.25482479917586,1.5189403886894,1.8266046439121,2.03382864161153,1.87041081750337,1.58996650054873,1.37333078456566,1.22046198655614,1.11777197557572,1.05083938486931,1.00753454179393,0.990405226792102,0.995655645993114,1.01087659040283,1.03791713490532,1.07470586109678,1.11955263224256,1.17508707742188,1.23283177225906,1.29500643012942,1.36414086986163,1.43280450291713,1.50588212827699,1.58021897567642,1.68891362611563,1.72441586961352,1.81481108975045,2.1220562640511,1.97809099744754,1.90262721486059,2.14172492542376,2.13195233958257,1.87356473524114,1.80436100356144,1.76571243555447,1.74108049044829,1.73079756614384,1.73624124771944,1.74450556923522,1.76840613375722,1.80237998239937,1.8387370428406,1.87416893689277,1.89937695523558,1.90984850691283,1.90389021206628,1.88106857483209,1.84164148452252,1.79812591129034,1.75041662491259,1.70729446542601,1.66506722312692,1.61835001425531,1.58601918606165
0.520847147213742,0.613010517168525,0.706574948760915,0.816291271060782,0.956774086334223,1.12396012883449,1.33034317041159,1.57531472078233,1.83545816117445,1.96841883789166,1.83240384800185,1.60045671721088,1.40528778007443,1.25942016424666,1.15688284574366,1.08638535103068,1.04246331035181,1.01668816877299,1.01896020436505,1.0342807788504,1.06557748659984,1.11213930464035,1.17391925070974,1.25632347086111,1.35661820616999,1.47982175457348,1.63416351170318,1.84026482443722,2.13430933861581,2.47615321301257,2.22628622186053,2.16090416841436,2.04557425111945,1.91139205073733,1.812726736378,1.76275146090399,1.76255517564012,1.8732097377886,1.84800990199429,1.8546773265396,1.87602435801559,1.90371892027671,1.9167644624889,1.90993578121387,1.88761995351179,1.85296268848086,1.8138271608414,1.77608533999586,1.74581262484147,1.72316119604734,1.71336625309796,1.71725111432147,1.74810693583726,1.75273559771782,1.78415517983641,1.81960666841566,1.85485084920715,1.88585969623854,1.90532619548119,1.91107015367191,1.90291432902734
0.630618229953264,0.737526791552028,0.869763034380184,1.01944444032026,1.20294842289125,1.41928884678201,1.64755660918269,1.8176193347497,1.80765718135642,1.65078189692093,1.47456192422743,1.33024426124996,1.22158804770669,1.14792851960282,1.10261847989597,1.08267847577065,1.08610154715894,1.11190493770032,1.16025653609655,1.23284001610839,1.33810572237031,1.48083800103969,1.70312560232998,1.94524399528119,2.29767989288872,2.34291314723771,1.94412885353485,1.80587582140395,1.79142987705736,1.8336042681735,1.8926426294985,1.93816411225017,1.95211357412698,1.9341381435488,1.89928251675162,1.86491777259616,1.84474583918721,1.84253473442009,1.85696873875791,1.88116948752922,1.90471236874249,1.91675905710085,1.90999787894256,1.88333935599492,1.83990184320109,1.78851981413083,1.73206351616913,1.67869204620901,1.63366004595581,1.57269736648984,1.52552883788192,1.48069331641033,1.44216026272287,1.40747265544237,1.37713218369653,1.35441608615066,1.32506806642194,1.30423678513598,1.28715156812215,1.27437320689519,1.2663508523435
0.326791167963854,0.390283843673942,0.46213837588929,0.545454622832007,0.657113426795088,0.77893144285919,0.937139376600337,1.13413148928145,1.38552388938631,1.70824794959037,2.02153424896028,1.9767211342181,1.65836137092275,1.40179466233606,1.22378906564827,1.10333263716597,1.01856530257364,0.967995685871779,0.9403824473634,0.930861080747684,0.935797610930004,0.952421663901399,0.984364158335303,1.01913387645718,1.06051122068289,1.10737384670183,1.16313460099947,1.2190754735733,1.27809722059349,1.34324366932534,1.40764596993888,1.48205838542151,1.5414609733346,1.60232330116605,1.66085754870262,1.71596808971385,1.76111812316674,1.79886259885894,1.83847793965294,1.97263037569385,1.87628680342163,2.18323274507897,1.98775356235317,1.815105018575,1.75523078703794,1.7275737495147,1.71224312113594,1.70994041509464,1.71811323504149,1.73613647014765,1.7606842597144,1.78803393242596,1.81520618760208,1.83812352999677,1.85933688229411,1.85792871271063,1.84961172849699,1.83021629185214,1.80419769762321,1.77453388587545,1.77488546316661
0.381616738189026,0.453944721863158,0.536614235435859,0.645729987731344,0.763196675391868,0.913645932848552,1.09813521304531,1.33027098899061,1.62512182980301,1.93695512457433,2.00800235752197,1.73967505035746,1.47898777952682,1.29587201378216,1.17353049805616,1.10072071043705,1.06508131178555,1.05990707379161,1.08045168371247,1.1234440758731,1.18679031057557,1.27357272593856,1.37935060666677,1.50325560571119,1.65257645228184,1.81917734183958,1.99141082952457,2.15219611771662,2.408240560315,2.16216201491134,1.94308590236171,1.84950866837465,1.83998027607839,1.88623557934727,1.96686517205413,2.04420394758854,2.08018216757734,2.05687007286216,1.99945704772076,1.94451827758296,1.91315259612943,1.91082517720303,1.9287517110151,1.95171061703357,1.96237358986892,1.94884888802492,1.90916173023089,1.85188862107064,1.7894263527478,1.72105959025261,1.65710646826894,1.5963608071511,1.54200526227599,1.49149296035441,1.446660224541,1.40694281928212,1.37188496413454,1.34145757868554,1.3126583934197,1.29143834931072,1.2757142120216
0.758830477116719,0.875819256361099,1.00507287568552,1.16474733794303,1.355238391738,1.56582161347461,1.76214307131146,1.8400079082299,1.74406089851812,1.57078458374936,1.41119252500347,1.28371419531273,1.18901365377121,1.12681445221626,1.09173440529842,1.08242249524099,1.09901052226738,1.14363801182119,1.22149742670596,1.34791248800776,1.54538348140623,1.86777981060389,2.36222641192904,2.16859312609731,2.29744736045047,2.12061134326893,1.84590908421682,1.71025841696411,1.66032657850327,1.66922456159893,1.7236327473645,1.76282275244691,1.8252142251486,1.88326613147928,1.9250908760431,1.94454481989071,1.93988862641321,1.91565940109462,1.88342384408425,1.85394800403268,1.83747644490936,1.83804387215642,1.85748893884193,1.89278091537516,1.93681632318766,1.9747437516404,1.99087242850642,1.97739478082279,1.9363612295595,1.87948453485157,1.81537811483578,1.75308723507263,1.69815883984186,1.65019819154542,1.61510867713315,1.59467265921923,1.59608166145531,1.63459360236959,1.72930829006065,1.92627204876442,2.25548082463281
0.885919118655246,1.01676912572004,1.17594960517276,1.36109572829267,1.55582669283235,1.71943494081626,1.77041957879354,1.68370412518191,1.53775345394396,1.39804533983755,1.2834305351735,1.19684702164763,1.14047976350861,1.11115806751386,1.11065434683553,1.14440701965342,1.22508915080024,1.38522745926875,1.69238999486274,2.25280799750943,2.11765809244054,2.30638965652143,1.95662530262738,1.65892155182879,1.59419846918202,1.61960260559464,1.68401125258063,1.77293536594785,1.86480354357809,1.94458170834664,1.99374349449578,1.99961186186624,1.97518777186512,1.94256993110444,1.92632252397486,1.94025184481162,1.98136061275263,2.0268495079558,2.04705451703988,2.01837172787123,1.94972827945056,1.86401929268131,1.78025478573873,1.70447023995432,1.63889150369088,1.58642288817231,1.54583961130595,1.51663884074959,1.50237886917668,1.50414118510165,1.52916613568031,1.57773627207285,1.66077105172356,1.78370234961636,1.94858715235119,2.13958052332093,2.26062418472396,2.14681803022278,1.94968670353175,1.78883081989137,1.67272708123202
0.403055178016472,0.480400429742172,0.56963931512481,0.688376558874234,0.817427313164738,0.984039665705671,1.18888748842488,1.44748825499685,1.75133414694252,1.98090932605795,1.87091649739909,1.59894742064901,1.37834498298229,1.22249382027725,1.11984378068741,1.05714323111477,1.02357765668497,1.02681372848513,1.05208195603552,1.10221938438583,1.17733050386383,1.28351912043043,1.41994142876561,1.59463110830651,1.81124967521879,2.0756802691594,2.38534191162124,2.32873547072261,2.0575085001988,1.81341849086944,1.66997086775621,1.57567532024139,1.52217487916679,1.50822789586647,1.53377392374691,1.55846292388158,1.67403043992029,1.66457897758545,1.72473382384503,1.79248885871095,1.85610761238535,1.90642190194064,1.93684774799479,1.9427609482609,1.92467685867362,1.89285496472043,1.85498577140539,1.82111703520353,1.79955758669004,1.79493057514625,1.79689445817307,1.81572866451307,1.84330460152869,1.87291909102052,1.89698379758719,1.90867908171974,1.90407945506381,1.88336826437729,1.85012810071,1.80965746727401,1.77021568471161
0.427093246324087,0.502534501462472,0.600791950687114,0.70418373194095,0.827491675402964,0.98589639718876,1.17848949813423,1.41957559502931,1.70536098977524,1.95603013612624,1.92962042248631,1.68016156566525,1.45404043613934,1.28966164166349,1.17604375380905,1.10533201082375,1.06723011055298,1.05629880089859,1.068630955495,1.10149586985164,1.15312243052995,1.22617007020665,1.31450547400433,1.42490121365755,1.55655605453907,1.71279638955568,1.90242338304657,2.14723724890762,2.46386038888754,2.18358027659405,2.00648452190403,1.90659695592786,1.85851158676779,1.86796398219082,1.91833921615208,1.98163131744283,2.02877755619362,2.03878953755738,2.00843147573409,1.9577700078422,1.90911221886666,1.87713834263989,1.86925319823527,1.88328328424542,1.91211760532406,1.94363157406611,1.96357166691241,1.96077661674452,1.93251237722315,1.88327371018535,1.82451256131712,1.7613487930817,1.70277605437061,1.64251131432588,1.58827616607539,1.54188748754955,1.50137859444065,1.4678194161992,1.43838416451585,1.41974293946655,1.41505577694454
0.401387412142444,0.482983012174113,0.577377945665306,0.701956744615644,0.838005469319934,1.0123697439145,1.22522311997159,1.48965366741541,1.78840221422792,1.97167781284319,1.82730335124082,1.57436975026289,1.3733059471623,1.23375727254455,1.14689061511335,1.10172644136968,1.09348972260469,1.11971979696679,1.17999729140193,1.27919174526537,1.4158349253635,1.60428015054028,1.84410144310555,2.1482234151904,2.41882831419021,2.21359844598405,1.90401129215442,1.70844078134475,1.59266460535979,1.5324140572279,1.51727406524293,1.54544546597147,1.59521628868127,1.64243822845145,1.71739648512339,1.80440332171239,1.88857969865534,1.95762006605782,1.99901796365749,2.00067387366734,1.97263821617557,1.93642003326192,1.90913323028772,1.90246238056794,1.9181057006838,1.94594935718846,1.97219250483087,1.97968664143266,1.96034039601036,1.91531121872871,1.85586702279269,1.79167205561294,1.72619852502997,1.66341445017778,1.6067273079187,1.55480050856972,1.50610250079615,1.46411813057321,1.42692891183537,1.39773184785169,1.36578589411898
0.570259399777988,0.673358472565018,0.779955851882342,0.913811807548106,1.07125742113615,1.25950338515219,1.48370877526543,1.72152170082945,1.88496381120656,1.8358007575984,1.64632995369065,1.45935798202733,1.31238510623806,1.20326833424309,1.12915949829383,1.08224359174003,1.05869707666147,1.05569300165615,1.07127593892779,1.10428346713347,1.15438224898698,1.22583988867636,1.31497108450047,1.43302048975455,1.58890182618464,1.81533697468235,2.20319989764371,2.33398549459546,2.28897965610473,2.05507073384949,1.90032326894934,1.85001935844467,1.85843334149295,1.88861844689889,1.91704658363717,1.92939914736486,1.91988885432375,1.89535368975007,1.86206846313809,1.83056596692852,1.8096155216977,1.80105639016424,1.80942529037543,1.83298623486817,1.86441676352983,1.89716291711759,1.92301538261213,1.93151767852645,1.92000836456633,1.89451462548741,1.84530065400416,1.79362682019405,1.74178104521461,1.68953255671595,1.64212637965397,1.59886686240196,1.55793281351026,1.52435931456673,1.49644715141723,1.4751993757209,1.46262385000919
0.31291147669808,0.373891162676231,0.442452557388662,0.521587866059748,0.627616340301163,0.743415595569492,0.89480549297724,1.0859962585983,1.33644379183439,1.67193863240239,2.04410031967574,2.01931394388109,1.64681801142622,1.37203758719959,1.19404762070078,1.08378460168786,1.01591614511096,0.987355522023282,0.985669570033464,1.0106223219478,1.04862643446529,1.10169875879283,1.16806173235004,1.25142584386199,1.34600253205457,1.45015422431428,1.56901862121093,1.70080842806411,1.83913734839075,1.98253246281878,2.1384716002299,2.40333108362132,2.19218999695786,2.19153385761314,1.92648584829205,1.91947367111117,1.96175220908169,2.04544286476237,2.11520358774505,2.12020179565567,2.05938449952976,1.98438605729087,1.92845322652296,1.90628723677548,1.91158616819411,1.93735221415448,1.96468176021997,1.97893398278094,1.96955398268457,1.93363494841738,1.88098053589823,1.81811240834146,1.75280001158148,1.68898837629385,1.63074350613119,1.57605225657366,1.53258688778537,1.48510771502343,1.46042636770437,1.40652818055944,1.37418249951835
0.52442631730008,0.627629049501468,0.735889988152403,0.871021620670307,1.02613728770117,1.21889008493493,1.45058093870144,1.70275652486853,1.88388513560588,1.84159160719587,1.64517594700403,1.45205211867625,1.30146518446373,1.19029520386667,1.1145862511375,1.06630608909379,1.03730738310293,1.0364687123503,1.04956482012539,1.07902051662549,1.12387479179675,1.18376841840332,1.2632755008395,1.35653166366565,1.47340849592754,1.62012215092961,1.79043085597885,2.00037036284828,2.26214774768147,2.42498948858553,2.11120519617625,1.91942545131329,1.86766524843832,1.87567822315744,1.90492206593642,1.92942953620454,1.93480005153426,1.91756666049718,1.88723679219051,1.8520541757073,1.82231551989345,1.80546273885192,1.80276695651718,1.81363422158178,1.834332853711,1.8586182473916,1.87894506574601,1.88836489223813,1.88268690581263,1.86220561258308,1.82821145525349,1.78490101404971,1.7390667953736,1.69214738668521,1.64482822093063,1.60105077835116,1.55997222186335,1.52019620181993,1.48771795426012,1.45671412889229,1.42460106581932
0.518452956496001,0.610755734894216,0.705055514628957,0.815573222136374,0.956110772440743,1.12275051702351,1.32352436084789,1.56604919475292,1.81335539290199,1.93812905630963,1.81468192189365,1.59903417019256,1.41305443872734,1.27384953195498,1.17706307129695,1.11221834851767,1.07386295315059,1.05769523341726,1.06041118753568,1.0794839369618,1.11300156828029,1.1595645006581,1.22189356763764,1.29312693941832,1.37916956030308,1.47635025691602,1.59244896158089,1.73317795258994,1.92868091173801,2.27733123261717,2.31082073349863,2.11162883820234,2.17689286007423,2.08023564118191,2.08065974521035,2.09498439649999,2.08724368206292,2.05479095270946,2.00006486587685,1.94067232323182,1.88605794296453,1.84647973617501,1.82645480979738,1.82631088601307,1.84581857191068,1.88312906634556,1.9287401183072,1.9745542866426,2.00574820830918,2.01028215618273,1.98428776315202,1.93583930524756,1.87544750896704,1.81289663032666,1.75424047208167,1.70328197355444,1.66723079159295,1.6504299539951,1.6680528361131,1.752523600762,1.95897166887232
0.614132480813687,0.713604122346649,0.82947291788247,0.975018172831876,1.14529397284506,1.34505898599623,1.57401180299621,1.77976301638573,1.8507223370953,1.73526042334236,1.55523605772383,1.39327745309232,1.26756432802734,1.17743730552572,1.11494368645616,1.07608057858904,1.05752666178308,1.05664579068738,1.07134732879324,1.09996773412988,1.14120261423641,1.19410003816838,1.26228114511379,1.33892017419984,1.43297311516007,1.55035557961978,1.73149423306363,2.24538788709526,2.05402084468495,2.27644497083565,2.21441182566077,1.99613575470945,1.92916953877379,1.89921939142826,1.87291505726483,1.83902020293178,1.81001750323241,1.79052875151368,1.78204775907402,1.7897874037606,1.813374903939,1.84694028096748,1.88491689937975,1.91898297218932,1.93661704006404,1.93216153794833,1.90549530590604,1.86104281179294,1.8089278607024,1.75334923217312,1.70104389740219,1.64765498861325,1.60369293542547,1.56587719492148,1.53302171914576,1.51283978692905,1.50734790801406,1.5207529218623,1.56545188926213,1.66738309855388,1.86365599340154
0.10799587143489,0.184540577372289,0.244661824499897,0.31366196730056,0.395027525650812,0.493456982762866,0.626479677262885,0.784128574932454,0.997825199579661,1.2860837920235,1.69260893343603,2.14685781430236,1.91446929348951,1.4848949733549,1.21724949101717,1.05041960559328,0.940958599713861,0.877121392505201,0.843514578186444,0.832623871353117,0.839298428463057,0.859933207194453,0.891981396932437,0.933647764206118,0.989916199880551,1.04855813165175,1.11453427430368,1.19228532458686,1.27399990869525,1.36751176443269,1.47004866281528,1.58316196105144,1.7081344978374,1.84706001404569,1.99745221473146,2.16012254032451,2.36068225706609,2.23476753726979,2.00632167224605,1.93823149166315,1.87457050469567,1.86345920140867,1.90258859058607,1.96397186489676,2.01151693709871,2.03694209723164,2.02396829870485,1.97877748301165,1.92029624479688,1.86450941613547,1.83176335528613,1.79363168146571,1.78114248324079,1.78633057918224,1.80418378966331,1.82921675383938,1.85484142022814,1.87536037976953,1.88317660316024,1.87548681171913,1.85520962325922
0.613869586883043,0.714895355768179,0.83267883071914,0.981035012726813,1.15541643822073,1.36477126014517,1.59879234436748,1.80845113873015,1.86498725396429,1.72475432669269,1.53274966853659,1.37186037721693,1.24941240338956,1.16518337969532,1.11096132614915,1.08262273241284,1.07685148258358,1.09107751218674,1.12334709075246,1.17224913466054,1.24046385143828,1.32210974466036,1.43349388182402,1.54389048884196,1.69186584408372,1.89715030385653,2.33831192693399,2.27862290890673,2.17499920417569,2.06573128675441,2.0314831531114,1.98874722524672,1.93894741766214,1.88963041324547,1.85708076147502,1.84393328356587,1.85291919078266,1.87684628919888,1.90627497454603,1.92596121605319,1.92630573857211,1.90345852938293,1.86010074432022,1.80593987941738,1.74555859936756,1.68462218076457,1.62773494870809,1.57288557983188,1.52550372708664,1.47998055929973,1.43799679490733,1.40322063940294,1.37333342991875,1.34785056590233,1.32772463591856,1.31430744569386,1.3073057150274,1.30803731789078,1.32227647506618,1.35838393258169,1.42267875281852
0.672323297551861,0.768886790562118,0.889497673914143,1.02362806763054,1.18974785241702,1.3880233183573,1.60583299311138,1.80118025456698,1.85847448286354,1.73681220537975,1.55770852970009,1.39606884105848,1.26993083976061,1.17893349025709,1.11522360676596,1.0751968093817,1.05590947376819,1.05518914691077,1.07158019362778,1.1043343155373,1.15352490128101,1.22384114219019,1.31284583167636,1.43431828488165,1.60762112276888,1.88840085946898,2.37889279830357,2.15789002689937,2.16417474943886,2.21980318911813,2.08052322874266,1.95046828306307,1.91047744358028,1.88889508577836,1.90448754219409,1.91897625456574,1.92433863950182,1.91284235410505,1.88909044945935,1.85611232503087,1.82178054351472,1.79202484127021,1.77328044796881,1.76741876370406,1.776478981434,1.80052675101123,1.83714683802451,1.88267478022211,1.92730723167892,1.9600964648339,1.97974070727915,1.96871610692179,1.96231237500202,1.88136121916527,1.82592958195346,1.77510374989203,1.74126740771434,1.70239442892964,1.69964422716014,1.74521445276415,1.91192602146529
0.638240999819908,0.728722428401977,0.833535701615189,0.967018527982882,1.12319800797835,1.30862113132433,1.53001140223974,1.75280023329323,1.88737450782663,1.81705451744056,1.62977544906176,1.44818688544067,1.30381053684507,1.19440342470516,1.11734661581171,1.06507768986858,1.02979246154151,1.01624312753396,1.02267688478311,1.03895455506373,1.0680162445792,1.10914186648645,1.16213485025419,1.23187038536933,1.31253191905259,1.41538336305902,1.54616933621577,1.73440118684952,2.06332750257404,2.42029973727793,2.22787893434541,2.22269409996672,2.10094315644504,1.91524761431597,1.8745317278015,1.85841763915697,1.86615181578252,1.87550693511495,1.88220282567899,1.86706977448868,1.84626158742666,1.81726167831619,1.78656598242311,1.75563756513427,1.73063828661638,1.71166670909282,1.70368619719194,1.70636900275624,1.719997984409,1.74373619798112,1.77727922196342,1.81794393628315,1.86715757493596,1.87963545972329,1.89699123715151,1.90234046801341,1.8919510364655,1.86779629770196,1.83633871570281,1.80169227980067,1.79297594568759
0.475891219515472,0.560790533037021,0.672271411203077,0.790829815117225,0.941341106805373,1.12241634625944,1.34370926511557,1.61272811080869,1.87413910543818,1.94044476301015,1.74159299403305,1.5125077112349,1.33926805749159,1.21879849777805,1.14614240579303,1.11225708398638,1.11351575490422,1.14831178489871,1.21701577454468,1.32597198393041,1.47729228481979,1.68227287695787,1.95343037737404,2.58160548927963,2.42857755423132,2.22480538774266,1.82798426461272,1.68364815797851,1.62150191454616,1.68519280898263,1.64375201502242,1.7012033427728,1.78200530946851,1.87194250293572,1.9571675576433,2.01440426746336,2.0299551526623,2.00528106242349,1.96440975896703,1.93232314569539,1.92442743169368,1.94046949625502,1.96973960806664,1.99377826968656,1.99443216194539,1.96413969038289,1.90820676853241,1.84152531303436,1.76998079380569,1.6963889053945,1.63192318386485,1.57197716003102,1.5192804081161,1.47271665414262,1.43007944329618,1.39553468051257,1.36772677809401,1.35337042105031,1.33196818068242,1.32827786849792,1.34196810324754
0.367666151674156,0.448931192836469,0.542883850509146,0.665776333458179,0.800441911390916,0.971672137621579,1.18035518011678,1.43993093207347,1.73999150016247,1.96625443092926,1.87337828107388,1.61681487251876,1.40396399960236,1.25360549016402,1.15711098339849,1.10276843245726,1.08555661690786,1.10292295545527,1.15446997060269,1.24186894414748,1.37373580998843,1.55573602197422,1.79597439165101,2.10169528841921,2.43579409787169,2.39033624381138,2.13176925413393,1.76079864254671,1.59084674245583,1.50445773711504,1.46538228538879,1.49353070205643,1.56891783616366,1.55611315592043,1.58335901599253,1.65085226792869,1.72808977300219,1.80753127329024,1.87962945259415,1.93682180194458,1.96618356612793,1.96516541060664,1.93998939454556,1.90639326658788,1.87994903000701,1.86777225486122,1.87461284279256,1.89539879512182,1.92089418831831,1.9393740989064,1.93832847961414,1.91653294531553,1.87640464704224,1.82394149293775,1.76765223185212,1.71023257809282,1.65891379361695,1.65379464366002,1.56951281813999,1.51755672494693,1.50049158041838
0.489297146302774,0.5966276864668,0.711512092422751,0.848286898598825,1.02209992107686,1.23083435550842,1.48341929663391,1.75394649522246,1.91230514593387,1.80020334392055,1.57675649349593,1.384627816568,1.24283504007164,1.14656293499539,1.08627556246086,1.0579178268612,1.05946819328909,1.09089486687191,1.15425449357141,1.25749947747728,1.40597355188036,1.61304140352412,1.8995456625303,2.26078256795064,2.45057423006935,2.00219797563182,1.72823414341524,1.5753291067585,1.51093331944058,1.66686653364087,1.75891613604791,1.57978250669715,1.54006961691076,1.58267151302726,1.6445766538088,1.71251796943811,1.77906042748372,1.84103581538136,1.88877258348375,1.91747809708666,1.9239729239769,1.91019952311554,1.881891023959,1.85025097880419,1.82122144544276,1.80314080496588,1.79727751915942,1.80701355593313,1.83611038582953,1.85622556668432,1.87903399033622,1.8929957861025,1.89121778716421,1.87229278779666,1.83913988860123,1.79561103747727,1.74888332220817,1.70130702672707,1.6542215926592,1.61711445092724,1.57810202363494
0.376478160375032,0.450140668697561,0.534678137358049,0.646341662634966,0.76715239339081,0.921811847625944,1.11118106118024,1.34792476834599,1.64365319307014,1.94010895237151,1.97732011912772,1.7140649815166,1.46575863089825,1.28652011435589,1.16318772612654,1.08591281977753,1.04379999067908,1.03132162986671,1.04485631409197,1.08221932677533,1.14240445492237,1.2289910608188,1.33742094394765,1.47630315589756,1.64903116352754,1.85859970353307,2.11574460996451,2.39970419197183,2.26659563342422,2.05137202876886,1.86053336375841,1.71978851481746,1.64946338630931,1.57338396527857,1.55113150886674,1.55723221688877,1.59892794310651,1.64418410708923,1.69683732336025,1.75788903871466,1.82465332262886,1.89211709118117,1.94514485695545,1.97458305759057,1.97480268176238,1.94836633133498,1.90791957407835,1.86625178254503,1.83466237760023,1.81655731914874,1.81735926033614,1.83200402541526,1.8589281600507,1.89139254637041,1.91859728164442,1.93323781304005,1.9299936634654,1.90859801851338,1.87412912926275,1.8432592222193,1.77693654199802
0.255263958730549,0.321969750660929,0.39802486799566,0.486783844357177,0.603695651503574,0.734446975539919,0.903412235733987,1.11621667145056,1.39142241176019,1.74700116392807,2.06666063594511,1.9129033330321,1.57456314332567,1.33217584591512,1.17103902904461,1.06956249169268,1.00703908334191,0.982382663322235,0.985680190363731,1.01806779308792,1.06838235309829,1.1398941613511,1.23666408679092,1.35327267149996,1.50135820897551,1.67529225113183,1.88117413352099,2.10313379586051,2.30432206747772,2.34430949381843,2.09826888566011,1.83537679645945,1.70952733575082,1.59570512210026,1.54384654863444,1.54557711420723,1.79686109682192,1.58513255873953,1.72346661692214,1.70415707598304,1.73654584647967,1.80475422411846,1.87467405528112,1.932521805972,1.96648422664331,1.97093083632087,1.94757344159715,1.90827802457002,1.86615725534822,1.83370006902419,1.8121258941485,1.80911989823376,1.82162669001703,1.84548802924568,1.87394644635608,1.89875665580492,1.91310279328543,1.90999569967783,1.88909345180725,1.85632613693792,1.81961612473857
0.425750310450336,0.513155987032723,0.62667269313604,0.749419260683921,0.904202883582268,1.09102082467316,1.31985055236649,1.5975966573164,1.86894473500621,1.9341938855232,1.72898290891508,1.49764818140999,1.32407053959432,1.2038532103511,1.1319281416729,1.10042627469032,1.10726912139393,1.15289417273972,1.24013836990494,1.3785185800684,1.57569355931339,1.84140320757371,2.18427083824606,2.43058426544973,2.11664464680484,1.8231837882716,1.62526735550985,1.49956130264992,1.4217273314044,1.38250806898149,1.37111148080373,1.38207781675632,1.4120699895791,1.46710296845391,1.67179925574276,1.62209137274269,1.66162009549004,1.73193768047784,1.81021860163976,1.88160275577844,1.93885183003711,1.96940311242966,1.97006639029553,1.94573370550011,1.91127525118769,1.88121929069308,1.86712048131477,1.87200317250845,1.89487837136833,1.92822399503787,1.95165947616069,1.96394771428921,1.95372131742067,1.92123854966706,1.87216680680374,1.81513802272861,1.75961426841696,1.73898615687384,1.64856068035847,1.59623438879089,1.55212712281149
0.359236993707606,0.426219082079285,0.50245300126205,0.603047728038847,0.710602162899393,0.840865510980044,1.01031443544714,1.22006917276608,1.48675305624017,1.80297333677047,2.02766433419464,1.87345346755926,1.58803816888454,1.36738071404565,1.211870293003,1.10713015352791,1.03478353209836,0.994954735662112,0.977742062480548,0.97910585829258,1.00079838539453,1.03168957333402,1.07446674184423,1.12800341135201,1.19159282978434,1.26935893861913,1.35369687720097,1.45252831770992,1.56430558253259,1.69398698644208,1.85542093417196,2.08542423118555,2.43483183160424,2.19702907956551,2.07124156211123,2.02220105688931,1.95826976879572,1.90756826701118,1.89432594849037,1.91792124464456,1.96667892969091,1.99645668931899,2.02335042880162,2.01902949602394,1.98444350918542,1.93092082686176,1.87078641399203,1.81634022050519,1.77348949729959,1.74262591886036,1.72783284278926,1.72935494699524,1.74242910292138,1.76589179950162,1.7989947888948,1.8375425108885,1.87346103072895,1.90330841589172,1.91971176093979,1.92078768576651,1.90976901014736
0.540821044452004,0.640096682569243,0.742857166734359,0.871824443090635,1.01965449662511,1.20575280714486,1.43432170536109,1.69517539639903,1.91032336263184,1.89483153429415,1.68410472923155,1.47484528064066,1.31545088725648,1.20183353364981,1.12933640393929,1.08872014246511,1.07540592818908,1.08609990723293,1.11861695753037,1.17179493890975,1.24939609887801,1.34626877218599,1.47213089037462,1.63192723404064,1.83348470380822,2.10487216953119,2.54920028987504,2.21035476922775,2.00519682002554,1.91006611296854,1.90498945343604,1.95033095392927,2.00137806206188,2.02631210994727,2.01200748856765,1.96984538602524,1.92312557657839,1.89337570474781,1.88481566656438,1.8988527908752,1.9255387945592,1.95229362962749,1.96211066781039,1.94724607592978,1.90744963723339,1.85144376954502,1.78950402744467,1.72496105130802,1.66341597715201,1.60592380161583,1.55202357945329,1.50558084618159,1.46552550689364,1.42752224796933,1.39354169187932,1.36766636900537,1.34774815856304,1.3347916492679,1.33093282771689,1.34003733156259,1.3731954990602
0.393882709506921,0.470266413706219,0.558127245848986,0.674213066827098,0.799867655273655,0.960600331478932,1.15663825434433,1.40253929826659,1.69609170985309,1.95690570621338,1.93942397992126,1.68492509338299,1.45257343248104,1.28048195696344,1.16516982951395,1.08991194777419,1.04746916960298,1.02865588358442,1.0425784924084,1.07478291648253,1.12851495269512,1.20392515813928,1.30660204915858,1.43524211954259,1.5952629502917,1.79529028919666,2.04429189396932,2.34570525898084,2.33258495507971,2.07246500206395,1.95369330056224,1.74947646071855,1.66445628846526,1.6265982781703,1.6216711064726,1.65040089937559,1.74199754641122,1.74881641287161,1.81304402136779,1.87598582856193,1.92920439257121,1.95992439106342,1.96353974364644,1.94132245281343,1.90405575072342,1.86357637275545,1.83101468075953,1.81015421930092,1.80656470640681,1.81871241351427,1.84432178158674,1.87321726276176,1.90265282309343,1.92065356182188,1.92211467528393,1.9053502404842,1.87210272619042,1.8302360020434,1.78596788040369,1.77564145035524,1.6912661447891
0.442093284879056,0.5289725669322,0.641845842285722,0.763012164402621,0.915113656132907,1.09702659336273,1.31721825493839,1.57834596419541,1.83549165104972,1.92218635809701,1.75309105082495,1.53167687706604,1.35512717901687,1.22467743288176,1.13568233774973,1.07830995694358,1.047576758392,1.03992206178885,1.05292028458594,1.08507528207111,1.13574088701117,1.20514954697492,1.29913717189295,1.41606240630353,1.56150771536071,1.74395147802032,1.96774750663029,2.22704818993739,2.45162573088633,2.10884923536944,1.90162140993581,1.78426756744208,1.75868884877179,1.76315912972842,1.80717328886174,1.858874669611,1.90451266624873,1.92945397034022,1.92843465068401,1.90780355130671,1.8754637419108,1.84376161702829,1.82271733844859,1.81546487042568,1.82284454747286,1.84192078238348,1.86661370816686,1.88894226060182,1.90106490866539,1.89815438515025,1.8785344858654,1.8437344523839,1.79969801956371,1.75237115706984,1.70376152265918,1.65485234063942,1.60969439218682,1.56854851884567,1.54832300308571,1.4971177638511,1.45703368775444
-0.0211747013270103,0.0241791967390601,0.0736782670407359,0.129383287203368,0.218309177764759,0.296503350567182,0.392060481406644,0.511887322171687,0.676843734829709,0.884660886918505,1.18397286650669,1.61507145775157,2.17272633054134,1.92020265190272,1.42545418152441,1.14158123817568,0.965286671593366,0.857283925495138,0.79185986058325,0.756593212328903,0.74349232356331,0.747182738854659,0.763945913470833,0.791162567261415,0.826969950305891,0.870042598541593,0.919448693497576,0.979949540954493,1.04107599596822,1.10742981586039,1.17896904653445,1.25986295579898,1.34293135622139,1.43470556288576,1.53003886933946,1.63372083072932,1.74260092916393,1.85647856366335,1.97935434789082,2.13668970080435,2.35906617549921,2.21224814171048,2.02675735078981,1.90452163659417,1.82784627734223,1.74234968965494,1.69558267665761,1.67730450959462,1.68699232648291,1.72667109495209,1.79348885067188,1.92575403350855,1.97524985199214,2.05875946536011,2.10031046942062,2.07689332928835,2.00610379099989,1.91989169527975,1.8374780203479,1.76956037761164,1.7176094124705
0.299221215660844,0.359993309727213,0.428582046332108,0.508066967045959,0.614451568640864,0.731170581200246,0.883129864726826,1.06945833949367,1.32208136153075,1.64933714363186,2.01269807659883,2.03297163534322,1.67703161051329,1.39564917513512,1.20532991231832,1.07857684415927,0.991099353772057,0.939581971963575,0.912318456086846,0.904077549170169,0.911066160633875,0.930493043042063,0.965868206323343,1.00528868441162,1.05258759404543,1.10699142752356,1.17245169473809,1.24084569927905,1.31921171997696,1.40211463080449,1.4959799269662,1.59918986511901,1.71409839100894,1.84681800772755,2.00951302770554,2.27102983413536,2.4106983287115,2.12571541852275,2.08763525618104,1.99090677601033,1.96121417034982,1.97063536114765,1.99293383912601,2.00793396915361,1.99779430932573,1.96345482618144,1.91519046027982,1.86255243015301,1.81330991068906,1.77387718146555,1.74463519981746,1.73189569134613,1.73191203300128,1.73538698682526,1.75366133663449,1.77914413943931,1.80760809894632,1.83589257217972,1.85690086437605,1.86817089732426,1.8677458216233
0.58577970012904,0.669437801062027,0.765625536028759,0.886272667656903,1.02131600261311,1.18956312219536,1.39294945740441,1.62530871235629,1.84480206953336,1.92749191217133,1.80328361802614,1.60886099029443,1.43996989677221,1.31204412020359,1.22190992286999,1.15817225552953,1.12210455353413,1.10649134719953,1.10828481882992,1.12504136801987,1.15900867494183,1.20096227895761,1.25325524296592,1.31865022310548,1.3900144973331,1.47360803792937,1.56764124128063,1.67895106411419,1.84198270715162,2.23719330866293,2.16383326903917,2.11160491959435,2.28798925222965,2.28533149908016,2.12286311088528,2.0173235422262,1.94490024225435,1.88648270196533,1.84777576924815,1.82663969534364,1.82593331963951,1.84408772725288,1.87986816072057,1.92406459060245,1.96880591929103,1.99921068066795,2.00274247569927,1.97627393792664,1.92913884173029,1.86944768493914,1.80884660275154,1.74994115294821,1.69532015520528,1.65447518113287,1.62746148066837,1.61776843078862,1.64093786059016,1.71176731922515,1.86569172525599,2.1271583214555,2.39525049992567
0.366574072031456,0.438307104474988,0.520605944317405,0.629562358691097,0.747710959559834,0.899622805317923,1.08700096656381,1.32405122278657,1.62608360620045,1.94396355773214,1.99795557474017,1.71546139595485,1.45135771845047,1.26185682162735,1.13605090591897,1.05389303437792,1.00220116423324,0.982187482204113,0.985487955095916,1.01416950979812,1.05731759075471,1.11846120533171,1.20150479184744,1.30092563049414,1.42540502999671,1.57729745298872,1.75867727924758,1.97663631315911,2.24288537810637,2.43983408472159,2.16449901911226,1.9618608869442,1.81403664488462,1.69252769953485,1.62881841155374,1.61017647322615,1.77399991165209,1.65070788188737,1.71938515050905,1.75394074792117,1.78632629172834,1.8456911987668,1.89801277977831,1.93433392623093,1.94769743621254,1.93670541584749,1.905722924154,1.86498331539495,1.82352228578252,1.7898706256929,1.76595040111789,1.75571292526337,1.75974014771352,1.77632107103726,1.80239212432068,1.83330477899912,1.86455010994254,1.88753603907056,1.89826547542259,1.89413991476708,1.87593531077164
0.620724681024781,0.709372329264434,0.811789575725746,0.941334790053338,1.09270914261103,1.27290989422089,1.48790579151094,1.72016870045953,1.88890165401666,1.86128488706367,1.68017536269398,1.49213136867507,1.34151020907814,1.22850697134593,1.15100157145128,1.10063699031172,1.07310394722934,1.06488424744062,1.0731364582988,1.09554454804923,1.13019381831635,1.17547403786204,1.23435087801533,1.29802777089348,1.37239518878171,1.45115775717085,1.54089834749159,1.64610169627096,1.81275241148246,2.44551507750364,1.98251278900562,2.1555805441964,2.39029211403341,2.02965391252952,1.93285980978905,1.88058052494929,1.8520909282882,1.8210423318434,1.81089584062927,1.81921160645647,1.84586806528576,1.88461423488257,1.93085700338684,1.97133402618844,1.9915557593139,1.98382876824122,1.94918072567377,1.89540402133394,1.83399171459783,1.77279141061154,1.72314767289472,1.6715724620595,1.6281524291568,1.60348446409165,1.60169957531947,1.62068247850478,1.67851402124287,1.80511584600466,2.02436115567227,2.31236582151417,2.23830186497569
0.376186808004907,0.446118210653716,0.525937188419183,0.631575319652102,0.744772852083491,0.889568444185287,1.0614741159889,1.28822615333414,1.56810352044341,1.8825736923923,2.02459486608126,1.79701562612487,1.5245898934348,1.32657446509463,1.18917464021527,1.10126542384536,1.05010280728447,1.02473522922629,1.03313958707483,1.05942677040132,1.10572348449068,1.17085589523566,1.25845440447666,1.36239485582315,1.49103862538062,1.6464593445118,1.83219638674842,2.06429934619258,2.35354564306185,2.28231124288581,2.1162101557989,1.99141336201367,1.83654397308295,1.73831918261635,1.67477501069154,1.64434481022179,1.64360176612263,1.66797243421609,1.71592792281463,1.7798865888882,1.85453426074049,1.91983290913348,1.97788892145122,2.00909530174073,2.00518601689676,1.97150175619112,1.92211167828732,1.87184857617854,1.83143240709939,1.80940838505275,1.80648854471722,1.81461552643832,1.84256735966338,1.87794247617365,1.9134430345002,1.94016478539318,1.95714072568966,1.95178521990136,1.90754024280705,1.86299955535283,1.81169523631909
0.467261092121106,0.550013472115714,0.658802573298251,0.774414976502492,0.921040281884434,1.09727232913554,1.31272067980158,1.5735127030217,1.84381618398334,1.94990495989129,1.77666689923566,1.54372449020697,1.35817632371292,1.22501862718984,1.13682187706242,1.08315847693576,1.058929733118,1.06067597531097,1.08628610764488,1.13481673371491,1.20645648890599,1.30690081107647,1.4355240186532,1.59931542312492,1.81321091131049,2.09808059732095,2.42431908219617,2.24378802312308,2.0683129926343,1.88329695679103,1.76139544487723,1.68227254097749,1.65525715532,1.6746750231427,1.78411381158956,1.75792089890145,1.81954548134104,1.88326370175061,1.93375993979848,1.96114931499182,1.95994402309245,1.9332761459371,1.89418158671872,1.85548042935953,1.82844654146709,1.81616166453755,1.82338316545424,1.84675968364731,1.88255162493398,1.91944026327551,1.94249655176921,1.94983053381152,1.93514303520134,1.9021954539009,1.88297058782998,1.8010815143213,1.74304321907076,1.6902669072687,1.64148463734868,1.59610461419481,1.55817768262779
0.549438256838461,0.643524338104491,0.738633577390222,0.857373822108312,0.990877901514214,1.15756874683171,1.36117824881564,1.59790091310787,1.84133398210791,1.95794904061724,1.83455287117169,1.62446694756256,1.44439089923796,1.31144431078758,1.22108697758916,1.1609545212166,1.13168639950947,1.12563835226429,1.13943744040411,1.17457444605872,1.22153752237158,1.28223654549861,1.35960157770362,1.4488696216647,1.55037699889329,1.67013272564049,1.79626649493639,1.98583699269981,2.52245162619671,2.18850671858768,2.24668752320815,2.25199572339421,2.1554789794525,2.04704866059845,1.9649463320499,1.91541923456458,1.89702863396747,1.90819884410738,1.94020510231518,1.97616446819288,1.99938836441627,1.99550234023259,1.96146935764789,1.90436129795267,1.83681795142342,1.76734787864667,1.70070985156774,1.63917753700583,1.58625667258651,1.5491170992582,1.4993295931583,1.46102876449236,1.43573119852122,1.4204696260571,1.41833299897957,1.4303131351215,1.48431471065652,1.53255252515906,1.6443930725953,1.82395605737478,2.07977162685809
0.410399428532346,0.498804237057501,0.612855338877806,0.736547147123425,0.891393935447883,1.07296933996444,1.3038255756207,1.57393971930579,1.8405044418986,1.92030208415716,1.73557957268443,1.51163855639236,1.33967215610479,1.2185719309684,1.14359128587846,1.1061655609302,1.10298268942617,1.13279267519506,1.19631216812043,1.29975702199622,1.44561551076463,1.64290402014097,1.90240245480261,2.21144426557591,2.42199032850471,2.07023552367481,1.80789396579474,1.64532927492613,1.5618545196898,1.53431607146505,1.54651965649775,1.59063802843067,1.65437712670662,1.73386060028122,1.8185576019637,1.89734207582297,1.95476019405861,1.97925380545133,1.96890263415179,1.93610307259697,1.90192411684007,1.88294812874918,1.88336089276996,1.90301790033532,1.93162555557574,1.95268570184353,1.95414174227962,1.93071526139951,1.88765746072246,1.82767373083637,1.76426068928588,1.70084479503593,1.64197451228148,1.58716845539567,1.53536243691984,1.4899982937938,1.44919026850611,1.41298820278277,1.38366830263668,1.35774121912542,1.3258496110325
0.79973121155101,0.920780328144839,1.05952372740283,1.22121849633482,1.40674467239941,1.61010717096295,1.77377704579377,1.80872111167212,1.69678163210865,1.53652381026271,1.38821632868803,1.27042039531994,1.18503972695967,1.12565847105986,1.09004432310215,1.0765673318111,1.08464706723245,1.11516667140801,1.17136312680736,1.26465270593149,1.4110386426217,1.66374566358645,2.15593760713824,2.21105720896936,2.21833647592658,2.25894492439353,1.89677519401206,1.76428129997191,1.74885887616251,1.77965517620016,1.83037173513442,1.87661435067007,1.90892246972937,1.91672944789004,1.9053301292856,1.8798351132254,1.85193972935898,1.83285897134188,1.82814197422977,1.8415776263386,1.87246594741417,1.91602347904857,1.95839360185213,1.98697140517799,1.98702884318195,1.95741907540881,1.90522671774446,1.84294073831326,1.78134936793541,1.72736078207303,1.66924427481791,1.62717207843505,1.59655449483764,1.58009423918169,1.58278491681832,1.61289309666401,1.68711049241103,1.82672886369875,2.05233593798221,2.33667647092885,2.22901303863505
0.670754561775781,0.766402318279243,0.886234561334174,1.01987589290501,1.19128970563557,1.38815034198769,1.61634070275994,1.8243120021087,1.88734830574259,1.75305522485131,1.55879857146533,1.38962983524685,1.26011701432771,1.16845515147779,1.10608850833523,1.06925122980658,1.05510770022429,1.06184423550087,1.08866112075719,1.13588200420931,1.20529591115373,1.30579723523149,1.44231861391917,1.63896157115207,1.94999407254512,2.39761925003952,2.20269562522061,2.26304545157728,2.11395979921691,1.93602782488494,1.79205927977688,1.74333297987855,1.74784072448118,1.7727299552887,1.81502191053913,1.85978344337629,1.89828061971166,1.91849529566219,1.92063920112631,1.9032577893422,1.8749782998656,1.84076847909818,1.80913722028365,1.78738409909918,1.77661657539205,1.78204665335536,1.80344850464856,1.83549261329999,1.87415536964457,1.91457104803609,1.93912699040854,1.94821296950055,1.93501131194924,1.90258270500788,1.86310419659258,1.81510137188063,1.75968700606305,1.7110407374583,1.67016560612336,1.63811604776045,1.62005715377086
0.141820745869738,0.227589670055366,0.298803945607812,0.381612602406216,0.480018988462705,0.609889378747217,0.759782134708556,0.95620827955997,1.21025462613142,1.54912020951908,1.96167521698921,2.0697421644547,1.68257237189994,1.38236738099306,1.18825932118345,1.06617130319506,0.990017382081137,0.955391704561444,0.950863988268019,0.971562927443693,1.01915718656776,1.08311506533929,1.16692931590389,1.27484103749009,1.40417699588556,1.5574700742963,1.73568578720359,1.93737861652357,2.1395047160185,2.32800742763017,2.24648126218759,1.98353847174133,1.79234453585225,1.6701684984606,1.56981285774774,1.51192383248242,1.48688865863268,1.4914712214805,1.58688253959677,1.57051057974493,1.60669069417941,1.70706187232434,1.77230250761715,1.8201048944529,1.89314187536833,1.95391556703279,1.98795343528536,1.98872365129834,1.95943040256194,1.91510659483792,1.86750037741121,1.831356581716,1.80958091054166,1.80648807451705,1.81954065784214,1.84441660765859,1.87432027495993,1.90100890217623,1.91655076891596,1.91575688214564,1.89834440769204
0.497130464908172,0.58661967309208,0.6775557410714,0.784258673736295,0.920661538212531,1.08371083331202,1.28326024451161,1.52943394198718,1.8059894699098,1.9834105844679,1.86772476542713,1.62181473371682,1.41181900711981,1.25841803362408,1.1520587199146,1.08054307881317,1.03371037593695,1.01512366127233,1.02182770179889,1.04323253250924,1.08210579697971,1.13778039149138,1.21410846956095,1.30567049852452,1.4211706284879,1.56204936099584,1.74140328918409,1.97342189044044,2.2867103797686,2.35296215411809,2.18988009343571,2.09159272091329,1.95972877011769,1.86269487175374,1.74874373511,1.69506561259099,1.67442208569147,1.68622804882617,1.70491042437876,1.74985353255873,1.80454362161058,1.94865107541394,1.90315093537415,1.92876127906751,1.93735581386019,1.92272756185446,1.89179234414741,1.84983815371805,1.80590889749953,1.76606700508906,1.73614471086539,1.72093284601567,1.70914014391587,1.71241650430927,1.72868431917437,1.75502791288755,1.7899537575591,1.82710835600268,1.86304850278496,1.8940249005709,1.9134154712594
0.708265528617344,0.802341576750578,0.92051227455171,1.05604543855465,1.21462594885392,1.39870476857383,1.60711974414968,1.79256315701743,1.86683051696716,1.77694956751571,1.61322366444567,1.45801538724629,1.33397518437961,1.24264499284263,1.17525163868559,1.13426538045713,1.11364558096056,1.11126884421031,1.12560861887128,1.15572376104996,1.20561691392963,1.26822369626613,1.35242325971909,1.45955897031972,1.60078001210272,1.8057281377416,2.15365294850599,2.39269114058201,2.17471102482698,2.19131768557008,2.11617210320386,2.00969593190565,1.96350915236768,1.96135373459151,1.9725333409586,1.99145238203408,1.99657727694147,1.98097721354953,1.94911346099916,1.90895747599943,1.86895356953567,1.83604295347458,1.81531301206101,1.8121136563212,1.82666918388927,1.86023571862154,1.90762633130007,1.96387031148045,2.00822024068769,2.03366205712167,2.02961040167276,1.99474328008401,1.93723017819728,1.87533338662935,1.81701363828014,1.77005651942625,1.74653271730321,1.75875656196131,1.84521038471535,2.06325276489572,2.41429620593287
0.572125199088675,0.677486389704152,0.786819104506728,0.924089974112482,1.08537680146611,1.27745114387338,1.5041939759857,1.74026274659786,1.88418396807445,1.81718222011276,1.62856374902542,1.4485802431476,1.30868937304657,1.206231379498,1.13875763500165,1.09887141757562,1.08308229520174,1.08885649328423,1.1145276240189,1.15926909679904,1.22319825665578,1.31191929485547,1.42477328269687,1.57093931023188,1.77290459226567,2.09876782993049,2.3955429959746,2.22641391087056,2.13986290534718,1.98604440944309,1.92848915128791,1.93977235858531,1.97852639596093,2.0124517646295,2.01599703535878,1.98929063152559,1.94653539684416,1.90550445504811,1.87948715006368,1.87720197337142,1.89819970267477,1.9378688734769,1.98046779413089,2.00996878548942,2.00791421051058,1.97101619555431,1.91065435163239,1.84041331837912,1.7698094029021,1.70656956575653,1.64786462780254,1.60077153432086,1.56346262322921,1.53995235157289,1.53469485788655,1.55449604864366,1.61360677019872,1.72925116890543,1.92438262262789,2.20107345312098,2.3249411663936
0.308542238179445,0.382211328856287,0.46700102552744,0.56666069857681,0.698961787800775,0.847334090047862,1.04045195179396,1.28651095520807,1.59419532568025,1.92992111114525,2.00481500441546,1.71526991026698,1.44813037832982,1.25933349120918,1.13811051098374,1.06440836129866,1.02525759584161,1.02268833183865,1.05412790283752,1.10907270674127,1.19175120615652,1.30825487671726,1.45797851723703,1.6486513253022,1.88177624902522,2.13686071476194,2.33605681601816,2.30789003180074,1.96616648355103,1.74682039339636,1.6054983775836,1.52247064542926,1.48081725000051,1.50108380581655,1.57560312431535,1.54819143985156,1.59002327321631,1.62215537037947,1.69056038428786,1.76481695599716,1.8376325644839,1.89984028893863,1.94320576124153,1.96020612883119,1.94989114095289,1.91881668440461,1.88137362913453,1.84688894016992,1.82457721974955,1.81924936099351,1.82869850895675,1.85078755150104,1.87773207397374,1.90035398677787,1.91004526826564,1.90178955230413,1.87585937618533,1.83667188189846,1.7890908540299,1.74253429283006,1.72950554319008
-0.0786337284976575,-0.035416718597483,0.0113252295686959,0.0634914626523854,0.123502262371351,0.218589143692339,0.306621686293775,0.417080728977472,0.559891270133888,0.761897838899996,1.03765152441958,1.44714241625612,2.05525809804577,2.01289943837621,1.41835571336622,1.10721235567914,0.920628301538797,0.810180267669632,0.746424671989746,0.714939070381479,0.706706825819383,0.715835252707634,0.738373844666386,0.77164034571202,0.813813298215719,0.863677883403905,0.920464935734747,0.989348222064318,1.05987824842266,1.13706026582113,1.22516125559318,1.31781374164883,1.42190239121163,1.53499412870003,1.65775343508445,1.78977521544894,1.93061014474138,2.09382585113793,2.33160660082081,2.2857461065156,2.07449334211351,1.93145082887535,1.81021131334271,1.77778451068119,1.6748272358144,1.65168052422418,1.66612682731313,1.71055756342485,1.79263341479872,2.01192030162988,1.95382363128813,2.02644425492359,2.0671573636971,2.05202342246092,1.99058432133699,1.91690541870859,1.84889918027621,1.79757571589176,1.76410540455345,1.75128731801534,1.75607140689822
0.285903611291795,0.341701623897537,0.403674366784211,0.474427839216034,0.557330998270037,0.670285989740426,0.79557095279186,0.962542939827029,1.177731032173,1.46836460308202,1.85111895437955,2.14830695374648,1.84625201084914,1.49231840430722,1.25923422104381,1.11257434842453,1.0166220290084,0.964478617806535,0.941337162387674,0.940201067735665,0.956094897067159,0.991242314424086,1.03232758569458,1.08254499188145,1.140481757986,1.20996882209681,1.28145860663754,1.36198827522471,1.44427657965638,1.53391474514947,1.62661573614874,1.72167040652902,1.82001466752387,1.93587202095691,2.23753964472655,2.50014725296372,2.08330188369021,2.10148191124708,2.07092511863806,2.18396539598543,2.24602161934143,2.14525184662347,2.00885142966067,1.91216485506799,1.85713459856891,1.83622163586962,1.84122443785964,1.86467889263487,1.89751929575766,1.93073266214065,1.95234420630655,1.95286684650147,1.9305213211224,1.89086203397693,1.83997680274426,1.78550667118444,1.72914557355084,1.67612900814199,1.65544823708444,1.5866764036548,1.5347327928273
0.616344751329108,0.707623784195445,0.81327318779275,0.946542599986027,1.10229114730198,1.28709287716765,1.50545981242435,1.73505334818789,1.8863544563965,1.8361856123681,1.65486081246621,1.47341440676398,1.32955341578286,1.22231186141395,1.14973968104886,1.10402993801045,1.08130758535693,1.07848025792759,1.09313840883705,1.12344486956307,1.168077621414,1.22995662243088,1.3026008582775,1.39311971531127,1.50053026726404,1.64494845461407,1.87495380031481,2.42915448497023,2.14132573597973,2.23117008174284,2.24704148981096,2.12762703836705,2.07677920677206,2.02079206568485,1.96835392543173,1.92027417351336,1.88101463240613,1.85764838187267,1.85613749114599,1.87576821468215,1.91375259426087,1.95744294957954,1.99423221866628,2.00569787564221,1.98528914883373,1.93677767510786,1.8734087613583,1.80594987253115,1.74423401886693,1.68524506984236,1.63349457334107,1.5945486756878,1.56809704860322,1.55811940362079,1.57857017858971,1.61257666910131,1.6969305556732,1.84933355985128,2.080518500302,2.33185730667272,2.19551303191504
0.549251983064047,0.652354845578093,0.75971958541039,0.894746059020819,1.04967154336011,1.24932908661538,1.48576017564163,1.74638029827667,1.92393532671316,1.84656845140992,1.62784969263067,1.43085617766635,1.28588501524813,1.18714699139775,1.13086133886744,1.10998981632036,1.12207950726617,1.16656515655808,1.24495582462388,1.36592446402467,1.53579765815376,1.76513840906335,2.06899462456936,2.41795661082588,2.24226710432284,1.91969369290468,1.74903918528078,1.67554303630654,1.67414889022027,1.72189137805042,1.79856500877318,1.88879678829473,1.96982450220415,2.01913006830848,2.02318884347007,1.99037161056633,1.94873359326471,1.9215841642344,1.9201093580268,1.93991793063086,1.96722394281471,1.98320342925259,1.97307625102143,1.93314000130469,1.87433456522736,1.80508809553391,1.73436314248483,1.66634856861663,1.60491883435341,1.54714203987429,1.49720878259751,1.4549810039042,1.41384956326596,1.37763001605655,1.34897027820645,1.32630453707608,1.3101924534374,1.30185467272233,1.30380848206871,1.32060692599434,1.36453692745389
0.491269161197372,0.57092437765789,0.676361788106381,0.786735741930202,0.926596858220199,1.09309137024174,1.29464871802025,1.53702804287683,1.7929053098552,1.93676196224287,1.82309977118572,1.60372135476243,1.41211927828673,1.26726798670737,1.16431051360395,1.09224883123818,1.04529406998214,1.01465141152701,1.0051164735157,1.01464503618669,1.03183544916129,1.05940089462583,1.09586644611482,1.13999083779868,1.19472242802727,1.2519899809783,1.31442337487954,1.38510629866743,1.45801401906393,1.54077589506694,1.63922514148463,1.79285924980826,2.29938863306732,1.99598449430203,2.07682920692749,2.3565890546328,2.15358175765366,1.9801529869513,1.88937082185881,1.83963213018881,1.79909088314305,1.7637975208375,1.74352652535247,1.71257278384426,1.69758015157374,1.69378350241619,1.70064182286283,1.71777123540945,1.74376348570156,1.77754321142812,1.81250910215314,1.84533578773069,1.87509497713245,1.88631781231574,1.88488923884602,1.87035544821677,1.84451473906007,1.80959376753337,1.7722666857809,1.73880795587565,1.70160912984789
0.509217695844206,0.600809230336238,0.693948481312315,0.803247885625363,0.943213603865476,1.11032918192573,1.31409265277646,1.56635575197622,1.83597434084284,1.98023599333659,1.83807938523509,1.59742105667189,1.39919235267337,1.25420582363278,1.1554582125868,1.09145505876402,1.05666426549942,1.04702479546311,1.05969370239604,1.09279560430022,1.145274167573,1.22043624390687,1.3129458514421,1.43084510553639,1.57540296772183,1.75877712467621,1.99225360223981,2.28499517648437,2.3303306846946,2.17361657942193,2.07372526084976,1.98271726710366,1.83245445749039,1.7379684004892,1.67841361577618,1.64008590384173,1.62674079565015,1.64100362465239,1.67284363143976,1.72219006216017,1.7824396709756,1.84636511292929,1.90912177418032,1.95878807553352,1.98423404805571,1.97985027521558,1.94964504534955,1.90355646299697,1.85274763752408,1.80600131241304,1.770866561485,1.74625711101262,1.73706878031172,1.74290342669525,1.76217976220622,1.7924008984676,1.83017385405173,1.87235030293694,1.90478866864893,1.92910735289972,1.93932248815935
0.376152891347488,0.451657725751111,0.538413687226482,0.652773397306876,0.777038672955441,0.936319572495729,1.13207710027007,1.37756365256413,1.68512116385009,1.97167314672739,1.95342230800787,1.67382356701234,1.42862421620023,1.25619776990418,1.14142773915069,1.06854064677454,1.0250436573417,1.0129358294464,1.02877292064737,1.06092540349947,1.11200442232855,1.18127552379782,1.2738922235095,1.38659976200157,1.52300161543221,1.68860890379255,1.88054537365033,2.07685683195574,2.2211890542792,2.54692400920294,2.19994815738799,1.93261259110733,1.8064207235989,1.77135154273315,1.79159501119323,1.8442323742091,1.90702318335829,1.95918513080907,1.98500975097801,1.97800796596098,1.94572147956198,1.90626191717338,1.87577208251865,1.86001849992244,1.86278754104226,1.8782888101535,1.89786540366386,1.91134883308723,1.91089938739609,1.89493122146344,1.85733814849841,1.81062226719618,1.75979920776663,1.7059194854965,1.65455738636571,1.60542302518203,1.55759131199624,1.51503786859598,1.47627501464342,1.44731260375024,1.41107382210941
0.143833878911005,0.223215464348565,0.286039353505537,0.358233443425293,0.443170729524989,0.545266346226849,0.682389720649523,0.841819802566337,1.05416863334356,1.3350591712885,1.7048223056619,2.09232439283975,1.9581449901904,1.57383593844436,1.31154065897828,1.13847850916366,1.02219869229914,0.95127804574805,0.910406710496249,0.892530163486195,0.892672361415767,0.907231745870551,0.933555509583255,0.974794584557962,1.0198653742548,1.07227703856787,1.13122907058257,1.19982973727869,1.27104182527382,1.34767455000031,1.43274500513684,1.52053825604459,1.61641586217339,1.71855533745541,1.83198159087182,1.97935261481201,2.24798766956084,2.30852029494495,2.05884888001807,1.97642698352404,1.93366519871461,1.89414033286056,1.90489687438423,1.95351850406324,2.02691203690129,2.10395630215549,2.10850362083185,2.05959523013304,1.97683122381596,1.89327286285497,1.82282713205044,1.77050769215688,1.7369860243687,1.7232585809525,1.72547689217202,1.7415099918618,1.76828111382074,1.80300264986951,1.83833552504087,1.87018954635827,1.89455072680658
0.616888386975062,0.711252234069953,0.820820897813296,0.959493066386824,1.12211612742593,1.31512864813129,1.54422335692819,1.77024632011179,1.89215575870599,1.799471924031,1.60618812844784,1.42900799839325,1.28897254711186,1.18433562873781,1.11237445246597,1.06602082671319,1.03797617614232,1.0377879271376,1.05204061102129,1.0840045314576,1.13383843358064,1.20276057463873,1.29832220209891,1.42196509775324,1.58848246521742,1.82338367711453,2.1910239969345,2.41629157183696,2.26169131842457,2.13073775614849,1.92277367723757,1.82131075406748,1.79592749449731,1.76807699336773,1.79284066730429,1.81468768914712,1.82387805585311,1.85365450172089,1.87298597483058,1.87538138590705,1.8636699597923,1.83891277690227,1.80953921113659,1.77872944454163,1.75408385498762,1.73676780501654,1.73213405688396,1.73987420826327,1.7596776339118,1.79095755903201,1.83183423764046,1.86433810116967,1.8945520151516,1.9125510381473,1.91440977748659,1.89968211514599,1.8714321250668,1.83472925268223,1.79619467509006,1.81431986787598,1.71445993770702
0.41994186049434,0.503796899738883,0.612410032066073,0.728862986959129,0.868112985891548,1.04611516783227,1.26535043687894,1.52699724305112,1.80663469469962,1.94889861477309,1.79737360942714,1.55734538955776,1.36684261300907,1.22836250787997,1.13585511773132,1.0783664107587,1.05015278306553,1.04714098595284,1.06656718950446,1.10673901933218,1.1669418828364,1.25154567075524,1.35544565071642,1.49143225137662,1.65630921441129,1.86576220222145,2.09290100737335,2.24243996924027,2.37981761062435,2.56236408603895,2.02260422188591,1.89332815077196,1.79012035325609,1.81171281797993,1.86621790179782,1.92316285226746,1.9605637246968,1.96728398868218,1.94476693666835,1.90836640620677,1.87522502338665,1.85362511303984,1.84976014899091,1.860430416375,1.87901328684923,1.89625723051973,1.90316178852892,1.89416434403947,1.86994038641821,1.83990261216581,1.7820216369564,1.7304161402905,1.67772579541148,1.62795189726228,1.58077708073412,1.53539665818146,1.49559483774226,1.46198759196453,1.45880964895345,1.45782134813121,1.38489155151231
0.486986615768302,0.589561187327911,0.698169703880231,0.826950823032709,0.990149201755323,1.18540105031346,1.42243049666473,1.68507164518739,1.88903864790927,1.85312584640604,1.64384794135196,1.44184770343297,1.28643661051411,1.17566580672732,1.0987582128771,1.04596992033276,1.02024651924708,1.01420900706174,1.02992375676282,1.05696102637073,1.09813073127922,1.15266761905888,1.22475404565234,1.31234427353019,1.59003522250974,1.51815639991677,1.63681701882361,1.78144597973886,1.9395141828557,2.0913364810611,2.19902464747431,2.38261780181852,2.31956540925371,1.96493211863115,1.98850762788756,1.94903297993267,1.97024495393045,1.97512132838295,1.95478143680475,1.91826887659494,1.87505963344743,1.83626315318525,1.80963986569557,1.7957518301159,1.79715837682638,1.80975792300484,1.82854363154935,1.84709760977635,1.86122106105612,1.86059793404618,1.84602084286232,1.81877252729396,1.78357709720467,1.74286339393949,1.69845325509827,1.65545965215152,1.61406829840613,1.57586885614058,1.54228444537516,1.53240100868646,1.72025501773791
0.255632450827916,0.307292370341938,0.36409539687826,0.428392659428892,0.503220464587028,0.604799108159331,0.716728617755237,0.85802809070639,1.05124954552152,1.31217142767826,1.66790450241707,2.0902367595755,2.03026819982622,1.59897417668354,1.31425336934461,1.132760773826,1.01538177866825,0.947616049453913,0.911928388142538,0.899929487643761,0.905789937812656,0.925387628706747,0.961717726218826,1.00156125242541,1.04859016438238,1.10160651981147,1.16435137662161,1.22766135395459,1.29476242286168,1.36919087441863,1.44566418878309,1.52186239242308,1.60142511041919,1.68051479062618,1.75674449271341,1.83552796013785,1.93804122158748,2.1875227943749,2.29083111149117,1.9999140333323,1.97339965197389,2.05491256273257,2.25130363678658,2.31474415531034,2.09885548831874,1.94072674903563,1.8548645659696,1.80893165840981,1.79499665211718,1.80504181912119,1.83217825298302,1.8663057967511,1.90270040829533,1.93226154598072,1.94100606670559,1.93409665438872,1.90948811050334,1.87016600570232,1.82257731358717,1.77390821967141,1.72303909670168
0.276401797784121,0.333063816220348,0.396210413850204,0.468534480833256,0.553501841384907,0.668871559839173,0.797464066138857,0.968308011323664,1.1879997400168,1.4828834236284,1.8653592764601,2.14006019578339,1.83205809789466,1.48881020079803,1.25889527646932,1.11157500012781,1.01251498222068,0.955565357844974,0.926456908817021,0.91854255526618,0.92705630117197,0.948521391820575,0.986352829657803,1.02750631238161,1.07579570049406,1.13007966182545,1.19424141713945,1.25890584417044,1.3308523636634,1.40326296205915,1.48113656365456,1.55840590449147,1.63917337645063,1.72025220056254,1.80941435499126,1.89675237563891,2.12718104513138,2.2381928226842,2.0263711588156,2.10378045837605,2.27932655194293,2.23482806239312,2.03681199684572,1.91130336952119,1.83475020384477,1.79427082417071,1.76880400535803,1.76737945098832,1.7815471749006,1.80827968704711,1.83962957632218,1.87174180524579,1.90046537033185,1.90535100427515,1.8999279571734,1.87854653219313,1.84639162725444,1.80499619075441,1.76091957284362,1.71422538478492,1.67346620168133
0.427812466804317,0.506664117973878,0.609232269130067,0.717996375398449,0.848049359492334,1.01559870726003,1.22015904361281,1.47930197528495,1.77544130216594,1.99101532279101,1.87632951042419,1.61384558180522,1.40182591532317,1.25407729254929,1.16080555704085,1.10897438971558,1.09206903456937,1.10558123790609,1.14665874390552,1.21388924600383,1.31161534211596,1.43725786979731,1.59440450511623,1.78660191380791,2.00338845955217,2.20113961437299,2.36999905615781,2.18881882406419,1.92176608047198,1.78927058384106,1.76501789305681,1.80352473605936,1.88357914753632,1.97460005778231,2.0453221235092,2.06316097010812,2.02810927612412,1.975035729316,1.93879151338538,1.9316810912502,1.94680189654695,1.96761283723873,1.97465850707218,1.95545538934483,1.90941016202968,1.84661221185545,1.77833075876342,1.70893087391699,1.64490644976697,1.58094084964006,1.52505673178821,1.47317329616867,1.42971543165011,1.41457801250789,1.35379025636948,1.31656237628298,1.28930577416194,1.26440992231025,1.24434369754464,1.22944088779191,1.22028042842991
0.0775380738545719,0.123892473309635,0.198876575082672,0.25709501790512,0.32454830079257,0.404942280777372,0.50342582795329,0.638710243728581,0.801899948925881,1.02834355497075,1.3466805575851,1.80310524038112,2.24074906176281,1.77113484121897,1.36665841408579,1.12538224447133,0.971987320982999,0.879133143010839,0.824573359880902,0.797418955200095,0.790485061484219,0.798874813180353,0.819178008945066,0.848984715478334,0.886576604933843,0.930726128448725,0.986962947301116,1.04278139927656,1.10346707957062,1.17305566269382,1.24391575543606,1.31967955160878,1.40432188567775,1.49411688738763,1.58808376887869,1.69130676771673,1.80316997604635,1.93257770233742,2.11778237298215,2.45734801207196,2.14437474653304,2.02626155218439,1.99120804617236,1.96352876259556,1.98685339535218,2.04672688850687,2.10110134952823,2.10419593005772,2.04811404925116,1.97363988432894,1.88864436279211,1.82627245281743,1.78451840323435,1.76455408249756,1.7680023238945,1.7753450678614,1.7991947421889,1.82938295880709,1.85986798797354,1.88586307835012,1.89998922189468
0.305003413736207,0.365320302684761,0.433134695314724,0.51131215703904,0.615676160811295,0.728743770055667,0.86757298882552,1.05096742006255,1.28672356160604,1.58579174487622,1.92665534105297,2.0659167533903,1.78355989171743,1.49159834718023,1.28588891755834,1.14331758966686,1.04882526608311,0.984429515632624,0.950184841291507,0.93656523613683,0.939682788911248,0.956668662296224,0.990787843795656,1.03041027060983,1.07923653164814,1.13651265535813,1.20599965689675,1.28009793849526,1.36560337883975,1.457581851018,1.56261281326897,1.68024505300945,1.81792786249687,1.99099146870254,2.25112885135172,2.38212247354038,2.13216113645465,2.02935175670615,1.98038898568637,1.89544871436007,1.8613779424551,1.83984517443662,1.85897336357719,1.91141470345831,1.96763662265299,1.99591967679178,2.01566529859434,2.00266938611987,1.96175980682232,1.90548159017636,1.84471743745729,1.79149366553895,1.74635463510218,1.71282638474066,1.69694660829006,1.68519769496309,1.68876015038655,1.70304255907579,1.72605536821193,1.7554670838504,1.78983301147615
0.127608211713761,0.202425021462236,0.259556873124116,0.324739662204623,0.401184953458167,0.493168018570655,0.617790864177148,0.763272835658587,0.95904786305905,1.21948162360191,1.58240458128727,2.04014964436549,2.07274536957389,1.60793716059634,1.3021536446061,1.10539091253237,0.974022889890374,0.891401853429712,0.840311663000437,0.812461165864434,0.802160667747917,0.805379641885704,0.819192221809142,0.841431591902843,0.870465266825019,0.905044790242371,0.950278037784652,0.99396676625756,1.04097821491899,1.0908472984417,1.14738984537896,1.20259067955758,1.25982006571047,1.32204703841368,1.38337897579761,1.44665898479477,1.51732992547352,1.63903231304338,1.66030289404147,1.69814402107274,1.80662613221442,1.79137531609327,1.83304191310547,1.95391833276607,2.07253434720695,1.92056404807079,2.01571751449134,2.40941974482265,2.085975125286,1.8663976854292,1.77051540596734,1.7140747673225,1.67897850592294,1.65620195580866,1.64664998738755,1.64737516763356,1.65786769507878,1.68571975237098,1.71080189973684,1.72688447925986,1.76904513423641
0.324774489555843,0.388940075085775,0.461561711551405,0.545752516032002,0.658295037530029,0.781257058057143,0.940742182454587,1.1392468058654,1.39538896928734,1.71601873845882,2.02353342829805,1.96789073036454,1.651811601848,1.39860674129343,1.22347061180948,1.10594700566646,1.0245940036864,0.978169102741149,0.955665782558967,0.95241782035916,0.96499630545484,0.996208727437269,1.03427978323356,1.08263942343694,1.14041245624902,1.21150743502946,1.2881011260305,1.37752999213394,1.47715080726754,1.58885775443103,1.71531533911676,1.86362800384369,2.05586957826871,2.39456003705779,2.2653882869386,2.10821400848824,2.11061796973402,2.02884422088707,1.94510802232064,1.95731313041614,1.99095071684224,2.00625035680088,1.99741428399782,1.96326966726892,1.91484197937091,1.86459366928447,1.82302733175533,1.79300911288976,1.7795936889289,1.78178774331194,1.79863709086486,1.84116639030529,1.85579697191055,1.87553177411218,1.89346037125327,1.89770900780496,1.88733051150465,1.86255594084797,1.82901939550093,1.78929791154232,1.74563475970278
0.0458758082122084,0.0924408674509665,0.143232010345802,0.224984752007575,0.29224932306015,0.371988885213803,0.468964086463237,0.589941166729301,0.757506165877002,0.972242982217726,1.26662750518444,1.69223799373349,2.1892973300946,1.90109153781238,1.45113723956688,1.18388425621596,1.01761214498153,0.918251626252152,0.860952988430174,0.833834584199321,0.82909790121464,0.841449067647075,0.867222377249042,0.903853740739955,0.949546574224674,1.00880914737213,1.07010590316215,1.13798721397923,1.21592822169557,1.29701674844992,1.38697398077856,1.48097863366961,1.5830079148032,1.68989133623151,1.79961424131391,1.91966220895698,2.0863538849203,2.36327690907024,2.21914242320887,2.03997638998871,1.92266523983815,1.84705654280866,1.80368350994587,1.80501815055981,1.84295238239872,1.91630481971906,2.01571089172796,2.10486225752229,2.13398709649396,2.08013502765957,1.99073234097315,1.90753387111556,1.85180578092383,1.8216342791548,1.81753793780725,1.83497431018456,1.86665749060276,1.90155699850786,1.93189601081034,1.94952268728062,1.9493483619212
0.395881387648565,0.458616709551938,0.528942226925961,0.622735801110785,0.719674893087577,0.835931681686158,0.988471874468519,1.17699228237766,1.42110068367763,1.73020347372535,2.03423590052402,2.00132814130682,1.68441838660595,1.42873579296457,1.25005268647905,1.13534487324882,1.06365454458753,1.02472673626682,1.01103593644771,1.01702578143079,1.03855028796277,1.07248264694038,1.11642585800406,1.17343008855731,1.23330743218227,1.30261386658834,1.37331566732905,1.45083482016293,1.53038251708822,1.61171955661609,1.68557261405265,1.75585802593377,1.81636794903075,1.86248412341623,1.89858879506402,1.9500721958124,2.3819064115356,1.95184971674209,2.15090690323074,2.1886890999421,1.85465885615487,1.80212230956826,1.80277493258371,1.82704630942435,1.8624917889505,1.9062524333095,1.94085516411562,1.95628786169655,1.95335074798246,1.92879451759329,1.88612041269544,1.83328274231089,1.77792889783629,1.72089249576645,1.66635650285981,1.62049756004908,1.57060708231469,1.53111962700959,1.49585051587727,1.47163955712,1.45941845864951
0.50054723657603,0.602591685060212,0.710378593107339,0.838333179585769,1.00104997621898,1.19578027824442,1.43214270051238,1.69457338599638,1.89051765293989,1.84894347814442,1.64014928437659,1.43939953211164,1.28449048812592,1.17349297091781,1.09560658676643,1.04106883324516,1.01298258764086,1.00390340585923,1.01584646083443,1.03842843503369,1.07440208756165,1.12284041376486,1.18324330613968,1.26031651043176,1.34983512095013,1.45353496344172,1.63988036313972,1.71684512875986,1.87062040853284,2.05220165479665,2.25338616576507,2.42609937529586,2.05582649452275,1.9338030327405,1.89140217667335,1.89711619158357,1.91864697256357,1.93355814863374,1.93055995658319,1.91083300632147,1.87764040277726,1.8416628619076,1.80787879407358,1.78385719023687,1.77039637570302,1.77088922298458,1.78293321311025,1.80343258850084,1.8276584285504,1.85353855627717,1.86470597996311,1.86597050281125,1.85403983752025,1.8299640024944,1.79576417470781,1.75715741183909,1.71600301352919,1.67335225361997,1.63397298345871,1.59955437907652,1.59175324207434
0.431148504498603,0.521339892436277,0.638716019337939,0.766472107666928,0.928293551955593,1.1247432423424,1.36618677170365,1.65690346217017,1.91718665066593,1.91111305701954,1.6727684591673,1.44665346689652,1.27795285292295,1.1664790250328,1.09762166932833,1.06602148805325,1.06887428760678,1.10568828922219,1.17816447100229,1.29420102208215,1.45813348024066,1.68355834017705,1.98145712525796,2.33396663335264,2.36159093338902,2.01551688952073,1.72752299413597,1.57639828240683,1.46627582509,1.41854198085656,1.40729840810915,1.44106268678549,1.50312468053712,1.49891762153044,1.55219271058877,1.61886098532373,1.68928059940787,1.76255325215075,1.83116731712487,1.887085613608,1.92546618851336,1.93760817932592,1.92757789624506,1.89973112152615,1.86679047604233,1.83594278903245,1.81692215814426,1.81287443910161,1.82886319855543,1.84558668068388,1.87337730458605,1.89834773398475,1.91148348479521,1.9069552847591,1.88410087906621,1.84674833841744,1.79950886843733,1.74954833718478,1.69790113585435,1.64984372112622,1.60634403254894
0.744168526321534,0.857642412531524,0.98290046776365,1.13694967878818,1.32074024081609,1.52743615449918,1.73105138356237,1.84835392372263,1.78862277801895,1.62358136229122,1.45710500279838,1.32286349410216,1.22202810944379,1.15464260810951,1.11424423076246,1.09810836775014,1.10423237961338,1.13146517190877,1.17972767875757,1.2540958845831,1.35383255588669,1.49861933764342,1.73290384198725,2.23327628979513,2.24839899668462,2.39848626385956,2.03586938048321,1.96435794194262,1.98866385326004,2.01705650037074,2.01328082445731,1.98084238293549,1.94222476393649,1.92042854403941,1.92409781183988,1.95522553390597,1.99528223536656,2.023145927602,2.01569037965066,1.97005815776842,1.90118139817706,1.8245349908112,1.74957602747659,1.68063543298195,1.61928056860085,1.56844443562956,1.52509949430327,1.49100610947662,1.4717325313353,1.45527941035101,1.45535886975925,1.4726556306196,1.51206848034952,1.580362182457,1.68551429461457,1.83673654770884,2.03271865794807,2.23668035507407,2.25295041858962,2.04032871350495,1.84370145158693
0.0726389055802729,0.123563996029491,0.204102673406131,0.269600930561203,0.346077533754576,0.437515263956067,0.549322436124694,0.700841229801577,0.88278853116507,1.13125614641105,1.47458926856851,1.92576735860222,2.16275096407428,1.70310028663447,1.3641373717529,1.15143766511909,1.01288690028782,0.929254548201837,0.881570279279416,0.860895875896502,0.861183842550657,0.878232461780392,0.909088083242919,0.951680193917052,1.00987813696106,1.07295931933071,1.14507258794361,1.2295502207337,1.32018357564929,1.42268991947011,1.53265957120523,1.65472134729408,1.7867776477585,1.93436855986316,2.11976787990297,2.34075590082422,2.21764210235772,2.04956723742905,1.92235607369969,1.81256123102884,1.72951786336096,1.67289668114459,1.64635208741714,1.64788562549591,1.65320597068376,1.69529644476564,1.75901547140037,1.8443316247099,1.92499843501462,2.00521739225722,2.05802254151322,2.0618092030598,2.01958241840084,1.95387927654772,1.88437169453526,1.82673156218744,1.78602667048474,1.76515824071228,1.76090261726472,1.773756886882,1.80020311861107
0.521734583463032,0.615582574499106,0.711567544880487,0.82394690077645,0.966988816024564,1.13691366841385,1.34572983453033,1.59131388608027,1.84235958091364,1.95140031970832,1.80214373961361,1.57907757232577,1.39482631536638,1.26073576945214,1.1712375512753,1.11562039601157,1.0883612002283,1.08511379272678,1.10254350231232,1.13813726233567,1.1900747329335,1.26134881140319,1.3442654273018,1.4459135478058,1.56434758552421,1.70367400296179,1.88164192287413,2.16438714357257,2.37683943262196,2.17229254502246,2.12359688092227,2.1276111243976,2.14095710358766,2.11191363387685,2.04375660300918,1.97356138904139,1.92564436061709,1.9074365937004,1.91912664117452,1.95033517507467,1.98641007881981,2.00563661665495,1.99516428390636,1.95305556431799,1.89085526185469,1.82040223210973,1.74965940184048,1.68285205771392,1.62546961634919,1.57219312778703,1.52365209324935,1.4827283904055,1.45260846249163,1.43188112909363,1.4239301710555,1.43099619024796,1.45643938404823,1.51435528251978,1.61856323169588,1.7946469442795,2.0554031927282
0.635976350350347,0.745993179524816,0.88276574296496,1.03850409639612,1.23478186545607,1.45738965127825,1.69456890153755,1.8472757820395,1.79363048239909,1.61497736712601,1.43708006282004,1.29753074720426,1.19583788738481,1.13091547953389,1.0971236214289,1.09338969515892,1.12076026765859,1.18303972346025,1.29147696956809,1.45795748023581,1.71126195290809,2.09746362121795,2.54486071286982,2.16164856409101,1.82205850051028,1.62702924415273,1.6413834124343,1.55283508233613,1.57290831806698,1.62716000634627,1.69973706250648,1.77810483678056,1.85216977564111,1.91057802137653,1.9419873181097,1.94263300329908,1.92170661292071,1.89063711302709,1.86455619240335,1.85449095545156,1.86265258069272,1.88623524654686,1.91632067501912,1.94007306673534,1.94645581022149,1.92637981012741,1.88607747441492,1.83105287866242,1.77164564052571,1.71031185038529,1.65331416833215,1.59866325869822,1.55083059535241,1.50833706326468,1.47018056141626,1.43754000541892,1.40803662830721,1.3867610738409,1.37297944048366,1.3661975418987,1.37485780455484
0.302848698309151,0.368837250727002,0.443901927056289,0.531283590955194,0.647547723700637,0.77570749711054,0.941660778023756,1.14868232620937,1.41585457005334,1.74768399693387,2.04353753508309,1.93044466847882,1.61269650933488,1.37247489452241,1.20801970308737,1.10102077438021,1.03111813536535,0.997949878164231,0.9913103921167,1.0118505016166,1.04834196759591,1.103280768812,1.17579874830873,1.26989470567607,1.38200677003214,1.51454356476104,1.67041103601629,1.85579766781424,2.08099314630514,2.33918725970513,2.27568371992821,2.1053722864464,1.97935037824848,1.81695283053096,1.70993540588452,1.63925816431025,1.58226511914093,1.55706847378394,1.55487174033866,1.57300120771455,1.60924388489053,1.66392553131374,1.72757291610884,1.80307822109879,1.87625531852409,1.93676643786515,1.98152052932738,1.99490976377815,1.97539304017206,1.93332608758607,1.88509740251374,1.83592308013754,1.79575362361811,1.77320117783566,1.76543960366256,1.77451416796045,1.7966076094623,1.82916418790154,1.86483196262927,1.9006569632736,1.97421651507921
0.288772231371305,0.351301625461715,0.422064692442218,0.504106523382419,0.613117037247046,0.732706907008749,0.887037147736819,1.0746268288868,1.32537704765964,1.64394080251269,1.98701275429953,2.02263958797464,1.69984399097161,1.4271728310646,1.24016547196452,1.11573831206769,1.03061669214638,0.982749194596708,0.960595294497601,0.959228356319821,0.975067236186847,1.01056987890299,1.0543759156164,1.10967296499041,1.17554602815258,1.25561734103672,1.34233823019131,1.44251034184818,1.5532841399049,1.67616890175711,1.81431324906708,1.97916216015554,2.19735392774554,2.37455395867247,2.16751337150066,2.02767667298314,1.92716464799973,1.84152357795374,1.77625249238712,1.73161795224627,1.72281985428323,1.72410137029097,1.76872984751785,1.80402043490776,1.87255144590559,1.94919598110152,2.01419684668448,2.05156985481396,2.04385975289382,1.99786817133241,1.93129734686575,1.86458866770907,1.81573123932705,1.76024517541659,1.73101964239393,1.7168440073821,1.7194297103741,1.7355486593284,1.76425430639788,1.7999386202903,1.84218702242077
0.283337101828622,0.344495777989866,0.413761833486771,0.494307529179354,0.60186662720509,0.720704379183612,0.868530591367892,1.06559507039285,1.32302318610493,1.65605960117006,2.01790272026612,2.01297337702924,1.65682244482094,1.37993656976709,1.19215408827831,1.06620903868921,0.978357832707952,0.925211634567339,0.895358014012582,0.883658036347297,0.886364597759862,0.900685798923079,0.924504214020671,0.961883118977392,1.00090202894328,1.04564904511016,1.09534741746056,1.15354945034905,1.21222420056719,1.27451952989701,1.34364973895708,1.41322251729193,1.48881342028345,1.56538588238001,1.64820834389536,1.73616145614852,1.83566605348906,2.0008881105942,2.2734393900863,2.21809799637304,2.0974959762767,2.137775947155,2.24039467935079,2.13749485063728,2.06061582487943,1.97736816777066,1.90195668891058,1.83687157130711,1.78537403871462,1.74506374567262,1.71055295237423,1.6920003728426,1.68553861744539,1.6914881671095,1.7324065447695,1.7267697336818,1.74978391440691,1.77752314578787,1.80444927397145,1.8282197372754,1.84343491354159
0.364311185217247,0.425844840774788,0.494790995216878,0.585952328427629,0.680813964502794,0.79470897446341,0.943332559346651,1.12768464365721,1.36743523070419,1.67560805368299,2.01090832261489,2.04404990481158,1.71622306624057,1.44184333258391,1.25342895833305,1.13324347634712,1.05848545398305,1.01797476112804,1.00366328680149,1.00969390462388,1.03174899127958,1.0666099994235,1.1118399307091,1.16992024053541,1.23161610316794,1.30247068145676,1.37545563115832,1.45475851129804,1.53345002628079,1.61494857072416,1.70185081194486,1.76298634855952,1.81717928181552,1.86395887493629,1.93325414197767,2.52415194151749,1.94141808110018,2.00768765598949,2.47213561547137,2.01965871785763,1.8728447389429,1.85057644668149,1.84349399287566,1.86646162508106,1.90419013847565,1.94096268081623,1.96745780372282,1.97142290545863,1.94952833079219,1.90852076509606,1.85443593403518,1.79630909682601,1.73219373709545,1.67355804065074,1.62200757010588,1.58433127922,1.54168058862762,1.4933111679939,1.46386916174562,1.44521280841359,1.44167536037594
0.542685867758945,0.651199193024151,0.765769449340089,0.909774605539647,1.08097622367382,1.28735185045195,1.53314346160486,1.78490112453753,1.90711191303428,1.78006618044674,1.56685618508954,1.38480403791849,1.25064743149892,1.16128350260863,1.10852193225498,1.08979897023186,1.10474981629698,1.15543525102471,1.24989102025758,1.39177766609547,1.60361532320521,1.90206872839633,2.3013411134824,2.41989123200828,1.98872738047082,1.73487094918131,1.56049121398342,1.47211879282093,1.4348941777677,1.4334504236351,1.46278348728719,1.50075713457325,1.55490169436562,1.62042109357142,1.6941910225277,1.76896090385495,1.83848593713177,1.89378277967886,1.92812324760465,1.93708437906474,1.92221690319199,1.89588380403082,1.86760530419673,1.8498611736042,1.84624738310162,1.8600102706712,1.88566629863826,1.91578458869788,1.93801458417178,1.95964509696351,1.92473139198424,1.88678990799125,1.8386480652235,1.78357764294152,1.72897051553106,1.67631514188226,1.62922708200251,1.58214065360152,1.53840620588442,1.50377495324857,1.49109727123932
0.592401442595945,0.680521887828824,0.781762374956176,0.908905880812645,1.05731164410571,1.23474896052467,1.45024682597387,1.69646295910128,1.91261037072135,1.94002514747729,1.75952415171611,1.55352856664415,1.39325983148601,1.279117144188,1.20439410897417,1.16737367223613,1.15952086236729,1.17707509146337,1.22136934654155,1.28260081109321,1.36643867348877,1.4693034888722,1.58850253497338,1.72683540447869,1.87520062849342,2.02645672712764,2.28376942056438,2.31612827344897,2.27998272837595,2.24406724983224,2.10274636541466,2.00152752288637,1.96239006701731,1.96695726402411,1.98609131600269,1.99126267714523,1.96476570388611,1.91124353172088,1.83916408822483,1.76364807252993,1.68977006169883,1.62231938677745,1.55870325176944,1.50040824787476,1.45002064020541,1.40464603571972,1.36168387682692,1.32684016226837,1.30280094383156,1.26904933132714,1.25460532397969,1.22969225750255,1.21849985395308,1.21371095431458,1.20808230775645,1.21642490684858,1.23677159025294,1.27272906903109,1.33359684329542,1.42453159605665,1.56582201066935
0.470182547372567,0.543369197449812,0.639791011047689,0.738932827920097,0.863895045033562,1.00700716596105,1.18818515018266,1.4135447712405,1.68139347749747,1.9391903447981,1.98652720510439,1.77491520248785,1.54597039611826,1.37168793261471,1.25386649468629,1.17368290007075,1.13013256007106,1.113798987273,1.12045152321774,1.14696131769193,1.19552568031809,1.25682285078936,1.33722312711051,1.43075971396776,1.54394933754555,1.67674212396514,1.8270912691537,2.00774028381731,2.28968545007388,2.32786243039565,2.09594095150711,1.99379082672956,1.96956095199714,1.99175936934014,2.05960148194024,2.11849136065901,2.12594734553934,2.07880342596111,2.0112097034779,1.95508921947166,1.92647877839179,1.92851443661474,1.95418748897185,1.99199377009838,2.02120957298342,2.0255278600541,1.99752822496534,1.94244995651079,1.87399625950607,1.80204504327555,1.73197093240599,1.66935794422362,1.61255348238726,1.56333394383051,1.52562796766167,1.50483271324563,1.48174195281655,1.4814830228158,1.50851595136118,1.57753587533205,1.71742872555516
0.285521268887562,0.344335843147357,0.410046493599368,0.485395133591737,0.585428732928321,0.693947300336754,0.827727676501591,1.00561520401981,1.23421106913001,1.54307387819355,1.9266940523958,2.1226604574025,1.78038052170934,1.46208852778663,1.25255962921986,1.12356930066876,1.04739251039395,1.006408928957,1.00480651699877,1.02322113451516,1.0617913575884,1.1176635019215,1.19280366716781,1.27977568899982,1.3843587638523,1.5035891735138,1.63745448892061,1.7854836834713,1.93859798509151,2.09051197707646,2.2674450523371,2.36352940825944,2.13222031480244,1.92145749970644,1.9796439234231,1.80680987138918,1.81188754516769,1.86895533381848,1.9562441173783,2.04627107430452,2.10228038613437,2.09117534514214,2.03227534015355,1.96934427325401,1.93230838194609,1.92786712980454,1.94791064196949,1.97757879559355,1.99914573941777,1.99708816144711,1.96670371289835,1.91373724616177,1.84908338653127,1.78114180494271,1.71792629307115,1.68577508593095,1.59789640053388,1.54381831211767,1.49705173416768,1.45358400398062,1.41741755338729
0.516183039879497,0.609197601813769,0.704764651487526,0.817332389850371,0.961221112112053,1.13339831116439,1.3428085309246,1.59754871551348,1.85180097172265,1.94775231664081,1.78050801859544,1.55271809494539,1.36782525359427,1.23257753442335,1.14015198776822,1.07992731905499,1.04640041297627,1.03546570068804,1.0441518638064,1.07039576740234,1.11291979559546,1.17120855033511,1.24972149046133,1.34304992028058,1.46165807666475,1.61187390501511,1.80892494947385,2.10588029878438,2.50620221687914,2.20672842027407,2.11892368016834,1.98960444043692,1.92930685006935,1.85786390371628,1.8672852147327,1.89624255753026,1.9296609438125,1.9507641816521,1.94972336478518,1.92926960648654,1.8938384687565,1.85406429210091,1.81824497891888,1.79387115090092,1.78186084803992,1.78657001185177,1.80553633100976,1.83677617534488,1.87160866069885,1.90501108519628,1.92560357917791,1.92802490273897,1.91174931238179,1.87810199570034,1.8351412168311,1.78557379329314,1.73651340496125,1.68729310945455,1.6433064352861,1.60395719739039,1.56987071272247
0.457691268920083,0.541522149907746,0.651086835253559,0.767672738209206,0.914364909136106,1.08940330038999,1.30113161218594,1.55331963828199,1.80902694620678,1.92186492269363,1.77899143686998,1.56121384210963,1.37746986894556,1.24046740900705,1.14444068857995,1.07920637287534,1.03539750994601,1.01654952496493,1.01556810303051,1.03490084704398,1.06379745990006,1.10525772915348,1.1583623648203,1.22651476680057,1.30287400210386,1.39431514457754,1.49945122010286,1.63243013801409,1.76210230679276,1.93559662116693,2.20082593691068,2.42250190440999,2.15038761061583,2.11668669205207,1.98303081671541,1.95740472681071,1.96647386202301,1.94840591066192,1.92257043665739,1.88704458379936,1.84773644521169,1.81358778082856,1.7914613972111,1.78278510110331,1.78677347740806,1.80515319172326,1.82983061735118,1.85596861948113,1.87675937323499,1.88629161152998,1.88139986412924,1.86133614240699,1.8297791793307,1.78918331251825,1.74597014527699,1.70160160788045,1.6568274270884,1.61694468126984,1.58768251521018,1.66973732686534,1.53103926669525
0.537493124054622,0.634686345090808,0.73487957616433,0.852810511817385,1.00334724870448,1.18227194167173,1.40032052476896,1.64773916077673,1.87040004305016,1.90503351243624,1.72755405278951,1.51845341756402,1.35156343815797,1.22658448389738,1.14002848831318,1.08252946004919,1.04925574095521,1.03649669397649,1.04145691551313,1.06206059202961,1.09683140481872,1.14484993979519,1.20944481927847,1.28482614779215,1.37872245597885,1.49065640966233,1.63949861374123,1.85459921186186,2.27779926225276,2.23932464814837,2.21885947714853,2.1332582022432,2.00512422513135,1.94524166635461,1.93635543884545,1.944144380158,1.93825426176931,1.92155279443697,1.89120121441743,1.85460740406528,1.8188268300047,1.79124031478753,1.77333014348811,1.7704155973068,1.78153548903276,1.80503040826604,1.83823226028152,1.87230106157177,1.90076111681557,1.9178423637562,1.92407951203405,1.89528465766921,1.85924874125662,1.81612657001406,1.76805773447246,1.72225537657888,1.6920273595468,1.64778557633676,1.59718395380948,1.56369736908696,1.53422282474821
0.181393535199467,0.243211577831881,0.313301214523966,0.394730669459799,0.491387586232979,0.619262552961473,0.765831640383961,0.957313746046808,1.20297383823472,1.52801547102193,1.92695444963218,2.09616504057923,1.74494889657039,1.43199490298324,1.2200683538976,1.08130581776966,0.986117365188088,0.929767781353647,0.900100446366431,0.891706017880854,0.900751376011985,0.924485069645102,0.96094139226224,1.01402120443657,1.07314480727069,1.14253399178404,1.22582124324751,1.31707897056471,1.42297155677961,1.54210849893592,1.67696057282595,1.83115278962411,2.01471231237589,2.2507996403711,2.36507016152014,2.12701583928185,1.98439093817091,1.89440292615475,1.85185595064324,1.74891670163054,1.78078241261319,2.46225235865694,1.78468288445102,1.87402000232997,1.92468133124145,2.59634762912113,1.98641452928995,1.99730700809156,2.00474947721111,1.98387278849405,1.93921759909327,1.88469449218358,1.85083386273598,1.78501724815239,1.74025916821591,1.71288130859377,1.69760707346436,1.69635207657873,1.70665386977101,1.72678219156422,1.75430902135433
0.492436544048803,0.568050002514978,0.668372556201448,0.772186932939976,0.904032225390313,1.05570702971957,1.25271400295571,1.48824361093971,1.75421185300915,1.95143132414735,1.88566696588696,1.6568232816,1.44810457700527,1.29121369334854,1.17785094284361,1.10186280745006,1.05374972879495,1.02836196896748,1.02176346327178,1.0309213299884,1.05347274383454,1.08756493476396,1.13174781399054,1.18867905521251,1.25087301322601,1.32099972531989,1.40270373438363,1.49348674574758,1.59575566789657,1.72844957827128,1.93767239245622,2.42588615644474,2.13107565850952,2.08017871481752,2.14941876866954,2.19289143689803,2.1559480473615,2.08936355411879,2.02105479903496,1.95716395092127,1.89624666390391,1.84359105149992,1.80047828319381,1.76903414142456,1.75248951211957,1.75038789104763,1.76279247374444,1.78830032233213,1.82370660644547,1.86552631605319,1.90507365690542,1.93386791700934,1.9447135694357,1.93567812830123,1.90865438699654,1.86767461436886,1.82151365439552,1.77239443652371,1.7283326794386,1.68912286922561,1.66593046196948
0.182266878352825,0.244572010767877,0.315345791372088,0.397785323731603,0.495985286246874,0.626432982870321,0.776942215696344,0.975060581348465,1.23157100463567,1.57577873334024,1.9842565209969,2.05850053244405,1.6697782810206,1.37435948054164,1.18135658889486,1.05741670387961,0.976771669218136,0.935212669531056,0.921206542220942,0.929699142779876,0.957199931785826,1.00624550147194,1.06629099018931,1.14082396137993,1.23319906524588,1.33752153774261,1.4604297526597,1.60007715971736,1.75937017465753,1.93799119888855,2.14254757831512,2.34399379655057,2.22061256691243,2.03771508695598,1.89077409346189,1.76793622203281,1.66602085109843,1.59274241710151,1.56051352461402,1.5217743033974,1.51369184163467,1.53236718937092,1.62461593597897,1.64026009043829,1.66539689089671,1.73656095378605,1.82607349884453,1.99057999149208,2.03040507139099,2.00869113041845,2.02095727856388,2.0050199771141,1.9559853536846,1.89840229109397,1.84120874344279,1.79330998653636,1.75628788125249,1.73462987756555,1.72739296752998,1.73386205107816,1.752266410931
0.553846955489322,0.660030167881464,0.771345879998118,0.911358954435936,1.07746643407667,1.27765999654538,1.51715247915721,1.7682032110565,1.90967054494338,1.80626452193393,1.59607959031104,1.40991255113531,1.27093648123931,1.17675055680005,1.11827932683817,1.09188431727957,1.09561760264985,1.12934868247407,1.19494629114023,1.30051591311477,1.45118575429678,1.66388267432715,1.96221569801942,2.37412831838275,2.34390947570181,2.07215187503359,1.82146232173442,1.67318732895713,1.59136271427526,1.57468029698913,1.66181664505488,1.63980558922593,1.6988580384989,1.77053678405775,1.84156917375307,1.90451418483984,1.94540861572345,1.95833295787869,1.94440702957495,1.91298035064973,1.87916586338732,1.85474760185667,1.84836442649302,1.86044425732224,1.88740490548739,1.92054100164702,1.94908217649269,1.95910339062643,1.94799218744097,1.9070239574703,1.85620374604303,1.79756890206768,1.74003372058585,1.69696928881668,1.63101316436652,1.58078385531347,1.53881301203626,1.50266426655999,1.4732657318249,1.46000568096377,1.43765331577729
0.538491623740645,0.636203058905495,0.736953582456292,0.8631806838049,1.00756708768383,1.18908096208558,1.41216148969717,1.6698826718851,1.89721546832431,1.91333299432908,1.71452179341726,1.49884165726474,1.33279203340105,1.21249270740612,1.13318490956906,1.08515332699847,1.06327946571298,1.06362899603877,1.08321690784744,1.11981850474188,1.17185741024903,1.24237182871546,1.32429418149586,1.42492294407742,1.54360378371514,1.68717364634698,1.87403436569737,2.17523077149831,2.43013887347747,2.2004152662694,2.18212396226909,2.08422873474791,2.14061930001415,2.03963857366026,1.9897705672578,1.93496005622093,1.88704112789602,1.85551939868062,1.8458727121258,1.85624110425637,1.88134489308428,1.91159678346505,1.93489217468392,1.94150035451823,1.92271557487526,1.88455166573597,1.83168995920339,1.77434727981653,1.71850518641106,1.67055273571936,1.60406450824994,1.55261501012047,1.50916212128137,1.47099387532496,1.43781008494361,1.41053907158822,1.38829958158121,1.37362053039104,1.36972640772575,1.3833306759951,1.41724899249454
0.128290604883272,0.206868075546329,0.26876188532681,0.339894326345195,0.423711170834307,0.524761402819544,0.661010069725118,0.820412779439768,1.03425662199854,1.32042948260394,1.70476604508624,2.11631965600601,1.94421726277423,1.53774048023563,1.26982929667259,1.09793319587912,0.981013673847732,0.909208004060913,0.86746107673947,0.848637312813369,0.847768169563004,0.861304072508978,0.886669875682355,0.921986098659092,0.971215109382776,1.02346970283872,1.08283016822492,1.14891032653148,1.22570677594923,1.3058297154792,1.39601127909763,1.4911432448316,1.59701212657054,1.7116643237172,1.83894632340025,1.98545475748964,2.18829847415844,2.39057169068898,2.16231757804275,2.01154880930387,1.90939520300636,1.83036866504143,1.78331692853843,1.89519929263167,1.75952128260843,1.77782215675472,1.82959291044747,1.90088961452668,2.03515746692015,2.02550256931744,2.04586212303417,2.02657586015427,1.97427325717321,1.90688486775665,1.8530846031906,1.79122325011117,1.72887984520261,1.68766283467386,1.66124916526063,1.64688700958154,1.64387660915147
0.339245334787059,0.411330640565036,0.493731512670554,0.601404220058146,0.717973484149236,0.859130752123915,1.04223203765667,1.27312948355866,1.55883051505881,1.88017167770976,2.02327118485323,1.78971184360749,1.51734135074835,1.32263771498157,1.19119213978158,1.1125856140051,1.07520841762198,1.07381458453515,1.1055623161502,1.16958095090072,1.27045414509216,1.40798906309947,1.5880444112405,1.81882804432891,2.09058840728891,2.3817657839512,2.31527591237454,2.04274099815846,1.76173951065361,1.60809096579478,1.51557032899042,1.46414683174041,1.44763187651322,1.4597285179963,1.49252791437968,1.53610181201485,1.59864261904493,1.67139691645555,1.75058630832225,1.83081679716716,1.90277439042226,1.95828890338865,1.98407689341724,1.97707096160492,1.94869496252002,1.91281793739321,1.88528779418109,1.8760310348131,1.88601596200685,1.91218349750914,1.93622999647897,1.95533201009694,1.9563196688997,1.93529501760308,1.89469206816384,1.84337774602623,1.78584476902486,1.72888508016008,1.67399964409428,1.62093725375288,1.5714401587619
0.527334302869389,0.62197457735903,0.71912403557195,0.833353619864684,0.979212066784022,1.15300590299482,1.36635855140263,1.61426236239583,1.85479166486223,1.92878978832103,1.76039229097628,1.54460536224258,1.36767156054283,1.23805369160583,1.1501535969985,1.09407823920031,1.06482719323989,1.05867008565707,1.07295581138851,1.10594520508829,1.15674944774827,1.22898092776555,1.31785862769064,1.43264653282187,1.57802393222099,1.77404415668001,2.07496239642711,2.46735710492602,2.20810250574724,2.16818473562859,2.0239346409884,1.94987868879627,1.88577064931571,1.8910610627006,1.92724666268858,1.96384624445908,1.98363146616151,1.97745981753784,1.94744539145536,1.90619465857417,1.86615411294109,1.83678686007705,1.82521801813736,1.83243166112157,1.85703532071642,1.89359782930047,1.93416129781568,1.96445271717706,1.97451652472618,1.95929780990163,1.92159183190078,1.86936666433786,1.8102576719512,1.75162357212064,1.69575321109913,1.64712918038165,1.6041954493092,1.5730251733258,1.55612743661587,1.55618740459127,1.59669837980387
0.37909511089905,0.445034676950793,0.519775317779968,0.618999178816121,0.723938394071245,0.85069928629338,1.01604310929954,1.21993634035213,1.47882475085788,1.78691087866782,2.02027535260029,1.89648107901379,1.61306911771928,1.38657692077722,1.22439657897089,1.11279963957909,1.03305603696756,0.985267142657644,0.959244851584239,0.950787225819786,0.956726281048708,0.979741748523099,1.00840918005151,1.04588888511807,1.09109155573732,1.14320931924716,1.20616726446877,1.27165804028214,1.34669570030944,1.42603058095653,1.51645172484771,1.61827073058568,1.74011000944909,1.91280555797464,2.26138709130748,2.28244064312651,2.16606942093199,2.13738504573897,2.10882904791274,2.18951036289219,2.04528466991452,2.01645883159677,1.98364828000426,1.9416934472407,1.89243007643321,1.85699896427414,1.79451209229154,1.75142677695502,1.71732874424639,1.69500352659338,1.68346528630896,1.68298445382199,1.69332796732835,1.71536287339554,1.75278500868982,1.77191334878698,1.8039532917126,1.83438950172784,1.86012273839187,1.87550866859972,1.87975630285559
0.447218171268506,0.522929168256354,0.622058562002396,0.725826438144164,0.849488775192102,1.00893277550972,1.20249945193516,1.44443308409964,1.72799913173982,1.9639731813132,1.91540772384062,1.66517118560401,1.44276619900056,1.27770645686029,1.16713307893019,1.094600654782,1.05245613111914,1.03481526764428,1.03717120439126,1.0560130075241,1.0885514229361,1.13251776585347,1.18993845350492,1.25229866711376,1.32141508147356,1.41032393021832,1.47906749749615,1.55737528902015,1.63656064459076,1.70946701258154,1.77118744542584,1.81550993124953,1.84105494276324,1.86361257036956,1.84176137735987,1.931008821907,1.79224837660349,1.77391982771637,1.7674991215243,1.77452095588419,1.79443220908808,1.82417528697872,1.85594383062858,1.88413536713124,1.90049049648181,1.89946903159869,1.87990558041664,1.84486183593581,1.79832606855131,1.74796207271493,1.6954406783721,1.64417513080409,1.59372520634662,1.54846162062207,1.50667220786914,1.4671321102308,1.43797168277887,1.40088815515223,1.37328960443981,1.34852352275073,1.3286168207021
0.61914781553762,0.716890311508465,0.830565812217198,0.974272670704329,1.1432087727887,1.34755370637007,1.58084948179598,1.80718149311023,1.89741142251229,1.77055804312065,1.5713910620999,1.39902232119261,1.27011839254256,1.18253760833549,1.12726145542256,1.09984811448538,1.09663827776595,1.11474509644785,1.15193625762302,1.20655780673977,1.28180171612979,1.37044846712194,1.49266757294729,1.60810505613255,1.76295949236894,1.99121145715885,2.57398091472101,2.26698952806769,2.22112616159734,2.13685799146572,2.05898902953031,1.98430143456373,1.92825737424927,1.90500778423144,1.91155729775302,1.94223968467441,1.9749929630584,1.9899141757161,1.97338535899101,1.92565078707598,1.86119047141863,1.78903712098527,1.71769460899738,1.65064200069107,1.58915502716509,1.53583749155541,1.48662716600195,1.44634330420447,1.41584496601775,1.38397809067388,1.35974684263486,1.34698928304061,1.34417840642641,1.35887156379316,1.38192510473005,1.42899666045908,1.50901659946095,1.63061533936271,1.80713920374758,2.04720036239689,2.30077700089407
0.548494804025315,0.647484076637571,0.7493505770841,0.877669286725707,1.02402356837565,1.21233017301206,1.43260127711113,1.68699284678563,1.89848583726575,1.89497903806,1.6975706419626,1.4878041855888,1.32358669680839,1.20098782439597,1.11574897028507,1.05884597936939,1.02178147432696,1.0090257311829,1.01875638122117,1.04097802249384,1.07900694159855,1.13270743797443,1.20659058926028,1.29591803530438,1.41065932541944,1.55392093734096,1.74147604219093,1.99197052005103,2.35516187083906,2.37245365222615,2.17505451268172,2.0020362990241,1.85258505507382,1.77718793956033,1.76813444672654,1.82803635564985,1.74872761091938,1.78265943923976,1.81892680701608,1.8546899396258,1.88048089872634,1.89121003143048,1.88420479698765,1.86437464759462,1.83377937846634,1.80054104580693,1.76720962929786,1.74025867445038,1.7201606194931,1.7116492074427,1.71627396552358,1.72819928259658,1.74950708990773,1.77917190638957,1.81399898781205,1.84654538301587,1.87425535558267,1.8904135443799,1.89325954469618,1.8826355319021,1.86100581303361
0.379258507495436,0.452214822146395,0.535995585580838,0.646631986762433,0.766101090035774,0.91847390626233,1.10404927806052,1.33437833127409,1.61934160521112,1.90704900112101,1.97747352136665,1.74564647007503,1.49823311128303,1.31440303766781,1.18314662868094,1.09517095172131,1.03467182632897,1.00368142955768,0.993245578831039,1.00001192136308,1.02655123271036,1.06136835621788,1.1076508756949,1.16436930543903,1.23477618879365,1.31164645059256,1.40130573643011,1.4994797167444,1.61369272131811,1.74989175760713,1.92988295538654,2.23132420457827,2.32217336671445,2.11075084938574,2.10657056300511,2.01578975135094,1.96114637008009,1.94877263516987,1.96708176968455,2.00161638727862,2.03260022229161,2.04083849702366,2.01550691699514,1.96557915569519,1.90462847781684,1.84707562758778,1.79910477286175,1.76619773223987,1.7476765607732,1.74692636103467,1.76184037292862,1.79159000308478,1.83063168052568,1.87057759087758,1.91031434995965,1.9414038951316,1.94982058820238,1.93623843814613,1.9080236875306,1.86789523146755,1.8218798272936
-0.189874542289826,-0.150092146710535,-0.10756587108953,-0.060604219634044,-0.00706111707534644,0.0559217586955484,0.132307232114457,0.251269422579266,0.376029746139713,0.542628840731662,0.784439064260826,1.13521950996877,1.69884181750091,2.36758334386874,1.52609495653314,1.10984802961038,0.877465785310422,0.741083974771143,0.653230926438754,0.609573529464325,0.591291572253828,0.591327434335335,0.605029133723577,0.629255102894891,0.670514788183248,0.710507523988363,0.756436027000538,0.807629869726371,0.863683873182527,0.924408064181884,0.989796159767146,1.06530967223681,1.14140095092009,1.22322631325346,1.31482169143928,1.41071236164209,1.51689013903473,1.63119467689088,1.7528214410433,1.88487941280093,2.03002968777714,2.21605574507588,2.36496984371341,2.10851854561805,1.95847310985026,1.85474235977707,1.76076109065695,1.69759076259077,1.66341793223678,1.65892893294735,1.68726959400139,1.74617843525915,1.86351893176215,1.93703139891158,2.03668464465407,2.1087952845931,2.11009471382721,2.04288666675298,1.94895634039701,1.86142870659576,1.79159608756284
0.339261537102251,0.409382038688983,0.48946653098958,0.594306657332615,0.707654125208635,0.845126359238254,1.02346658162977,1.24473305346132,1.52778713365208,1.84818880768079,2.02781482869166,1.81778660529149,1.53696104563307,1.33003023578237,1.18399070312263,1.08635751966286,1.01942952726712,0.9836463331279,0.969364117740219,0.972634097375572,0.995510652441126,1.02632191391793,1.06784329368674,1.11874220107923,1.18198757874963,1.24983408856431,1.32496479021162,1.41110090970286,1.50459947533982,1.62825568226554,1.70963055088875,1.82134681684604,1.9433067412829,2.11384150284518,2.56435128665746,2.16486354743469,2.10455937677012,2.08907528868085,2.07322777889815,2.04828410363347,1.98278035107069,1.91883509980805,1.86531736925885,1.82676565849149,1.80713026154715,1.80456736675619,1.81637400711573,1.83762133695899,1.86175712468941,1.881714069472,1.89330495787638,1.88653597372236,1.86622650590055,1.83464750464297,1.79505791073249,1.75005692336043,1.70488620981004,1.65898939376374,1.61754412712272,1.58778291538699,1.59090167108991
0.644487029014763,0.7371685875639,0.852825555606622,0.982217049075032,1.14380733177979,1.34056553087113,1.56762605562426,1.79724358467983,1.91194148752294,1.80315830892351,1.60126531393797,1.42015186648088,1.28145592870893,1.18034652983344,1.11405787727156,1.07549465569504,1.06162744485526,1.07058062613824,1.10160996905703,1.15519571784319,1.23704426519777,1.34578749682108,1.49992561633889,1.71381126733262,2.03543497280814,2.44252187605023,2.22055735090865,2.20893439182228,2.06653080233606,1.89392009265777,1.76457794939251,1.72779090369534,1.69643509551944,1.71119643175459,1.75041382362355,1.80161099409799,1.85236765376123,1.89730814512294,1.92505723908984,1.93063428596964,1.91693392086479,1.88700986527495,1.85035362907954,1.81496123587295,1.78876267656152,1.77326965936988,1.77406041535961,1.78999004524525,1.82066690529195,1.86001545464024,1.90000841555983,1.93299598668893,1.95056559910129,1.94830200422396,1.945286683864,1.88996094595363,1.83683336415712,1.78660659677054,1.73715546460444,1.69455375323962,1.66186521269658
0.493932227272707,0.582438647919946,0.672662698215694,0.778434858377577,0.912869244157918,1.0732889698722,1.26916531120175,1.50962485836307,1.7775069982627,1.95966561587119,1.86668460351608,1.63120349425651,1.4262211824779,1.27403652412301,1.16858849744216,1.09786350615558,1.05549979170377,1.03661183059227,1.03753386857428,1.05552762375492,1.08858062268131,1.13528637416137,1.19479059960726,1.27127775177695,1.35756121510617,1.46272584497924,1.58766321579522,1.74620310382919,1.97461088366898,2.38824442654642,2.22491452100823,2.12588597962644,2.11212435933204,2.045868402334,1.9915244708838,1.99004101075827,2.00798739572747,2.01885760834501,2.01058440272503,1.97842312155411,1.93070023642777,1.8810293458815,1.83699768680809,1.80611003459433,1.7891034428573,1.79044734379637,1.80807153241627,1.84049264082693,1.87933423582804,1.91917192461612,1.94954255336847,1.95823885096981,1.94537959800521,1.92362809145369,1.88267276525391,1.81591576774004,1.76092476982413,1.71081431350026,1.67968292344055,1.64134182512396,1.62243387057097
0.343465954290807,0.413093011548843,0.492505697706486,0.596698269715071,0.708801897695685,0.84446180840166,1.02052324481447,1.23841090061371,1.51755811723764,1.83649748455658,2.03174271412646,1.83769558073335,1.55791719249896,1.34747363711445,1.2024174532153,1.10924517918621,1.05471990747847,1.03213117961479,1.03699112913884,1.0664270182647,1.1188203864461,1.19361195825603,1.29567514791102,1.42254969127817,1.57819020920289,1.76977410337367,2.00716131751241,2.29413104466436,2.33305126506471,2.14835140199301,1.95097043987389,1.78842511078074,1.67951250334215,1.58827911118236,1.53770823753428,1.51721825523107,1.52036307515436,1.54718403551375,1.60562653439709,1.64703684655737,1.70557098728162,1.77775635213122,1.85066281595656,1.91628841213003,1.96270065332605,1.98174365534626,1.97075747708582,1.93622157736612,1.89246777888767,1.85298363188858,1.84616223213282,1.81015788916126,1.81266211861285,1.83127509758303,1.86035358650171,1.89285308760179,1.92060155711718,1.93592730629976,1.9340005784878,1.91444071975675,1.87996209946191
0.744410946571735,0.850884028035315,0.967095762561115,1.11037955200385,1.27798729881454,1.47455359247946,1.68231677846759,1.83622008667078,1.83563143755522,1.69379957253697,1.52335666799418,1.37508692410365,1.26071922453952,1.17991749788789,1.12555179568061,1.09482861252248,1.08560218110099,1.09655878183728,1.12729591974906,1.17850634390288,1.25610146161666,1.35895687880743,1.50630058267855,1.71669038976468,2.05013325807725,2.44208716175241,2.19413159260827,2.21858376129695,2.10301303268944,1.94612061009976,1.85682822540496,1.83412567151107,1.85343440397998,1.88682067588525,1.93063643248912,1.96810875756741,1.98441923501652,1.97927415157575,1.95357274474405,1.91750263375855,1.88106259050005,1.8527347794948,1.840362267003,1.84648235334907,1.87229102549465,1.91713341077405,1.97079342805545,2.02000486197642,2.04948908726861,2.04511494555821,2.0060544982319,1.9458065859121,1.87901474266632,1.81515061100855,1.76072044482053,1.72357984424045,1.70930668763198,1.74151591440752,1.85100399317344,2.09033672794124,2.4200583054117
0.557256606479175,0.651944986956027,0.74795564143112,0.868440374082319,1.00445455375196,1.17473905383794,1.38242743316043,1.62054329227067,1.8494114106225,1.92523697211715,1.77472107096731,1.56561634882408,1.39022974207223,1.25918998226199,1.16823459438965,1.10744568751679,1.07176123084277,1.05713289380679,1.06040359798641,1.07911919234141,1.11138455448475,1.15576975394215,1.21521177507866,1.2822272267059,1.36308570630451,1.45376728423442,1.56314838823119,1.70081130192421,1.92056836457819,2.42551566055027,2.16666974675048,2.14428398833715,2.20453905265397,2.1793032310908,2.13134442134135,2.08257741999871,2.02254126474114,1.96398442242398,1.90870660520764,1.86545070772264,1.83765290394608,1.82997376702312,1.84195632470766,1.87334567622928,1.91621094704732,1.96358264799504,2.0009056671504,2.0139724776931,1.99785375706992,1.96095084539401,1.91152613771045,1.83421946012106,1.77185784841452,1.71887348411186,1.6748129806275,1.64558605155612,1.64144667264842,1.66765753684739,1.76262001193936,1.96742964735502,2.30119113414349
0.453177993095241,0.534137241732844,0.640047327954829,0.75230962151318,0.89400393935043,1.05900284959241,1.2718458967262,1.5260342106236,1.80228177282157,1.96039814159733,1.82459157506777,1.58648723193115,1.3892831276831,1.24543585975824,1.14715565809215,1.08246230579834,1.04493896067145,1.02967380949703,1.03289616446006,1.05165523673149,1.08359374338842,1.12678768734561,1.1796287118849,1.24543902535908,1.31545132473721,1.42650778296678,1.47643267282286,1.55816768206861,1.64409851866165,1.72814222395414,1.80877409101179,1.89494520368966,2.114631505425,2.10959843309496,2.35199154955831,2.12804062331174,1.93239519371547,1.85015697712146,1.80844801356086,1.78714230845547,1.78527590736924,1.79782543948115,1.82011560853526,1.84583647695135,1.86767353579615,1.87997041026901,1.8748662446864,1.85516600786278,1.82235755794338,1.7810460371015,1.73294670595256,1.6849557498338,1.63611657461463,1.59071783298112,1.54779337603257,1.50592027778213,1.46902215645997,1.4351830755047,1.40616705233234,1.37742778833885,1.34964086789137
0.117599378312178,0.190892163465864,0.246286552417599,0.3089225684982,0.381637421310794,0.468161161110438,0.573555201054342,0.717693621536469,0.888495537013817,1.12214696435559,1.44416014334742,1.87148425153879,2.19433176456637,1.78284778812049,1.41838968103771,1.18912222916819,1.0418961976277,0.943386933738798,0.885405510519516,0.854163754262007,0.843067701026825,0.847481733535311,0.86407095795833,0.890395342581341,0.924646515021697,0.971452821765864,1.01862203061983,1.07071730384804,1.12718057062896,1.19207931676392,1.2570213384153,1.32557769932205,1.40147966202106,1.48040279357307,1.56122642286141,1.64949106748707,1.7556725548395,1.87995674795695,1.97364852905855,2.48698512241388,2.24724850586729,2.05627024720311,2.09839185124215,2.2109555902845,2.21088253192813,2.12280391354836,2.00467516573979,1.90753657880367,1.83616276142089,1.796390863345,1.76481250667316,1.73953720681116,1.74022241464716,1.75493034586496,1.78720840119854,1.81340815275911,1.83745608037975,1.86106568982368,1.8758796788539,1.8786240933267,1.86847428822845
0.5303413476562,0.626031190873149,0.723771524576205,0.846487270649172,0.986120640531343,1.16196488691573,1.37889998969375,1.6341378361557,1.87954445890909,1.95055539817613,1.76857292492927,1.54220141329339,1.36018445957508,1.22710634279357,1.13653221114559,1.07847048169079,1.04826647424315,1.04268717197115,1.05971957468428,1.09841551961511,1.15886015095462,1.24632155811638,1.36017726872811,1.50739215615842,1.70177987880753,1.96773810359945,2.32474320002506,2.3164993429857,2.21713890057479,2.06471322872499,1.92245115553964,1.76234399350953,1.66631908686125,1.67561836165569,1.61844174187925,1.62266185670081,1.66264914205235,1.80377904155371,1.76120741138439,1.81670412550359,1.86612450366456,1.90614596846184,1.92594097994401,1.92278150515608,1.90030038937419,1.86688237171749,1.82812903849894,1.79250938760412,1.76698414921785,1.75399835023865,1.7651076299395,1.76752794174551,1.79262398807719,1.82620329381786,1.86287530128205,1.89702628774858,1.91974775136428,1.92707146485174,1.91954324541424,1.95077824472488,1.85869355196375
0.41055191677689,0.488906302835066,0.590662092908759,0.699054577782163,0.828865059804437,0.995472613815768,1.19862743872294,1.4521355026803,1.74574727046837,1.96963512474072,1.87992698521379,1.62274630977005,1.40611340255434,1.24955622846034,1.14363481242217,1.07521524724686,1.03333271807977,1.02121169210132,1.03611597694507,1.06708847085694,1.11733988006565,1.18671341435291,1.28072221140873,1.39708354618142,1.54037422956718,1.7173490840367,1.92945377866877,2.16832381240204,2.46434841079151,2.19377407331367,1.93836892557372,1.79734698485075,1.71782505279654,1.70249765203352,1.72641625808787,1.77613414874599,1.83539284306902,1.89401692235266,1.93649457166529,1.95430173886753,1.94530616574031,1.91589012009774,1.87958379301541,1.84918161638621,1.83009805263438,1.82799866342032,1.84076714492337,1.86367150881039,1.8891305482601,1.91025653658699,1.91320020263702,1.89896917040557,1.86978326115283,1.82900903124121,1.78054139632338,1.73090099492875,1.68004803989297,1.63282270574109,1.58870839280731,1.54726978205799,1.50784399502
0.514579347734591,0.614634524581456,0.719078714997479,0.84237031136418,0.99966325329898,1.18815337749219,1.4199442783598,1.68657945403885,1.9113996526484,1.90132597863504,1.68800977002926,1.47706328349382,1.31859252783194,1.20881364703075,1.14388127338403,1.11583633777093,1.12193213203677,1.16139573196111,1.23554226814813,1.35265326437778,1.5163565552858,1.74255213472191,2.03929303284553,2.3967943775786,2.28373371436806,1.94370599832887,1.74407865898667,1.64692479809601,1.6210101933697,1.64244891129014,1.70159865301811,1.7830184394382,1.87388836762784,1.957911977479,2.01453643713472,2.02667102762482,1.99972380612482,1.95991573819469,1.93215976264226,1.9297388097249,1.94942722292713,1.97741410050891,1.99404510190424,1.98368035534455,1.94264244237691,1.88228461429679,1.81172453819429,1.74003838659901,1.6713498468141,1.60935109785985,1.55194497413816,1.50975369273982,1.46047503811246,1.41531169189871,1.38109734205762,1.35301368537216,1.33177083487415,1.31730813993163,1.31138449017277,1.31930985499774,1.34860354334362
0.545939464390366,0.646907631374641,0.751284035878777,0.882202166860674,1.03180562213925,1.2245848510188,1.45421789691705,1.71546470366462,1.92269796840232,1.89071277048852,1.67372857032649,1.4659180789946,1.30972819191645,1.20013018585249,1.13244297255446,1.09752176382662,1.09073239210145,1.10863074732267,1.14880760657248,1.20980843911586,1.29578117723864,1.40316800447763,1.5363377328804,1.69812417700833,1.88948485483005,2.10124793263631,2.40581817161908,2.24032039743896,2.07917103341907,2.00072033626094,2.04651044580946,2.07586564319835,2.0483463034318,1.98909663008555,1.93501764450737,1.90867245883261,1.9078605050451,1.92453286467065,1.94147196790901,1.94339911317301,1.92230267100787,1.87979573994449,1.82229715330435,1.75844276731031,1.69350630123436,1.63244065985695,1.5731610327289,1.52002603145742,1.47110445102285,1.42446443366327,1.3840969858319,1.34760053300652,1.31490696116549,1.28653144052303,1.26626294760886,1.23994188648813,1.21815603266371,1.20103373008608,1.18984837186427,1.18392053601204,1.18454516002734
0.244449259515034,0.305697865290574,0.374793401652002,0.454673477258705,0.549071046873221,0.675371549051803,0.818057107867424,1.00560294758789,1.24508893579787,1.56245721915791,1.93686584682359,2.0783225037114,1.74938925352714,1.45115999763096,1.2484636757684,1.1190280075893,1.03387393890048,0.989664498796733,0.973907899373285,0.981211814217883,1.01270355939761,1.05661790104264,1.11563888855409,1.18874717969211,1.279838764269,1.38433247120787,1.50149816057854,1.63878752640794,1.79067625165442,1.96288616384732,2.1701849417869,2.39633880281154,2.17023820856924,2.10808663289398,1.87343141104031,1.77940626846969,1.77065845405127,1.70084229268132,1.7183848333138,1.76791904938482,1.81221131127916,1.88338316814186,1.95958820146973,2.01783347294697,2.03955231990627,2.01707841075849,1.96582669615922,1.9077771796474,1.85934431009697,1.83065697874651,1.82182232462118,1.83309910536079,1.85956992871231,1.89420478232003,1.92510090930948,1.94362819199021,1.9430385358078,1.92244367167149,1.88409806925094,1.83550763252449,1.7819574956384
0.471243129040534,0.547605572428256,0.648174361230821,0.753145044518317,0.886265417069786,1.04076802688671,1.2423448580264,1.48716645896301,1.76928394126211,1.97944957685909,1.88802047247093,1.63578355975779,1.4198114975591,1.26547659813322,1.16249958817404,1.09780619205454,1.06446898304817,1.05731272552298,1.07257052904675,1.10758122061501,1.1606046142489,1.23452811132129,1.32290792239838,1.43301327840113,1.56416296230858,1.72241336302801,1.91440121105282,2.17848188834814,2.46832906170837,2.20346807388039,2.02809662812719,1.93831997653085,1.92025167452386,1.95326195937953,2.00550498505015,2.04102419989166,2.03828105670835,1.99816516961458,1.94555058612664,1.89989214597179,1.87313384028948,1.87070461002823,1.88865668062548,1.9188291276574,1.95005075539165,1.96614695015831,1.95863031776609,1.92531841800213,1.87536976913352,1.81474275032084,1.7513986349498,1.6913116943656,1.63361161217417,1.58236909584787,1.53475509696848,1.49491469380017,1.46161857013128,1.44276908480913,1.41618509211008,1.40583343660236,1.41305923825294
0.050718895227266,0.0995584010032466,0.177036307368565,0.23923458825116,0.311770467003495,0.398681284863948,0.505595773338023,0.651685862711976,0.829982098993912,1.07795927925023,1.42868366629986,1.92455732626683,2.20114550941398,1.64672723085545,1.29346578886864,1.08025955175612,0.945541300364314,0.86653912795124,0.823611299662861,0.807072966234122,0.810496994533872,0.829511176449972,0.861111909242696,0.903245703981491,0.960307546706484,1.02089685454165,1.08961214015093,1.17062715927429,1.2569524392003,1.35603489574346,1.46561389528507,1.58734188354283,1.72234539665362,1.87197457358604,2.0313806728148,2.19661711204302,2.38010637427827,2.18258187903035,1.97668398746393,1.98088844461435,1.78427045644989,1.75422445335796,1.81494550365131,1.96142793074167,1.86401821340866,1.92803162722072,1.99350257611357,2.03520509991157,2.03483126505873,1.996103223257,1.94371976310142,1.89470139182753,1.8329677766135,1.80010946539517,1.78787060454657,1.79309113738312,1.81192847078748,1.83862364610969,1.86607567006757,1.88691159564593,1.89512677053269
0.17823394701861,0.244259142588751,0.319260797279644,0.406301507577338,0.509242182488608,0.644082426371885,0.798343192946529,0.998435935210574,1.25317446372035,1.58641064497379,1.96026695445271,2.02994161341417,1.69000144539558,1.41140596443114,1.22861899023464,1.11575643516262,1.05334403422699,1.02745903418401,1.0440276864964,1.08728059874576,1.1595650434255,1.26438503879409,1.39803738179749,1.57236062685342,1.78457980575719,2.02668743594709,2.22055123789777,2.33353958851641,2.34149822896761,2.15851050130867,1.84338810219821,1.63069908751965,1.53604196076209,1.49423403919362,1.48916106015926,1.51167103033618,1.55815977364965,1.61672993333805,1.69357851334313,1.77888932719562,1.86514927825308,1.93981026258787,1.99038882619817,2.00266179057456,1.98000718371553,1.9419708557015,1.9104189187334,1.89645242118463,1.90777612210794,1.96054943983097,1.95132566340375,1.96124936688111,1.95105931612547,1.91846733885184,1.868447875443,1.81071502068192,1.74946497944996,1.69105496636647,1.63733589978666,1.63601225943175,1.54874465740601
0.377744879883131,0.449910398613566,0.532248886145375,0.640636917637007,0.756929184979521,0.905166252427492,1.08584814815485,1.31164417067177,1.59678549105554,1.90304276369782,2.01615794068934,1.77818984084292,1.51470731037178,1.32323142779352,1.19099747967222,1.10732190142656,1.05962644191927,1.04110643921072,1.04685063953846,1.07333333940649,1.11809826122027,1.17956815655537,1.26140245623259,1.35901839542588,1.47182278602807,1.60854005354557,1.76296934140905,1.93613210304188,2.1338766682473,2.2961228641222,2.34336977040725,2.04211524477393,1.93588005520649,1.91759570761078,1.94611908302428,1.9996053273834,2.03225285909921,2.02005788014639,1.97555434569966,1.92450939160711,1.88645236798065,1.87099841070989,1.8761511270834,1.89488147203915,1.91613876948644,1.92814760699669,1.92245306159729,1.89708122906737,1.86027947166945,1.80337581181348,1.74591069561395,1.68972184643536,1.63418237245554,1.58315297633273,1.53390985959624,1.49044236536614,1.45091075522409,1.41710952238292,1.41497442479168,1.35634871804802,1.32149385084338
0.368199535776395,0.431843568061883,0.50358001709342,0.598420716493008,0.697874111376377,0.817393412513513,0.972787746590176,1.1644685852936,1.41031156425296,1.71518663882586,2.0086057152381,1.98663657672442,1.69261454922523,1.44229242731257,1.26315764620529,1.14489863777773,1.06761155366117,1.01744098852384,0.995933455618529,0.998471383960017,1.01210878538572,1.03844021459749,1.07524426513539,1.12078470031211,1.17773105909078,1.23765784523656,1.30290436872602,1.37610372186839,1.4498631176571,1.52891883154029,1.60878976732148,1.68696384898588,1.76775904537018,1.86012387598578,2.03430958757621,2.51373899602369,2.06430668039869,1.99496799316735,2.06731276864563,2.25560598293547,2.32897934758199,2.13911396839531,1.98302480303017,1.88573202613118,1.8314311163355,1.8069775897977,1.80792490064875,1.82830801638936,1.86447350377185,1.90675060932495,1.9491114636289,1.97993692485687,1.98972039883522,1.97396181692141,1.93696627829164,1.88664436148349,1.83058832465232,1.77742856344335,1.72703791133494,1.68058295489498,1.66081759694784
0.79560056293565,0.928176542409217,1.08162590737075,1.26098192895469,1.46815125025438,1.6779996971493,1.80881820121635,1.77274816026661,1.61882946480119,1.45412633518935,1.31833497184296,1.21525619098137,1.14714779484306,1.10990556288486,1.10507708846453,1.1378255809287,1.21937691429948,1.37613906675906,1.65420937312738,2.12674351015363,2.33044920423144,2.40219424298218,1.82086923714228,1.56825227343968,1.466746328695,1.44078672964117,1.45837131286064,1.50929125251823,1.56443406596186,1.63874215689704,1.71827567020118,1.79597126922491,1.86200612615751,1.90989018514435,1.93007114285227,1.92303288552356,1.89995215620577,1.87148084617339,1.85069622530438,1.84711487422275,1.86205472357225,1.8921237338739,1.92897697047179,1.95632285436854,1.96200316892192,1.94045174002389,1.89619890470978,1.83788972920948,1.77820689715003,1.71427609776891,1.65625333156248,1.60650429903942,1.57090886096069,1.52762055517124,1.49321058059861,1.47151591387264,1.46014783426737,1.46476303076883,1.48696627466704,1.5350880544218,1.64158541997229
0.408249996806429,0.477552055271136,0.556157081220326,0.660789224071018,0.771157441168258,0.912852294634458,1.08546727286358,1.30230900735585,1.58146777826001,1.89885644528239,2.05415169063545,1.81878389120281,1.54004472771981,1.33874450228552,1.20525082442244,1.12548853493416,1.08542685514515,1.07736707915534,1.09571941219098,1.13650756766739,1.19702339402454,1.28011231377252,1.38024670440967,1.49572566070942,1.6333396863469,1.78333998800122,1.94008247848156,2.08436773560794,2.26459499756163,2.34074621390968,2.02320624993098,1.93523085402765,1.93244937682778,2.01147915463775,2.11888036572391,2.18231295909727,2.14827301880333,2.06702830798864,2.00742401046215,1.98899425327382,2.00415322475327,2.02866512097774,2.03609712510456,2.0103369414131,1.95307900123072,1.87775946467827,1.79914037071852,1.72279903768944,1.65184643479527,1.58715306360775,1.53655566336747,1.48010585059997,1.43484954155409,1.39691005027754,1.36299033191639,1.33981000245533,1.32178252367937,1.31469342866243,1.32154603462951,1.35897851516978,1.41012245628762
0.210383269219141,0.267322888007979,0.331247825127337,0.405024335286412,0.492337204591562,0.609435266536023,0.742598948545783,0.91833829318426,1.14547059200208,1.45124781905708,1.85116981362407,2.15251338403047,1.81898668422452,1.46535916008333,1.23104763106603,1.07876036011205,0.974168835760587,0.910106657627842,0.873007698521102,0.856512702910042,0.856114173532027,0.868539078602005,0.891368949653737,0.922795154828471,0.967236290818714,1.01287723478511,1.06410716796569,1.12039455519488,1.1857448949904,1.25212089357769,1.32313698937571,1.40280163046991,1.48725220991288,1.57563340696745,1.67364876229979,1.78141718410328,1.90803374683745,2.0819773021228,2.43325746483464,2.17963597905004,2.05830962341133,2.04264521046254,2.03049497547201,2.03702871115874,2.06013475508657,2.06600128517063,2.03948149900861,1.98686994273963,1.95968582102409,1.86182193325716,1.79957436941973,1.75186698527123,1.71829135697902,1.69807744463714,1.70061380556243,1.69096770714324,1.70323986285936,1.72599890006855,1.75326177393602,1.78317008121332,1.81216812117605
0.539162934470612,0.633414660136628,0.729204724151294,0.841153902289965,0.983945261304098,1.1528906906509,1.35968955615,1.60059562122794,1.84312547737372,1.94516355106397,1.80092455640248,1.58321562066135,1.40052842230963,1.26542200791014,1.17300665903231,1.11271627527333,1.07900227282202,1.06735101592506,1.07414216522243,1.09644139736139,1.13183020342153,1.18210986856495,1.23886325370574,1.30366088272398,1.38049059671908,1.47974206363168,1.53968862993379,1.61875150832601,1.69732928014941,1.76819261812981,1.82759042257276,1.89642314971387,1.92364626582047,2.23282608231828,1.90694467119627,1.82684914659813,1.80277645083881,1.7964424385995,1.80594534512602,1.83583272946473,1.8676919888927,1.90889504337698,1.94234199488559,1.959217899178,1.95022023745856,1.91647535301542,1.86759499415116,1.80941949559108,1.74939209964999,1.69139397024332,1.64041524110987,1.59500418646696,1.55198935742787,1.52033223527978,1.49951224953443,1.4869119305082,1.49406297281763,1.52824051583527,1.60758201488145,1.75627575585636,2.00660253005581
0.427568976754343,0.505411369389745,0.606983836190466,0.71465186487708,0.843325179612283,1.00823251257068,1.20788605843268,1.45450720702245,1.73588977096463,1.95104495638606,1.88221378720664,1.64125820114566,1.42781382088689,1.26869205466966,1.15675680518623,1.07913391035613,1.02487000204336,0.996772371713154,0.986738997974104,0.9918057436476,1.01484507943986,1.0442863711542,1.0833207299002,1.1307513661803,1.18959116445202,1.25202461505353,1.32079320411765,1.39964505277743,1.48945057439938,1.58531151982358,1.66963505552073,1.78172953281236,1.93572936563284,2.30065995614688,2.20310837335209,2.18911346185149,2.17426930263005,2.08123977922767,2.00285484020399,1.94241948752977,1.90200839974873,1.85590727235634,1.80233881114726,1.77246728294549,1.75553279126739,1.75025982986566,1.75861702780269,1.77713646431568,1.8037889195351,1.83151778792333,1.85860684105864,1.9293196337259,1.88815245411062,1.86187652636894,1.83639029961484,1.80355026218224,1.76427266418984,1.72417903673118,1.68445361464308,1.65604544222491,1.61545768433067
0.265517232682826,0.330231358075544,0.403951067772151,0.490042064809024,0.604263340372324,0.731804162742834,0.897523529292624,1.10695927087954,1.37914159119446,1.73430854812956,2.06583778320065,1.92593340442001,1.5777767792271,1.32810187865381,1.1604531776949,1.05173382881668,0.98058245236321,0.944890985187483,0.934327073507109,0.944531849323829,0.972475430492116,1.02156797381432,1.08060568954301,1.15371600452798,1.24520579583264,1.34829592031456,1.47144631913118,1.61512512291674,1.77791943589377,1.97027326873066,2.20461754001251,2.39354169905702,2.1876748612272,2.01245263147943,1.86884770501668,1.7519130091952,1.66704388157744,1.61405130263627,1.58789623068408,1.58574782633742,1.61514164655579,1.65175314556384,1.70268631867199,1.76680557540097,1.85620059748316,1.90109349326134,1.95115932049974,1.97822468380833,1.97591751689418,1.94602519892391,1.90011597676922,1.84942451051728,1.80070607076652,1.76077064399372,1.73389593068434,1.72007088374868,1.71823360365599,1.730066633928,1.75341939574574,1.78292950449451,1.81594505002828
0.554111704038843,0.66446737155759,0.780822985001505,0.926523708563997,1.09839816449324,1.30274622460225,1.53991035190155,1.77065567310184,1.8696934342421,1.75305468785258,1.56016018102912,1.38827913886453,1.25642230559408,1.16258228105355,1.09831667983558,1.05545385453073,1.03853415686571,1.04572787275947,1.06740138243578,1.10701359800193,1.16478767905889,1.24599226588774,1.34687444027979,1.483195423363,1.69689475750096,1.86250407416816,2.10435071611905,2.31291895984886,2.3705814888082,2.32606830830847,1.82220415519581,1.82179230272417,1.74512752563985,1.77504944633903,1.82264035585528,1.86784076399363,1.90017237307663,1.91263245843697,1.90444400049288,1.87975529821716,1.84956780810847,1.81974191227795,1.79894924624148,1.78851083075203,1.79197376555502,1.80632697690527,1.82744425455921,1.84935292293349,1.86693951674163,1.87296312398261,1.86188307727382,1.83874669565551,1.80419976230595,1.76418960941173,1.72102101591493,1.67605732245884,1.63395363054694,1.59494463468149,1.56226164039952,1.55267019841402,1.75325487761449
0.869373775416534,1.00247389344803,1.163833424133,1.35150004977254,1.55005450359616,1.71893435496761,1.77457443895412,1.68838090167452,1.54047353245914,1.39582468939121,1.28145234202457,1.19205695262479,1.13199009061993,1.09750824314693,1.08943926544368,1.11147479698536,1.17266312176599,1.2966008036248,1.52903004463231,1.97601767051575,2.50474464468811,2.37362796654322,1.76414788752841,1.55284948164007,1.49211786743895,1.51041441699872,1.56544288932918,1.63564592006928,1.71513157169879,1.79185028503132,1.85553084763837,1.89519559086136,1.90733205018492,1.89571911221519,1.87074508795631,1.84682307201482,1.83594298520405,1.84228784203514,1.865584293306,1.89931760865407,1.93305316023518,1.95105010686291,1.9448385818514,1.91380990139833,1.86366048928121,1.80601483451094,1.74494113085029,1.68846556959045,1.63395049728828,1.58570456395654,1.54442999190365,1.50982848237781,1.48046060754898,1.46448745273442,1.44876188778502,1.45020281060394,1.46285041483225,1.49373994783796,1.55372074267139,1.65368151024711,1.82008765033932
0.549372521181289,0.647059559758395,0.746812279746254,0.872362524231339,1.01485054826056,1.19412412970439,1.41395876921098,1.66734894409845,1.89394378990766,1.92352278206928,1.73217487020915,1.51552406968453,1.34474986207145,1.21752371814236,1.1300289627938,1.07294097599788,1.03774021067361,1.03332132834265,1.04544818035908,1.07696823348622,1.12759452970249,1.19801812422265,1.29509722428072,1.41865814842801,1.58006183326513,1.7955998738084,2.10277874476883,2.48251118267461,2.25827175732345,2.1669837234362,1.98091517784106,1.84370656301424,1.73060047517943,1.68260893161662,1.68202749651202,1.70528243513148,1.74736612209009,1.78472922514455,1.83233047485607,1.87070272281222,1.89425491929121,1.89900682388188,1.88430116103584,1.85742111772129,1.82276415160824,1.78813340863789,1.76047779261897,1.74089114687552,1.73493196126914,1.74263483292709,1.77369241904987,1.79987007868501,1.82654055513658,1.86160716538512,1.8931060008808,1.91212225945375,1.9154239044314,1.90226000348508,1.87533728627314,1.83909106320482,1.80503186819005
0.217716521980994,0.276695037150645,0.342963870070272,0.419331173440382,0.509359830556995,0.629311260147619,0.76475458446096,0.94197745119721,1.16825619280822,1.46782646417358,1.84782130649863,2.11930648356532,1.83165900696478,1.49652123327419,1.26880192673332,1.12160266373364,1.02211826622166,0.965072025770271,0.937054258536298,0.932080683922086,0.945936777064258,0.975642724852312,1.02470687087096,1.08153529881483,1.15023606971778,1.23465169761681,1.32787209797128,1.43719098999032,1.56030462335211,1.69867719228452,1.85582635326522,2.03881050271623,2.29281015286152,2.32398563696357,2.10401583079139,1.99113115937183,1.84258838755244,1.757831333246,1.71288420957903,1.70439642518306,1.72963920366691,1.77963010831758,1.83757099476144,1.90693677775455,1.96779047706976,2.00258675740472,2.00164230535219,1.96743967749977,1.91621619671329,1.86403182648778,1.82208242738317,1.8044018452547,1.78793632068466,1.79605829092325,1.81811401162661,1.84959338267256,1.88132966384324,1.90718127786502,1.92071986093239,1.91824037236747,1.90028643517277
0.37256167227001,0.441563933697898,0.520275021819246,0.62439307612974,0.735863235193968,0.878178280199809,1.04702463382271,1.26875563403901,1.54229324184685,1.85247253307448,2.02432471765449,1.83016612024936,1.55561505492853,1.34578923906512,1.19722171932212,1.09652578705172,1.02631191177796,0.987302424197967,0.970057862111503,0.97086718231962,0.986994041679883,1.02182040678812,1.06395077753559,1.11725441105249,1.18128853401421,1.26072216442358,1.34810347286506,1.45246803952839,1.57295625319856,1.7176046542337,1.89913576245474,2.16787764573052,2.45377744906692,2.17814215972828,2.08545396336282,2.00757778448735,1.98244799708967,1.86856225471897,1.85799416245959,1.88210178707227,1.91881518505663,1.94312580486672,1.95715129566848,1.94914514522975,1.9197694542504,1.87803038480575,1.83291047065309,1.79160241808373,1.76067441669939,1.74137533930768,1.73382747231808,1.74078662328329,1.75959139213202,1.78831912934204,1.82108458345968,1.85413427073998,1.88336159303706,1.90148080478142,1.90618395373151,1.89662920944569,1.87472363765692
0.0642507765369915,0.114626703962222,0.194306545204134,0.259040200427551,0.334651768628088,0.425116893907939,0.535834202649468,0.68576057373245,0.866188779439275,1.11255709424309,1.45120347739149,1.90731280456429,2.18031732379802,1.71834543611994,1.36833548944386,1.14890218880178,1.00499110471333,0.9161195372704,0.862904301541452,0.836158302550915,0.829672899398139,0.839111903189586,0.861384013515142,0.894262656432698,0.936143538374675,0.991069500802832,1.04855817093498,1.11274965841739,1.18338349550381,1.26421486317079,1.34844581310011,1.44214745690532,1.54075205960098,1.64898140420529,1.76504025771811,1.89211777354664,2.04550289262359,2.27355007757553,2.30340133145296,2.0747531156956,1.99514957165247,1.87082587878062,1.7979509258842,1.75354049278675,1.73813654508568,1.75644199355824,1.81689646709921,1.90333328336983,1.95331403331783,2.03197924258251,2.08204011359481,2.07740573744032,2.02178818793757,1.94548608431231,1.8719059945289,1.82134146398857,1.75975979218999,1.72763309317509,1.71439171296885,1.71618950157048,1.73073864318905
0.696764016843721,0.806136933597141,0.943976111224506,1.10558952629048,1.29749451148828,1.52642839724317,1.75626595429187,1.88207404579394,1.79675985765579,1.60550266580431,1.42731659604918,1.29011981287241,1.19179195181982,1.13212326648792,1.10649896036686,1.11580651514037,1.1638671179016,1.26168210515559,1.42112498819178,1.6701658284637,2.04977464337874,2.45198207575466,2.23809488459322,2.28800600406465,1.86896087898156,1.70600976699687,1.51910238756338,1.4567801173337,1.44234568782644,1.45725133959113,1.49621161648972,1.54889023274497,1.62716099285564,1.70157413063552,1.76016909095558,1.83097723766404,1.89084703368454,1.93339047016952,1.94838045341822,1.93960281412912,1.91224316756913,1.879383898528,1.8537034293236,1.84091063854196,1.84763595192545,1.87188880869541,1.90908213059884,1.94666692762998,1.97951602923015,1.97464226037855,1.94893531936364,1.90474808048745,1.85271628108487,1.78951176013551,1.73007712019679,1.67693654701667,1.62829599790601,1.58850061327039,1.55738984229084,1.53880551902978,1.53589160636844
0.521716641187509,0.618396355507048,0.718383565805422,0.835956347611997,0.985103180209001,1.16181542802263,1.37595609467511,1.61905804569093,1.8430942014857,1.8989451267397,1.74094357173904,1.53622211431705,1.36819732805228,1.24033772941664,1.15005398068605,1.08810581602281,1.04961771938562,1.02654870347781,1.0285023450792,1.0405117489266,1.06488009154062,1.10007401187547,1.1448583289744,1.20197321268182,1.26420868664894,1.33438783890686,1.41669357295611,1.51036393547404,1.62609479312598,1.81161205027176,2.3234817026129,2.06529603047813,2.18801410080099,2.28576281000365,2.06828757757025,1.96691703732606,1.90909085248294,1.87102098664554,1.83500765398049,1.80412665363655,1.76927804541036,1.74516764439296,1.72868514692725,1.72477572359393,1.73264849770984,1.75187786852285,1.78189716114052,1.81617525529069,1.85062619272194,1.88032837938494,1.89712676546248,1.90502600043088,1.8848107835047,1.85250273615087,1.81269748303114,1.77002140177036,1.72615892441259,1.68217353392048,1.64454231458135,1.61144003669122,1.57229686547576
0.728215945661642,0.824478746660235,0.945696905217518,1.08449334461224,1.24605570237833,1.43486937750818,1.6357827701786,1.80382955937991,1.84812454197753,1.74533067964377,1.5880783726372,1.44134752434086,1.32439892866269,1.23830841584192,1.17447177653354,1.13574195456491,1.11621455944469,1.11387871261166,1.12725754880786,1.15540555466522,1.20244628304324,1.26091529998543,1.33993185953201,1.43837623140992,1.57710461468492,1.7844966421169,2.16898777338565,2.36471389400585,2.13853209302603,2.23462799652299,2.18209739080987,2.05643963558871,1.9982286850555,1.99604596739833,1.98378983128095,1.97305985795744,1.94904287137281,1.91469263445134,1.87670879986475,1.84201406747812,1.81637410956008,1.80578983925108,1.81179022155764,1.83546911900835,1.8764925081722,1.92661733672125,1.9787617148773,2.02401823036858,2.02704958005408,2.0029021765363,1.96107010837428,1.89644340075875,1.83469883135608,1.78095420154232,1.74117618747576,1.726606736742,1.75324746636719,1.84827485184815,2.0549404599656,2.35787088992575,2.19393900440005
0.539738979987072,0.63919030351643,0.742083959547325,0.870743848111332,1.01727404321751,1.19975362376165,1.42039388246428,1.66776448717459,1.87285145089239,1.88405511563835,1.70356041398934,1.50515350260883,1.34662180814793,1.22895660400901,1.14924907116639,1.09880599128427,1.0732343321716,1.06917869393424,1.08416228382273,1.11644310227296,1.16494861193807,1.23272935731161,1.3144057357032,1.41737597125809,1.54355370997887,1.70412728920424,1.93509777013098,2.34677903009116,2.23971779441807,2.15057818703156,2.07679192802638,2.00311802182808,1.99524616155103,2.00253307700824,2.02865455106571,2.03486196140586,2.0105833306154,1.96618926533598,1.91750757736946,1.87779688548033,1.85551667136246,1.85624367361377,1.87861456273953,1.91891042042455,1.96403034350377,2.00099724025778,2.01179010859931,1.99121957488861,1.94593010822939,1.87729767226144,1.80918189174867,1.7443178967281,1.68824511980098,1.63992791950536,1.60560776002902,1.58800635770568,1.5949811272453,1.64075808037131,1.75382687923358,1.96868309828185,2.29008865114487
0.604127720090575,0.689467431700947,0.788005035599355,0.913011735260318,1.0594594285573,1.23499993564671,1.4474709392803,1.68606325621909,1.88314535445805,1.89100989819534,1.71359173189222,1.51199628432251,1.35046157806531,1.2284050763532,1.14350293383966,1.08686930804551,1.05414238676879,1.04194927582688,1.04777461697428,1.06979878159638,1.10679074894685,1.15806405790137,1.22740233833112,1.30883313331634,1.41073308145244,1.53457396888737,1.6927703193374,1.91032228374377,2.23979667388343,2.3431811622059,2.15349298752445,2.1128142266145,2.04795777393896,1.96363909393136,1.8989803112692,1.8678479719717,1.87035362173664,1.90789234550355,1.92902393559313,1.9602719912412,1.97780725229307,1.97265321939446,1.94629542700126,1.90518918539776,1.85785619195092,1.8117540199924,1.77227387016109,1.74462838395835,1.72808131338566,1.72707204441783,1.74022571758374,1.77025417429955,1.80502189498654,1.85034169302964,1.89404291268654,1.93403768801312,1.96051195280384,1.96707759355474,1.95124413608382,1.92106735881281,1.88894711855753
0.234652959521184,0.2961176223813,0.365255464884787,0.444925999101266,0.538759717382917,0.663777303921064,0.804694945711563,0.98935092538995,1.22484442471972,1.53741152199408,1.91473087747468,2.09684514659582,1.76983249673852,1.46193275306447,1.25350846209766,1.1210926101789,1.03494324813948,0.991247458935323,0.977385761236243,0.987908868433165,1.02434296124409,1.07466354852377,1.14209942381628,1.23035048589655,1.33279968236322,1.45763504591909,1.60510681564835,1.771440431165,1.95571106874221,2.13047497484751,2.28875651929912,2.34681399973518,2.12085438662595,1.85793399873642,1.76688332706857,1.6881721667402,1.6739557382621,1.69869421119718,1.75345058071623,1.82348386951375,1.89963222050164,1.96475129001758,2.00052528724911,1.99833199136705,1.9644538265155,1.91935276798507,1.88223647499894,1.86146455988474,1.8619075784091,1.87899140088295,1.90417351850172,1.92684765076829,1.93672995353619,1.9276520772249,1.89958445707662,1.85620685614008,1.80578963498345,1.75101001661658,1.69848699971543,1.654943500867,1.61423814078959
0.620940662288648,0.727246500535854,0.851705596038933,1.00866752584874,1.19304547879262,1.41210260348031,1.64649449910019,1.82689316828483,1.81840555940825,1.65295246879077,1.47068400612147,1.32266738224115,1.21200618901356,1.13786362757748,1.09409318340058,1.07885022080872,1.09206293151799,1.13581013238662,1.21497964284117,1.34278287926637,1.53389038767916,1.81251478773348,2.20665703351084,2.53811369841985,2.00960546821737,1.72582647925311,1.60227124712629,1.52110594105896,1.51356022334397,1.54120163664933,1.59367790119066,1.65934874808456,1.72949630637417,1.80000029727192,1.86052396046202,1.90141117928482,1.9182118738183,1.91158137506701,1.88832259638061,1.86069735993263,1.84033472890489,1.8316264173478,1.83953404267589,1.86047553838775,1.88906415011516,1.91362647511709,1.92550585803241,1.91847964013365,1.89221705389486,1.85003668053825,1.80052556726358,1.74761994103069,1.69358116503984,1.64311167062994,1.5941701943039,1.55089564815405,1.5118985583364,1.48178751700666,1.44569080110362,1.42127039949058,1.38961280534977
0.707270514358016,0.800970925143758,0.91891361826232,1.05455995689278,1.21392440929461,1.39989922503933,1.61126960252367,1.79851858068357,1.86590747087371,1.76054512886961,1.5868515772011,1.42857960476585,1.30146698292866,1.20497415071943,1.13803719093721,1.09396513066534,1.06959469943757,1.06236363228351,1.07025460747292,1.09171055000278,1.12557901411523,1.17110214667096,1.2319716632049,1.30157871903091,1.38789836298259,1.4921382157307,1.62590377695982,1.82388593471716,2.19264136947505,2.37998181981095,2.10635756637538,2.16808521148492,2.20388225441637,2.13954491616741,2.07436849098239,2.03350703870854,2.00032049503175,1.95993780846549,1.91734055468457,1.87210594093393,1.83110108843066,1.79838280215085,1.77428073062296,1.76441136435047,1.76918714431873,1.78942898744132,1.82582915694765,1.87222225633113,1.92539140914171,1.97430344940911,2.00609951271511,2.02185451037023,1.98744823277468,1.94145555151362,1.88864940450822,1.83640318616189,1.79640706489699,1.78696621344561,1.83671816517501,2.01960558640864,2.40661375570448
0.465359967371446,0.547733755725665,0.655942194619148,0.770839043240296,0.916444405416686,1.09132901414489,1.30502923311076,1.56376541437256,1.83371047475394,1.94750842408205,1.78096836423326,1.54530667602204,1.35874783081899,1.22135262104494,1.12753632656608,1.0666419956206,1.02923530242283,1.01912083831734,1.03422504732969,1.0644823491003,1.11332777772639,1.18098374966952,1.27297607136636,1.3879740635537,1.53183975570592,1.71468994109473,1.95027921235113,2.27408373965013,2.38322615064666,2.13719487183978,2.04350227493048,1.80794809837599,1.72516950826109,1.73453997926685,1.7082046067803,1.74629950154735,1.79732629652509,1.85278867955417,1.89901977793338,1.92817617734897,1.93467294789301,1.91931106770219,1.88809510460848,1.85175740017691,1.82031862840307,1.79778908681316,1.79021756458549,1.79736153818379,1.81748642073908,1.84621299491016,1.87809468290639,1.90203421417828,1.91322071104921,1.90736538381449,1.88480939907897,1.84834724298658,1.80516839817573,1.75721833347022,1.71120970739733,1.6655137560533,1.62600176820834
0.366647297481765,0.442578597013808,0.529692213551282,0.643780862137939,0.767562039933409,0.92510788918243,1.11758380812629,1.35751154586979,1.65522170218365,1.94570257481574,1.96380715462499,1.7011548923724,1.46155595555145,1.29289348710424,1.18244920003525,1.12143536046829,1.09952454425739,1.1117564293872,1.15517478844406,1.22854225751748,1.33651977561159,1.47735652452892,1.65657690020375,1.87156682340463,2.10038784870832,2.37234119046692,2.34310461640483,2.0157688879622,1.7929147539393,1.69788081977823,1.66058332943529,1.68305066686611,1.74392070686721,1.8302142659847,1.92620129787308,2.00950419261232,2.05125311134547,2.03962325389706,1.99495762734511,1.95343792250567,1.93622067706492,1.94646477621683,1.97039670023504,1.98774688778108,1.98073611788832,1.94300214792148,1.8844353576804,1.8152510031209,1.74273859486122,1.67111895362453,1.60707325619898,1.54845619045446,1.49450316055458,1.44754907472942,1.40364649973642,1.36568751193545,1.33030631742576,1.30205639187077,1.27792371731286,1.25903157831116,1.24601939995545
0.289423513682752,0.346655604901149,0.410583022257443,0.483930727179877,0.570184241342733,0.687512844774324,0.81791439999875,0.990905771665174,1.21203788976745,1.50563495469542,1.87592868372613,2.11396788922834,1.82049603348092,1.49421908461967,1.27131059930166,1.12714059922468,1.02958695678619,0.973559817121342,0.945338568455354,0.938634199298862,0.948917441966939,0.978080176589981,1.01397794026139,1.05945965339334,1.11318812944931,1.17809735783653,1.24641783416332,1.32081803618699,1.40443111380058,1.49301705779149,1.58488628772006,1.6843401440884,1.79134901315417,1.92023068033684,2.13177886511771,2.39798240846155,2.16364964718415,2.01901549070656,1.96328030669389,1.94170268309366,1.96116146573638,2.02434124311235,2.11066441773091,2.15382224616276,2.12229734168125,2.035703032909,1.94151277921299,1.86697024748626,1.8161913395852,1.78958834288548,1.78689511713055,1.80383008323622,1.84962426577432,1.87327865277647,1.91210521299349,1.94289373218024,1.95855061259776,1.95475179590997,1.93200998673882,1.8941420703926,1.84742259151974
0.577478494380805,0.663062751559037,0.762076258632072,0.8872144436978,1.02869741463131,1.21153233524829,1.42437318169408,1.67216012205855,1.88727319448763,1.9091403312453,1.72501149405697,1.51587599816715,1.34969072367357,1.22493338409421,1.13856001264613,1.08119263060189,1.04825205508256,1.0362529070008,1.04262258902318,1.06551177936805,1.10367010827531,1.15638718349491,1.22730916159555,1.31048303500493,1.41381518255007,1.53805172166892,1.69318304832368,1.89579994727572,2.18667773060166,2.39245726963716,2.1733902611438,2.10123042370821,2.03140425309926,1.9416459048455,1.86879252295657,1.82470819037867,1.82395867162424,1.82588801899695,1.86571844458685,1.90556150052291,1.94715197556444,1.97636832587625,1.98290078767083,1.96530633383172,1.92840491971837,1.88082450439885,1.83095713546959,1.7850956271209,1.74908220345595,1.72253541982192,1.71021677161689,1.71136764057864,1.7255481183588,1.75203459052397,1.78989217856977,1.83307426230304,1.88455892529428,1.91892319328718,1.94517884209788,1.95459746606339,1.94481684057304
0.462287948828789,0.543966928787285,0.650912956067895,0.76406334618129,0.907165801511505,1.07892822390286,1.28940944513455,1.54703426700179,1.82599914900782,1.9680712540791,1.81230716912144,1.57096424160888,1.37609506311585,1.23596434993269,1.1422498696582,1.08310866969116,1.05226136747328,1.04495044402967,1.05758385200713,1.08744277316155,1.13248639353411,1.19489722563347,1.26739083756682,1.35537980998413,1.45373077536848,1.5698006386952,1.69757429216551,1.83569161580609,1.98558720043105,2.17615474685142,2.46875583027308,2.20744802365807,2.06330656541517,2.05747050566879,2.05905122810014,2.03093074112819,1.97677686959439,1.91841580602877,1.87231800733013,1.84725308581113,1.84265209052356,1.8546584425222,1.87562431981956,1.89569940225659,1.90528703923789,1.89808836982525,1.87310638663549,1.83303625357322,1.78979617801168,1.73284657270555,1.67847116970495,1.62542780354771,1.57687342384098,1.53153185655883,1.48791611666562,1.4503504520708,1.42191734927803,1.40063541666583,1.35867438402354,1.32713618640584,1.29975598067318
0.361491670690463,0.43300095396694,0.514825512823227,0.622410638768791,0.738582252749681,0.886540188524167,1.06263873737476,1.29333776340999,1.57654408107231,1.8861149779231,2.00743506637746,1.77954757253383,1.51471071974814,1.31913724367482,1.18122330678257,1.08995620377529,1.02887243547206,0.999093450637314,0.991611006505458,1.00762335207324,1.03600375602938,1.07927445557071,1.13640694188317,1.21079369540619,1.29611323278305,1.39952145894331,1.5198096207871,1.65978023266445,1.8241013187184,2.01617880624863,2.27577292891626,2.36475016918019,2.10125424976286,1.94995470323202,1.85513651843063,1.82272887132449,1.83437340762989,1.87352797947301,1.91922499184952,1.9556159914086,1.96603758150116,1.95083824652381,1.91531379430871,1.87307838887695,1.83643393178901,1.81046944784312,1.80102555632507,1.80722508716772,1.82635764722815,1.85309815616379,1.88090994073972,1.89959733024333,1.90536047471959,1.89465891490308,1.86867991703699,1.83133663916553,1.78612335343015,1.73928182241965,1.69079612236026,1.64592535903648,1.60467962321185
0.623685073035357,0.723543857902118,0.83981286397836,0.986238926953559,1.15766686246565,1.36242621200029,1.58987805113823,1.7945103712768,1.85830388836132,1.73207842146618,1.54904772407134,1.38726790875748,1.26310765847777,1.17550432874457,1.11650685752942,1.08237501051175,1.07017046557743,1.07779451527806,1.10393675898852,1.14812415129042,1.21097293829016,1.29904857140085,1.41426513760358,1.5731255286438,1.82464664521452,2.33580459613376,2.22504325568449,2.26487844974198,2.04543383201048,1.9175486805834,1.90023013636173,1.92311522262745,1.94780212233257,1.9540113323801,1.93683718739393,1.90516653300178,1.87089195003451,1.84614287295358,1.83644396551743,1.8436292721243,1.86998119254096,1.90482580540458,1.93825659626392,1.95858564808685,1.95377671857235,1.92266763444986,1.87440309885768,1.81543679258451,1.75470413887335,1.70956786129623,1.64208701913646,1.59365386688276,1.55268664233166,1.51742341365345,1.49341605421959,1.48081813993091,1.48898651093159,1.51079454546812,1.57240100465655,1.69033520663493,1.90337909173322
0.722003645636675,0.832280176510826,0.971808193840015,1.13502153755867,1.33173453503011,1.55449763387303,1.77054963451003,1.86516811779922,1.75855165408734,1.57019982697813,1.40167280538191,1.27059981799018,1.17638913443502,1.11846949004495,1.09215755990997,1.09758459151667,1.13738932060425,1.21769416613448,1.35470696176859,1.57123731056743,1.91611836091239,2.36057902602808,2.30999118688233,2.31688916991258,1.87182156765998,1.67411437766446,1.54611358229987,1.50290684671748,1.50299158124546,1.5341228076756,1.60724642113595,1.73711319847662,1.71861426423513,1.7870723009266,1.85270162506758,1.90292721099036,1.93078591889835,1.93298462224604,1.91281263705462,1.88196880869283,1.85368338689728,1.83504386997495,1.83454811336254,1.85239535281809,1.88511323938816,1.92545253380575,1.95867839341228,1.97423490419613,1.96203862843932,1.92607422539536,1.87456059043719,1.81524013469016,1.7579815743057,1.70045842551973,1.64738469002158,1.60340537059298,1.56684297480189,1.53899944967131,1.52233502726682,1.52193167300669,1.54948794202882
0.290600684051179,0.350754843406842,0.418326705485338,0.496166081544062,0.599600196709897,0.712101328721451,0.850442071089385,1.03318605699486,1.26894788414802,1.57111447578016,1.93003733054734,2.07983424056343,1.77003554335763,1.47218320576468,1.26478533681247,1.12902364760945,1.04033071644794,0.983209182567164,0.957426408196062,0.953407304507654,0.967235318288913,1.00145472072476,1.04422300498405,1.0989834024005,1.16500154303097,1.24674453588877,1.33625300929987,1.44198732307074,1.56134439804677,1.69825807288407,1.85222972114039,2.04044283142117,2.31986520145422,2.32354072739909,2.10935062463251,2.01655145216202,1.87548890706853,1.80848139349797,1.79128250648241,1.80923172640797,1.85504664824585,1.91264953220172,1.96459130957111,1.99650858649361,1.99430879367787,1.96263997040471,1.91481036996183,1.86533298498321,1.82588236034508,1.79984248884518,1.79207099852899,1.80466802880587,1.82214665370318,1.84916735850971,1.87899036110975,1.90430259335077,1.9165805092552,1.91325143714696,1.89333576716052,1.86236338227148,1.82577782480396
0.734677159940942,0.852847992781138,1.00088414995473,1.17236535896861,1.37354666787015,1.58776723243934,1.76290704281536,1.79597633387684,1.67559273232838,1.50837221528005,1.3631297544224,1.24935621641013,1.17004716478778,1.11938559229228,1.09562858875821,1.0982818380469,1.12875480336849,1.19146070458345,1.29975744991384,1.47313109154264,1.76881953893518,2.30267435492215,2.45826726687237,2.01662883109857,1.74076106285191,1.66672164382425,1.68617602040823,1.751215723891,1.83202243564933,1.90729655617072,1.95755512853865,1.96971728196359,1.94883037699317,1.91512669827378,1.8888435337756,1.88384172380841,1.90089541182263,1.93213252227031,1.96312655374796,1.97407609823432,1.95585274104221,1.90984260834957,1.84881074882365,1.78060845078184,1.71286031984013,1.6488499161473,1.59229546321036,1.53969618770652,1.4959069197927,1.45887304455777,1.42804580796002,1.40500418532735,1.3905199141833,1.38628348704596,1.39509923198508,1.42177573799445,1.47517901690559,1.56984228768039,1.70485806013026,1.9189725853485,2.21056541464715
0.561714042236469,0.67678730080732,0.799078121478525,0.952780763181424,1.13493178669236,1.35143467235445,1.60121139662437,1.81780622858223,1.85612535454096,1.69346857056503,1.49648062547165,1.33512991287019,1.21411784330299,1.13132585695268,1.07919354749534,1.0505763830186,1.05536468034197,1.08162328277823,1.13457423221441,1.21750056267109,1.34117276414085,1.51444788348648,1.75053901372688,2.06548799672991,2.43504811656038,2.25544495331155,1.89116764318211,1.71628739450971,1.5889533661863,1.53265794103165,1.53243073415336,1.56157098522891,1.61126994782262,1.66996701577372,1.73471286021201,1.79574448969101,1.84959229242603,1.8866636302558,1.90382797509507,1.90058651478515,1.88010396345965,1.85256499628223,1.82348142700642,1.80217060978186,1.7918779824792,1.79362589052431,1.80906162207989,1.83485439005469,1.8736502747715,1.88340700980559,1.89087352199836,1.8831578030587,1.85966232825878,1.82393102102039,1.77942104827168,1.73311143720711,1.68653288469242,1.64006793249752,1.59855995543001,1.56401660889155,1.53239929508294
0.456359394715038,0.540005216486008,0.64994989116434,0.767845733675021,0.917690799533491,1.09887814523568,1.32148830292416,1.59073547792461,1.86221693824081,1.93855741717585,1.73902938590405,1.50320085775348,1.3209967353846,1.18792750398885,1.09656363260067,1.03249424071722,0.997562384489547,0.983600630464246,0.987682182945871,1.01252216706527,1.04788428545517,1.09732086932378,1.16076210329112,1.24317156512491,1.33892932560436,1.45836592733712,1.60543027111941,1.78612215142495,2.01726224255523,2.34980766483036,2.32237679191385,2.10334304938359,1.92192088780585,1.81887239368292,1.76894759716077,1.7724177084533,1.80190544896648,1.84005430719082,1.8777205316947,1.9019645146148,1.90841288491694,1.8954361496186,1.86960910330443,1.83540976489753,1.80071123966283,1.77262500240949,1.75232209664998,1.74528066005435,1.75131631325599,1.78216308637801,1.79476862312057,1.82413667832496,1.85393619926272,1.87753855797869,1.89100547182731,1.88923751167948,1.8734322577481,1.84520195313972,1.81082688066746,1.77364268635147,1.73931753929158
0.538859735783054,0.639305292574283,0.743150932202402,0.874318217082317,1.02465971624037,1.2195616394074,1.45251357179723,1.71825619625092,1.92853205738179,1.88756061552126,1.6647941113828,1.45400762743637,1.29454577234329,1.18048071200879,1.10674758637357,1.0646688232628,1.05017680776923,1.06057662191727,1.0943125874309,1.15083960217826,1.23415081893023,1.34036405782172,1.47961255965958,1.65952767050562,1.89527492525663,2.20489297462183,2.32522065156447,2.21767384687332,2.10344655844385,1.94301819332917,1.79872547581316,1.6994071294872,1.64559614188405,1.58924426135291,1.57990373143754,1.59753283875744,1.63273898958415,1.68683137521182,1.76091225398536,1.91279785931677,1.99153888560609,1.93964776108003,1.9697549437053,1.97608139657084,1.9547774889021,1.915148935234,1.86890761028189,1.82625310677455,1.79571680860323,1.78069159717797,1.7808028251411,1.79649214228278,1.82647754858317,1.86583391023258,1.90508428424147,1.94123365547822,1.95136665338239,1.9462124867254,1.9220708180751,1.88360151527612,1.83587922412082
0.71801881467006,0.825734544131344,0.961227783762005,1.11864210555006,1.30311268702928,1.51578474693952,1.72590194994854,1.83997516757159,1.77479393745358,1.60863152587259,1.44122992042194,1.30585122113867,1.20282839289395,1.13153201781014,1.0856488736352,1.06260503467959,1.06077218728758,1.07957957904635,1.11973566612014,1.18379257748772,1.2814139551141,1.42212458785943,1.63988768792592,2.02090024694945,2.40898921764475,2.26874030464301,2.22475990847468,1.91783499738809,1.78167771146883,1.725360225466,1.73269122197149,1.77134143777153,1.81755868999757,1.85896590106141,1.88607758225262,1.89401370556967,1.88344514088119,1.85889880607374,1.82953837368265,1.80476717777133,1.78798739035833,1.78639353146158,1.80010234440643,1.82914304431776,1.86632219320584,1.90473492798943,1.93556349391953,1.94689072911498,1.93604236370425,1.90316000682094,1.85569476078687,1.80363398152902,1.7493359454614,1.70032306835299,1.6740921911425,1.61488759472878,1.58007393770541,1.55611965358001,1.5445424859087,1.55137645671412,1.59252247153579
0.465217111285201,0.543806744383764,0.647159088538837,0.75587618877447,0.893480459213743,1.05320852250473,1.26006601028621,1.50809306495675,1.7841640142022,1.96540380709431,1.85703624934762,1.61572381879401,1.41126582819483,1.26118636228547,1.15833836416831,1.09072635914156,1.05222184141013,1.0383267587084,1.04586064498206,1.07267809998338,1.11751116813501,1.17992183006262,1.26439936226704,1.36584700422559,1.49465846709414,1.65701631115423,1.86704164150473,2.17370216866481,2.41021766085129,2.19614927958821,2.07357753478471,1.93276621868744,1.83296314126825,1.81637493638459,1.83172372144005,1.80686241724903,1.84923202486662,1.89950744862622,1.94327799924742,1.96542594553477,1.96031931992212,1.93385327578386,1.89372502206615,1.85233586668854,1.81853575182156,1.79937276198029,1.79510057243206,1.80845265456578,1.83660995053252,1.8717710516786,1.90698949952232,1.93286176100187,1.94175816270686,1.93062091533196,1.90101485296974,1.87382492539851,1.81882021739962,1.75865016307172,1.70662771102244,1.66082585226718,1.62566772535168
0.223670899110024,0.284787501810638,0.353790652460734,0.433597437372746,0.527881405301434,0.653422633732257,0.795247119836305,0.980528337043181,1.21602600063047,1.52444992418676,1.90098702490388,2.09663892384214,1.78673285257604,1.47683219614443,1.26322328501366,1.12405539779653,1.02962346677282,0.976091048287885,0.95101785541377,0.949020305157382,0.966287487144747,1.00483071759836,1.05402976995043,1.11689485620731,1.19276143539189,1.28549368187064,1.3883318791742,1.50866798719423,1.64442501720558,1.7998333440474,1.97817130083338,2.19367880754699,2.35483503704868,2.17519834303457,2.02504943239832,1.97239444638818,1.80103155474215,1.70787933591662,1.64311355374157,1.60185918358854,1.58187734337936,1.58347186908299,1.60518899881718,1.64725835461307,1.70338339548967,1.77405745981669,1.8522880154202,1.92823721508128,1.99012150477981,2.02225032789062,2.01641354452713,1.97661833328106,1.91850289081986,1.85776795425199,1.80444450804909,1.76481191265642,1.73833006412706,1.72841009828699,1.73280873923676,1.74982846431037,1.77683861260097
0.806678258094304,0.924475730001873,1.05859220729479,1.21381176261376,1.39089282495929,1.5829923991741,1.74714710146974,1.80488766412771,1.72149474928458,1.57232616614751,1.42930101091992,1.31038235407037,1.21812536509709,1.15347022876752,1.11086193823164,1.08804492275848,1.08321202888878,1.09509414201005,1.12303821327127,1.16724245829647,1.23281480117228,1.31918781929714,1.44716242505593,1.66679334419367,2.16341056724755,2.15064377285119,2.11480987846571,2.41024328742706,2.03480279844955,1.93288873563442,1.92601036372362,1.93301156631058,1.92632601517658,1.90765320109464,1.88030592561257,1.85499524265463,1.84197935010282,1.8462029138953,1.87058027589869,1.91419885116999,1.96654443335468,2.01127763927617,2.02816505627692,2.00782748984849,1.95566239837512,1.88840308961549,1.82118936924263,1.755116718264,1.70245877350736,1.66179830343864,1.63827445507377,1.63297360999946,1.65639374725664,1.72016833261772,1.83225530426601,2.00331615367813,2.20834943922806,2.27456150538732,2.07457884442958,1.87200545597081,1.72490349540604
0.708945943372246,0.815151125046433,0.948728286458419,1.10435048227993,1.2879639378807,1.50291591365415,1.72354208324872,1.85889071437665,1.80278293672607,1.62918540250161,1.45578444608164,1.31855318120132,1.21813866659518,1.15453188806496,1.12194094591351,1.11912061455172,1.14662029573622,1.20750929184885,1.31236338438478,1.47264683617807,1.72037020006905,2.11839120874393,2.47175101425966,2.27202438528938,1.93386791646356,1.75795648234178,1.70866723720937,1.7363118066045,1.80566208161328,1.89559198791857,1.98108901618315,2.03902786239203,2.05041309224372,2.02191311432989,1.98135214643716,1.95930233640534,1.96612655708678,1.99788064041877,2.03552886741404,2.04863076029961,2.01911234012015,1.95456972485643,1.8739195555154,1.79156823854766,1.71286903909057,1.64575267253719,1.58572892726622,1.53482333128041,1.49764781839469,1.46536547724146,1.44659657195962,1.44162270186579,1.45282847952728,1.48698155403703,1.54965048938941,1.65094164122773,1.80632961742888,2.01751217899588,2.25359665593536,2.27122157557405,2.01854699086828
0.483247286677335,0.57639289060803,0.672621750125165,0.786445223922009,0.932642369475763,1.10956778994177,1.33210879537734,1.60273434393838,1.88988904665698,1.98930883831167,1.77596776056879,1.52291319135849,1.32991170996876,1.19473198224471,1.1075506104855,1.05727289028446,1.03869062311146,1.0484771333011,1.0848072854831,1.14712591664159,1.24019854936394,1.36277362122918,1.52019773846329,1.72421769150485,1.9836117089418,2.30206174507794,2.37383299550946,2.19105833352859,1.97650709850384,2.02086142031375,1.6703163484104,1.56151912527453,1.49770809527434,1.45948489679973,1.44772370128949,1.45543824431399,1.47951504444847,1.52063532228675,1.57777432394145,1.76446449697076,1.69750700551222,1.76637823307639,1.95962640101117,1.88425255005462,1.92353331862165,1.94578402043334,1.94361433449451,1.92137266668844,1.88410703626,1.84192824685609,1.80139392873452,1.76947120191041,1.74752954184797,1.73980454137543,1.74513364896054,1.76245504133539,1.78928130337982,1.82177025380224,1.85617128751983,1.88457208885306,1.90275582111582
0.521204757932881,0.613593378838278,0.707955841056178,0.818617562733194,0.959538947150375,1.12700661157948,1.32923922418429,1.57388920085724,1.8220736091767,1.940308562348,1.8068843456754,1.58815891177249,1.40186362754064,1.26264735016626,1.16558096920262,1.10002826656019,1.06051147003011,1.04274449163272,1.04345100103753,1.06013341622031,1.09090884455175,1.1344142975482,1.18977620655248,1.26115314211439,1.341223474587,1.43919926673913,1.55697353925363,1.71273999984571,1.96641785696756,2.50090297962096,2.13611527750334,2.18724347164569,2.18577462199261,2.09788052410841,2.04309507642914,2.02082390168137,2.00191219591454,1.97261763907358,1.93170929927135,1.88740121791874,1.84548952791812,1.8134574580454,1.79262933273748,1.78855095539654,1.80038193771317,1.82649431341697,1.86405864597242,1.90297989457099,1.93661856022979,1.95295949389708,1.94809839289702,1.92140984433554,1.87688242488683,1.82728856378942,1.77221137526431,1.71952095291365,1.67400300683666,1.63621706655933,1.60802742131938,1.60168943885696,1.62763628714387
0.606363260359062,0.704844874233227,0.820167601415679,0.966167957199128,1.138724531025,1.34393821913285,1.58318955872682,1.80033519624932,1.86632388170167,1.72492359693831,1.52720218996083,1.36050993105497,1.23229030631476,1.14116783060257,1.07874518686891,1.03688388549692,1.01958846188184,1.02064091326601,1.04318790655114,1.07748741810915,1.12751950031881,1.19382026470462,1.2828241084077,1.3931696943304,1.53160089255084,1.70978177451793,1.94384455621524,2.25603789719829,2.54749952237981,2.11048740870205,1.89072479126008,1.78730684516378,1.76346282702649,1.78618240172654,1.81478883299483,1.85322644998146,1.8850854659977,1.90017732537207,1.89626332088756,1.87821352317992,1.84935029931685,1.81883855105194,1.79035584441545,1.77086822070016,1.76086578254385,1.76424814189517,1.77884705515031,1.80313484006763,1.83011432883901,1.85569099642996,1.87070427442207,1.87369079532861,1.86215146768442,1.83762700532059,1.80363797876839,1.76412658661589,1.72121116869136,1.68042415937032,1.64328333481077,1.61946648797355,1.72818400361658
0.618804926415464,0.728719639947322,0.865892767493253,1.02262468896559,1.22277334449848,1.45720080559208,1.71235734561122,1.88756744646634,1.82851637982592,1.62314780544949,1.43043412330069,1.28489883210605,1.18447952561451,1.12916155717691,1.11603414114694,1.14895970669333,1.23625989165671,1.39669858768366,1.65607083851288,2.04047508466987,2.34831309653143,2.32992297517721,2.04682745111398,1.69039988980952,1.49062195859573,1.37480008387131,1.31081182076264,1.27702603741701,1.27115693103158,1.28401686334213,1.3156334729058,1.35604093697557,1.4066605739825,1.46915809305983,1.53860708590705,1.61096131518195,1.68816153748446,1.76427170810679,1.8343006876208,1.88951537021206,1.92354643269549,1.93206250114764,1.91776798925614,1.88942502890826,1.86029163325277,1.84203606579978,1.83872781759365,1.85461482282277,1.88660315012444,1.92593464628711,1.9561874847784,1.97230263272614,1.96485741480605,1.93423342247356,1.88706835801442,1.8306364203968,1.77572759307623,1.71512182853042,1.66218655257575,1.6127493302127,1.57150970465706
0.831077896121802,0.96048567202217,1.1088703542024,1.28020205473069,1.47510262133932,1.66758522923472,1.78535007696408,1.75771207437889,1.62191754941596,1.46902666115142,1.33856299986233,1.23616599525154,1.16465187747444,1.11879889136133,1.09753974151389,1.10105515695182,1.13161888990253,1.19516665159104,1.30873685635298,1.50146263162975,1.85807142910266,2.43119936902132,2.09866195439236,2.45478738767296,1.98205500711776,1.7595675857654,1.72544266914358,1.73875088703273,1.80025085133136,1.87377964369647,1.9375745857028,1.97360604629246,1.97602745179286,1.95151885975357,1.92011567405516,1.9019654534025,1.90777955522719,1.94020047637913,1.99105914191022,2.03735759657657,2.05111882408369,2.01998575477021,1.95400553020549,1.874840619563,1.80262535299013,1.72490031261486,1.66304062697383,1.61304254142436,1.58121078512001,1.55696541185641,1.55288953049704,1.57148649341775,1.61906849332633,1.70786498211456,1.84190804927233,2.02181006608838,2.21641237451565,2.2502556482491,2.05947620354452,1.86378260110624,1.7211022224055
0.564953767466363,0.672531880430887,0.784991372150294,0.926209646127199,1.09285240436233,1.29185599205392,1.52601878537501,1.76318447079888,1.88472075751609,1.78377180367175,1.58546713676674,1.40645121667824,1.2691316515805,1.17192012023541,1.10604251612657,1.06732431112018,1.05276471100877,1.06056439097344,1.09007822986608,1.14190337019066,1.21816141600196,1.3278926137083,1.47490123750617,1.67577518724754,1.95249193229983,2.3494166822128,2.36550289201787,2.0641363466503,2.10003662735903,1.73748994099409,1.68254243907015,1.66901967314838,1.70427103775119,1.75834129705703,1.81509767898292,1.86724663796808,1.90272418083936,1.91708803555818,1.910089798494,1.88653802913303,1.85664944224536,1.83083214204199,1.81332092835455,1.81062425689387,1.82197207261728,1.84457390996957,1.87243419045529,1.89869248904161,1.91285478091174,1.91339199136277,1.89179094129837,1.85354005913541,1.80780121054537,1.75932039339479,1.7089654158448,1.66198190263481,1.61932723236242,1.60226163027614,1.54540254330086,1.54153559600327,1.48088588794567
0.374613862396363,0.449431209576985,0.535636680999737,0.649962698901783,0.774641818328074,0.935592947459787,1.13485824643228,1.39003394805094,1.70417975317496,1.99041075187662,1.92491176167163,1.62748640969481,1.38741427848775,1.22095278216967,1.11327932328038,1.04926344872829,1.017120135567,1.02387624039804,1.05444423969777,1.11139375403421,1.19461817893136,1.310390727738,1.45731183059574,1.64298888333632,1.87044467838652,2.14001769035717,2.42859921303397,2.2678962620752,2.0074545447,1.78299211283044,1.64816752465127,1.54022868537582,1.48339730892978,1.4575052357098,1.45791480160247,1.48631766814959,1.64240557352256,1.59839703286072,1.65141526793453,1.78972056118177,1.75616038667583,1.81948443279353,1.88215225934643,1.92921274837757,1.95345611272155,1.9512711142215,1.92560284161736,1.88738815980578,1.84937963284655,1.82018653135832,1.79588476808979,1.78974101382713,1.80019930567946,1.82299108215757,1.85414958439865,1.88439612071585,1.90709578087803,1.91574727539537,1.90730295058229,1.88335187859852,1.85243927909767
0.422504978359708,0.507335229326989,0.617383281676204,0.735734947648009,0.88450565346771,1.05880778077771,1.28235755905936,1.54805530468027,1.82626462616923,1.94932680437702,1.77795436105877,1.54131296248125,1.35586040191597,1.22251851142918,1.13568864999939,1.08533461416056,1.06693136342006,1.07790760594511,1.1174149603324,1.18628056315245,1.29107452651663,1.43365998388013,1.62273710353395,1.87020229044413,2.16406838713183,2.47135127485291,2.2144042546115,1.90270281792855,1.69464439520961,1.58797083627856,1.54845452983995,1.53808334961407,1.56450270107313,1.61509313709506,1.67850158545663,1.75158385063581,1.82460939849725,1.8869681134571,1.93111715283466,1.94686872367633,1.935126111648,1.90802035578774,1.87728878569015,1.85552263521299,1.85060555927493,1.86209721032929,1.8853923786958,1.91157683080497,1.93004089691001,1.93549144914178,1.9124639051335,1.87587553197071,1.82698053453899,1.77381473581779,1.71822830407335,1.66592748133764,1.6185237852614,1.60602937593016,1.53096282224172,1.49692913367488,1.46874263183218
0.33634594996285,0.39389611415335,0.457748884933739,0.53031451399648,0.627704341569101,0.730166635345479,0.862290672231095,1.01942793579366,1.23065019963518,1.50127958117735,1.84328930858053,2.12680146386858,1.93608461169576,1.60607687698691,1.37371180055189,1.21992664848142,1.12015091377203,1.06336419454457,1.03640504503428,1.03237798154193,1.04627447061629,1.07441755349969,1.11407408840616,1.16834469072969,1.22637636455388,1.29502202792293,1.3663253831408,1.44558629951167,1.52797603056669,1.61179082909213,1.69264172186845,1.77092184671478,1.84150327218309,1.90796766200744,2.03172664222488,2.52871920051629,2.06777655467848,2.03628874194078,2.123966520706,2.39166828238999,2.24444172576394,2.02689804502163,1.92442090370846,1.88645639647662,1.88705337142691,1.91401779508073,1.94966663819725,1.98250398636287,1.99680571890215,1.98581261619824,1.94935611956431,1.89713241201016,1.83449202833296,1.77082273166892,1.71022258185205,1.66791229717023,1.60545370111979,1.55682602215821,1.52003058828481,1.49258428366535,1.47566609857862
0.777124994287516,0.902257116132896,1.0467252351547,1.21611021756021,1.41130843826878,1.62425535175667,1.7891426956614,1.80545984838171,1.67659858747503,1.50928905549133,1.36113463176349,1.24614822968252,1.16486178520662,1.11106368305358,1.0830264302215,1.08028054438539,1.10425484653534,1.15925112871171,1.25792852171055,1.417366648798,1.68375909210726,2.15492217819419,2.33312038632475,2.36915238050884,1.93119817134015,1.68594021973998,1.6116539368739,1.59370738183539,1.61718479175445,1.6703563480041,1.73621296177808,1.80223075287963,1.85762713095337,1.89684064839602,1.91173443960105,1.90332494518799,1.87976466384713,1.85279311385839,1.82937593928651,1.81956011853136,1.8258953128151,1.848321853241,1.88209844607512,1.91935184569583,1.94567779004485,1.95156858430962,1.93297458411898,1.8941309282516,1.84975764421906,1.78624630401556,1.72682165743492,1.67408076241758,1.62477930597442,1.58388864331132,1.5489965744487,1.522094833593,1.50428422383619,1.49821261260044,1.51026979978436,1.54683052289332,1.63076017287525
0.668001962234165,0.766131029046549,0.888470330461007,1.02499065099701,1.19865462906402,1.39681210721466,1.62286873231937,1.82037938770119,1.87182508044464,1.7399600074484,1.55377158579465,1.3926814837441,1.27094713049944,1.18778265302248,1.13554339598097,1.11123882425979,1.11287123464837,1.13968365515939,1.19242447789278,1.27737952696238,1.3953605183968,1.56802965284274,1.81959452164118,2.2272142902546,2.35598271856209,2.22473513999171,1.98793703127169,1.84833366696609,1.81469617278785,1.84861904048982,1.91462368566322,1.98466766937417,2.03295036287876,2.04119630352646,2.01338131202212,1.97103497443257,1.94084206362891,1.93300123798892,1.95315695989014,1.99291865129164,2.0318048540429,2.04524538860182,2.02026220664981,1.9604680971168,1.88594540145613,1.81181878054681,1.74215751777141,1.66984133615244,1.6153695350336,1.56788993534724,1.5272294838968,1.50773061548254,1.49581053395904,1.49746034450443,1.52801674075604,1.59158333322334,1.70143888793064,1.87082308938408,2.10483299649155,2.32462617197639,2.17925019502284
0.0644269842754547,0.111819005933079,0.187608967238201,0.247177986086275,0.316097609386275,0.39797370985287,0.497770622616252,0.633554176582701,0.796402419450782,1.01995833182304,1.33041767832462,1.77074417034547,2.23227308641723,1.82144371178833,1.40615477846021,1.15933187539593,1.00289765074778,0.909236323633388,0.855540970032915,0.830786100545784,0.827682225236002,0.841264813808348,0.868100102521911,0.905804118375967,0.958209112666884,1.014106971548,1.0776601067436,1.1485639079071,1.23136325093014,1.31826729791888,1.41704609417481,1.52470597657306,1.64228264564228,1.77019293086617,1.90967696378611,2.06178837065335,2.26216751524109,2.36509757404432,2.07537894048192,1.95026685399869,1.88667153068733,1.8128683240722,1.83003734978171,1.86410884682528,1.9437966815489,1.98626552522116,2.05308537295718,2.08087399591373,2.05380817094814,1.99124299515305,1.922524806966,1.87152174031533,1.84499217114186,1.81474421322504,1.81857047344575,1.83820407957944,1.86592533581201,1.89348477106279,1.91283755456667,1.91787923194111,1.90617825135215
-0.0783451375271469,-0.0357998472643623,0.0101661077397749,0.0614281618002046,0.120359036040615,0.214076609832614,0.300245245796887,0.407980172380339,0.546453878051168,0.740678770278385,1.00190056650216,1.38247889600573,1.94808708109052,2.16577637573226,1.51497669438333,1.16758992180989,0.958664409557068,0.830382413494635,0.750599369636946,0.704009392274314,0.681097692554835,0.675613150773668,0.683294878598789,0.701162136012516,0.727089328409943,0.759540007892342,0.797395754111447,0.839844142360556,0.886304412329626,0.93637738151911,0.995473770676423,1.05279453284783,1.11342294725663,1.17743037350772,1.24886722416506,1.32076070001418,1.39662436496158,1.47975058534635,1.56647510212503,1.65567133171527,1.75067836020947,1.85216965006414,1.97827861014541,2.23709925403002,2.32927806648526,2.26379699746815,1.98146913691314,1.93306303594282,2.03356959700834,1.97485451902124,2.04205904289892,2.12250793406579,2.14067602030897,2.07199215529443,1.968359206498,1.87169016531847,1.79690758279452,1.81955355672538,1.69626825618828,1.66604838631485,1.68109861405408
0.307886289030805,0.367726031300295,0.434918918859692,0.512334305748623,0.615751104269335,0.727954449998586,0.866163053978099,1.04948740238578,1.28645262941875,1.58949341583085,1.94414826007694,2.06619608214893,1.75195776902201,1.45976306930407,1.25579880929388,1.12123497989069,1.02801039708517,0.972849303013963,0.943181975909048,0.93337853925828,0.939306264451096,0.957877801759804,0.992467884395334,1.03062067244348,1.07603055204708,1.12760789423967,1.188817779893,1.25114206999213,1.3176200894115,1.39153161062899,1.46582314886093,1.54647806562603,1.63073251693644,1.72197519216382,1.83613593400974,2.07235388119884,2.49244684016252,2.05796657340844,2.0458103670917,2.20335894783881,2.21095418937904,2.19677408563535,2.08285305015233,1.96939225913915,1.88167437836975,1.81634974725787,1.7668017951234,1.73481840338727,1.72004757179558,1.71986562248863,1.73276595399315,1.75649663386969,1.78818707369314,1.83146030295854,1.85707980938588,1.88310438846906,1.89977586168936,1.90141207387604,1.88902173235392,1.86372845881033,1.83273569257818
0.367719059353545,0.435397332687604,0.512272119610158,0.614599659545947,0.723066473811905,0.862217902560066,1.0269136528262,1.2457170296001,1.51979968825249,1.84797771831904,2.06607530884171,1.86576910754072,1.56658748664898,1.34424317176941,1.1896905544205,1.08703031288085,1.01756362802325,0.981576641773377,0.969197570832861,0.976484491237785,1.00552892872604,1.04497663726014,1.09775867385248,1.16284196132298,1.24411007014089,1.33354801530795,1.43882480731127,1.55692790731495,1.69166635663764,1.84399274723927,2.02234197036047,2.23450152159225,2.32626274272551,2.17321753413595,2.04231322244859,1.9295268861796,1.82969995238973,1.74037462408674,1.66950688463171,1.61866044138591,1.58683322168826,1.57831135431771,1.57650238718012,1.5980802140279,1.63956990969164,1.6977831816546,1.76210051058478,1.83938738160547,1.91863187692309,1.99259590420986,2.04051753815027,2.03762488535476,2.00469441124064,1.94963842142043,1.88199924742122,1.81759184798989,1.76169903889924,1.71672791697128,1.68531732844759,1.66613946123298,1.6575752397957
0.47979264667199,0.554945872805104,0.654194466119519,0.756498985332572,0.88626954789387,1.03559828289906,1.23165801894086,1.471106517405,1.75540811953167,1.996159494988,1.93872813965766,1.67671939695847,1.45223740962544,1.29417519799724,1.19069014678207,1.13436136370077,1.11480764337089,1.12667795798934,1.16627796962115,1.23489310987077,1.32590295936962,1.44583107968159,1.59349704345861,1.77093705714374,1.96584248822342,2.14284820082044,2.34541414243446,2.23072121496695,1.95764900245368,1.86409709841188,1.87415104312022,1.95235801908631,2.06061630797696,2.14587539731814,2.15093112770195,2.08971852049688,2.02967938363171,2.00724712241492,2.01952975212866,2.04061943439842,2.04121735505109,2.00603257448476,1.93913068622501,1.85973137438263,1.77823419851365,1.70055183263676,1.62898198830839,1.56417694732014,1.50553973445503,1.4553021763415,1.41106313447709,1.36991429639388,1.33731403350575,1.31048197334498,1.29002566583824,1.27650201517484,1.27168983519943,1.27819517562029,1.30028808686923,1.34519131938657,1.4279707101886
0.27948401538028,0.335994715546122,0.398923182382799,0.470897433026142,0.555268884716656,0.669673821940372,0.796375709713942,0.963792319216095,1.17716335415967,1.46047038348728,1.82389351022737,2.11783809471945,1.88005485715832,1.53444097772284,1.29949261209035,1.1413460963279,1.03895696803157,0.970798295748166,0.934993015929721,0.920620122769091,0.922852646954677,0.938134792447201,0.969583606784639,1.00437787505759,1.04608713204227,1.09346086041469,1.14983851610411,1.20645355264504,1.26617069664226,1.33194079755233,1.39632197740522,1.46440206375783,1.52970289082889,1.59657705753961,1.65611546965357,1.71202770772788,1.757828033236,1.79570034947407,1.84367093711591,1.87210607183154,1.82465671380369,1.86199069189158,2.12187752561286,1.79061497339794,1.7406703121596,1.71724152330545,1.70681397415266,1.70803888293309,1.72052569898793,1.74527083507254,1.77623420438704,1.80419558294788,1.83783677646039,1.86516124580365,1.88321164011658,1.88962507469194,1.87859452157626,1.85714422989275,1.8264696186518,1.78900456280452,1.75152992946828
0.380244520379517,0.454931705929242,0.540703182110298,0.653871743879006,0.776560169529861,0.933763325790611,1.12669260195919,1.36843985411786,1.67025681952992,1.96313738525427,1.9648372591738,1.68913554985181,1.44586277113084,1.27174939733479,1.16011624804937,1.09301669196659,1.06251161516582,1.06318627951911,1.0915587240819,1.14568845693679,1.22833667317909,1.33483440227561,1.47317461333238,1.6460337770856,1.85334036954576,2.09044693645213,2.33675301202902,2.36367426416196,2.00725282027089,1.85401152859275,1.70793697139722,1.66239666589465,1.86506693305443,1.69196448207682,1.72469979275952,1.79274523820538,1.87239350868928,1.94687189173678,1.99901600167364,2.01353125418036,1.99075619551981,1.94826363712698,1.90667270152367,1.8804005339853,1.87671040649118,1.89248174726369,1.91921163976443,1.94393779962199,1.9535165521719,1.93973432903093,1.9037326771881,1.85137039727435,1.79284884774496,1.73196756646322,1.67589815060302,1.64424303200194,1.5908965221412,1.52545112344513,1.47961435125009,1.44190988377393,1.40883919955742
0.400027304374575,0.467801337069386,0.544473765985779,0.646319200928325,0.75339245444224,0.890390219919285,1.05144953479267,1.26547298182248,1.53246784592141,1.85057748138957,2.06160619421956,1.87236512772483,1.58099021519203,1.36523984993058,1.21932780041377,1.1282429591725,1.07680945497254,1.05666910503427,1.06164499261525,1.08717172773411,1.12988994531244,1.19111271231281,1.26261580479673,1.34917446588529,1.44473677438217,1.55351707316979,1.67102000916785,1.79389200411165,1.919191975297,2.05369685211745,2.34188618177295,2.23903686163642,2.05793320117815,2.06854777071091,2.17055382537665,2.23858482587841,2.16778811521623,2.05470138932313,1.97883949755388,1.95026475362468,1.95878701117559,1.98511599502877,2.00872787501239,2.00713390040976,1.9762985375201,1.91993280874169,1.850872496758,1.77853475073178,1.70866679482825,1.64286250830208,1.58315432241677,1.53929720648322,1.48269715193425,1.44175856294382,1.40765599463613,1.37934825739546,1.3577245771966,1.34708626084068,1.34930184588973,1.3702082026326,1.42408946877473
0.508497538081684,0.599715793957742,0.692674722890325,0.801408264263461,0.939689234865186,1.10445863223677,1.3051669469207,1.55297862448042,1.81841855309727,1.9715970975835,1.84189662430836,1.60444477660012,1.4069591516593,1.26336022823155,1.16688153470354,1.10566733861196,1.07333579006413,1.06481257171503,1.07609159291499,1.10396912738746,1.14583545434076,1.20336507660875,1.26807343463539,1.34577073871623,1.42577310257367,1.51211215077649,1.60147239391889,1.68863729908305,1.76812965728533,1.83324041344774,1.89666164166447,2.25604425943434,2.06176822054472,2.14761198299113,1.88855094850222,1.83195180235694,1.81134307911784,1.81064909485169,1.82710086339012,1.85377078212608,1.88351780453153,1.90420895757679,1.90888515147295,1.89381611683496,1.85954426854432,1.81390571783652,1.7600408604008,1.70527571968276,1.65016887464689,1.60157328393653,1.54776884742117,1.50253413636381,1.46113250799678,1.42143014671837,1.38772297097322,1.35937731288372,1.33358062573669,1.30700610753245,1.28691166207701,1.27128532463208,1.26084880794842
0.549110381994439,0.648514421655452,0.750780947015188,0.87903200432378,1.02519000272199,1.2132713030564,1.43423880965333,1.69168477497107,1.9083665871211,1.902795308397,1.69826366988369,1.4864054663811,1.32499328473312,1.20917595542537,1.13429282519616,1.09081844200699,1.07363795168636,1.07869851511594,1.10278755862742,1.143340650011,1.19831438267593,1.27092028679389,1.370945763595,1.44553683579127,1.54579197716929,1.65399790233733,1.76560582887153,1.87952745841137,2.01445195708663,2.64022393362186,2.30001475854189,2.25865721774621,2.04820327787597,1.93877960818409,1.87686597180187,1.85230105877663,1.85219313693144,1.87180314745292,1.89631520799787,1.91486272025915,1.91736773042146,1.89928899255716,1.86144668490026,1.81217491318845,1.75513972896861,1.6960466605042,1.63978620401561,1.58428132002147,1.53425035840401,1.48779826549087,1.44298788789767,1.4042474991219,1.36907215073109,1.33750735747188,1.31098158458045,1.28941621933645,1.26241260879439,1.2400003876977,1.22485930066383,1.21390896747332,1.20802778741366
0.481803253306963,0.562431720867508,0.66878997562709,0.780761205336103,0.922814592936693,1.09287113396874,1.30025926173905,1.55192114049316,1.81948237256276,1.95266015308997,1.8111939408097,1.58078288644523,1.38940468230519,1.24959143393764,1.15487154529615,1.09425980763906,1.06225107565503,1.05483900319589,1.06925715955121,1.1037595261181,1.15752469295654,1.23414234883387,1.32916621642797,1.4515909751965,1.60545827846365,1.80763246000099,2.09779546549586,2.42818664673428,2.21707690356671,2.14800755028761,1.97656828939478,1.86241063656066,1.80956928547841,1.81382849475076,1.81794181452475,1.86348929808869,1.91986460533896,1.96738921643295,1.99279571733077,1.98871952715425,1.95832635533348,1.91539934223057,1.87345305447361,1.84259069890195,1.83014267136104,1.83705708759863,1.86170474862075,1.89833086773215,1.93857091173903,1.96816799286504,1.97691300447209,1.9602563190162,1.92025824344423,1.86782862979115,1.80864678043496,1.74953684927764,1.6958672862859,1.64679706088844,1.61048965840416,1.58473782006486,1.57278004370928
0.260494607411736,0.322320320530412,0.391859821305988,0.471995505889259,0.566403023550982,0.693001425912656,0.83530920764806,1.02291961863564,1.26264551219956,1.5814788182083,1.95725719092538,2.07955577606859,1.73834419601051,1.44398279212895,1.24721213440452,1.12526700083724,1.05355335429234,1.01612943189267,1.01813020515715,1.04125956934916,1.08631306837207,1.15112371077347,1.23864592427871,1.34200964030462,1.46861789437956,1.61792813304806,1.78471971676565,1.96480042568069,2.13288080771727,2.33864988340913,2.27609718841059,1.99234250991308,1.82935294982519,1.7317434025635,1.69046050206481,1.69373972521944,1.72952594699862,1.79624019880659,1.87943944343245,1.96382383857165,2.02765706388252,2.04766509110745,2.02064924090369,1.97030585672547,1.92422433177365,1.89879330434741,1.89930319902123,1.91951181550156,1.95694747458166,1.96318552907611,1.96070986045593,1.93482971202894,1.88851342333608,1.83203533056867,1.77006554919788,1.70955598492236,1.65055973212578,1.59694794766104,1.54566768337362,1.50086203810548,1.46208596584324
0.412031196808361,0.480786499001548,0.55868612360149,0.66247392936755,0.771501439265323,0.911279838727416,1.0809543118894,1.29330463761916,1.56579910268474,1.87811578406973,2.05324837891711,1.84435935520356,1.56206285965537,1.35322563247637,1.21062361670004,1.12008419457377,1.067159300416,1.04372143495096,1.04366749670141,1.06237261523862,1.09629450162881,1.14268041112091,1.20377590400627,1.27006880222247,1.34706228492239,1.42708693457225,1.51551269277293,1.6283506079581,1.68883124935106,1.76350304434995,1.82709469046273,1.87359456226935,1.94479656392775,2.08360134631714,1.93306725986567,2.52915274674626,1.92279215322813,1.85153578418106,1.84675951563993,1.85966482151002,1.89021682474849,1.92730758528835,1.95479217163061,1.96211510857515,1.94391040826289,1.90209010685538,1.84592152385936,1.78341290599721,1.72190093887977,1.66279991475432,1.60606819105866,1.55360829481691,1.5057447662331,1.46564843508505,1.43140982064579,1.40244860808025,1.37744474880351,1.36393655333613,1.36184497303015,1.37953139823755,1.42222873243924
0.272773160652584,0.330683929614708,0.395363644273052,0.46955452201501,0.556782108212864,0.674841147536397,0.806803240098007,0.981875911502354,1.2069057214826,1.51064048521845,1.89291147561038,2.13209539828167,1.804555380193,1.47352919735922,1.25282436882877,1.11259983051544,1.0199097192985,0.969293494100817,0.946854945202906,0.946190102185152,0.962718699294671,0.998785431535401,1.04155828480253,1.09429707450317,1.15577959619883,1.22998767017576,1.3078316749491,1.39667014231475,1.49233939602825,1.59497478986505,1.70427310821568,1.81999226934718,1.9465188325176,2.12693955587661,2.50063280019175,2.1346458912513,2.02987206553966,1.9960403534511,2.01833782430604,2.07740889285016,2.13780981116689,2.10076791149664,2.03266005619055,1.95296773966557,1.88820676063018,1.84614780439369,1.82954440929437,1.83431326721561,1.85492732351049,1.88445436392641,1.91518637793423,1.9245036838633,1.92041635624396,1.89918461627303,1.86276310654701,1.81542937382979,1.76469368449362,1.71175280886546,1.66177915295114,1.61731321211387,1.5758255530219
0.308681467593845,0.371358702472301,0.442135795113303,0.524127911904126,0.633668029409457,0.753958065990829,0.910707937880499,1.10801421539056,1.36422638151868,1.70231232482589,2.0480183464176,1.98536003284936,1.63223102580959,1.37026841135521,1.19422610254648,1.08017665759976,1.00467457142182,0.965194720193684,0.950029402186516,0.953955994242622,0.978291297779361,1.0106069325992,1.05338129853044,1.10501315479442,1.16831931386842,1.23520348863116,1.30818718774104,1.39051818132171,1.47756024500712,1.5671245947744,1.66386374646627,1.771882060678,1.89600729416192,2.00253176556095,2.36449186698828,2.15294682789919,2.09028570060743,2.19367177622245,2.19617215274529,2.13408260909632,2.02530572667859,1.93120566006231,1.86396971772295,1.8220856336563,1.80456298580784,1.80565887925835,1.8249153963503,1.85201934811716,1.88065107757463,1.90270033492898,1.91154284008617,1.90307695822201,1.87850397024079,1.84144318814743,1.79556025385017,1.74733252990662,1.69724777760364,1.64976428379479,1.60311910120106,1.56186732103698,1.52536436178646
0.714803642325378,0.828775853596203,0.971760449463111,1.1385185529329,1.3372529289427,1.5580140618009,1.76017464909886,1.83615344614869,1.72744372646332,1.55188273801915,1.39141660082578,1.26786882967118,1.18249345386692,1.12887533441914,1.10542297668616,1.11220472670297,1.15182210697641,1.23078422539492,1.36655161524711,1.58553297461835,1.9437776017481,2.52534540908044,2.36370949546115,1.98771550164195,1.72654300430356,1.61961228918136,1.62273771745358,1.67490153803291,1.75173812821892,1.83727369542626,1.91548576590968,1.96807433052945,1.98424826904837,1.96684188948217,1.93267428602558,1.90348282773038,1.89294168069261,1.90629579778611,1.93694912251799,1.96748949636158,1.98071594683185,1.96460000510996,1.92034631869788,1.85745090231736,1.78783381051248,1.71855833375375,1.65499876335409,1.59562976929618,1.54435179570658,1.49775748465883,1.45975328050442,1.42904494434561,1.40612207425539,1.39218099473369,1.38929819175171,1.40107089776637,1.43340321523023,1.50213147858922,1.60692679041521,1.78604372793435,2.05717620603828
0.516645656505506,0.608149172260017,0.701498392179412,0.810878313878539,0.949899189711084,1.11486944272726,1.31395362951386,1.55260094250663,1.80199860367584,1.93688575757302,1.8208085053845,1.60443630823851,1.41553936397197,1.27301026830382,1.17253546647877,1.10339235794445,1.05994220533314,1.03769912197985,1.03316305648543,1.0435739785557,1.06672089910457,1.10080691014741,1.14435526347409,1.20005739870332,1.25998612478096,1.32664743812537,1.4033798288438,1.48702689429307,1.57967764818991,1.6999153077157,1.92254564605128,2.57812307001525,2.01516760206835,2.08863891156405,2.30835290931452,2.24639548462849,2.04196245992119,1.94616943617167,1.88320666963461,1.84714880203065,1.79532549202357,1.76478723252188,1.74499039397023,1.73945613704783,1.74712325236962,1.76910054470592,1.800587786828,1.83891783944475,1.87958065317687,1.91231044671174,1.93269405456265,1.93817077846489,1.94763503878885,1.87835841921383,1.8317114486694,1.7821181867757,1.73535843717301,1.69314767853892,1.65549006474264,1.6310233418909,1.6304251072915
0.586468738521193,0.676472001688415,0.780978525437882,0.912727999268157,1.06791742119989,1.25429148415713,1.47863658222812,1.72402355092403,1.90142225747195,1.85879266110847,1.66311403478216,1.46986397598002,1.32006132994929,1.21118796550438,1.14006281213062,1.09858987460255,1.08289509925291,1.09022457393754,1.1188382181688,1.16796614247299,1.24117803210581,1.33462212385217,1.45758584967267,1.61537018049909,1.82716270559715,2.14410513619428,2.42534867799037,2.23950622274254,2.07361634900393,1.94338569119003,1.87837261981058,1.86577236356459,1.90376485700283,1.96163953086263,2.01530754641291,2.04223291594058,2.03382820784807,1.99584688133629,1.95029944257801,1.91305895212498,1.89513288856258,1.90284331722715,1.93428198538358,1.97885916673341,2.01951712141923,2.03914313816288,2.02193569272389,1.97432423373499,1.90537697018565,1.83283312593603,1.76294104531319,1.69983025972912,1.64944944089028,1.60420993078257,1.57637450311176,1.56806459193538,1.5878313275701,1.64195011333346,1.7709497542615,1.99759929159254,2.31483956533682
0.69325471593964,0.798733259851037,0.931422371630964,1.08636865926909,1.26981376710422,1.48556928581549,1.70979436444955,1.85355000455496,1.80421697047177,1.63024495730794,1.45378371306217,1.31260968351838,1.20721683367171,1.13704283449329,1.09572440390442,1.0812816134722,1.09313870391284,1.13239106213588,1.20231982673715,1.31356362279058,1.47637859142188,1.72328702677434,2.102591545329,2.35998915592317,2.20987189136354,2.25349283074327,1.99628552994274,1.79883414459016,1.68585959729321,1.64100062253211,1.64216179796235,1.67481768787572,1.7544792463193,1.79376761079652,1.8527824147856,1.90668279922847,1.94462386228534,1.95552172498299,1.94341274318682,1.91352939136804,1.87860049552513,1.84945246416718,1.83561778516936,1.84027328397282,1.8640086605538,1.90249334631262,1.94762861799742,1.98416123308542,1.99711821368754,1.98198018420383,1.93598687394383,1.87824290660751,1.8148583237352,1.75373617341555,1.70181980106432,1.66413138276826,1.62493798574166,1.61361793263461,1.63773678070061,1.72920931151347,1.95177448612661
0.656053507290069,0.749024531457889,0.864814406045294,0.993665079060623,1.15351866814143,1.34601452662146,1.56448412991718,1.78084527564506,1.88961654660168,1.80050097803541,1.61527892726668,1.44116318802354,1.30357027759037,1.19971132420358,1.12766814406795,1.08020569033459,1.05392548668671,1.04622862246413,1.05523149473028,1.07968897622072,1.11899309542967,1.17328652659857,1.24791076842052,1.33906438414039,1.4610500324183,1.63077017974809,1.8977197890847,2.38590158460174,2.20056046955039,2.1998958872857,2.20262355772759,2.03413919599681,1.94602681763155,1.86978956111358,1.86468027852333,1.87994619769927,1.89756591010774,1.89818561063996,1.88727641577445,1.86563801399154,1.83508456033278,1.80217356224173,1.77334745214789,1.75012390411687,1.73831937548663,1.73856217657736,1.75163543671611,1.77670935774505,1.81106628600014,1.85155498099466,1.88922118017058,1.92632872535336,1.93036933857493,1.92312274503378,1.89908514920755,1.86281424532042,1.81923232977764,1.77554424176839,1.72986027735569,1.69227173248499,1.66379231318546
0.539592186293162,0.636227988876503,0.735419013310593,0.851735443345948,0.999526738718727,1.17393255480436,1.38463460156312,1.62231729742294,1.84039973635195,1.89685892765909,1.74589603147639,1.54521198014399,1.37882211455007,1.25147281709234,1.16150061165061,1.09975404259555,1.06145838140364,1.04276653897651,1.04061723187296,1.05253671699438,1.07648116533615,1.11072117635452,1.15375607184305,1.20821190001952,1.2658236999149,1.32875545812558,1.3996833295922,1.47191347536899,1.55401522018717,1.64892989986995,1.84764512973562,2.28460518130404,1.88444058275049,2.12503676706552,2.21953625129504,1.91652319229518,1.84781011037687,1.81096539752524,1.78016316298501,1.75437146548286,1.73956224995717,1.72662434292575,1.72765981293488,1.74065234988483,1.76517693578423,1.799095681688,1.83986402375019,1.87825908567435,1.90959732353191,1.92414817311021,1.91933281370777,1.89622925284474,1.86334821369231,1.81335813769786,1.76602743146222,1.72115936695741,1.72308950844952,1.64941922152579,1.61775182469943,1.61272043265176,1.65356296340077
0.569807527267551,0.672297074332649,0.777999061211442,0.910377019785943,1.06010659643377,1.24988835506096,1.46540064953631,1.69939181470386,1.86442769220776,1.83374754053142,1.65822120700295,1.47540659317753,1.32839504418907,1.21736665262751,1.14013874863261,1.08886979815747,1.05947851582882,1.04867975047803,1.0538394440998,1.07281165145501,1.10381354460715,1.14533729251974,1.19609260092362,1.25948083059446,1.32678363538826,1.40486519322618,1.49201174194205,1.59871702732722,1.77613941376231,2.52217036211295,1.94266468133892,2.21790579749786,2.22999643933344,1.97262300238456,1.89143287174217,1.8530511627769,1.8217488284515,1.79257766821993,1.76888723017076,1.75638172681376,1.75582490711568,1.76862034375885,1.79420274800919,1.83098963243158,1.87056633203328,1.90730562713091,1.9298912064948,1.93259795586135,1.91390748115415,1.87777738812754,1.82974412009562,1.77835352014919,1.7257041508723,1.67781275523384,1.6385662507705,1.59719557089521,1.56902344255445,1.55372849977096,1.55786472797491,1.59820761026804,1.70736325869462
0.339305968835027,0.406766057996934,0.483783874302998,0.585248933853334,0.694906117913337,0.828702286149656,1.00377926747758,1.22338936523036,1.50933528173124,1.84545270041871,2.0530609701322,1.8285871894184,1.52884591506085,1.31277296069596,1.16226877408806,1.06229690804079,0.994398212744299,0.958173611817872,0.94395647903637,0.947762482545954,0.966696124404112,1.00427622528848,1.04872894141148,1.10405312243564,1.17382979258102,1.25111689887871,1.34294369308497,1.44485857636367,1.56671021639747,1.70340739053329,1.86172315724018,2.04450800833313,2.28314969032853,2.40278699658729,2.10700443106746,2.08408304967134,1.87027877935893,1.82673163259611,1.83260584691662,1.86604883281822,1.90841718178299,1.94641607714563,1.96634474775037,1.96169976565885,1.93377011610675,1.89398724274762,1.85010190147518,1.81119970429133,1.7839167635425,1.76885921205676,1.77556696813104,1.78023250448527,1.80137281875525,1.82906716445983,1.8549309702595,1.87429199225455,1.88243073011833,1.87699832609539,1.85849801197173,1.82967158580289,1.79322470231577
0.409934783892752,0.481841350069212,0.564081662275887,0.673471323978675,0.790236524127618,0.939757089092693,1.12131899978162,1.34617060665648,1.62486888208457,1.90875960278647,1.98454743258898,1.76041673870964,1.51287043484446,1.32747919067255,1.19499079187514,1.10662904656074,1.05089342150906,1.01757597334135,1.01011223201514,1.02589505546599,1.05386919306344,1.09671395253084,1.15348026789958,1.22751361974587,1.31285405910794,1.41682137585706,1.53960307804983,1.68790740916325,1.87931472195387,2.16120955748601,2.44648286334095,2.17357002414661,2.08532805968716,2.19731938336944,1.91642844180321,1.87303080252987,1.92997494541574,2.37768547762274,1.94421970472951,1.96250614972099,1.98703120548365,1.98838450264959,1.96358308411817,1.92042041654218,1.87060344238574,1.82410598306,1.78899818899416,1.76664819612857,1.76139340202364,1.77197664528755,1.8011656450649,1.8310426177985,1.8653225288099,1.8976705493471,1.91959513975102,1.92553402441363,1.91383072447147,1.88770899947567,1.85326292344524,1.80269864721299,1.75674448014219
0.413219829824786,0.485504863728334,0.580695879538912,0.680400848401391,0.800234771562365,0.956626519247943,1.14994230963797,1.39886163400111,1.71047113192266,2.00563270059553,1.96233384635153,1.6598125107698,1.40776388808068,1.23301743341588,1.11769540064968,1.04541470450462,1.00367866505762,0.994217952601244,1.01359831268254,1.05056746595763,1.10759165660821,1.18381252598336,1.28418391080022,1.40497371398219,1.54906554610727,1.72283217203307,1.93365490543928,2.1848842127184,2.35805467889937,2.23579590679663,2.08056074094524,1.92121988255082,1.78382427664231,1.67292772407519,1.58831112222883,1.52664862714782,1.4879853240254,1.46820416996025,1.46542062754288,1.47809729433591,1.50764713819161,1.54795070000463,1.60496170608442,1.71986612262919,1.73412799018576,1.80559101012335,1.8810960402046,1.96581514140316,2.25860838430035,2.0066705824383,1.98315094232607,1.94203705232079,1.88975548758762,1.83589425330749,1.78670624148562,1.74765099318218,1.71849606900254,1.70275624197041,1.69918383393546,1.70718918345873,1.72553567962693
0.241934416469365,0.30154472629728,0.368793366083925,0.446662963555009,0.538949015134214,0.663060458649821,0.803515179460401,0.988638529873183,1.22561434100118,1.54057893228988,1.91930241122638,2.08898876192811,1.75465445011202,1.44504602498034,1.23204761846937,1.09068095997954,0.991996371801415,0.931110388191567,0.89575272408687,0.880307667405214,0.880730374276617,0.894043534600262,0.918023046857238,0.950994268737227,0.997463560797028,1.04573712428888,1.10027254562227,1.16063140274082,1.23100180163295,1.30337826851808,1.38480562533416,1.4700428406691,1.5651643333651,1.66886291242274,1.78499068339634,1.9270690354837,2.14061159154238,2.45278562259851,2.15906960375507,2.04513601369661,2.02405716891031,1.98530552711843,1.92815824178253,1.96110943768096,2.21824733612313,2.01352569957506,2.03134277116458,2.02492496907005,1.99098993829866,1.93443747696705,1.86934101953442,1.80804813357039,1.75373418889937,1.710384446746,1.67744652846621,1.65573788530697,1.6414701939047,1.63936937650768,1.64662755396964,1.66208027999549,1.68434446949911
0.204104902693495,0.26169823289827,0.326091443780481,0.399975088777847,0.486795410133618,0.602198283470828,0.732598511309163,0.903465825089971,1.1230814425009,1.41502367498158,1.80468466737628,2.1396708617486,1.86461684413887,1.50271317418419,1.26580443008377,1.1181066626127,1.02325534763651,0.974185464543686,0.956414802686321,0.963264855254602,0.994947027291529,1.03934252155446,1.09867980098499,1.17169780853477,1.2620701775804,1.36226150565904,1.47945201893369,1.60992842457914,1.75397046797706,1.90303341219754,2.05548044479352,2.25619673626887,2.34894179718324,2.08950972412431,1.90625404193295,1.80682873737683,1.79819043650636,1.81335926489604,1.78282911733962,1.84121438233702,1.92477057107107,2.00717296830407,2.06089783583698,2.06283639517837,2.01707497778808,1.95521224121246,1.9041550500112,1.87681772118277,1.87649843796609,1.89893801872777,1.92364626200123,1.94796621892288,1.95683063244748,1.94375052851126,1.90990124760893,1.86075664036999,1.8043226702216,1.74955052764118,1.7015246398483,1.63755947754852,1.59020024251866
0.668176191334665,0.778424341531609,0.916918808543604,1.07980572572734,1.27408411841254,1.50428227604021,1.74477393296319,1.87972017286626,1.79388514974594,1.59677441046313,1.41462625555197,1.27574812541472,1.17783156679498,1.1208257961464,1.10118848989341,1.1214935924132,1.18825756393757,1.31746167316765,1.5302006202885,1.86383336488234,2.30663424220454,2.33289298492296,2.19419517596646,1.78553669568167,1.55029248717346,1.42708349956028,1.36114485706635,1.33631570547535,1.33862988813733,1.36119704219956,1.39939379949002,1.45347305045635,1.51733903867489,1.64179006900736,1.66170226308215,1.73212556845479,1.80258776639544,1.86614612540625,1.91211078730961,1.93559530686513,1.93480444729904,1.91352159592018,1.88440787483408,1.85596427462748,1.83939360385806,1.83759249503056,1.85384129891483,1.88403453127675,1.91757048291818,1.94584382595089,1.95075109250376,1.93492046978471,1.89869616448321,1.84801957821773,1.79292328746232,1.73720682324715,1.68284228750423,1.63406942922374,1.58923672268125,1.55539553593901,1.56922270768756
0.266100597485179,0.322501967896141,0.385404053218922,0.457499117597061,0.542231301530472,0.656975083841608,0.784904496877306,0.954109193549939,1.17072781630704,1.45952384369571,1.8312466967589,2.12310789113953,1.85755628137886,1.51137498267689,1.27906547607841,1.12369012805847,1.01959957376142,0.957769156614551,0.923992672342148,0.911703642237465,0.916202360472475,0.934063732159058,0.968224913879958,1.00658955503831,1.0526230127222,1.10526630748394,1.1678011965641,1.23228184114121,1.30166265751003,1.37917018861505,1.45826458769978,1.54470048043616,1.63567128769296,1.73338225750022,1.84789232532281,2.0318539135857,2.42344768355599,2.15564323208253,2.08689008419505,2.06236648809887,2.00876749771969,2.04708410571868,2.10914005343977,2.14144084040466,2.10501821227543,2.03954196046165,1.93220752893571,1.85520017948387,1.79648426716653,1.75662584355684,1.73658648534659,1.73356000843409,1.74617370934416,1.78451668984045,1.80169788480926,1.83729516512421,1.87069979040234,1.89808279984311,1.91237645395707,1.91208674417582,1.89650074855108
0.405119967818437,0.474341263335732,0.552940263824455,0.657209594316959,0.766855051794718,0.906177690765468,1.07345903585241,1.27920034452127,1.53429054649222,1.82444536814154,2.01777059301356,1.89210995212877,1.63836258101457,1.43229967310586,1.28449140029882,1.18109200431253,1.11618349518245,1.07868394453086,1.06322053367507,1.0656736295906,1.08284000326713,1.11218328476945,1.15612612606716,1.20488697236555,1.26076818863257,1.32639109840256,1.39339084410835,1.46692702126982,1.54179601376315,1.61422091010271,1.68754746700938,1.75445445612838,1.82444653501379,2.00247467251284,2.17020116441638,1.92897608780575,2.06182495121431,2.54433312515532,1.97980752357576,1.85324942678203,1.80322103341831,1.78959291560285,1.78789921909969,1.80788701671614,1.84166042492128,1.88489129092765,1.92753072101601,1.95835485751269,1.96920118237201,1.95589317002762,1.92117782104066,1.87123497805032,1.81567230500304,1.75771233175803,1.70862116254181,1.68894642904641,1.61833660980471,1.58443850916772,1.57115652755596,1.59265242367982,1.65640578930279
0.294431655258659,0.351710856207436,0.415472110944473,0.488195509583896,0.584831843199498,0.688047679128641,0.814071900824483,0.980322166723641,1.19100892451356,1.46986391347863,1.8267413443884,2.11956131977278,1.8962662996144,1.55475544960564,1.31866869613258,1.16275892416347,1.06431610313641,1.00126036991461,0.971921966816541,0.96489011585588,0.98036181240041,1.00484970237414,1.04030380013706,1.08464033230167,1.13624040012693,1.19870787195726,1.26215675410203,1.33322925644477,1.40437496899833,1.48037979794897,1.55638519016719,1.62875297985791,1.70025695180187,1.7715918448608,1.80941262760133,1.84782469940838,1.90617340059274,2.4068708484429,1.91247616451564,1.89611156174691,2.09465092629018,2.16750521246558,1.86604991461497,1.80591118371869,1.80186046657497,1.82391566124835,1.84769559166731,1.88694945606469,1.92700777160274,1.9549392562938,1.96343947218513,1.9492981076189,1.92310077001449,1.8671146545426,1.80838251633812,1.75021781942642,1.69635045745391,1.64481396718695,1.60512709256513,1.56080249226036,1.52616953162237
0.882561103555084,1.00856657186633,1.16059058183303,1.33576255486131,1.52019693665446,1.68284222038435,1.75774802380501,1.70966038042081,1.58674266354232,1.45353665065522,1.33976189029181,1.25229535451999,1.18580886080657,1.14421613842936,1.12318062385783,1.12207165380212,1.14135217840558,1.18358442955214,1.26052168985792,1.39207175180698,1.67083516585003,2.3975674865899,2.00496903721907,2.57481695578888,1.86078374301515,1.79585719731595,1.849494923595,1.91174840360843,1.95630641861985,1.96498014726727,1.94390160416808,1.91465814458822,1.89861907746773,1.91031459622103,1.94963923323885,1.99979655307421,2.03199541875812,2.02228521800872,1.9700322265365,1.89241372668406,1.81150207697043,1.73578322899713,1.67112120613133,1.61539164488229,1.57583115474747,1.54081524899027,1.52110137431193,1.51757251723756,1.53495400582775,1.57466979525875,1.63127509385933,1.72364383059938,1.84960556248161,2.00586658934026,2.16055565219222,2.21940109470928,2.10794361901008,1.94541155070659,1.80665752212869,1.7025468689443,1.63034609839957
0.364238935114678,0.437501051576288,0.521762445116229,0.632935488486593,0.753910134677226,0.908858135788255,1.09938979744227,1.33886424855512,1.63942612133556,1.94303412657354,1.9789283736546,1.70673892203509,1.45315976565833,1.26719814593903,1.14118138803821,1.05583347945417,0.998126816886486,0.969062767538247,0.959943913882611,0.967305453488176,0.993696837890635,1.02761080819382,1.07217620813714,1.12637381663558,1.19393420141801,1.26714711592476,1.35379965514999,1.45446066499511,1.6022162366906,1.88659658845525,1.79803745549154,1.90364522368367,2.03356139681252,2.19655301276785,2.49691786338506,2.16083343116427,2.15038676177091,1.99272846017196,2.02858544514697,2.02091423889023,2.01032323381505,1.98269249458928,1.93760313341094,1.88790118045471,1.84352158877937,1.81198825922888,1.79379226900094,1.79177307191238,1.80237624295822,1.82195349621117,1.84218171027725,1.85942785813962,1.865757641001,1.85892614788585,1.83791697274569,1.80745936249208,1.76996513282506,1.72887403229492,1.6859665916037,1.64648275750953,1.61517955920088
0.417597999994632,0.491363408390582,0.587886498834696,0.689754780656815,0.811920466037398,0.969460077893568,1.16212854446396,1.40480756029099,1.69605059921428,1.95977516377777,1.93941885748112,1.6792493905789,1.44369013897253,1.26778309915131,1.14641792846879,1.06222196266079,1.0031344268099,0.970822904325293,0.956829860562684,0.957846950586138,0.971314831774777,1.00075384669278,1.03423971798167,1.07540571660079,1.12320028189964,1.18102250736064,1.24056890606969,1.30491150623641,1.37801089012754,1.45925844892781,1.65011499053496,1.63458180685648,1.69599586693554,1.78459964461192,1.89657268635088,2.10993804242697,2.40053610199889,2.1735061876542,2.20821660368919,2.14822997020788,2.05546065129184,1.97567032272216,1.90771041660618,1.85084480029157,1.80951430848275,1.76569573151567,1.73929642842881,1.72337890322838,1.72052329121746,1.72851353775685,1.74585838939954,1.77568665622574,1.7975113978189,1.82093111250801,1.8396721341545,1.84946033299249,1.8483544558121,1.83637091432355,1.81519334411664,1.78765233462844,1.75799800038065
0.371142081325383,0.431924626951124,0.499764092546336,0.589479369199217,0.681952362011314,0.792241563078129,0.935445586497692,1.11118447641877,1.33391122045958,1.62432442909582,1.95784052990206,2.09808608440877,1.82544650486731,1.53964124264954,1.33979186835598,1.21077634087603,1.12663099553306,1.08199694071846,1.06515443222564,1.07015958132434,1.09262079457846,1.13361817077832,1.1829138685923,1.24230302476972,1.31436972002678,1.39076192894723,1.4771426260569,1.56835488415843,1.66241267400548,1.75627099054652,1.84738335782895,1.93774070124774,2.05532004280966,2.48486943984383,2.10198231127567,2.09796502770487,2.16508045774037,2.34943376877826,2.20496300370186,2.02833686247075,1.94015300724587,1.90993748721552,1.91782414439127,1.94662267179929,1.98137371107407,2.00327646785769,2.00086265386908,1.96978862965066,1.91759141723763,1.85428889847705,1.7904340346676,1.7216207081293,1.65959402754669,1.6058187397496,1.55394275704109,1.51094659387614,1.47177264469574,1.44268780611524,1.42268422628129,1.41509091952915,1.42670114272168
0.397888594068513,0.477824312200669,0.57025140855863,0.692303743389777,0.825264497012636,0.995352521428402,1.20254634790425,1.46005994503673,1.75506444814851,1.96898629891132,1.86650791194339,1.61268641340609,1.40177436217587,1.25056723660762,1.15018772288157,1.08829730075922,1.0588191749055,1.05768458020484,1.08240194332066,1.13176876397363,1.20576013620232,1.30957455521096,1.44239586859789,1.6102593184209,1.82390945296473,2.09977560043796,2.39696849084159,2.24486568466854,2.10376950196027,1.87835035188062,1.81872394385679,1.66373384626729,1.59789709191828,1.58111869113853,1.59538853947743,1.63975153862112,1.78857361725511,1.83154924219623,1.83007061154268,1.8967611548965,1.95123742353236,1.98105554158493,1.97977024662436,1.9507024535957,1.90807259385693,1.86604562560176,1.83660109992676,1.82341283300944,1.83159387365095,1.86176252557195,1.88854593256098,1.92451620535106,1.94967343816947,1.95663921456038,1.95297959482297,1.93193610987387,1.85473067377664,1.79776030401191,1.74105106126985,1.68833983247313,1.63849374324036
0.599236545488362,0.68794458753121,0.790372071231097,0.918992527864951,1.06886711114817,1.24662374142691,1.45778035365521,1.68583044966716,1.8650347598743,1.86611928888217,1.70249845008662,1.51504374246771,1.36236408283626,1.24583409664241,1.16430181284365,1.10951099574335,1.07726482320755,1.06409113047306,1.06715669401881,1.08411800316502,1.11299346373796,1.15206000747778,1.20375009072716,1.25959067670356,1.32138078884944,1.39155811617029,1.46705810141678,1.53630708019098,1.60827769820861,1.68017573321122,1.81407040055256,1.81860488580579,1.81512427845255,1.81803089723443,1.81378796660902,1.80383098303165,1.78541923411349,1.77102924351381,1.76306493070179,1.76737482516089,1.78100473649568,1.80989119456736,1.85175596892233,1.89904719037493,1.94131116592953,1.96957582132892,1.97233392880157,1.94904875425295,1.90467738536251,1.85100211908231,1.79350786680975,1.73891486143807,1.69290101917308,1.65541064792927,1.63790164570196,1.6373128351461,1.67851394121798,1.78121482444174,1.98138041508707,2.28713094912364,2.27637738011539
0.736183830281952,0.860848420196633,1.0006658499437,1.17373810393853,1.38136350002335,1.61242298781579,1.81019283201515,1.84709539980738,1.7024444215848,1.51437437855798,1.35471952433151,1.23593231882586,1.15803943431687,1.11563310144714,1.10975661901283,1.14487438051888,1.23062078240477,1.38987157005761,1.66007078339277,2.09182570033838,2.31044005100145,2.40179602410798,2.01966451451257,1.68278593256501,1.5146120784805,1.43329569538085,1.406327577364,1.41408518941347,1.44645792045119,1.49694923600341,1.56615033220949,1.64617984351017,1.71850808827335,1.79750840869976,1.86887983819187,1.92193813587161,1.94947184666737,1.94879377128828,1.92531056103972,1.89330415390412,1.86772886784188,1.85604124378218,1.86546173165351,1.89294675017568,1.93144154922821,1.96478681656763,1.98026033817295,1.96636859317415,1.92831680540286,1.86942783762845,1.80719689996055,1.74445316743789,1.69867861312546,1.63680422817706,1.58429100530902,1.54326573602211,1.50826647845295,1.48413961930437,1.47099365475655,1.47696444626066,1.50372306847408
0.487699009217326,0.559112405323963,0.653757273524196,0.749853724372455,0.871208805275148,1.00913537742517,1.18386128116233,1.40110034582571,1.6606367754796,1.92057099889913,2.00109512200427,1.80773848462589,1.57246274159958,1.39268242371605,1.26355529519414,1.1746854917241,1.12170158223508,1.09466037840221,1.08873101014802,1.10011644163389,1.12580416567584,1.16797883240491,1.21639451255149,1.27319644777993,1.34120542912514,1.4143767518039,1.48925626493121,1.56936266222331,1.65038856412527,1.72801217960893,1.80545580342282,1.91793904788229,2.53352884990124,1.97581301739774,2.05562090318418,2.52090591397545,2.01044044760266,1.88567041058521,1.83508941748081,1.81371568837399,1.8147883795491,1.83437046380904,1.86796871549454,1.91026356243088,1.94963196529417,1.97350439540382,1.97408625102697,1.94945428983772,1.90386970530403,1.84706901725523,1.78650207770238,1.72854882889483,1.67323434743667,1.62498398075846,1.58327448084813,1.54943488426358,1.52630974957473,1.52085533654871,1.54072205616988,1.6048326475597,1.74296766587843
0.488838633831832,0.586991613092725,0.689353903503395,0.810637689467823,0.966443076266236,1.15506497858357,1.39160121434374,1.67548134784581,1.94288942933942,1.95594196902986,1.71047089698548,1.47271662514876,1.2997875688753,1.18098832752184,1.11022722975915,1.0785779103338,1.08289840517891,1.12206365763516,1.19671680799181,1.31399002354254,1.47554861569892,1.69615157804022,1.98485873452979,2.32952787340657,2.36186580673346,2.15214420029814,1.93836713785469,1.69409806361343,1.714867069918,1.47165468869463,1.39693339068386,1.36040560113921,1.34635283954948,1.3502122001297,1.36906989885495,1.40093177938079,1.44792778789802,1.50563219144685,1.59782590764846,2.0081837231059,1.71856852362157,1.78337291635202,2.02668147597478,1.90151608746734,1.9369912847072,1.95681987661925,1.95140959509829,1.92489363500967,1.88720256107249,1.84572606818561,1.80835166493369,1.78283870695713,1.76942791935425,1.77186898168667,1.78777862542268,1.81421572168566,1.84748991113893,1.87903848973322,1.90308882898699,1.91433471902554,1.91462139995608
0.308454232175233,0.373752759147968,0.448030951746841,0.53458563990194,0.650073171440147,0.777633395600205,0.943336665839874,1.1508197681247,1.41940178680249,1.7528631859925,2.04239269951305,1.91302272734892,1.59425801031349,1.35327230195657,1.18629559801106,1.0740164638511,0.996100841500302,0.950929027722715,0.928086638652427,0.923017368822446,0.932335264405724,0.953477708932936,0.990207823743185,1.03038179753154,1.07787255560881,1.13176306234859,1.1959920825499,1.26173901042665,1.33593203509241,1.4123892946693,1.49830255247279,1.61800937580895,1.68117237684583,1.77191351634172,1.87416654158135,1.9962166772889,2.24199148907458,2.35335190447493,2.16029410110766,2.13996471399288,2.12593566056754,2.07219810463677,2.00626391810724,1.94080210953357,1.87539205173591,1.82487326654625,1.79020755749141,1.76956477341772,1.76549536637631,1.77522779117066,1.80417711576246,1.8241231991419,1.84378496200712,1.8625422302232,1.87184682704236,1.86880022743786,1.85326907513099,1.82725127170268,1.79257451933806,1.75517197299084,1.71674342828833
0.539378976607255,0.636019481254158,0.735260684085616,0.859399653391172,1.00086461175895,1.17806984325575,1.39486802489621,1.64527560321059,1.87213507791042,1.91521346791037,1.73597188240781,1.52245004406024,1.35324834716809,1.22797960965159,1.14278088039305,1.08784513070577,1.05792142300497,1.04884250180269,1.05730127981416,1.08062784800045,1.11661816084632,1.16339927658909,1.2235131768899,1.28811561112396,1.36242092146428,1.44277469559526,1.52156314383723,1.60526648939521,1.68984656654259,1.78612726656852,2.18605690396311,1.94551359132737,2.28963830874356,2.02585718732899,1.88881417007244,1.83855311411891,1.80609379248045,1.79362972586269,1.78159117333528,1.79010764571091,1.8119334711682,1.84287580746526,1.876111252306,1.90442868952446,1.91673689968868,1.90931959149022,1.88257800019032,1.84006242250073,1.79042240944401,1.73630618523975,1.68391144158317,1.6317414695372,1.58512713159077,1.54082687411002,1.5032486594472,1.47102848837673,1.44356273188471,1.42270155412559,1.41027175918511,1.40964619396361,1.42791106678099
0.753144708707091,0.872145711687103,1.00428167325287,1.16715544785022,1.36142646394258,1.57619985211864,1.774768598488,1.84804559105723,1.74419455177469,1.56801942199577,1.40937839609747,1.28498334534014,1.19477519864238,1.13837437594705,1.11033560748952,1.10924628681495,1.13520643785145,1.19053425346729,1.28477624219816,1.42903620291416,1.65925732116594,2.06313826741025,2.40003456608194,2.33165373280962,1.95261058938191,1.80967630298465,1.81172454208442,1.87723680590645,1.96013151391568,2.02513836321342,2.04447495165724,2.01907952712784,1.97941681364839,1.95609836101885,1.9648034341568,1.99981480348416,2.03680190495867,2.04523449876098,2.00973210117004,1.94145526190147,1.85982202915873,1.7764736769348,1.70070241304387,1.6350785669771,1.57637505396649,1.52685940719413,1.48828770950689,1.45717493265166,1.43712641576752,1.42859998043361,1.43380134834321,1.45633265084661,1.50117406311342,1.57967936213249,1.6845756013027,1.83989658518133,2.03910049778429,2.24462461004377,2.25750697153626,2.04152626858863,1.84435875506193
0.508920012308115,0.606132770189323,0.706812917936145,0.825945526936232,0.979160374156874,1.16374299246108,1.39344954320244,1.66481979629823,1.91421097690237,1.93224882742098,1.71078335054653,1.48093646194814,1.30755262901012,1.18341327393617,1.10250972854906,1.05535231662961,1.03759294538056,1.04655710670167,1.08098043530513,1.14087424225147,1.23149290562515,1.35265455715069,1.511181304895,1.72165630563866,2.00027962778854,2.34118950639841,2.35828215420233,2.1701410185926,1.92973540719543,1.84555879768512,1.62889069215639,1.57029840093031,1.52106829244945,1.48901631445133,1.49713402746992,1.52932653303276,1.59266780262737,1.70699616312788,1.69348887169292,1.89403805389084,1.81352964643565,1.85524152137446,1.89587115177761,1.91967732297889,1.92246859698438,1.90444104822497,1.87376340740586,1.83581139566713,1.79899898593896,1.77382274319707,1.75822495423245,1.74120906968754,1.74561307576309,1.76274541643147,1.7896596535164,1.82227838344324,1.85665969126787,1.88430754944398,1.90089152612845,1.90305397685389,1.8913741178415
0.410064352463143,0.480420780410334,0.560505745426603,0.667029879636222,0.779999973974636,0.924725935574177,1.10056607378131,1.31955496606841,1.59540491920976,1.89171784225595,2.01288159895425,1.79413068444482,1.53158431416643,1.33751310675386,1.2004539626798,1.1103882918067,1.054390232252,1.0253068513282,1.01777245514615,1.02769861535874,1.05191120691576,1.08789876061905,1.13362781270153,1.19170148625642,1.25312118062656,1.3235327764851,1.39875447548469,1.50094433295912,1.54645657636975,1.62103869883815,1.69173154807642,1.75415605972569,1.80336493122408,1.84143742291678,1.88963419437662,1.97105425143798,1.92585036767623,2.4442972471674,1.85185778717953,1.78295660038515,1.76078123116681,1.76089836104109,1.7753690001131,1.80085069143292,1.83764031245312,1.86471989306262,1.88819556624605,1.89791942535652,1.89041855040275,1.86633612694311,1.82941075088136,1.78343610060431,1.73634740602051,1.68409512882261,1.63612834285061,1.58910504760864,1.54936221507679,1.50821001930811,1.46976880433647,1.4377942899136,1.41005869707445
0.392657933122104,0.459807040616717,0.535814093137018,0.636477075295705,0.742123150475184,0.876230217870602,1.03257689248932,1.23669290045862,1.48689222594753,1.78219471859507,2.02337984146866,1.94543699944477,1.68069775876738,1.45740613250385,1.29950632218885,1.18989798153477,1.12169730512276,1.08282551933339,1.06748570520606,1.0713068653088,1.09096416633938,1.1239021428684,1.17273750685683,1.22763789742608,1.29122692433803,1.36669239929574,1.44863345526603,1.53441531966023,1.62827782533082,1.72715609558634,1.83475845033067,1.98040390147339,2.33016037096156,2.2116544110326,2.06161261488168,2.07216960499382,2.15027315435924,2.24042559472209,2.20729419105498,2.08675852230419,1.98009088355797,1.90623511782495,1.86513722180531,1.85392382255125,1.86718426487399,1.89877115943135,1.94078676517947,1.97861352391375,2.00131896350281,1.99587690486032,1.96521033074865,1.91698738014018,1.85314373110417,1.78965986988824,1.72900550189679,1.67627329092544,1.63507209467067,1.59238569576752,1.56843682717694,1.56761009280892,1.61147806884837
0.374006359623364,0.453135209668036,0.544609365306919,0.665493588461987,0.797998414584085,0.968808480031579,1.18000487489507,1.44907911141509,1.77317741537924,2.01878076074113,1.87684422965429,1.58601943928883,1.36347396489436,1.21227001869018,1.11908639543169,1.07094989584364,1.06218787285372,1.08983623935707,1.15307355090874,1.25678391701655,1.4012644231146,1.59506256588903,1.84459212286863,2.14881255203941,2.4502767430382,2.23422947816748,1.90234187432114,1.70947194348954,1.54285603981904,1.44384939339754,1.38389973948069,1.35206103744844,1.3431491585138,1.35355615007401,1.38155414609289,1.43202628253785,1.61775397914448,1.57394261650589,1.60833031278147,1.71779266207348,1.73872509268059,1.80999793886535,1.8747654235298,1.92587007808128,1.95246555001577,1.95102680628454,1.92816598859574,1.89199642905714,1.86115177560593,1.82758141699894,1.81041434687048,1.81200744291855,1.82873695845429,1.85605117320217,1.88666100328681,1.91271216523744,1.92404772620088,1.91690530670533,1.89093352102493,1.85294289608812,1.81371505674732
0.37796352794318,0.452320961028454,0.537952767228059,0.651310760804922,0.774783299758762,0.933568222721547,1.12926675802224,1.37516638528515,1.68096429457009,1.96759079048462,1.94074794128227,1.65974370098472,1.41529344917265,1.24192036560631,1.12428676815349,1.0427517837543,0.996746094981302,0.975932240781867,0.976138294851155,0.999240585394129,1.03432849798743,1.08448378367673,1.14921184731103,1.23327541500641,1.33002514622823,1.4491946667678,1.5924457651775,1.76010423265858,1.95243925172489,2.1659137454588,2.47783856756043,2.33783371680046,2.18076093052739,1.90038384450517,1.81935054135185,1.76254688665177,1.76510760178726,1.80593427444604,1.85658695706895,1.90579371990296,1.93893348903338,1.9492495911181,1.93475970892714,1.90455905045109,1.86643093470757,1.83090216596164,1.80622912224078,1.7948963680118,1.79870102217364,1.82385581998523,1.83743456931559,1.86296439283589,1.88414928315697,1.89425598968966,1.88952511111978,1.86986680176988,1.83819309962675,1.79757567672104,1.75478951417158,1.71272378654282,1.68209869542567
0.184791263119388,0.241765067677519,0.305561328794039,0.378843821753734,0.464972591687017,0.568321921689084,0.707304348750401,0.867918345813964,1.08145052911729,1.3621479279533,1.72545161793818,2.08601841737857,1.94337274329176,1.57586587234712,1.31911236328905,1.14682571170977,1.02895499191986,0.955002904165624,0.910064278114061,0.887299134044081,0.881829742311151,0.89007772681189,0.909358418408038,0.937620577085445,0.979010382518533,1.02153870837292,1.06932692376517,1.12156753124767,1.18179116945933,1.24178727284922,1.30458087457131,1.37317799082015,1.44107128224039,1.51657315450784,1.59599375139517,1.67986017324274,1.71783525601364,1.77949995456331,1.85581383321186,2.13607618674342,2.00647888808998,2.0325323715844,2.3107622979003,2.34103151586599,1.95563609841577,1.84409298967799,1.78203041018354,1.74397800590062,1.72564965327857,1.73253122163203,1.79798147437205,1.74577563933662,1.76601161413063,1.79464609773026,1.83303962480064,1.85846610562239,1.86073572183626,1.86338192201829,1.85484067520943,1.83559381934427,1.80687379880826
0.710546019505244,0.809320750394284,0.933361321022711,1.07675084823616,1.24562841005478,1.44553080404814,1.66077469870601,1.83668510279779,1.85410775926775,1.7110420922983,1.53266865334826,1.37856659952863,1.2611992825161,1.17954634006399,1.12587615485355,1.09664535725777,1.08886783209034,1.10019634405731,1.12888166900746,1.1737779613653,1.23823107140766,1.3166898728246,1.4188680884273,1.55399574384887,1.77517224005301,2.28848125193568,2.15195125284633,2.35712735249348,2.18436268829044,2.05531096146161,2.02559605689468,1.99727443933728,1.95995666501923,1.92103378296306,1.8936943128671,1.88862269555091,1.90710034145286,1.94551569663708,1.98914973478911,2.01778319488925,2.01560549009851,1.97927778892807,1.91826370368645,1.84747513085624,1.77481424645931,1.71025211326593,1.65104588019729,1.599867216497,1.56003387051825,1.53177277634062,1.50778524411896,1.50242117377652,1.51810723179968,1.5612791621874,1.62559205878859,1.73682101825221,1.90480590825022,2.12208801352036,2.29903595844815,2.16340778365155,1.92788506321203
0.565367223515353,0.671910372647239,0.783148023856191,0.923091811449529,1.08864823481656,1.28742750010447,1.5240572851244,1.76984853460257,1.9058803283699,1.80367729312317,1.59781655169042,1.41450692172695,1.27716333335568,1.184037538049,1.12621816247867,1.10020437767268,1.10403893511174,1.13748392938698,1.20223777846516,1.30623593000778,1.45463827726409,1.66589947016669,1.97283677873273,2.38101720836954,2.53167163945994,2.09106030916126,1.9799177615857,1.70906438378986,1.64111815657808,1.63372149873899,1.6677232093874,1.72696355416853,1.8009556437907,1.87804344492131,1.94347426543778,1.98557416272986,1.99153099775799,1.96933590701732,1.93253701831496,1.90015403825717,1.88474103505752,1.89285350552913,1.92025960307434,1.95763786457061,1.98639981622245,1.9918084935828,1.96704274202002,1.91676482521059,1.86277310363063,1.79205675938397,1.76518992607672,1.66089931650876,1.60382122808047,1.55604777669309,1.514492393922,1.48374987332116,1.46397711781308,1.46672098024265,1.48575627097927,1.51902489521087,1.62612394970821
0.742086992909838,0.853636142425723,0.976213298164886,1.12622021178131,1.30012143039062,1.49894175131375,1.69633022344419,1.81626071009929,1.78201989564243,1.63685219235337,1.47766505702936,1.34300873952393,1.23682652884342,1.1603390455132,1.10703148636156,1.07401625064091,1.05887371883571,1.05971005761175,1.07511532619298,1.1041562344483,1.14647368398903,1.20260469958928,1.27944524659835,1.37942272645964,1.52625860839173,1.8099552234024,2.54607066951731,1.99386313661004,2.20788714983348,2.29612703604921,1.95364655226842,1.87241147467576,1.86101202473995,1.86023310757599,1.85527465660479,1.83920564053885,1.81783389458725,1.79325921870918,1.77304631659056,1.75921539211152,1.75816372881445,1.77076029110238,1.79735245252561,1.83710489336623,1.8816716936833,1.92485906495234,1.95438847514586,1.96039445274708,1.94137518278004,1.90129016125451,1.8513224386269,1.79710108492433,1.74926320722011,1.70024473243916,1.66623073988032,1.64772497257412,1.65375180336237,1.70135776762644,1.82161209200003,2.05938010664319,2.38977446778402
0.418065390030953,0.494474047833574,0.593941848800925,0.699189203727446,0.824825617314401,0.985562388577013,1.1802796958166,1.4217472055798,1.70282067516145,1.93938088531577,1.90927709110885,1.67273990821213,1.45341007957186,1.28740433881794,1.17385260554064,1.09715995689088,1.05030461311419,1.02390626357983,1.02651640337749,1.04291893753624,1.07520333638309,1.12195597406153,1.18231757940741,1.25985738193968,1.34823033786978,1.455047772342,1.58044899262667,1.73236861280995,1.93629298945948,2.25598952294497,2.32081058776407,2.1302522666393,2.2478610864746,1.98454321183511,1.91766827603254,1.93740526313728,1.91170424420917,1.94114034971022,1.98214770268709,2.00975450958022,2.00959065278744,1.97955930182541,1.93166627776131,1.87950274584472,1.83363402950808,1.8006783664601,1.78563515461938,1.78842849200727,1.80808122004468,1.84117916782664,1.88516144244925,1.92278701425279,1.94834184179032,1.9572852254752,1.94132220229925,1.90719245279319,1.85940050000262,1.80763550155379,1.75485293616217,1.71527770092173,1.66815492033102
0.417402775154334,0.487453104553933,0.567475006715812,0.674587668466605,0.78850476497295,0.935164295307031,1.11392485726968,1.33682039666635,1.61660317371833,1.910575904527,2.0012822195363,1.76882684904563,1.51189121740628,1.32070030714244,1.18407690933425,1.09192475164507,1.02801331702826,0.993622529630651,0.979582418751029,0.982253606658259,1.00385860590346,1.03290990156695,1.07228711296297,1.12075632873997,1.17740802548048,1.24617651106827,1.31868451298715,1.40221070742994,1.49391986312122,1.5944690327049,1.7156189969072,1.8695955467758,2.12769719776146,2.50215342090531,2.10761387479154,2.07385608582762,2.09951692662686,2.09242422629511,2.06484340990651,2.059940349163,2.0431516021285,2.00924366366548,2.02385202190563,1.89624465664594,1.83606629000089,1.78593139268896,1.74670492279146,1.72126484130432,1.70734282461705,1.70822564410824,1.72150233128954,1.7474463464933,1.78562812237554,1.81579989229039,1.85200060679053,1.88187296986677,1.90232550113331,1.90758999215224,1.89802134866369,1.87459343771847,1.84530028786845
0.508212499304895,0.601487024044674,0.697231408428009,0.80965857055656,0.953068321769299,1.12485451405868,1.33479907608286,1.59341058018676,1.86018252292314,1.96888560393573,1.79473622690096,1.55774660246975,1.3692495238366,1.23509983661684,1.14746041180685,1.09477657078829,1.07091908611327,1.07113640550673,1.09177718827833,1.1300456461408,1.18382855610703,1.25617089114898,1.33847183304584,1.43978057742722,1.63144679417386,1.66964238807553,1.80154115002965,1.94698060302217,2.16743549873533,2.43406266393199,2.28459172874386,2.18373644570619,2.15367708522886,2.05802813511922,1.97297929632412,1.91222778437877,1.88093725196716,1.87816238931005,1.89451150589403,1.91779923557034,1.93432449386081,1.933108663345,1.90997295239627,1.86681326792897,1.81317511800808,1.75289897579682,1.69171702558198,1.63444353682723,1.58186351719895,1.52900092817522,1.48188237285556,1.43750256056665,1.39973749524517,1.3671447906009,1.35719893989625,1.31135893710936,1.2849082864884,1.26451323980848,1.24561454498972,1.2347992410911,1.23349511017721
0.630509787639965,0.724534493690578,0.833316323101729,0.97035099416577,1.1296818582282,1.31671744705981,1.53315990546261,1.74938162122926,1.86965197582284,1.80135713778718,1.62905818997114,1.45893082965771,1.32310512601083,1.2206720956829,1.15032205061519,1.10484180600787,1.08063609724798,1.07472107831477,1.08463163321808,1.10829516734224,1.14392416277733,1.18992582655548,1.24925713351866,1.31276376274683,1.38619167111781,1.46458787365073,1.54483533454274,1.63626374025762,1.80929779046207,1.95748414129078,1.83868697705478,2.10977873866681,1.87094308702562,1.85127859797442,1.83014485711461,1.81143507274351,1.79774576504397,1.79637538065217,1.81009632944808,1.84060037046238,1.88143977320888,1.92703548717332,1.96346949812537,1.97690363851602,1.9617604773019,1.92048613631789,1.86542281712983,1.80374100209568,1.74317638210984,1.68760295819442,1.64282146172874,1.60614332920328,1.57861022516491,1.57055120076309,1.58785626193932,1.63722189316951,1.73963457856524,1.91452860609144,2.16379667413986,2.33955014585804,2.08710561519757
0.316025665742211,0.385001651536078,0.463933227479982,0.556379752500593,0.679961266703644,0.817473470665696,0.997099910268428,1.2231006772339,1.51822720018721,1.86641326610447,2.06035855400314,1.80495274744114,1.5045838635686,1.29393138098828,1.15065993997534,1.05949592761845,1.00258677036518,0.980029390541975,0.982801181092178,1.01233296740056,1.05777508064468,1.12224677848523,1.20917916904684,1.31312767890067,1.44185472221412,1.59681748037322,1.77859322619823,1.99209207936004,2.25020721879823,2.38106920337763,2.1586769755936,1.95651417864348,1.79692675554869,1.67966569063162,1.62760754451918,1.55676564055189,1.53894619942162,1.54858539512552,1.61401416328883,1.64113766723399,1.67703308583507,1.77048315782086,1.81473158040579,1.86964561105702,1.92328000187037,1.95778446657949,1.96577378962186,1.94741048542219,1.90981216376433,1.86925917124546,1.82449301519591,1.78594198559438,1.76195524347275,1.75376803836311,1.75974337747283,1.77812479591304,1.80555351348652,1.83724597689966,1.86851209806642,1.89141143045219,1.90255079014732
0.704832127681642,0.820445077879644,0.966076580836381,1.13682332955983,1.34213640022255,1.57268508007304,1.78790411434372,1.86162161680986,1.7349618232118,1.54425890728448,1.37752320134975,1.25186978011664,1.16776139348094,1.11953620404498,1.1082398348685,1.13844859597948,1.21988576867505,1.37456485031346,1.6358683877286,2.04873463662118,2.3699704908016,2.50956228512629,1.90675659655389,1.60842320952253,1.44747744464403,1.36746751689795,1.336543706741,1.3365265979189,1.35876246848359,1.39809988235111,1.46218605777382,1.5249954780239,1.58326009358107,1.65701291983143,1.73206006274536,1.80172043905959,1.86296430136121,1.90560834482692,1.92574674282902,1.92276042231141,1.90115719601434,1.8736133180017,1.84793412670641,1.834789777808,1.83750455264851,1.85645088047097,1.88717140166144,1.92072598957631,1.94673635008944,1.9527228761412,1.93494370950512,1.89616476229881,1.84605749058677,1.789383413215,1.73431195348307,1.68463500618287,1.64035238954856,1.58859157523751,1.54861199341225,1.523028515725,1.57008808460202
0.386670248187125,0.457214654935492,0.537924527157436,0.64513706963318,0.760580005435628,0.909237102754635,1.09229695754162,1.3237583477864,1.61927509754229,1.93419638299803,2.00611896284471,1.73280246976214,1.46841725414574,1.27862627917199,1.15423638475458,1.07466086462392,1.02609512353172,1.00979179398464,1.02138948320264,1.04868187768305,1.09368349756281,1.15498512557732,1.23609947107836,1.33012636858304,1.44489048632307,1.57867024421225,1.73570318060727,1.91538902822585,2.12675232370633,2.42376208515507,2.21979909591325,2.01612814564229,1.92409096016482,1.84598327853036,1.82194312258411,1.84605630897484,1.90184847070143,1.96189349921936,2.0019371375802,2.00664132420833,1.97602992686989,1.92834463187727,1.88259841245063,1.85132072335075,1.84129462420661,1.85103466295753,1.87564120802896,1.90644090953774,1.93279360071669,1.94621696704012,1.93452790726432,1.90489701107614,1.86053139973587,1.80694195275223,1.75178452153842,1.6962519464705,1.64637284847093,1.60780364615115,1.55113680249264,1.51050247230378,1.47201854379441
0.5711583567226,0.674305059882345,0.780748744356021,0.914457229781501,1.07183726291948,1.26050413504461,1.48658200734556,1.73086053872287,1.89941441605874,1.8453995756334,1.64833726043051,1.45748871653121,1.30977475986544,1.20200628283496,1.13071416815087,1.0875972824269,1.06829563716661,1.06933900254693,1.08796190854576,1.12193695358313,1.16945324231197,1.23296951066791,1.30462804042068,1.39115443742108,1.49111000207309,1.58820668811697,1.71255877337681,1.884878062571,2.41854909045553,2.16231232476553,2.35843446310045,2.11116036790425,1.98619932568254,1.92136255411764,1.86858818635762,1.83481094712356,1.81751963800566,1.82005658358444,1.83891080054339,1.86828191897315,1.9004264366118,1.92198982719154,1.9251724202104,1.9064570263788,1.86875520178773,1.81755850230398,1.76033803883245,1.70356422887779,1.6473276775254,1.59578442893915,1.54604600574612,1.50316247078426,1.46491312965721,1.43165191468391,1.40072514514592,1.37750836399999,1.36080146956448,1.35164468743982,1.35292270661446,1.37253921345258,1.41455355521096
0.602429733912763,0.693137472079819,0.798603110927878,0.932786039294181,1.09144856513759,1.28278252860842,1.51398610293639,1.76508631704206,1.92308334832448,1.83781392347951,1.62521714826064,1.43070363413799,1.28289564229764,1.17638481222434,1.10729516570201,1.06796743293781,1.05496242039798,1.06611916534868,1.10044293469979,1.15810193118634,1.24421849119717,1.35656500707905,1.51142850600237,1.71837665893798,2.01427533066105,2.37863536305315,2.24693038294597,2.19657271992029,2.05871406503913,1.88822318476692,1.75942488057015,1.79272799829748,1.65210304716459,1.6440995964338,1.66819939456767,1.71618665693507,1.79321702820292,1.96635048169616,1.91789444080955,1.92434570838454,1.94422088232657,1.94219396257602,1.92056127575622,1.88395591848608,1.84277020496816,1.80510170646856,1.77681360570557,1.76352113823123,1.76553644038061,1.78381619231159,1.81313972239401,1.8526352960887,1.89320555365688,1.92857244747422,1.95019157878893,1.95042073664773,1.92638408449633,1.88839577707577,1.84285786958951,1.79275392747778,1.74534567913878
0.0407704024192992,0.0883790802216063,0.140731778802697,0.224930329541304,0.295687226264781,0.380573085629593,0.48507472122839,0.627577442028358,0.80116038946028,1.04096000380204,1.37741814805831,1.85305006261107,2.21616129004157,1.7210599240573,1.33678547750439,1.10461308182496,0.954749747434214,0.861994436263795,0.805604800887002,0.77551070142197,0.765049852456073,0.76964610760762,0.78607482178439,0.812023766061289,0.845817094676091,0.886236293328427,0.932401825479537,0.98952199931866,1.04625393206195,1.10758006602886,1.17341556608238,1.24803915630265,1.32388552686728,1.4076651521525,1.4944010860984,1.58903505767977,1.68921823550118,1.79582985866023,1.9134729573041,2.06686822702136,2.33856816552317,2.24197539325028,2.0487347317278,2.03496023997519,1.8885732174104,1.84788794964823,1.84516421762063,1.8931317875396,1.97885132402049,2.0119770213663,2.06631454611594,2.07224314797212,2.02857507350538,1.94644727607403,1.86549589813233,1.79426483118347,1.73763153383677,1.6976250725151,1.6678519581377,1.65472541610345,1.65398381934765
0.34914713323214,0.414612464075778,0.488890162362869,0.586724731741288,0.69127789198328,0.818174201127314,0.983876513234561,1.19087618978216,1.45846483456106,1.787976939427,2.05096010150035,1.89991798481351,1.59058626727756,1.35864622575203,1.19966421951884,1.09580691518524,1.02676586404966,0.99191600784396,0.980530884611089,0.988058414906365,1.01643197316201,1.05326294021212,1.10142196689696,1.15953790447358,1.23097630099542,1.30741430814412,1.39535678944181,1.49127062929569,1.5940948403667,1.71001558794,1.84762404388975,2.05480906831815,2.43000327119622,2.17411288433672,2.09241664959542,2.03504407618206,2.0337748577938,2.07452223990701,2.13396977657779,2.12126449896059,2.06950776332578,1.99323583412466,1.92080237218492,1.86371688350606,1.83137287167162,1.82061777551282,1.83219757262841,1.8610805799447,1.89685170522043,1.93200157112675,1.95529790576656,1.95458381467228,1.93258283865451,1.89199351089573,1.84044877836587,1.7862805804185,1.7361840634727,1.69189805644238,1.63016980279627,1.58593141668642,1.54719754382881
0.404728354164738,0.47661914511129,0.559109571334025,0.670010340386711,0.788915897159551,0.943410922782883,1.13391527386129,1.37825397075532,1.68272947717601,1.98676152502706,1.98681641831776,1.68985996507102,1.43436701831114,1.25005636689657,1.12732417510061,1.04652484099234,0.994902753863095,0.973875753772755,0.975040509548225,1.00015231474629,1.03823547802658,1.0922361775432,1.16145128134461,1.25044513116158,1.35516030010447,1.47804077545384,1.62224249998302,1.79489368068761,2.00676597699377,2.26304418202684,2.36180454400149,2.18600136424507,2.05098735658515,1.92053356568101,1.81487204001662,1.71340267906147,1.63960115974717,1.59158773280026,1.56982183459053,1.56878971516289,1.58253312736647,1.62043776116471,1.68965296604267,1.92539610674651,1.79384579014694,1.85009366768177,1.91595076144381,2.02934144490342,1.9975595195499,1.97525734820904,1.94423696436785,1.89857251521216,1.84576980964846,1.79339872167589,1.74792642097509,1.70945654089555,1.68203324264066,1.66367031407134,1.657406330925,1.66133385786165,1.67475074674157
0.664189269828114,0.754223165681365,0.866863255132277,0.991379173211438,1.14628227777559,1.33307211779302,1.54616836729129,1.76312535582728,1.88917369380646,1.82258022147567,1.64335492647496,1.46714656224892,1.32620488411537,1.21917414916592,1.14466106435832,1.09500110461133,1.06659881972925,1.05660780380894,1.06285502298639,1.08372787071037,1.11809439607897,1.16526840169821,1.22896743136388,1.30273247869102,1.39423365045203,1.50354614454759,1.63790795369358,1.81580829029176,2.08280177824649,2.45436146778757,2.2083616633023,2.13052474609327,2.09847521568605,2.03391926388353,1.98721469577139,1.9981613406057,1.97853518401347,1.99193664145149,2.00724127547736,2.00687491758586,1.98724790184443,1.95140582389057,1.9064410236082,1.85832258485235,1.81566618070845,1.7829225793697,1.75982571812785,1.75179723018996,1.75904377032136,1.78198553118182,1.81761796361242,1.87589961238665,1.91791068942453,1.96861088367033,2.00831990944157,2.02640253629624,2.01557128253849,1.98253086346056,1.93436341169376,1.88384316179591,1.83978384469718
-0.0312349189617379,0.00986793415419199,0.0537692476818904,0.102138659682107,0.181055720653569,0.246498471129374,0.325250937376446,0.422753611137414,0.547003398414623,0.721727956092451,0.953248771671972,1.28378225384167,1.78350842835891,2.30510107001468,1.67714175860932,1.26829353207106,1.02779543355355,0.884545268318418,0.796710891508933,0.746242731804278,0.72206903501805,0.717015247340886,0.726266485911546,0.746514618169874,0.775449125666188,0.811439643927101,0.853332967638063,0.900321154950666,0.957443513474745,1.01385826500452,1.0743961579683,1.13901597234815,1.21175862758615,1.28554596263779,1.36391936632731,1.45039844910054,1.54127562398013,1.63525913733131,1.73575992459844,1.84128237269764,1.95946554569881,2.13483854450667,2.43823705430365,2.14473024069609,1.9834719701316,1.89666456963654,1.840659426211,1.81544206401894,1.82867793432549,1.88385473311319,1.97696332054417,2.07928774040141,2.13728113114165,2.10158949869561,2.00406248554276,1.90099975574903,1.81772315373471,1.75868554117362,1.72191572332322,1.7042396144214,1.70430118226762
0.726100988117525,0.842218280542167,0.98860477395922,1.15932845207347,1.36251452406257,1.58494245054113,1.78022492699169,1.82968663794877,1.70298687633245,1.52490660274679,1.36650365671085,1.24446604588214,1.15898442311832,1.10394074082602,1.07812172060242,1.08224564619805,1.11974142926687,1.19779963617934,1.33367319501229,1.54987443961574,1.88787593623629,2.38444030141304,2.40755226171334,1.88554866389835,1.62220829487464,1.48921839586759,1.43362206383205,1.49982536313048,1.65512400895425,1.47037504830245,1.50356777032427,1.55983898726373,1.62160655110635,1.68786198511426,1.75179277242993,1.80725801268315,1.85039241348619,1.8781048582789,1.88438376176181,1.87497157561808,1.85255209939052,1.82703233909093,1.80256698906321,1.78768032173879,1.78466760487444,1.79509350689875,1.81777289565846,1.84862991741861,1.88429495919831,1.90673715713562,1.91626960386799,1.90757414757806,1.88151709283467,1.84288442626186,1.79734949110473,1.74842157669294,1.70224386024472,1.65901239849227,1.63599127083106,1.6611810156006,1.5687373530032
0.743876424256546,0.863833494612124,0.996857819046047,1.15905850009483,1.34961078107271,1.55609862076019,1.74036926985455,1.81118064245742,1.7240409927969,1.56671818630693,1.41486763194195,1.29632871633817,1.2055711083437,1.14494482721794,1.10890199316026,1.09506968806854,1.10164351271106,1.12744357578058,1.17205166860182,1.23629491969742,1.32835589923728,1.47376949381511,1.65002944994619,2.11998495562626,2.14566349319259,2.42704784534146,2.01895714806859,1.97045675633863,1.98278937402168,1.97911472204274,1.94993635812087,1.91561079229145,1.89666753372428,1.90518841639776,1.93759095089224,1.98001202245209,2.00728585802529,1.99880381927196,1.95295147632737,1.88472018093801,1.80916265313714,1.73534770876535,1.66738826787482,1.6089726807041,1.5570277808025,1.51769585733944,1.52654957572909,1.46232786708378,1.44455736487597,1.4411329746141,1.45787274189137,1.49474167751892,1.57086499791843,1.64048300261419,1.76891357397225,1.94036084393869,2.1381619015164,2.26505468447796,2.14616932365325,1.94788333769724,1.78082365573268
0.525230177479334,0.615902490803306,0.707619588799271,0.814768296600016,0.951553082908087,1.11409042330566,1.31155833830251,1.55533259177969,1.81617721488251,1.97088341623665,1.85042084665301,1.61613238719486,1.41822518802212,1.27316308976037,1.17491364263972,1.11156093082813,1.076774991438,1.06549075651809,1.07372624154919,1.09833506836195,1.13680744781499,1.19098403747623,1.2524561531907,1.3228654462509,1.40492338037598,1.49333271213799,1.58758808085027,1.68786148563882,1.79308553370988,1.964347520162,2.54927874021782,2.07942100193011,2.29378437632308,2.3086157003439,2.06049909578763,1.94965407121526,1.88577209734495,1.86000647412052,1.85920266823528,1.88273607419521,1.91896989850314,1.95883630829174,1.98559645050743,1.98810668305657,1.96251674839177,1.91347791502614,1.85213727451995,1.78692379837288,1.72311178575002,1.66383323382643,1.61430997094184,1.58001131839848,1.52613092588203,1.49468699537143,1.47549598895533,1.4662536182477,1.47567993464997,1.51835917299624,1.58864743016544,1.73042336491539,1.96607597817014
0.0823022886859837,0.130205341616679,0.207115835857271,0.267778118680557,0.338161885791947,0.42197319465448,0.524316292721875,0.663916193138933,0.831425289317689,1.06185088593077,1.38180757839868,1.82855338316129,2.21284226689118,1.78443149548894,1.39627020484211,1.16159582182841,1.01216408390407,0.923048512983747,0.872304521236519,0.849382936122826,0.847225856824045,0.860962218319555,0.887160164583706,0.923366590366276,0.973236548300232,1.02534327567053,1.08358471629928,1.14727555880791,1.2199193201474,1.2938531912749,1.37482295046313,1.4574904070763,1.5456467814815,1.63434832527356,1.7259922972329,1.81760154293447,1.91250521857378,2.0444613256564,2.32234217539944,2.24306500296358,2.19650848261772,1.92816276161492,1.86912937994667,1.86224852407788,1.9108164923005,2.01345001944953,2.15578189451443,2.21659004478607,2.14697312006278,2.01728022890692,1.91010800727223,1.84166517931853,1.80913321079381,1.82288537089832,1.82259413346598,1.85321285957434,1.89169342890634,1.92585164416894,1.9480287130672,1.95191771342601,1.93578412752806
0.333432879252071,0.392171687232171,0.457601556256825,0.532272314273428,0.632442436618684,0.738862831285119,0.876629723382308,1.04198886354856,1.26579219122556,1.55419586038178,1.91053160879359,2.11358597420728,1.82149477748528,1.50748386792149,1.29574378882412,1.15638429702908,1.07161530711474,1.02527985268966,1.00818306597915,1.01377807908985,1.03735798335073,1.0755277705898,1.12583535049633,1.19071335653935,1.26146837158295,1.34372781365992,1.43098542408036,1.52767979300707,1.62935527125343,1.73365267478762,1.83720570674455,1.93924658900036,2.06437834946038,2.35695297081387,2.19590650054759,2.03575686210999,1.98868722196777,2.06662038768109,2.20376155968614,2.26476223275404,2.16197420434805,2.03764146708342,1.96064632038967,1.93218123020168,1.94097451936667,1.97190451702349,2.0049040012429,2.02441567340257,2.01450244679004,1.97773006917938,1.91869705995447,1.85008865322903,1.78102016859336,1.7206915742144,1.65360259665489,1.59870442558997,1.54920488816053,1.50888289439327,1.47432178634241,1.45274691596382,1.44647845427369
0.708300826031195,0.823522030797794,0.968985975232298,1.13978571682156,1.34609880964389,1.5795956589356,1.80359976372736,1.88220897072239,1.75444543218462,1.5565875759606,1.38936662664555,1.26304613794043,1.17618835648281,1.12980184826658,1.12152497299237,1.15567156881079,1.24126117864,1.39902562132858,1.65892294276961,2.05843553213104,2.40256639349246,2.28087596793469,2.05896088529115,1.70041685318589,1.51551396728324,1.41919990019916,1.3746227592332,1.36821071368335,1.38694973932693,1.42801357758909,1.4807664560479,1.54828576538524,1.63391328907292,1.70757844087789,1.77891101778372,1.85182598733979,1.91042611648597,1.94439823396619,1.950406302533,1.9313700460484,1.9000365447078,1.87008155830181,1.85407500377844,1.85678901701042,1.87879732044272,1.91414629179756,1.95198648006524,1.97537510960706,1.97312133173031,1.94280461491965,1.89122209047473,1.8294973998313,1.77110112688085,1.70571010220195,1.64960246248793,1.60010904416545,1.55575224959321,1.52074164739835,1.49465446931314,1.48280633155183,1.48296621429113
0.374412914002141,0.443119673304932,0.52133452561417,0.62453479669995,0.734678043460288,0.867713386961953,1.04051549281155,1.25702257666686,1.52326692936649,1.82670533811616,2.01146048887466,1.84019731666414,1.57094481979666,1.36136249330543,1.21257380266739,1.11197977475922,1.04606894274633,1.00333049723292,0.986143773494709,0.986375985658049,1.00595294258895,1.03299213937492,1.07011552666986,1.11577513044181,1.1687014945839,1.23241475041434,1.29783241743043,1.37130544013026,1.4462825183022,1.52799069021419,1.6146343417664,1.72623254715762,1.8263255824677,2.06349010749342,2.22160061626348,2.06596117974373,2.21073973943681,2.27285627129675,2.09680426560162,1.96788369992033,1.88426522255402,1.82541603756292,1.79104417445103,1.75539046824303,1.74270621212572,1.74452938407457,1.75940492745685,1.78470128088817,1.81631713626836,1.85020791401782,1.8781839823006,1.90418990036108,1.89755282414876,1.88112518374219,1.85353699823108,1.81556605180197,1.7737296043219,1.72969928239859,1.68460224895358,1.6441620567406,1.60059516176458
0.364521900430361,0.438691235269635,0.523627323848769,0.63508430840859,0.755800968967937,0.909786602129203,1.098399207078,1.33487218187578,1.63227227674693,1.93725377805174,1.98553892049929,1.71974730216614,1.46719847469564,1.29007868881256,1.17279427685263,1.10527051527514,1.07644934246704,1.08083890930492,1.11507472787945,1.17758894796406,1.27221506858428,1.39502388785605,1.55895106807512,1.76291104072851,2.0051197054451,2.21421760848788,2.40791097383641,2.23891063988945,2.23222214188118,1.78123316178297,1.68762502732724,1.65421389382941,1.67846060691869,1.73477095040789,1.81410529653547,1.90231201883424,1.97875881990424,2.02271647078962,2.0224287648642,1.98758796158441,1.94528150802817,1.91710373441969,1.91168242931877,1.92694506748281,1.94950227370483,1.96355158487029,1.95654195176625,1.92561985205968,1.87433796028429,1.81261084776048,1.74738017432089,1.6830793334126,1.62378095626165,1.56868939149942,1.51691748302522,1.4731095329085,1.4590822406236,1.39473959583093,1.35531006009999,1.32413968223409,1.29634097393113
0.504826845539808,0.597701823194683,0.692784158523792,0.804706777468077,0.948197302685891,1.12022732160498,1.33424877908043,1.59036743787947,1.86002483544078,1.97245091541105,1.79645602942753,1.5564748761326,1.36423489625427,1.2254361787972,1.13230919316614,1.07401451170827,1.04535165815286,1.04271606395469,1.06381030941326,1.10742357315727,1.17333360286632,1.26660085654678,1.38579090278933,1.53665255720383,1.73092036047668,1.98813665925155,2.30510983801909,2.3017110974213,2.20669875636736,2.05190584828587,1.89463052099447,1.74691358791677,1.65519958985289,1.68706072204322,1.56306743149187,1.55326747844767,1.56764988670478,1.60251803763976,1.65010003277958,1.73108819598651,1.77347650900393,1.83554985009034,1.89037112728735,1.93052836708258,1.9484131286657,1.94112285988635,1.91185968000026,1.87067613873687,1.82705744411408,1.78872875135155,1.76895684313151,1.74779258826251,1.7452439959204,1.75879525597102,1.78564470490457,1.8197257452816,1.85728472239857,1.89221119187743,1.91955698703352,1.93433033694649,1.9246541222515
0.418749117442256,0.500942832467321,0.607916188977816,0.722783232111915,0.860864789363436,1.03857212597137,1.25931437255856,1.52625630049908,1.81781520581799,1.96962951649642,1.79972736883684,1.54698151072179,1.35058615086048,1.2084216515686,1.11236380914778,1.04653969754209,1.01254021375132,1.00151639241609,1.01487641073048,1.04165947961095,1.08453381645209,1.14263577942876,1.22000264035259,1.31002121263474,1.42129636442958,1.55281087137828,1.71076301613687,1.89296754062101,2.07424482422564,2.20898829726333,2.34253733184505,2.21359503353273,1.92909557103056,1.82481265179024,1.80204889147323,1.82626572414607,1.87328015814798,1.92002011218913,1.95252903365653,1.95845794957349,1.93870299611302,1.90392111126229,1.86772212721113,1.83766677547589,1.82177234535687,1.82065767400243,1.83135045184056,1.85220446791031,1.87467150586635,1.8859074942557,1.88422981618915,1.86853167469149,1.83823580935464,1.79937105714731,1.75495414698353,1.70722378975105,1.66128756321715,1.61738954757106,1.57712869205387,1.54270613290771,1.54632973565305
0.321200648211598,0.388183226024304,0.464420584432167,0.55325162832161,0.671795062118906,0.80270933826817,0.973081711751284,1.18660562142512,1.46312994431733,1.80181240852202,2.05510301008822,1.88884581626415,1.57640455969556,1.34557138700652,1.18825219324329,1.08613767653562,1.01954488802326,0.98782310989256,0.980940722818139,0.994856538899442,1.03201847386096,1.0809878831273,1.14538078409279,1.22892022888787,1.32537963185242,1.44264241994721,1.57957405180116,1.74062520337641,1.92509577460778,2.13685611137044,2.3929745135691,2.23369322735838,2.01477630122537,1.85974739879486,1.77858107540992,1.77761898628811,1.77200607763167,1.76986353152154,1.81979230686794,1.88308947650365,1.94270926489139,1.98287150251415,1.99386488869349,1.97359822292926,1.93331973203183,1.88856148336867,1.84887568722555,1.82278114593738,1.81500780207099,1.82462764539997,1.84686557444908,1.87163021640781,1.896356183988,1.91200583472999,1.91058200141373,1.89083991962862,1.85785083548211,1.81551634000175,1.76840916279861,1.73345304853569,1.69222347903785
0.50505765569828,0.594784210603311,0.686165337529321,0.793188698638231,0.929296935483562,1.09147872594143,1.28903529798845,1.53051134280626,1.7952363184895,1.96375272522804,1.85670427220775,1.62298768796314,1.42179332276845,1.27252904028205,1.16918258046252,1.0997063562738,1.05770308844831,1.0381252803418,1.03703768651023,1.05132790699975,1.07848519176391,1.11643596997934,1.16341361621095,1.22248613777278,1.28402884731776,1.35392161502822,1.42478585012426,1.50405098836065,1.57419175407598,1.64372241082856,1.71052323896496,1.78001185298982,2.0855023063625,1.86256951271972,2.1264239488729,1.91666101057341,1.83744486212342,1.80059361066259,1.77748592392806,1.76425406310792,1.77163642358201,1.77265772367812,1.79420448032574,1.82526883389296,1.86137826729682,1.89289609274253,1.91318213295182,1.91637840694468,1.90074305097253,1.86896117764628,1.82516048642099,1.77837897425152,1.7250318280504,1.67606593409522,1.6283452057085,1.58641019789228,1.55144261955152,1.5216626963841,1.49049706764944,1.46824305467039,1.46018111927812
0.434587604942698,0.506103761688463,0.599459943439082,0.69563395074307,0.808867214763326,0.953044305097021,1.12527549364926,1.33507860142828,1.59336808810838,1.86739828595177,2.00836840175047,1.85513969407777,1.61825734533732,1.42640120626763,1.28785061604107,1.1903419544963,1.12954489516007,1.09494879534595,1.08165543352702,1.08582928721669,1.1044269953491,1.13498629252169,1.18051161001109,1.23019166550995,1.29042407046904,1.35325339358713,1.42338093946766,1.49351520289977,1.56963363146922,1.64085392044748,1.70444612796126,1.75994419474077,1.8055332926404,1.84469071295934,1.8772928249883,1.84558911291605,1.83274586714964,1.80581524378021,1.78702423846187,1.76696634368772,1.76153549311153,1.76909517401627,1.80862579093532,1.8217444860378,1.8605273236338,1.90238659988905,1.93469997927223,1.95082690378616,1.94289045598847,1.91212146712974,1.86710958485021,1.81284089912063,1.75638809495845,1.70180393738719,1.65544616229044,1.61765859855253,1.58058229831531,1.55403772294484,1.5500176014564,1.57796242187201,1.6680989536599
0.893332187281666,1.02768754633809,1.19640634318818,1.38284017824029,1.58516770027305,1.74485867349594,1.77382791017288,1.66489136667053,1.50864438651713,1.36429708271403,1.25032768925578,1.16948473607284,1.11681980841744,1.0924271577412,1.09878904955681,1.14315868027684,1.24247379179548,1.44357571020899,1.83527111036439,2.465270244268,2.14161462099689,2.18578163952132,1.66840494030016,1.54514918078466,1.53608638434976,1.57420264226962,1.64333299326531,1.72846954359299,1.81558749629572,1.89191489217938,1.94356013318022,1.9600134935612,1.94485008437185,1.9164912063649,1.89127844771401,1.88539433306992,1.90279278004394,1.9384500511424,1.97868357377799,2.00080649678589,1.9904172370165,1.94741838268095,1.88290237355527,1.81115963525712,1.74057492205811,1.6770881074399,1.61932676997321,1.5718374175013,1.53139806646698,1.5008353764136,1.4813718124681,1.47461013098201,1.48340611268273,1.51510580068474,1.57333596704992,1.67489063996482,1.82235235189185,2.03899691613277,2.29490606858958,2.29324684298292,2.01895917315605
0.482159212476873,0.556805622449146,0.656492058043338,0.759347871563163,0.891053962428556,1.04908660559744,1.24422657393859,1.48932599712184,1.77763930131527,1.99693319915816,1.90341389089425,1.64072397779718,1.41821693233255,1.25375035118807,1.14301494233472,1.0700220389759,1.02382286469096,1.00720922883006,1.01694277775317,1.0421409072471,1.08529559191621,1.1455131083794,1.22671621226114,1.32266368263449,1.44222827829464,1.5882517389481,1.7658689917816,1.99510420013608,2.2877879603452,2.32108962886926,2.18641786635954,2.07388057469855,1.94271791518156,1.82879859804592,1.72809721767259,1.66229931912141,1.63359087397351,1.61712507781456,1.62293996202459,1.6528401693775,1.69676273247895,1.76612029170906,1.81468394130402,1.87376965501035,1.92624521067256,1.95851678260544,1.96600643102636,1.94674065949146,1.90832183447372,1.86036383539742,1.8115222689728,1.76803017309154,1.73509110264033,1.71178459606908,1.70255802367903,1.70572094428866,1.72048331771674,1.745201441807,1.77738110670725,1.81519698234127,1.85193899033058
0.425206271844405,0.501361194844617,0.600759955294554,0.705816061199435,0.831395327862681,0.99259106052739,1.18834688588313,1.4318784993916,1.71539193622408,1.94855785092744,1.90281183870109,1.6614785165261,1.44117452925499,1.27494731301786,1.16057792790606,1.08211566811373,1.02802177201037,1.00083783037948,0.9920772338051,1.00333878059785,1.02296573588035,1.05331123357789,1.09267194275274,1.13960410756589,1.19697334761663,1.25625105822626,1.3197733834832,1.39033076954542,1.46254186358381,1.55823235638557,1.60410113082112,1.671899409751,1.74797594814518,1.93611477206994,1.96629873037751,1.99714823630254,2.45618875349497,2.02091128679524,1.8721335213989,1.80908824197343,1.76887291750261,1.7422314366821,1.72664940773626,1.72036595554672,1.72741704661028,1.74675264322923,1.77345801570741,1.80532570276386,1.83747016669318,1.86569401993371,1.88232226492389,1.88793126377609,1.87317325250298,1.84649323891597,1.8104469442098,1.77025861825877,1.72620136842981,1.68353699514994,1.64213607332609,1.60185077511196,1.56705889398764
0.312078737805221,0.372478464557181,0.440274578543782,0.518343215961333,0.622599130227169,0.735665768956213,0.882073863442113,1.05975108677048,1.29899357449788,1.60688835517544,1.95788831922201,2.0628688533779,1.74613389381975,1.45671818459997,1.25611921109733,1.12531884523809,1.03649307932167,0.986522890162555,0.962942550431933,0.960213095310203,0.974306112613347,1.00772843345924,1.0482018919096,1.09901209307414,1.15907735659392,1.23222192220821,1.31008927781444,1.39982625667868,1.49810480733511,1.60612056228462,1.72603657192113,1.86485747779004,2.05698037087658,2.40952659321382,2.21649432167635,2.07594726986292,2.07438210208271,1.97474092482624,1.95301286207675,1.98291019931458,2.03793652725927,2.06944481466206,2.06576690621764,2.01981801017681,1.95499282649868,1.88930902723318,1.83723384561559,1.80438746412209,1.79072448395417,1.79403354928576,1.81545113277774,1.84805738399331,1.87691881813011,1.90454885866271,1.92191559727918,1.92174486075623,1.9033119656768,1.87202371691822,1.8312377111364,1.78465450617122,1.74077019764899
0.234507232202873,0.289416879898013,0.350486539294353,0.420264445925488,0.501978140380697,0.611639250816797,0.733599614859756,0.893206270480543,1.09136275836529,1.36231584879448,1.71792401081117,2.08459638863819,1.98374828166787,1.6050395708209,1.33854975834236,1.16016525506386,1.0426091902013,0.962349128517316,0.91619493933074,0.892862506055406,0.887284216544382,0.895777450887437,0.915618849594181,0.944768952183788,0.987714900633008,1.03203032409798,1.0822067034122,1.13760097315796,1.20230027378474,1.26776710343762,1.34083881356605,1.41584104503338,1.4980596150354,1.58318360100344,1.67675125745926,1.779767219305,1.90685300947923,2.13214004022548,2.46361319764584,2.09205232546052,2.04140773325665,2.07872401938494,2.03953816411943,2.07054584604609,2.09808481736372,2.08569041417001,2.03028648596176,1.95523141352444,1.88885130419395,1.8158847391352,1.76419957396051,1.72713709441754,1.70615825806767,1.69895287006617,1.70491079192832,1.72619184227537,1.74471025785125,1.77525291978101,1.80680620843397,1.83641125680844,1.86016545789363
0.475326529010187,0.553415773913445,0.657237218877409,0.765939606209058,0.905096796398214,1.07299791857656,1.280804501354,1.54302572549532,1.8343551936491,2.00671789024966,1.84378986601809,1.58036721171833,1.37164234314476,1.22222657217713,1.12168989608446,1.05745734891092,1.01911316231263,1.01021847813112,1.02843276175613,1.06303328001691,1.11740127995976,1.19516093584964,1.29110834961142,1.41380648610274,1.56658115070288,1.75388073209754,1.9908161259074,2.2897998002709,2.39205034686134,2.19499423934492,2.01852079270056,1.85676303725518,1.73709461450372,1.64399982971344,1.59149545341663,1.60155832035071,1.57728812427295,1.59363088850724,1.65719414797526,1.86586087614959,1.74672964653921,1.82204983391189,1.97213273069575,1.90662057876818,1.93581355998427,1.94826484290817,1.93738966793126,1.90777124047205,1.86830623922478,1.82502972542251,1.79431552342743,1.75792637131412,1.7272114446145,1.71565552262778,1.7169644630199,1.73013939557326,1.75346178413539,1.7841826937274,1.81851712084416,1.85311655917928,1.88062797315135
0.529434853633613,0.619996191813339,0.711250462505196,0.818282801848792,0.955984324831231,1.12010160302014,1.31981061788102,1.56623931295115,1.82551924084896,1.96528871696415,1.8299740173369,1.5951927757495,1.39828074652126,1.25211131725561,1.15022047479567,1.08130688173701,1.03546151566307,1.01622607551215,1.02061084634199,1.03775006581011,1.07008115290478,1.116468870036,1.17632142474422,1.25419928243633,1.34613530249208,1.45281891248951,1.5866776251947,1.75305674070584,1.98155984786004,2.3182123631507,2.29022253483326,2.14405862139329,2.08514435780626,1.99990434813127,1.91620710807483,1.84551263029616,1.81451807826384,1.81683790645898,1.88232414210049,1.92122884662503,1.95201650795902,1.95421591078883,1.96461917057205,1.95394975573891,1.92176645881452,1.87714574513579,1.82871593837495,1.78329927046721,1.74547218272043,1.71974505784428,1.70501519418285,1.70838914693187,1.72895514296948,1.74100610223691,1.77249001927606,1.81063435855465,1.85204775544529,1.88864300686201,1.9175027288575,1.93192477878972,1.92957253036781
0.66275565689265,0.769436533446572,0.902058186311332,1.05128545545417,1.23907425053029,1.44967372312348,1.67418430632784,1.82820337253418,1.80222221025329,1.64137629229352,1.46838418507624,1.32731385747493,1.22096719238591,1.14903215994725,1.10501158638198,1.08628052261653,1.09127891097139,1.11969741289826,1.17285847003485,1.25792442627651,1.37842703424085,1.56218063099584,1.85337643232782,2.37816668857346,2.31696679673413,2.52587134280903,1.90469097227573,1.94376423338391,1.79738850744519,1.84339508815691,1.90062524545169,1.94524789118926,1.95977180325433,1.94401141809174,1.91173358109189,1.87960457668078,1.86211541775895,1.86434808653945,1.88589130917143,1.91918106018233,1.95216988790801,1.96775268178311,1.95703848946242,1.91915807891055,1.86484323588504,1.80116635612217,1.73623244719748,1.67595203473876,1.62141126416863,1.57105398423711,1.52356918083611,1.48670543499386,1.45738273339157,1.43640920186775,1.42549676466281,1.42791530586311,1.4485285471513,1.49583533959394,1.58266517391142,1.73630479289933,1.97889808851254
0.706192131783065,0.802229204159518,0.922616104794162,1.06097930078241,1.22293192648666,1.4102332157949,1.6183245308744,1.7926101454556,1.83854287420954,1.72630021186603,1.55988058678611,1.40583920324444,1.2830628334505,1.19262074106705,1.12731065512291,1.08380223575437,1.05912596480269,1.05084911168155,1.05701487337927,1.07605965037435,1.10676284138434,1.14825217729333,1.20010515871097,1.26715782936197,1.34376926785958,1.44456496439213,1.59471241173445,1.91688060316928,2.44242996670676,1.95837587267691,2.19418713665834,2.3378194769825,2.00256049683247,1.90367507721248,1.87251868038864,1.85385491760971,1.83338642973199,1.8121864728448,1.783850268356,1.75781355155219,1.73833252232897,1.72656602898882,1.72514738899499,1.73583818548606,1.75911146177303,1.79364914958547,1.83750240893969,1.88299421808565,1.92097289692778,1.94486126439515,1.94640762568936,1.92657727973268,1.88942543686617,1.84484090998837,1.79748964088746,1.75348505737647,1.72190598239941,1.71640445084236,1.72795847782849,1.82200934065386,2.06089845315607
0.564238141472282,0.672519712369667,0.785708916300077,0.927865018185893,1.09585827673722,1.29712303296252,1.53534744553176,1.77781378029099,1.89816877682582,1.78736170849336,1.58280086633673,1.40255736275353,1.26713142342447,1.17399831961305,1.11373478616629,1.08158116468642,1.07379169008955,1.08756518354507,1.12088932630574,1.17244965579118,1.24543991328401,1.33369845806457,1.44510446650504,1.57850321662583,1.73984442270425,1.92614029464735,2.11832893618023,2.3416837614214,2.22846666564901,2.00414325995244,1.9754910768277,1.9982109938698,2.00820730039489,1.9831256078438,1.93550611486552,1.88903576852761,1.85827011445534,1.84920032377836,1.85811029480487,1.87743767519475,1.89680814730508,1.90600506180786,1.89828000773499,1.8724263985558,1.83098557009624,1.78159646215333,1.72691690068393,1.67333715632022,1.62624198106384,1.56966009030836,1.52235019721328,1.47719103750524,1.4374147407559,1.40092015304263,1.36756406666916,1.3372031625285,1.30722706031372,1.28311574590901,1.26009955107235,1.24022529840468,1.2228119724803
0.66877656703475,0.77173286351119,0.900305000304606,1.05000402861268,1.22718957409202,1.43672332493112,1.66067758955028,1.83269988293718,1.83066313823371,1.67326659326108,1.49232911942232,1.34140920989906,1.22503034603879,1.14294928452701,1.08807067351752,1.05740120344994,1.04897257614354,1.0619257672213,1.0966138013824,1.15490390695749,1.2445470606596,1.370530607855,1.55015637367063,1.82602760403285,2.27065638819842,2.32839570914789,2.27628503563562,1.95190098013273,1.76644630946027,1.6496432316234,1.62322153288618,1.63237843370271,1.66256750175968,1.70997366451587,1.76394420362457,1.81300382201279,1.85351821039564,1.87710974726365,1.88134381150686,1.87046425471759,1.84660979706831,1.81944175070684,1.79272936458228,1.77488128815066,1.7683058776463,1.77512994099687,1.79522493826114,1.82592848665464,1.86203973706094,1.89835755454506,1.92977573026884,1.92898694376198,1.91641787152961,1.88642296319631,1.84657406864721,1.80185847522828,1.76164021720784,1.74142943429864,1.67077100648331,1.63804648676329,1.66554839588724
0.628965349944168,0.724915082549806,0.836373861463588,0.977223902219153,1.14200179362236,1.33995487757784,1.56410304257578,1.78017789630939,1.87911805571713,1.77757516318547,1.59100040035296,1.42111507365916,1.29285347188746,1.19749691199006,1.13527387619687,1.09936037821916,1.08652919889866,1.09438130473216,1.12128491869306,1.16637291873441,1.22967366857256,1.3168797632138,1.42728789569611,1.57112373227617,1.77612541263395,2.13823116602774,2.35812027307002,2.2325341253119,2.14221494645808,2.02670468086524,2.00117558053099,2.01044692329575,2.02396959023474,2.01054311086419,1.97328602648295,1.92847606970081,1.89250341020394,1.87606211266586,1.88505120824668,1.91703203185896,1.95978047652088,1.99933301687817,2.01464313986617,1.99602571033681,1.9464282868862,1.88013194814431,1.80923749852784,1.74185470308946,1.67944032081926,1.62483827823593,1.57868671382477,1.54564717525702,1.52667146822345,1.52075603743963,1.53982831287586,1.58915314684565,1.68326449507166,1.8438689882079,2.07548843792477,2.31579141001367,2.18466928046783
0.397066263784022,0.466469812310178,0.54549369840317,0.650401726574268,0.76206290372996,0.905027216795365,1.07919392129259,1.29702874263835,1.57113678625429,1.87856309748534,2.02389721377356,1.80775409293105,1.53666215347661,1.33653862129426,1.19531781518919,1.10193643631345,1.04312418469941,1.00734265506498,0.997283835102696,1.0096068911903,1.03211034895696,1.06681516174762,1.1118360706823,1.1656707521563,1.23153797418698,1.30057705830007,1.378891559814,1.45999420177478,1.54902906932515,1.64358949203651,1.74833947967304,1.89103382854903,2.22641585157553,2.17199385213207,2.06193739046115,2.15583283240201,2.2574944720238,2.18110831780454,2.04693448329908,1.94412324896598,1.87159279926017,1.82219049434227,1.79360362699243,1.78592539556969,1.79597420110305,1.82055022031862,1.85568953325929,1.89161310635613,1.92076249720799,1.93645229811652,1.93513652064293,1.91056093392155,1.86506780059676,1.81474879321548,1.76126014176733,1.70969804550962,1.65906352297972,1.61571825601107,1.57615414365703,1.53691221201979,1.5097482807095
0.442252707510277,0.524770336282857,0.632845402313528,0.748624956700613,0.895495250144712,1.06824419871322,1.29253877087663,1.56171526190907,1.84779562597332,1.96384690682519,1.77156638537785,1.52498713928467,1.33482627984479,1.1976825316934,1.10566790747209,1.04393164779436,1.01438695308003,1.00905211162681,1.02999997736613,1.0674731736077,1.12521909314457,1.20395247098412,1.31046258147161,1.44387473154073,1.6124456941421,1.81992491791641,2.07190424759382,2.38201498853016,2.30885775362268,2.01213529607348,1.8180560307065,1.71532898961422,1.6724104372838,1.63151272406277,1.63600001702017,1.67495629843875,1.72654495061112,1.78577796521394,1.84157599881772,1.88858812367719,1.91655131184618,1.922459933734,1.90658689102625,1.87655502947883,1.84266788639801,1.81034848524396,1.78822283853423,1.77860698788196,1.78177224920371,1.79875893991146,1.82583383645007,1.85554296082561,1.88200410376239,1.89845120049176,1.90016295484632,1.88594092940975,1.8580494509975,1.82068557056364,1.77705692566118,1.73423265509593,1.70140124854376
0.220262965485298,0.274081962708224,0.333706521019804,0.40161558079881,0.480984717748504,0.576032065198901,0.705893862483726,0.855140278742011,1.05676704532214,1.32644796363675,1.68813421845108,2.09236254692062,1.99518362974271,1.58979597292982,1.31640290800676,1.13935302113418,1.0231098991525,0.954699584856261,0.917672036333042,0.904241348772372,0.908942577509653,0.927863248668937,0.963609425267416,1.00395452619798,1.05220419287949,1.10721930423386,1.17232382377456,1.23937906943342,1.3113199732114,1.39147906122962,1.4753031629344,1.56086612131319,1.65193640661476,1.74603227490367,1.84696111320186,1.98418384559655,2.36411274291005,2.21863153690368,2.04322749393187,2.07798990100881,2.06548316357036,2.14358000760807,2.17763063699163,2.10867020135835,2.00265551830573,1.90680728937487,1.83965165953423,1.79987686086614,1.7824456824582,1.78654499561962,1.80651936009248,1.84052475633954,1.87279798849535,1.89766049743307,1.91417571435694,1.91503698405012,1.89919449073215,1.86916585856312,1.82808215465835,1.78295122906692,1.73439351328483
0.565817665194306,0.67716914208664,0.794076008230938,0.94199790384376,1.11786277250823,1.33311119233677,1.58335675241072,1.82914822219814,1.91550307957332,1.7581260801329,1.54114640398298,1.3625213162217,1.23242153454807,1.14682340555672,1.09757795478878,1.08225455928399,1.10042015433974,1.15374179472358,1.24943605875597,1.39004985092531,1.59771050616352,1.89312088217763,2.26845752087257,2.35102041140196,2.26214987030552,1.98222955175939,1.71058543175703,1.56187271792639,1.47183148232943,1.42366280821444,1.40916865758705,1.41811874964007,1.44862168140704,1.49103605876666,1.54780143002401,1.61294388113668,1.69101357316727,1.75566148542551,1.82330207353722,1.88436780896916,1.92693493400522,1.94594408293835,1.9399448185271,1.91338416503,1.87766716375981,1.84483975811244,1.82060242936716,1.81292907175296,1.82303044898499,1.86432467238869,1.88549233795164,1.91336077598896,1.93599862480052,1.94096190807764,1.92469230440164,1.88932411562579,1.84579842392674,1.8219281686618,1.74162031165595,1.69212574938283,1.65590958440699
0.508605606390397,0.604279555050661,0.703201435655719,0.819634655415256,0.967878972150217,1.14506790392092,1.36320253089748,1.61796826758576,1.86438184594173,1.93013760742757,1.74691683460591,1.5243170083416,1.34957560821737,1.22199391646968,1.13659918372318,1.08320212045411,1.05626142920533,1.05147858688132,1.06552341712149,1.09579699622112,1.14026748645371,1.2009931149159,1.2708250202737,1.35856782531138,1.45816078405489,1.54641766582618,1.6566373622562,1.77664669212183,1.90207006239848,2.05180547436865,2.50370850288278,2.23189097456155,2.1839973623334,2.11332815240315,2.05898677151861,1.94833490975896,1.8842644078402,1.8418354245514,1.82112610663997,1.82145857602495,1.83634736402359,1.8582652250357,1.87940414533138,1.888917651672,1.8824334024075,1.85800679940252,1.82113548842572,1.77438561372517,1.7310196021417,1.67342463138325,1.6215019707916,1.57381554410427,1.52906086058569,1.48579520143075,1.44769582225797,1.41290760062705,1.38215553984671,1.36713015384162,1.3335493794414,1.29979357386915,1.27728401475739
0.587377958694741,0.670463670493958,0.766269915207564,0.887425999763098,1.02384954063493,1.20039005303859,1.40621625601671,1.64859098333742,1.87083970895912,1.92191522105004,1.75475892886326,1.54333388605125,1.36856790314068,1.23756706319117,1.1453857631462,1.082348018465,1.04355441146792,1.0209313329073,1.02435754398949,1.03891289195499,1.06730063572755,1.10849861653418,1.16201066821231,1.23223002917544,1.31285719208623,1.41365114806062,1.53750136300717,1.70194481792065,1.94896934859882,2.37065526584814,2.23603455294769,2.12798945340812,2.13216417764579,2.06869726981556,2.04097680599845,1.93505962945473,1.96982405032285,1.98715409870779,1.99050472513415,2.08600887395605,1.94972406768763,1.91864550837426,1.88245664252346,1.84088442543742,1.7984396416408,1.76090416301217,1.72876745960889,1.70722116936363,1.69486013781018,1.69589615762984,1.71059176946478,1.73939312048219,1.77346794591685,1.80509093553828,1.84449397379352,1.88235081043796,1.91057585325221,1.92557403439425,1.92596058561571,1.91070750467185,1.88039527653286
0.524823617142263,0.623480479297106,0.725765230546723,0.8461529716175,0.999221313902423,1.18094734730063,1.40151742982134,1.64983896010437,1.86788311207925,1.8929875802017,1.71407991643922,1.50804727289812,1.34373003423987,1.22061662085551,1.13538524216699,1.07919453978195,1.04764107108453,1.03749397677788,1.04651166380608,1.07328885128474,1.11720148502316,1.1784556759016,1.26250524758142,1.36793142382505,1.50091393672251,1.67090804163889,1.89925636224071,2.2407960727808,2.40042816686593,2.18582098511093,2.06321959117897,1.83044072815507,1.76487414864888,1.79183442914081,1.78694157764257,1.82856445468546,1.8697566955308,1.89972763092111,1.91123582261432,1.90289356200134,1.87825937765086,1.84630274480404,1.81649857184647,1.79291629109018,1.78231182573191,1.78532557847646,1.80141955005966,1.82747136038444,1.85803089836066,1.88615403545074,1.90916270173891,1.90887571225294,1.89474731096776,1.86632585920753,1.82668269861887,1.7826176138093,1.73521222529609,1.69004487631389,1.64977788640417,1.60444809258963,1.56703040665743
0.796433410590786,0.92292723256853,1.06838397478421,1.23778881780883,1.43417530178644,1.63775928664272,1.79070990326099,1.79743762445091,1.67008160880593,1.50645833678545,1.36625819690551,1.25629501535529,1.17978149673687,1.13068459021756,1.10694494173888,1.10714639228266,1.13090964401737,1.17946864828763,1.26029136965337,1.38076966212505,1.58734456012175,2.00714416606844,2.33921384301867,2.35930101392906,1.92566787698979,1.89491390416838,1.95447293326563,2.01042744265171,2.02141240912619,1.99154726902564,1.95517366461406,1.94169472995299,1.96217679283275,1.99893574150042,2.02333958412011,2.00916063675019,1.95471264179975,1.8756481210251,1.79290178723609,1.71424708952018,1.64310949450025,1.58257252023889,1.52862290485517,1.48537249397649,1.45072909413684,1.42418854984181,1.41623216498704,1.39870382736542,1.403015746395,1.42505659041653,1.46212627235055,1.52676789016743,1.61594357565264,1.727087482919,1.88225988848228,2.067793439942,2.23930742660177,2.23967656016978,2.06005782594651,1.88271253308128,1.75049774489576
0.308365202979872,0.372621187731216,0.445343761014999,0.529662931492848,0.641948540498186,0.765288157411599,0.925374918043516,1.12586666244481,1.38398896677192,1.71937165404836,2.04480999921805,1.96835921526914,1.6327018903236,1.38146837440047,1.21332351570094,1.10739727743368,1.04585227287818,1.01497048402638,1.0209487737385,1.04669755647148,1.09352197342007,1.15965686705262,1.24819862239529,1.3525563599199,1.48000551192601,1.63026274751691,1.79955207292743,1.99084910975666,2.21018644706698,2.39993998362348,2.18018770406716,1.96554672358432,1.84214161681872,1.82931410824048,1.680218386411,1.65519668608604,1.67440477207556,1.73492330353993,1.78038311814916,1.84246236798855,1.92156873870175,1.99153757173982,2.03202645173806,2.03008353461142,1.99277670877801,1.94104713820054,1.89521088629046,1.86802940049421,1.87257192612359,1.89080776964144,1.90782492593586,1.93949749496151,1.96120539271819,1.96340943038076,1.94161354786629,1.90236811360118,1.85780988213234,1.79980378064321,1.73455677407308,1.67888732934908,1.62677874432101
0.114695992086881,0.19264028387917,0.254079188299864,0.324543832894433,0.407380008807341,0.507002580105974,0.64081771056408,0.797185902825546,1.00638152361808,1.2829476648645,1.66460561118536,2.09380450427199,1.9863472032358,1.56538550849849,1.28915965915831,1.11116035498115,0.994526958609401,0.925721958071246,0.88902976478567,0.877018393808319,0.884540064657684,0.907950180637461,0.94464408340313,0.997938537865322,1.05698842102951,1.12548115290416,1.20643243691038,1.29336337798825,1.39177241963975,1.49694382640576,1.61363420817337,1.73938191008177,1.87655990902206,2.02828809685986,2.20543832451438,2.31701868317584,2.17456550471996,2.01391684911015,1.90197055039105,1.79036936602278,1.70563667976199,1.63824799513988,1.5902895644049,1.56230749234554,1.57085210197668,1.56284566128955,1.57737642438429,1.62190577718822,1.6849860044526,1.76468100637025,1.85732469694593,1.95537159525442,2.04079406992478,2.09340975316207,2.09292144518309,2.02901118902161,1.94780340487811,1.86871180528922,1.80156963833836,1.75070717572129,1.71885969640077
0.592600173908566,0.677692212530169,0.775855624108827,0.899522201631044,1.03858268738768,1.21738068150801,1.42416628175724,1.66341132845128,1.87318403996765,1.90643290935049,1.74025463944127,1.53904743088736,1.37198958984226,1.24718415852042,1.16039477322233,1.10221938650106,1.06778371524555,1.0531286183018,1.05508339695292,1.07108255431852,1.09901476695805,1.13710464003927,1.18774364594298,1.24260590271153,1.30362874264465,1.37324627028519,1.44385786471627,1.52059133896417,1.6030225363523,1.6883699614747,1.84301850784713,2.50019991018388,1.90894714080322,2.07225025518073,2.30575734679004,1.94667193391046,1.86602451897069,1.82433220024429,1.79590846598436,1.78134368450952,1.77593902563288,1.7863961168118,1.81133664002531,1.8501240413832,1.89482630432177,1.93968588141085,1.97211653823948,1.98095776178544,1.9635802692713,1.92323266592491,1.87161439797417,1.81652357876731,1.76763336986944,1.71333367437241,1.67607590174832,1.66740592236496,1.6630672772923,1.71380255335113,1.85134123851314,2.11445431033027,2.4223054581494
0.739918710259817,0.850611890533241,0.972675062051337,1.12345695853251,1.30056607371981,1.51027326978251,1.71925327388782,1.85219088954585,1.80559697481163,1.63979716484982,1.46732234808581,1.32641770354048,1.21862005610909,1.14382779272715,1.09513234186339,1.06971044481509,1.06561983164635,1.08191662026832,1.11881907937406,1.17814049301382,1.26830858704982,1.39592112588556,1.5858496716202,1.90622170996153,2.41919681283498,2.1503140451468,2.24699532750111,2.19513071078833,1.97084184266304,1.83368874368061,1.86054377496171,1.80819147258322,1.83903235838743,1.87854612742254,1.91010348649596,1.92465791724798,1.91938063118174,1.89682958320547,1.86613607617568,1.83611261871993,1.81592643338271,1.80965037972898,1.8204818306532,1.8483736488936,1.8893396265921,1.93665682340482,1.97686915458032,1.99605547427736,1.98763339344421,1.9550586963508,1.92243224128848,1.84388369216769,1.78374988531488,1.72987218107703,1.6878041967895,1.66789325931503,1.64248299025314,1.66640792860332,1.74122072403846,1.92302334069872,2.25979376865392
0.225040479627937,0.284148500142601,0.350665207119096,0.42744638724082,0.518103986228176,0.639300862340861,0.775990236576491,0.955068999128702,1.18343075835138,1.48501261789803,1.86291745004835,2.11741346497916,1.83210334429076,1.5001402051004,1.27222031597958,1.12270913234548,1.01911916460384,0.956481084252124,0.92149839809145,0.908261386518521,0.912545928437953,0.931274514149313,0.962183239184572,1.00909599570427,1.06061577380459,1.12077883259307,1.18905094120027,1.26962755784977,1.35449783788316,1.45094123013841,1.55571356121675,1.66993669140428,1.79573983848371,1.94171247696836,2.13256092987612,2.37164024857899,2.21553219042382,2.05301781762452,1.98966392908436,1.87826615476285,1.79570110278086,1.75057803669358,1.74329073005724,1.75521426424678,1.85981696857998,1.85753759742561,1.9838718482227,2.01784260518599,2.02576642048728,2.04835775393734,2.03126308819159,1.98052962158943,1.913100870823,1.84869161485538,1.84220843176373,1.75145879021219,1.70657084899582,1.68467556365022,1.67690123977474,1.68143570662244,1.69665553084322
0.532782823286342,0.63486431102134,0.741399843869807,0.874800481105934,1.02778167411983,1.21888318240452,1.45030089109712,1.70570231324329,1.89677546958741,1.85760756239142,1.65595467819965,1.45782487521217,1.30471491861125,1.19328161380531,1.11983286626252,1.07660294100723,1.06022735681446,1.06878189247195,1.1016997903203,1.15981818477882,1.24922732337201,1.36887480403358,1.53586377901772,1.75682970749475,2.05522632475379,2.4478665517845,2.28697290299083,1.97381693914867,1.77040847523157,1.6646811182561,1.62662115524766,1.60551766438334,1.61766945253268,1.66399015162727,1.7215697649658,1.78589473951329,1.84648482927327,1.89346234813076,1.92068066025317,1.92462603081505,1.90828362796233,1.87932497747666,1.84913137435725,1.82771472021481,1.81831726277318,1.82546637965796,1.8461642590541,1.87515346561656,1.90575656282652,1.92874419696264,1.9300274706923,1.91423914026931,1.88223709648214,1.83779836838632,1.78880223068398,1.73684391990646,1.68774299963148,1.64295348120561,1.5969434524708,1.56189502726107,1.57244215078078
0.136785542601749,0.220368334561569,0.28894915088363,0.368525779161507,0.462993087617307,0.577526085854648,0.731755855768689,0.920516435266979,1.1652416418519,1.49492405987441,1.91890036018103,2.13701218965492,1.73956339010761,1.40897158376687,1.19727978609936,1.06192529591507,0.973664489733946,0.926490769377539,0.907904190577442,0.912231077830026,0.935571502752694,0.975275116696062,1.03524445282888,1.10439390677021,1.18728234154308,1.28886449269332,1.40538408689705,1.53917266770889,1.69198618905419,1.8655741994342,2.05394671897331,2.245754707591,2.36553128798563,2.10148186408086,1.93269605008707,1.79009066277668,1.68770967455846,1.64472335025143,1.67948861903915,1.64271211375718,1.65259634373376,1.70504028660659,1.77452368035206,1.84063679375319,1.91202936636585,1.97010844038826,2.00103503854497,1.99844225108389,1.96572274241508,1.9177574797718,1.86888415823781,1.8213089769226,1.78943503471909,1.77477460294,1.77614346835611,1.79150669500857,1.81678362339852,1.84618719138433,1.87291071115018,1.89035804693329,1.89388320759378
0.541091230567704,0.636529600086727,0.733621656766344,0.855302766989652,0.993007461535132,1.16537618374485,1.37593458877631,1.61834776386156,1.85494710691648,1.93333573082065,1.77908852193264,1.56464004633008,1.38443467160014,1.2484019700353,1.15167726160659,1.08439284022926,1.03764832149997,1.01562595287838,1.01136515362206,1.02760252820442,1.05404578181988,1.09418641238001,1.14780690682229,1.21948387261729,1.30402087702543,1.41191796652283,1.54782270318378,1.73391593545252,2.01348897638813,2.47960804491,2.22530081204746,2.20002892112497,2.09888966973403,1.94749412299773,1.855010915209,1.81815146014673,1.81781396303608,1.83777785769447,1.86324283817537,1.88300508581692,1.88992102209892,1.88083967880671,1.85989723700957,1.82874526352082,1.79371307908306,1.76122636872469,1.73215138474842,1.71254051252347,1.70277418461632,1.70405687870371,1.71666934207484,1.74072218423763,1.77980293134061,1.80606448865906,1.84067965218027,1.87052545707228,1.89158494729454,1.89789314621267,1.88965237863287,1.86870205512188,1.83894983821195
0.289323395262441,0.348946579453696,0.415822726278493,0.492762591989846,0.594941762851032,0.706002215465096,0.84264839559645,1.02336676415018,1.25344628547743,1.55901272445022,1.92380433564742,2.09731391587449,1.78254362407608,1.47802927609479,1.26884178340391,1.13429464761134,1.04858696815493,0.995491894990983,0.974709033742794,0.976212158483428,1.00086063635549,1.0363439744986,1.08505322951665,1.14552818749202,1.22084122223701,1.30342307300983,1.39949687256997,1.50599635942251,1.62363180183486,1.75335824346079,1.9000301270261,2.08083085331737,2.3489744336634,2.2754542769428,2.09957024035941,1.95501747494763,1.87563087057524,1.83741287772896,1.87090684285963,1.85184045708173,1.90366534098039,1.98046732886798,2.05501757537626,2.09811407807001,2.08845449694264,2.03216108605785,1.96150810036398,1.89761193525686,1.85447769279097,1.83639345707338,1.84131273758188,1.86508706066447,1.90035688269715,1.93848320986296,1.96580977272867,1.97395300290276,1.96055691816689,1.92265901610586,1.8729090209169,1.81652508904356,1.75993637028025
0.570024076984475,0.673146837958921,0.779093846292731,0.911525859960078,1.06611234299083,1.24962259198094,1.46788570298618,1.70566277605352,1.88838465779756,1.88151443104566,1.71276985307504,1.52961369441268,1.38356771487087,1.27681309647215,1.20373563564897,1.16404394837615,1.15000833117513,1.15875243634813,1.19227371826322,1.24181073376497,1.31027865775125,1.40238696376064,1.51625040042455,1.65932915764673,1.8410567257345,2.10759250833809,2.50229596247675,2.21277879559642,2.1079846122871,2.09481867262412,2.1071729330169,2.08223644506462,2.02059456288917,1.96227937830189,1.92990308701045,1.92942722841705,1.9544072636969,1.98699678126175,2.00283729098523,1.98752468984689,1.9402358083025,1.8737177676994,1.80021528516445,1.72739702097199,1.65895279356277,1.59625278178716,1.54203042224013,1.49247149504911,1.45519326623323,1.41936167016997,1.38824204603515,1.36471170120406,1.35309370311079,1.3524718454043,1.36821432556896,1.40183516831022,1.45749138319392,1.55297263394198,1.69819215879238,1.90728737714161,2.17295521676548
0.553846163780296,0.655674510740305,0.761152607739941,0.893299088766124,1.0437655131627,1.23560612802206,1.45686824820452,1.70347899222927,1.88595850047854,1.85581830940499,1.66614810777087,1.47395574303275,1.32340125372981,1.21290551532601,1.13976690493416,1.09601225151394,1.07804186344876,1.0834370925273,1.11089387738437,1.16025406949949,1.23613523254208,1.33626499403151,1.47361794394898,1.66335269343654,1.94528123259734,2.3845983455233,2.27556667185579,2.20795033446067,1.99252233676948,1.90372700517912,1.87698602622656,1.8063601256013,1.84005846506855,1.89453571499882,1.94522077671915,1.97441628941774,1.97383076687706,1.94855144010733,1.91164232213237,1.87879804733421,1.85812198285311,1.85788916961598,1.87716725772418,1.9106949467716,1.94920926107374,1.97641681826791,1.98094129630697,1.95813826556794,1.91194021586564,1.8587777593636,1.7920621640364,1.73013912963276,1.67266895830378,1.62076093049017,1.57808428365775,1.54393160405547,1.52068741907587,1.51680487177377,1.53253090196417,1.56987840776012,1.68322270115267
0.524099676215244,0.614261812720259,0.705561597967654,0.812344075266214,0.948451972717627,1.10974044505215,1.30466112397938,1.54041141799789,1.79587794555297,1.95107908776473,1.85458204253835,1.63530477623406,1.44026697285595,1.29313822813823,1.18641054716618,1.11522896750463,1.070709789688,1.04815679074556,1.04391688664674,1.0551384377466,1.07957788493537,1.11546113816138,1.16138517387176,1.22047337938248,1.28442308135888,1.3593157078875,1.43969885634034,1.5316626456023,1.63597572887521,1.76528050582483,1.97444140995028,2.4822735076996,2.14632789041653,2.08447333224785,2.23345079037864,2.23766771682339,2.20754416457907,2.11715330492221,2.02800338145373,1.94846073464841,1.88699762106232,1.84098160733532,1.81142346887179,1.80071757185502,1.80782961113454,1.83172444775368,1.87052299770322,1.91537630092912,1.95963430454053,1.99045697644282,1.99748598503405,1.99011350709467,1.94130374550703,1.88005743562448,1.82212234806593,1.77499549868411,1.7237511555094,1.69402708645586,1.69510863603058,1.75856589662713,1.94900690560834
0.346957226784386,0.416334309889371,0.49527334721431,0.598893031565618,0.710355617930237,0.845683306987151,1.02257338385521,1.24766306646511,1.53161291714595,1.86792879349486,2.05822022615196,1.81772504965178,1.52296672041017,1.31472789456407,1.17392551446362,1.08664635767358,1.0388971220819,1.02326313891579,1.03474406996137,1.07012339482037,1.12762420597355,1.21092847638658,1.31410262283252,1.44687267741489,1.61244889817827,1.81272471834606,2.03783407953194,2.22813250590195,2.5449360281557,2.24251930547088,1.93229402133454,1.75748260768406,1.67255758719156,1.64876311819568,1.66650230226121,1.71552872527753,1.78296869787204,1.85645213568659,1.92564386121853,1.97385617425656,1.98843217326334,1.97042120131818,1.93540440623423,1.90154020111723,1.88283064466245,1.88253140167126,1.89785635582897,1.92030567604779,1.93925108777577,1.95389664369397,1.92596996328168,1.88980766942703,1.84265144714568,1.7878859024511,1.73249750266117,1.67670364897528,1.62499577327483,1.57662249026819,1.53071519223497,1.49403738810393,1.48003252705745
0.506691027720216,0.601469742265256,0.699412264802418,0.814727507296405,0.961749735989099,1.13798807734702,1.35618709547079,1.61407204409403,1.87210401906376,1.94880534592946,1.76324464134692,1.53226862239393,1.35483261968349,1.22783126813142,1.14638089806347,1.1002339303102,1.08439480106929,1.0954051368848,1.13116046232162,1.19082996672844,1.27894291805026,1.39394533777398,1.54140176599353,1.73045431600041,1.97038832917954,2.28535683523069,2.39493932361689,2.07864722113674,1.90339412605573,1.80863388599421,1.79769089932169,1.83994309716538,1.90888481177045,1.97936377148389,2.02583840465662,2.02927539944368,1.99676769175837,1.95088143774701,1.91379136976306,1.89918195978623,1.90677310367846,1.93318781776948,1.96103253572004,1.97525624978146,1.96437398917841,1.92623662690278,1.87115746327894,1.80633390431781,1.7427017081264,1.67595675427749,1.61698450100571,1.56234280364337,1.51489922068256,1.47234198714977,1.43588275986491,1.40303192597743,1.38012608123033,1.36296689835834,1.35439236278258,1.36001897902871,1.38983107470979
0.383477316725911,0.456824061253103,0.541218826253598,0.653097074308974,0.774490177672761,0.93040250128371,1.12190939605533,1.36175525629468,1.65998009336116,1.94923262182453,1.95797418610832,1.68931965276315,1.44336545723159,1.26213599973155,1.1385446286936,1.0504063044769,0.997047519900074,0.967745374908069,0.958019019952875,0.964539770118978,0.989751760686229,1.02259508743111,1.06611421935523,1.11935767067229,1.18569975433683,1.25800299028694,1.34274746681532,1.43536823789961,1.54256872468089,1.66387439196379,1.80598230969497,1.98880771765817,2.21895393965111,2.48516560780271,2.16051329141791,2.02828960631992,1.96735102679504,1.93722949200979,1.9486430296154,1.96799838732504,1.96318921358356,1.94555033685605,1.91109448189008,1.86890005945199,1.82841394231528,1.79333342267858,1.77010541472936,1.75834519921189,1.76130640370055,1.77811769740277,1.81730478136335,1.82731429709063,1.85142215208031,1.869435139679,1.87626139503924,1.86978149684992,1.85066041922052,1.82158276073228,1.78607788174541,1.7465567988049,1.7097959254929
0.661550370629486,0.761325598088493,0.886072372475448,1.02595656391261,1.20427954872365,1.40789034710996,1.63795934231955,1.82893762515784,1.85653017135183,1.70666929023228,1.52055020095028,1.36195606655607,1.24203255959752,1.15887127338765,1.10488412710182,1.07698521573232,1.0731521813333,1.09251944334016,1.13547209320749,1.20395250261925,1.306300097662,1.44792055544202,1.65057002716563,1.95536189453153,2.36224252275461,2.20218568439927,2.21415909298315,2.12860151143979,1.93548913302608,1.79549330489997,1.72081621656158,1.6979694858776,1.7119810900471,1.75414082644167,1.81505849675126,1.86093082173488,1.91152026038079,1.9454361191312,1.95548178926758,1.9435989578547,1.91324044940101,1.87553484348576,1.8401526248088,1.81622259997967,1.80606587349487,1.81521325199758,1.84316826092969,1.88323698870032,1.93037552277706,1.97376095451269,2.01591858642551,1.98689749013459,1.9521388043647,1.90278753713038,1.84832646729376,1.83751083434609,1.7386467111482,1.69102750570643,1.66451171891536,1.66853345134053,1.73936535771419
0.338103641596647,0.405090246211523,0.481113985180605,0.569375824931004,0.68732390208183,0.816394786225524,0.984062059319887,1.19272134168552,1.46099451798523,1.78880662749324,2.04737567808235,1.89881730256501,1.59475316287912,1.36548264826359,1.20796166796191,1.10522645485579,1.04143238171912,1.00369628103926,0.993978724732189,1.00849910526176,1.03473374118675,1.07466443102194,1.1264632071475,1.19275681085807,1.2657631698459,1.35119208678675,1.44344479873544,1.54781422068515,1.66149977585942,1.78648814442335,1.93087486659324,2.08531944456846,2.44147989177981,2.16774969072032,2.16009972879693,2.09512573793306,2.09049257605718,2.08976063738087,2.04324511092162,1.97395486373011,1.90919759961787,1.86152020300054,1.83710785158709,1.83412760435206,1.84842774255842,1.87276331987327,1.89790167942443,1.91452347891475,1.91699012843268,1.92192918631558,1.86511570030801,1.81797770577086,1.7659128863473,1.71387773896127,1.66258454805344,1.61225142752815,1.56658162422485,1.52493092394969,1.49415134469983,1.46023295972982,1.41557830171425
0.10394767856659,0.17924868478319,0.237885972808063,0.304825255114639,0.38321307924013,0.477198040574098,0.592426790021622,0.749634404078612,0.944829953616819,1.20226918009238,1.55506032687703,2.00352584732514,2.09377940668667,1.64669197545317,1.33686687837463,1.13990350426384,1.01068116768394,0.932740227208933,0.888429371982613,0.86939928326401,0.869912952389827,0.885920315565733,0.914514890003066,0.953594168440106,1.00701083213361,1.0636522829396,1.12754389381368,1.19817053646613,1.27929851142692,1.36331711310631,1.45636463987372,1.55285815531978,1.65728767490296,1.76704736985552,1.88651397799891,2.04026144450688,2.28605250064651,2.28024081767112,2.0882160952754,1.96016052998448,1.86956600375955,1.80548587680739,1.77363627629545,1.76171039743748,1.80003747077876,1.90601410474295,1.91403996381722,2.00549745682791,2.0868320948133,2.11827192776133,2.08023696230217,1.99916201404348,1.91420207824072,1.84543732592394,1.79146162292769,1.76163346434661,1.75358334436169,1.76310328925449,1.78654176439462,1.81940318520361,1.85785538937896
0.690515792507493,0.785472321624887,0.904718175781673,1.04240073624446,1.20479130960485,1.3951359158424,1.6120738434695,1.80394068435838,1.86760154634732,1.75229112450093,1.57318718093986,1.41126382718729,1.28752324796048,1.19342290774642,1.1298524568753,1.09039482598567,1.0721281111946,1.07286819072495,1.09111793888536,1.12602803015911,1.1774296155516,1.24966249862305,1.33847841746523,1.4543778077467,1.60417103297725,1.81555782757942,2.14526884502355,2.39150127190631,2.18430298875832,2.16143993934525,2.08099801325887,1.97225426317618,1.93523075150454,1.90733358509089,1.90882747825883,1.93696743747146,1.96673295842426,1.98334669136079,1.97959008692116,1.95502930080284,1.91766974301616,1.87616457446118,1.83820425610527,1.80962503138013,1.79620395959556,1.79926807006029,1.82019921435528,1.86120208077609,1.90919878087435,1.9652302418576,2.02813766900177,2.0425374123242,2.03324102104721,1.99806420124624,1.94334262779708,1.88227771644596,1.82484880254368,1.78027946440997,1.76415129918901,1.81093018872274,2.00493039319051
0.35473787521533,0.420523396120952,0.495032752698029,0.593089871087868,0.697206383174979,0.822835569099191,0.98598679193111,1.18789097563535,1.44619948634231,1.76020595308835,2.02769718195693,1.92530133139226,1.62758385323007,1.39356277120662,1.22997682053542,1.1211700023336,1.05108387353789,1.00660585166861,0.989615655734997,0.995962823346126,1.01284591838423,1.04193713749121,1.08101967641804,1.12829727275846,1.1866425451837,1.24696853003892,1.31487861590452,1.38359988036751,1.45808165571338,1.53091832530349,1.60082399410208,1.66935855726241,1.7298501021985,1.78299017313559,1.82400195828571,1.86204675159867,1.98309812462997,1.97741497378355,1.94121534897982,2.28174467983879,2.00816198120536,1.82152426427183,1.75543730583639,1.74112638006971,1.74678048594777,1.76632854397456,1.79551138581538,1.83215524110006,1.86538084451815,1.88562422272011,1.89506213364468,1.88836036409807,1.8662611553697,1.83315452571788,1.79369585902218,1.74319906250365,1.69502574763759,1.65099969452301,1.60411083315586,1.56345837188297,1.52606038876667
0.212488442633148,0.268493685675521,0.330906109214439,0.402348517196954,0.486185448933503,0.598097648861003,0.724037059450983,0.882808846340108,1.09747995432094,1.3852630987294,1.76811393539537,2.13293655390249,1.90850997013085,1.52919479276148,1.28173735410742,1.12111666892859,1.01736392055197,0.959509802454467,0.932295657380088,0.92859960897572,0.943422561354435,0.978375901614266,1.02137356889369,1.07524851240345,1.13881413312361,1.2155387897478,1.29756287657105,1.39140018011424,1.49359790605818,1.60235305493596,1.72283985459452,1.84807738366095,1.98399929915712,2.18109410801536,2.42166490055453,2.12892708490482,2.10886380434687,1.91774209547642,1.88420610877805,1.90956609354063,1.97197413848555,2.04439785876835,2.08716109055695,2.06985011911628,2.00818885626686,1.93699981964517,1.87862545299596,1.84617859003316,1.83819427165583,1.85109956193534,1.87938084878144,1.90772790765932,1.9313595531987,1.93975705039665,1.92845781987757,1.89871167581698,1.85459409412977,1.80432971293208,1.75048562349266,1.70387827179527,1.64671782975744
0.537195221675046,0.642838954630107,0.753754079859861,0.892596950248172,1.0520038200782,1.25532801543365,1.49319592503088,1.74725171952036,1.90509176227504,1.81807779169296,1.60883488659997,1.41961893712255,1.27805696615692,1.18217563746882,1.122723904662,1.09569062635525,1.09865345664644,1.13090502832695,1.19362901460972,1.29410416294398,1.43638803578029,1.63365783453372,1.90882268319604,2.28079354083749,2.54774916378229,2.09822535471432,1.86774103447215,1.68716460075862,1.64058934204216,1.65771913759279,1.70919394534924,1.78199620593765,1.85948426509962,1.92612030488442,1.96548131614929,1.97059082674119,1.94636812240242,1.9107403997087,1.88191653490327,1.86831052541772,1.87496756444239,1.89616759857369,1.9215167998074,1.93801342571782,1.93513119296145,1.9095526664511,1.86551708460026,1.81049021870656,1.75177711290867,1.68970812429318,1.63118649387782,1.57845981335787,1.52992420547957,1.48373992920096,1.44411047813889,1.40833083134249,1.37627515395217,1.34827248873813,1.32492741277941,1.30311063591819,1.28634059585779
0.371959785313733,0.439667481741232,0.516788696301673,0.619014563659435,0.728284777971688,0.86096082160346,1.03474126221704,1.25491117083074,1.52990670605119,1.85167782980356,2.04096628692628,1.833297559303,1.54852234967339,1.33609832163672,1.18898570558734,1.09240778358076,1.02846715410824,0.99750467759279,0.989938835891555,1.006565329063,1.03605386570888,1.0806995428333,1.13929542070528,1.2149571137121,1.3012509183435,1.40488887248665,1.52456517665808,1.66375718479909,1.83137098457038,2.04797379140114,2.35260543953823,2.28076428394965,2.10485412656334,2.02632335559939,1.8957021459998,1.81538033633062,1.76922851024614,1.7628986527572,1.78097036377351,1.83641558918607,1.90744900211092,1.94847148588711,1.99660375719917,2.01859037324802,2.00490154103338,1.96313394152633,1.90811360662196,1.85364720123923,1.8088722948168,1.77869629125307,1.76705200950907,1.77199013780952,1.79177202405925,1.8226060254044,1.86052668909292,1.89600648147562,1.92427243935429,1.93720252875792,1.93868469164603,1.91140873499367,1.87306577340126
0.306558331731195,0.369924554591379,0.441605303006359,0.5247247765685,0.636444769865237,0.758324670144545,0.917336464209368,1.11645521507985,1.3766056707204,1.71056836573553,2.05187940515411,1.9891986506379,1.6417346421412,1.37682685102206,1.1977245025117,1.07969204039628,1.00024248773952,0.957263012928624,0.939698182768574,0.942782866270932,0.963062203985458,1.00343348332736,1.05218271549018,1.11278398142127,1.18846503618239,1.27185676587881,1.36947369191224,1.47842844670113,1.59974169057601,1.73464322766243,1.88903864506172,2.06486626561516,2.26562045540149,2.31557571844324,2.15553140444784,2.0174003867625,1.90210755075689,1.84485915018901,1.72381887294163,1.64827346196239,1.59835069677809,1.56572440329965,1.55506692317255,1.58957243407572,1.59477980506697,1.69208510162935,1.68706017186413,1.74823671715384,1.82457759819096,1.90415222465851,1.97616030768263,2.05675571401829,2.03802578362128,2.02205533765082,1.95229987746626,1.88316304767018,1.81727651459865,1.75847567630058,1.71108230916806,1.67342904470437,1.64885920178211
0.578383987490223,0.660640613828407,0.755277635619802,0.874471085385615,1.0082769157859,1.17600205008131,1.38022023082692,1.61358710439081,1.83927106706781,1.9218713373442,1.7819100006596,1.5747146562205,1.39608254679235,1.25926649499192,1.16057911998187,1.09032420270258,1.03952048086153,1.01237359986008,1.00159096309918,1.00954696637637,1.02552656051385,1.05244152342146,1.08923638441391,1.1352009386092,1.1941760633677,1.25906921413736,1.33766415215826,1.42725806087434,1.54091662845604,1.69874854514187,1.97730925490652,2.53146786971442,2.13277098938795,2.23453073818761,2.23240601123123,2.04730854491519,1.94667957640866,1.90790361562324,1.89183957445313,1.88147755638586,1.86739760743506,1.84453449815471,1.81850682214709,1.78444599449005,1.75045857857406,1.72155045683059,1.69686095915308,1.681184763959,1.67437675126527,1.67726899124598,1.69000299334147,1.71202983386143,1.74283657363997,1.79611552933948,1.81371829010255,1.84768231674658,1.87496386133888,1.89209509760418,1.89669638198513,1.88866790280405,1.8712186327028
0.385755020001831,0.456263434836783,0.53675471512333,0.643116999566707,0.756762647047146,0.901400585971636,1.07186669627237,1.29409439606463,1.56374370483837,1.86004803395997,2.00248327707419,1.81238293687462,1.55264745654593,1.35466889309608,1.21143627575477,1.11365634522295,1.04861971950712,1.00526212604942,0.986511342817211,0.984340733277467,1.00081385660473,1.02403638194636,1.05667245272827,1.09712398308504,1.14402985181849,1.20050905930014,1.25769355453287,1.31812117778053,1.38447002264925,1.44904432340752,1.51865289789905,1.58299882995778,1.64096632953754,1.69641815305047,1.75414069193638,1.94433993731122,1.85681374925321,1.86446236307693,2.35360369145436,1.89354770533069,1.8015538165312,1.75741740006992,1.72951815071341,1.70985427513373,1.69762637167283,1.69749107812109,1.72947408915472,1.72437491619732,1.75055011793313,1.78161082605721,1.81412836997217,1.84479690932106,1.86678489346233,1.88499769077168,1.87672052581886,1.85508459055988,1.82738231910605,1.79211512681552,1.7568383791425,1.72644575886421,1.67473252700287
0.377673562416798,0.445878822675117,0.52359524334603,0.626586642072244,0.736464032846705,0.876775811197156,1.0429154694535,1.26099122235477,1.53000328791285,1.83910167343723,2.02264323362841,1.83998123078934,1.56758746807985,1.35797464166732,1.2100761295309,1.11095236457379,1.04695051278765,1.00659112051751,0.992737557695726,0.997339944549364,1.0226958331802,1.05705793071522,1.10352423983853,1.16100008962117,1.23279856847479,1.31150081852519,1.40353192484335,1.50407030355788,1.6200913932415,1.75491751645211,1.92062220528312,2.16474707583656,2.39698524817018,2.17043110027382,2.05224795447642,1.97109894478738,1.90679886474076,1.86711503143536,1.86164859100024,1.88784086967304,1.92568483454451,1.98217176379731,2.03146386540762,2.05208964638163,2.033962043283,1.98553680409188,1.92243800957361,1.86156144982524,1.81049893862233,1.77384204177688,1.75532614265641,1.75518878903306,1.77597258175697,1.7959505492571,1.83539870826179,1.88516126656391,1.93064247281571,1.95010095586689,1.96346364622184,1.95790167141486,1.93652210492976
0.525649670779013,0.624628034311871,0.727531013664479,0.848984880473783,1.00400177279741,1.18903610829961,1.41509665040986,1.67256957163842,1.88992448628642,1.89166467793965,1.6934290101719,1.48682456362851,1.32640834283758,1.21035498950159,1.13473224224831,1.09089218026203,1.07481625875391,1.0838637976477,1.11663629181964,1.17295394738887,1.25754148115503,1.36779223507075,1.51618418122607,1.71484786556029,1.99199214980104,2.38867646802626,2.28894203162899,2.20221936069379,1.95677424280932,1.87926428919966,1.75220623572173,1.78223268470369,1.76858643030652,1.8178749039727,1.88267412664602,1.944170951508,1.98570115740599,1.99733323704381,1.97777999320269,1.93966574328847,1.8986070173435,1.86747382504246,1.85561418114882,1.86440576240179,1.89115527695893,1.92743924069467,1.96144119970628,1.97652898612302,1.96510724874121,1.92785180973106,1.87243666884102,1.81002643387316,1.74535870767861,1.68686486425444,1.63261076355913,1.58723682041606,1.55041754984416,1.52326801535494,1.52380890557227,1.52499221761229,1.57816589938422
0.124122315934569,0.200140577025447,0.259029499769271,0.326335983667077,0.40529067463284,0.500168120339149,0.627980472790295,0.777017972880837,0.976480300671953,1.24019952818009,1.60377201695491,2.04532695223578,2.05022719493721,1.60903277430607,1.31262471617043,1.12046676005773,0.991945290257491,0.911663122988029,0.86277613487462,0.837243447846064,0.829497722452394,0.835562209238491,0.85252774622571,0.878224641454994,0.91100734505762,0.955322867176489,0.999447753942395,1.04772295786375,1.09952465418816,1.15433682543581,1.21638532470058,1.27670493714999,1.34197482471556,1.40615108007965,1.47124377608886,1.53966469691638,1.61691517689624,1.67111338903858,1.7691233098683,1.78023450080421,1.83698408143908,2.07640174656304,1.97409501710642,1.91560672409559,2.08659412721744,2.47111669202546,1.99234349427147,1.82992806394265,1.75633820808907,1.7137654584058,1.69074101714733,1.68166754167114,1.68470479198187,1.69851243789025,1.72589406142248,1.74919731071611,1.77840021641888,1.81285033417869,1.85988247163014,1.85338806011051,1.86036966052272
0.343967875856649,0.412940888395224,0.491535083252389,0.594714624979566,0.705932609638198,0.841066483977613,1.01730911648232,1.23719433126184,1.52141448789089,1.84858675863601,2.03864334747168,1.81847861424336,1.52887998383796,1.31926997358524,1.17397270035947,1.07928915839867,1.0171145897908,0.987603838995508,0.981074890657182,0.998477811284399,1.02797256517279,1.07195687970537,1.12915955895615,1.20318049656296,1.28663548952644,1.38708359939031,1.5022420527405,1.63373351128173,1.78359724777629,1.94745239526225,2.10651522020509,2.36723816935759,2.35487874166984,2.06962934611721,1.93001569859906,1.88741600633516,1.88891523111972,1.92858738607155,1.97165531187361,1.99201313070304,1.97963528122157,1.94325369731814,1.90097023394779,1.86511902380643,1.8449504457747,1.84400584119155,1.85806860136616,1.88059933783229,1.90309147072864,1.9246056914033,1.91619802944336,1.89421558957425,1.86020031473038,1.8166100621153,1.76688034679401,1.71689034582415,1.66622899050101,1.61927779612766,1.57533508817589,1.53536032682248,1.51449502418286
0.832961594981341,0.964063302673855,1.11458898053279,1.28853483816485,1.48603857689145,1.6789278134181,1.79045499255648,1.75012290840803,1.60959218206188,1.4549518780142,1.32460201093235,1.22284990853114,1.15184398099489,1.10620788202417,1.08470524237549,1.08740670343993,1.11654405150609,1.1782122523127,1.29027973382952,1.48511948823089,1.86102897312076,2.4745431183812,2.11806354157707,2.37791809415009,1.85525677410966,1.69399089458763,1.66209537953527,1.69813675424678,1.76217539444725,1.83226226988906,1.89369769035836,1.93308050347126,1.94487718137689,1.93057747136106,1.90255401096602,1.87623293956529,1.86059019131827,1.86531309150501,1.88983919815403,1.92903176062202,1.96648370721128,1.98717632084447,1.97616212857495,1.93412729991896,1.87467793865558,1.80714845979123,1.74062806838959,1.67932871162151,1.62917729308106,1.58632221560509,1.54765559517228,1.52446011873111,1.51494522126802,1.52319285718767,1.56152060285595,1.63159579390353,1.74594001936915,1.92964528872499,2.18599237338917,2.34323603400577,2.07994120859679
0.482923145747813,0.563821940464706,0.670726622059729,0.783386776886563,0.926234003294542,1.09690590239063,1.30406139931765,1.5527940417179,1.81007626216011,1.93241000907141,1.79479732293497,1.57159694328831,1.3829321055208,1.24132876114448,1.14072607536045,1.07054702539823,1.02123301305533,0.995994746464124,0.987610312360827,0.993580022721255,1.01701339896245,1.04697156759818,1.08684221585451,1.13580696063739,1.19727897181305,1.26423193672156,1.34022620421385,1.4303521570186,1.53346620672906,1.65660570015407,1.84239629422853,2.04281169249264,2.49174833530565,2.22183368085792,2.14191891511947,2.03531333897982,1.96885255715852,1.94464465730945,1.93830541433421,1.92923921533601,1.91575731279653,1.88447536520992,1.84761745584439,1.81006048854167,1.77516618983133,1.74775744996825,1.72746412894766,1.71891020244598,1.72111731021147,1.73384902173242,1.75853894632136,1.78485429822116,1.81131002894771,1.83714969151872,1.8573047298071,1.86583660569784,1.86217325020913,1.84685673161909,1.82088432852391,1.78993569027247,1.75609009655372
0.815568991037677,0.935392876618143,1.07190834051165,1.22974807131827,1.41242934766858,1.60432111736265,1.76294960235544,1.80799551590557,1.71798970771937,1.57203128813576,1.43162008978296,1.31803367092748,1.23089584622473,1.17255548710969,1.13683727207174,1.12209738793252,1.12740309738956,1.15286819654841,1.20403042157342,1.27945543443933,1.39842805121448,1.59596540693534,1.97989029672284,2.4593480088549,2.11218789525715,2.36105581213483,2.03688011222384,1.87961109761507,1.87185836460131,1.91188009202225,1.95466979244282,1.97856686884663,1.97540816675993,1.94940880817459,1.91551386494466,1.88807246933077,1.87947346400747,1.89408924683399,1.93082111739462,1.98099055592529,2.02365573749201,2.03505046159485,2.00600059404079,1.94520892475817,1.87274759148189,1.81369184130557,1.73278995885963,1.67530202467602,1.63364968665124,1.61757663650503,1.59209342046323,1.60353888580921,1.64209131301856,1.72146695230618,1.84388616644547,2.0189669260284,2.21588322913428,2.27421497823294,2.08792176033422,1.89014849324765,1.74206818863548
0.668907045740874,0.780133975991659,0.918484616460072,1.0797739724083,1.26918673009711,1.48707093829649,1.70124387425019,1.82106679233084,1.7592349119987,1.59221300406277,1.42625003954964,1.29571357224853,1.19576838446949,1.12790888187681,1.08652758144889,1.06963876934392,1.07654557080131,1.10811432839354,1.16732109884949,1.2637521993806,1.40660292880337,1.61852463487718,1.941850208898,2.43611851609219,2.43189926672762,2.49473303343564,1.72779166035383,2.06911050551291,1.62513506093432,1.64350605141101,1.69835999942536,1.76323679639499,1.82427386644073,1.87402842067636,1.90154733748472,1.90537436305124,1.88863420997561,1.86313410150159,1.83695047125533,1.81927166016148,1.81645132841457,1.82776330672937,1.85006306187114,1.87789770596476,1.90022488301245,1.90973572847998,1.90148420492616,1.87569647686277,1.83623015950126,1.78959802682644,1.73732063615309,1.68508010167886,1.63629118750491,1.58862424573256,1.54638877802968,1.50776511331474,1.472853703514,1.44179702409713,1.4133633551657,1.38941510400412,1.3679599585575
0.308284618741176,0.372853280691385,0.445834532637493,0.530350007018615,0.642870293559401,0.766444682254931,0.927138436106591,1.12901394051326,1.39339411587896,1.73200033290729,2.06094934340051,1.96683477095218,1.62125530570085,1.36981655499313,1.20454505963358,1.10308195438928,1.04702319594507,1.02656585255855,1.03503622288173,1.06793235300316,1.12236735459011,1.20041688588806,1.29547253757056,1.41425141694697,1.55511808521353,1.72086656210364,1.90537247193995,2.0909173333049,2.2370081633831,2.37472875258054,2.09379722010386,1.87903532871774,1.76310187594915,1.71459793258266,1.71579849595607,1.75792608943093,1.82793743545227,1.91200850965067,1.99089890379494,2.03904847359171,2.04015310374432,2.00164079354413,1.95242342248247,1.91642101036248,1.90408834288057,1.91542743254648,1.93950913107077,1.96876232584957,1.9728853923232,1.94790780202246,1.90693859463779,1.85095629920192,1.78977067168744,1.72651878025057,1.66518342827848,1.60932495107161,1.55811852467833,1.51856393231132,1.46785758512775,1.43251267097974,1.40490592230946
0.695302932651305,0.809688226710265,0.952060539857448,1.11732170541333,1.30930772386839,1.52484104947117,1.72232113292801,1.80717192946593,1.72169459553333,1.56015707877955,1.40487094225021,1.28105124474642,1.19130986553192,1.12907483792313,1.09143355639815,1.07600189498147,1.08117915140341,1.10621763577427,1.15142906158257,1.21877149850364,1.31744484450752,1.45661148112033,1.67471923047059,2.09744063457768,2.29737900914603,2.2770852053766,1.93949085055072,1.84135040125785,1.85771629835841,1.90167055736387,1.93266536106394,1.93674585063342,1.91513300236451,1.8825724503436,1.85557053366435,1.84250822619558,1.8503504050465,1.87563380855038,1.91077009306616,1.94011869441967,1.95079030364801,1.93516629935738,1.89549892081339,1.83937131885635,1.77655724494085,1.71491202874411,1.65486637852642,1.60150409627389,1.55313251610764,1.51257519023651,1.48066416749465,1.44845749981895,1.42841430031197,1.41832788616562,1.42033508181704,1.43855156812956,1.47864606331528,1.55464490607176,1.67908889601541,1.87440229842915,2.15300180576089
0.711513351661222,0.814985955625356,0.944906071982399,1.09560190683415,1.27290682205374,1.48072499698294,1.69807254737132,1.8471463752701,1.81870477149398,1.6575988252547,1.48369378907519,1.34159584606013,1.23447889087289,1.16253607458559,1.11900945176274,1.10111189845381,1.10692745865828,1.13558806521809,1.18756067820534,1.26880638168281,1.38016847195944,1.54536867183033,1.80050430444589,2.27420562030807,2.30911653990026,2.27351100519679,2.01123824183127,1.9203576955408,1.93881601582005,1.99357656627503,2.03497243039718,2.035960495457,2.00303368413191,1.960559386515,1.93212575981175,1.93167374347111,1.95776038101315,1.99823734229841,2.0273860073775,2.02371828149577,1.98171164933926,1.91192702609623,1.83435807750598,1.75805726678623,1.68781272041369,1.62546809684935,1.57481835001787,1.52924799728435,1.50304160473194,1.47387030737539,1.46208509613974,1.46623714254467,1.49107898398903,1.53851607565703,1.61859664018243,1.74343265264925,1.91995238568492,2.13844099299671,2.29905324049901,2.15633901579052,1.9279570364834
0.866825856367639,0.990622973849567,1.14148117778148,1.31856102987628,1.51163928270446,1.69273820680056,1.78930845833009,1.73960727859006,1.60064401979509,1.45096033484131,1.32501859457984,1.22663790490705,1.15820624469465,1.1145735616905,1.09460648008004,1.0983057784423,1.12759958522522,1.18791262387952,1.29568994751418,1.48085226810462,1.83655702246831,2.46201924104301,2.08811227873244,2.41817860359015,1.93522949084405,1.76273488508198,1.7519153497922,1.80408934742459,1.87578608296592,1.94040914896519,1.9813633759899,1.9864851421968,1.96317307496854,1.93179077279746,1.91202834323895,1.91811314123329,1.95216883544908,2.00181903857342,2.04203543690162,2.04772217288375,2.00618908012329,1.93479922597594,1.8540662503285,1.77751192522157,1.73579545963344,1.6498875724636,1.6002271996925,1.56783392159533,1.55860003032983,1.55666643592875,1.56447024910509,1.6102660540945,1.69018118223123,1.82349047779139,1.97481781451191,2.16248338020234,2.26198922386765,2.13244996359769,1.93308609950105,1.77795100960312,1.66609374933243
0.674881666809343,0.786322350454978,0.925204992487164,1.08732631722381,1.27801332256357,1.49777012797019,1.7127994223651,1.82948609371613,1.75662472903997,1.58467177420615,1.41824093312363,1.28963586712516,1.19325503970081,1.13098991183565,1.09777901048955,1.09269266502216,1.11674470873448,1.17366160735795,1.27471906669935,1.43290065782275,1.68029751068144,2.07095291038154,2.54827563615656,2.13342049713752,1.78028065702855,1.62340868353424,1.57253549102994,1.58609224037284,1.63520440817504,1.70600923015883,1.78385096484213,1.85709032514978,1.91343161282204,1.94156004565279,1.93890168924717,1.91592923791393,1.88467787085268,1.85974517615213,1.85116939176372,1.86027808361895,1.88339830434174,1.91111215190352,1.9308020324431,1.9314621350892,1.90890187978071,1.86683842766805,1.8116559538982,1.75354739557982,1.69472244855264,1.63785276056973,1.58447094626943,1.53801710974173,1.49649197930829,1.46004072879881,1.42862917593776,1.39990967397883,1.37946955326822,1.36572101374194,1.36304973398581,1.36498143859742,1.3825410378972
0.557997528665724,0.654027734706029,0.751143476298624,0.872911730183309,1.01009950801331,1.18285487532937,1.3961392546081,1.64803761478383,1.89482312530895,1.96745803197284,1.7864543076929,1.55957755317454,1.37931081746036,1.25138014866911,1.16947991762453,1.12261638673317,1.10507654596182,1.11218054956796,1.14014778964088,1.18591439178148,1.25148169818144,1.32712248965219,1.41855171103496,1.5197413939188,1.6284291677171,1.73982290219715,1.84806352569568,1.94530063126308,2.13668189217417,2.17254211752314,2.48318219746485,2.10367324839867,1.96459169579872,1.91781042847991,1.91802874136686,1.94046675031362,1.96433164780421,1.97033175418644,1.94822705749248,1.89944432644835,1.83545284823774,1.7658510653566,1.69662320025612,1.63279549471767,1.57188777150366,1.51797572125246,1.46724304801818,1.42406300596958,1.38210903044717,1.34792011608908,1.3190110873669,1.29687289744337,1.27453387753567,1.26077049327778,1.25460695240549,1.25522202953656,1.26780791993712,1.29572793335241,1.34870141043863,1.43204654959841,1.5683100862385
0.556185142033365,0.672251366064239,0.795606183526423,0.951625071624187,1.13785878605535,1.36577567113172,1.62960826971073,1.8671170759683,1.89969375050487,1.70703269764414,1.49179219613661,1.3254587576928,1.20620537291597,1.1319743086145,1.09618887819062,1.09844892189723,1.14120462652855,1.23003856417618,1.37928438672606,1.60647605602897,1.93222613812944,2.34510592015842,2.41029671924332,2.05035499778907,1.72117677123006,1.52945746384702,1.4132732531545,1.34736673275551,1.31504501039389,1.30481576692083,1.32117607536499,1.35101609141944,1.39766636776002,1.48045338003938,1.91296876722737,1.61865978634076,1.88591807044273,1.709531614991,1.76742901043244,1.82935228051886,1.87876147020194,1.91132952194316,1.9191912711118,1.9074016769901,1.87996158725103,1.84853035905209,1.81931839413178,1.80162169265388,1.80266332888424,1.8088358979866,1.83252074667616,1.86475882843431,1.89761904638447,1.9219387697567,1.93000562164745,1.91851458653896,1.88976844487912,1.85038235352422,1.81368879789291,1.90765580215531,1.74335370905085
0.511961472668657,0.599517628572729,0.68737385299628,0.789312201999452,0.918327502287345,1.07009119132186,1.25295616163882,1.47611850512912,1.73045736763678,1.94417157790733,1.93996108049657,1.73890216936773,1.53004570602345,1.36769013535567,1.25496224824329,1.17543262862716,1.12886636142493,1.10641292089578,1.10391094789764,1.11801265607753,1.14599041700867,1.19053651269974,1.24088695186605,1.30322243355493,1.36941507277615,1.4444642034785,1.52986563029299,1.60521282303155,1.67657465567613,1.74462197721284,1.80645623323763,1.89608746785968,1.95438396545638,1.87793367521603,2.1269011501515,1.86061169930972,1.82072568628055,1.80093664324978,1.79737369481684,1.80923224930371,1.83553781583694,1.87439784462632,1.91650094774936,1.95033767759759,1.96614377164213,1.95741613787119,1.92524141238855,1.87535542505237,1.81720091042512,1.75706717738371,1.70087373776614,1.64783850947597,1.60192883571243,1.56757117199847,1.53982778022378,1.50865041327,1.50033534388779,1.51334889453818,1.56128270658052,1.66003079297762,1.84621374284943
0.316829086234675,0.377041315909172,0.444673113239821,0.522420403944897,0.626159796861399,0.737624364942886,0.881020024003581,1.05268817865395,1.28139451808581,1.56988624137211,1.9130833874838,2.10042629026615,1.84667707242817,1.55239214257848,1.34353653328945,1.20161934059241,1.11070813927106,1.05444194291228,1.02486839955569,1.01625538702188,1.02440812021372,1.04620847389691,1.07930683624449,1.12190683175761,1.17755110925423,1.23616309243133,1.3044931655302,1.37552327431432,1.45412637477514,1.53420024607035,1.61956795222434,1.70620142549214,1.79364143277758,1.88528558039236,2.01562975355987,2.30957454928281,2.31206143543877,2.03173037897822,1.96724667808202,1.97674641730811,2.05165832856337,2.17082440711551,2.24857188306634,2.18801930455864,2.06268745027561,1.9529972048591,1.87831829121983,1.83505954272191,1.81951584355665,1.82903015906037,1.85858196221709,1.8989059001517,1.94595140284833,1.98328953569494,1.99976956585926,1.99440096167192,1.9639828205561,1.915855347085,1.86048361410361,1.80173998708964,1.74978582299299
0.226858096053978,0.283662416896151,0.347153752278261,0.420006375044087,0.505607975158802,0.620034425683035,0.748281501273232,0.916003004278664,1.1295012549252,1.40936090549966,1.7775152919487,2.1128698844366,1.91193286541451,1.55474921568913,1.30792547243183,1.14296739600539,1.03123734696619,0.963180895770344,0.924261838474419,0.907900085851442,0.909419946279329,0.92543685708753,0.95347780768797,0.997435662360616,1.04543181251597,1.10162956090727,1.16548374225052,1.24136254990637,1.32108770094278,1.41230578405657,1.51199651584317,1.62173936673529,1.74401726934335,1.88585911298626,2.07887213836303,2.4107864801191,2.21017014789183,2.06384753775995,1.99332757134023,1.91861187592535,1.87712612614136,1.88057575334874,1.91347740143589,1.97173787275548,2.00819045385101,2.02480153229152,2.00486288343194,1.95718036977022,1.89792867141902,1.8405626906403,1.79314389286653,1.76144375215139,1.74903566842965,1.76330420904215,1.75330169882322,1.77386013987675,1.804251144079,1.83631428805198,1.86591504191029,1.88794438043248,1.89845067642794
0.307774968042567,0.369281532920625,0.438486223473211,0.518334171258824,0.624784231735582,0.740741898899445,0.890922740762714,1.07356343759233,1.31955760860005,1.63510647455447,1.98425921679303,2.03707214689285,1.70436245268037,1.42468344226391,1.2342962591775,1.10829915891318,1.02237006780191,0.973523662500425,0.949602301841618,0.945107664887407,0.955970301424152,0.984555841175745,1.01840706389995,1.06052374209819,1.10944784903388,1.168172905681,1.22814445949648,1.29187657446936,1.36217601415566,1.43145558250197,1.50495880679619,1.58356615227528,1.64936679450351,1.70878011730169,1.76496825773473,1.8210357677509,1.96145845737056,1.99276809619606,1.92380854981136,2.26118518062091,2.05956860301932,1.84992154558254,1.78391894115655,1.7501116973716,1.73561639030277,1.73784398804297,1.76200081669273,1.77012504026471,1.79858048708793,1.83138028950517,1.85980191090284,1.8799646668684,1.88896331850037,1.87712937374453,1.85493201812138,1.8210506384574,1.78196933328076,1.7393631418761,1.6945064462155,1.65216083337994,1.61076813627468
0.420667337738487,0.494482496273859,0.590594817660589,0.691141951580639,0.810525072901312,0.963189988632349,1.14779210916621,1.37824925163262,1.65316021932023,1.92378573733287,1.96853937256874,1.74052169903498,1.50303347156429,1.3268680863775,1.20235646290979,1.12156642452735,1.07315950993575,1.05099123507506,1.05042985093787,1.06796086348838,1.10090269139746,1.14721026057459,1.2090959589432,1.27881378603479,1.36142537657471,1.45145084120932,1.55331442415379,1.66459747146817,1.78824898034628,1.94547823601143,2.28071649166617,2.23638433543605,2.10275053381529,2.08891130454956,2.13897402181243,2.18731401882291,2.15068539489511,2.06361607060351,1.97627965131055,1.91161714357444,1.8784342886427,1.8724596657495,1.8921416460182,1.92907266524152,1.96776503829055,1.99534151733155,1.99636765521915,1.96716992432625,1.91684436859859,1.85360158123347,1.7873529427444,1.7232284784596,1.66327063136704,1.60992544632671,1.56656341795477,1.53311375476085,1.51014713777253,1.49977709826897,1.51870979838972,1.57747043292046,1.71150400531094
0.813786344337054,0.935496350005925,1.07388269744681,1.23298132909164,1.41166959384375,1.59893848985513,1.74574926378895,1.77739039176915,1.68443722602252,1.54263436773695,1.405918339194,1.29700343372975,1.21044248808944,1.14963682067857,1.10947201294739,1.0879051200832,1.08326169653795,1.09429565747722,1.12023775808683,1.16098708330666,1.21772444545798,1.2992680279234,1.41744029293812,1.64698485109519,2.32868127584699,1.90085612620504,2.19240321218154,2.07479611721595,1.87596019820799,1.8760353154126,1.8942179828519,1.90189597867428,1.88806888392685,1.86838490261233,1.84813618765947,1.83984474831972,1.84895058895658,1.87796291839714,1.92436842426733,1.97445752759916,2.00919461151862,2.00993619749668,1.97316463687765,1.91360167098032,1.84423487127867,1.77690367205815,1.72029762919515,1.67047900985628,1.6316383413774,1.61262616374685,1.61846945755099,1.63889599052315,1.70361034268762,1.8134979744081,1.94748028367712,2.13490388880206,2.26937781921638,2.16862457232811,1.96063639805466,1.79799938226577,1.68037485426299
0.847574773026304,0.964783533420239,1.10711102403137,1.27061859232402,1.45669853596921,1.64208110317982,1.77238844167963,1.77154910598341,1.65662488019448,1.50898941754788,1.37432393745237,1.26684263242884,1.18864257734858,1.13396323243648,1.10088591610899,1.08783471389176,1.09393877227992,1.11932501539939,1.16576218719423,1.23837856065009,1.3555037443615,1.55734264919721,1.98466264449124,2.34053428330753,2.08314848021984,2.43777825793078,1.96138746116622,1.85760465731648,1.87490114759049,1.91250386039724,1.9414157466635,1.94678539232405,1.92930056398664,1.90228524611696,1.88187780474957,1.87716944112092,1.89845919410943,1.93984255868688,1.99235218503892,2.03372069362183,2.04050994922333,2.00635164664001,1.94241609184505,1.86774025948564,1.79466392771692,1.73525468848554,1.67235533361975,1.62934136335859,1.59891828488659,1.59528942962061,1.59145579153065,1.62563486591273,1.69718706919812,1.83541598778857,1.95528494218685,2.14099496600522,2.25931720654741,2.14833781836626,1.9443625202753,1.78538912996375,1.67065505568419
0.225707993768565,0.282596867619966,0.346425250370013,0.420009532252973,0.506941456742397,0.623680138342415,0.755485060393221,0.928857513461521,1.15107793713514,1.44690081405897,1.82801929675249,2.1276716402523,1.84931077198036,1.50089214126098,1.26327336912004,1.10682550227128,0.997346797925465,0.92845403130517,0.886380119928387,0.86479802376177,0.859190397469012,0.866245987485346,0.883485618753656,0.909020496209669,0.946968021205691,0.985688344812797,1.0293014187656,1.07709889344517,1.12851607866406,1.18755850188665,1.24568596238515,1.30641622139156,1.37300590095875,1.43883172031736,1.50924628207587,1.57914981030767,1.6529179777725,1.72748546730419,1.81229739892706,1.93944040677947,2.30154193127278,2.1232240775152,2.04707716440373,2.22527688348746,2.22168103481213,2.20784700890753,2.08701722657877,1.96935742048628,1.87602527513471,1.80386055651292,1.74874550708757,1.70598058921934,1.6800858408266,1.65874166147817,1.64813734753961,1.64973125895872,1.66088379572052,1.68563574915521,1.70419897899588,1.73170643619125,1.76107626464061
0.620236930811157,0.717214628690489,0.829600399534541,0.971734322064166,1.13866027048136,1.34142989643106,1.57562319359555,1.81161879016332,1.92326436632657,1.80239688296803,1.59398068703179,1.41718749895851,1.2849621750486,1.19355774642176,1.14000406010993,1.11660623766606,1.11943390840359,1.14527240631368,1.19152730572624,1.26063535510893,1.34363128256109,1.4435758616655,1.55922756131358,1.68884674540819,1.82402803445899,1.96229502761341,2.21312642316388,2.36163543045728,2.25530203107436,2.05306286197147,1.9607806360929,1.92998930425192,1.93827235029558,1.96060647187921,1.97138777634313,1.95374621076018,1.90615536740482,1.84040660865077,1.76780144150855,1.69543574269791,1.62667199103261,1.56498531071996,1.50665297213134,1.45575263140462,1.40973955036102,1.36618894852345,1.32956060138091,1.29722644652066,1.26904576459985,1.24520068137121,1.22601799347095,1.20833271799511,1.20145400015789,1.21392894382019,1.20638723674578,1.22033452075406,1.24831958319949,1.29442808493888,1.36920327425514,1.47793996838268,1.64489162667602
0.827309477411666,0.953498003882642,1.09833030682037,1.26648434707784,1.46046431620025,1.65902757341735,1.79451847243351,1.78480003275945,1.65323366997284,1.4924747786413,1.35567681187068,1.24800666642575,1.17274365390543,1.12427951544775,1.10143991193189,1.10428287051451,1.13487444617579,1.1985462860212,1.31034119453145,1.49258230702378,1.80854434719685,2.33066051868492,2.16337668998789,2.34581122457767,2.07541491668356,1.80747008176141,1.71058106897926,1.70755154260272,1.74478777291823,1.81154271729557,1.88529167738145,1.9500483872919,1.99073200446189,1.99775552326014,1.97627208786982,1.94332869188515,1.91668715830254,1.91092201883023,1.93073192102531,1.973982553861,2.02475075388894,2.05762993706514,2.05118168703855,2.00323413639351,1.92855275694031,1.84894360769812,1.77358917535386,1.70718533631168,1.65184998805232,1.6111740563141,1.58283846304915,1.57479000781596,1.59208544492686,1.63848181533079,1.73046280134856,1.87329768264048,2.07540994717498,2.28003350541893,2.22418869338897,1.98626799021701,1.79829140680978
0.259781350756612,0.317813344074231,0.382769618433792,0.457427124534216,0.545331588010678,0.663898234953491,0.796701156996695,0.972020212495249,1.19630572485087,1.49392813214703,1.8678153073493,2.10963029292763,1.81380203954303,1.48712056467706,1.26486826601196,1.12159977326322,1.02512562073346,0.970426862140754,0.943919804067483,0.939463119263561,0.95267824204372,0.985636327171899,1.02637625001863,1.0779654384924,1.13933598130632,1.21405747638233,1.29437174129993,1.38699016548278,1.48886978487995,1.59908717623154,1.7252614138421,1.86709044126315,2.05477055313475,2.36265832101362,2.24984817329112,2.07556495634498,1.97709459425079,1.89836384756247,1.88402061009418,1.91843797054271,1.92270064163525,1.94503937373226,2.00855284769634,2.05287137173595,2.05459207775829,2.01203266433147,1.94654896618409,1.88256901115242,1.83193933546211,1.80179651873133,1.7940491493442,1.80029922333509,1.82311670891603,1.85733910381287,1.89242310087411,1.92142321028262,1.93816785682415,1.93497958863246,1.91535570451154,1.88381024527714,1.88117231886336
0.535258347268262,0.638251604213991,0.746025453529004,0.881299013148528,1.03678982062556,1.23594034632142,1.47093685590929,1.72870453428023,1.90711552638192,1.84173272090417,1.63162466262645,1.43683195826985,1.29070571369706,1.18855032002235,1.12700637627743,1.09914952643,1.10265795838708,1.13699756903117,1.20352817178178,1.30966392195434,1.45952240229939,1.66915433533529,1.962835579653,2.36018725001115,2.35210003764021,2.13708250823152,1.90258967612342,1.71797153172964,1.62661232968559,1.59371932519206,1.60308055089394,1.66455329000972,1.70508216559189,1.77703901397716,1.85618275694159,1.92885560814351,1.98109671581901,2.00006789422819,1.98488174084909,1.94923419487967,1.91144758315905,1.88656700099912,1.88427133048304,1.90392211596125,1.93839302083341,1.97479168300095,1.99368358908079,1.98398793943711,1.94484073361587,1.88524132228375,1.81933164843408,1.74870077019063,1.68390170960067,1.62697189774862,1.57506894696257,1.53314075410237,1.50047863429383,1.48232424284118,1.51740967308308,1.49011172596456,1.54718754343498
0.801975437868226,0.932787162596489,1.08321612915295,1.25748600663226,1.45623505663192,1.65316556283502,1.78044156805159,1.75938805068805,1.62568529459642,1.47072720080623,1.33781166580775,1.2327392974441,1.15788149010611,1.10767159453809,1.08050965733638,1.07581519839683,1.09456724671894,1.14019587479369,1.22058490227252,1.35770815488777,1.59244400223591,2.03269595014711,2.45382545570441,2.38092989034379,1.9391641082105,1.7527278563128,1.62014392586818,1.65471654512896,1.67314502942543,1.7353697111407,1.79764604627886,1.85178539739524,1.88587710170622,1.89703313166203,1.88740595320559,1.8639428425329,1.83797663752346,1.82023611455255,1.81574752871471,1.82748623091384,1.85402146095174,1.8891253390998,1.92359463275063,1.94330697769494,1.94047619526155,1.91393337659775,1.86827209835781,1.81447251592416,1.75678169070858,1.70173643535678,1.64929458039941,1.60448099025098,1.56632313744221,1.53644375483362,1.51144782924142,1.49756490171453,1.49626543525029,1.51578675794932,1.55809546002991,1.63076151090756,1.77370222258975
0.620063302656625,0.715223255980468,0.825399018385541,0.964398043329836,1.12700735907741,1.32334309941178,1.54932375430395,1.78069170809567,1.91262315381159,1.83301559415699,1.64381008998965,1.46957422834201,1.33733830407637,1.24718201259031,1.18852412715247,1.16413247642828,1.16787034895354,1.20236714867644,1.26102125986187,1.35264747963511,1.48026419243044,1.65531674078822,1.90068661819384,2.26478938030151,2.45013221287849,2.16480568657812,1.90045547134331,1.86696064252043,1.92296462367212,2.01197913014763,2.07938555403439,2.08674033804522,2.04231780364586,1.99007209966701,1.96493414137455,1.97414161224361,2.00241084885435,2.02438359894661,2.01273146666075,1.96573003305923,1.89280078284686,1.81291722670517,1.7341704746126,1.66073122042327,1.59393135469807,1.5364816197194,1.48368282540095,1.4420393973853,1.40349633141865,1.37245445270629,1.34641274003972,1.33133780558623,1.32572769546202,1.33265466449332,1.3562756395647,1.39917439143502,1.46284053206849,1.56949474567934,1.72564684457597,1.94484543216364,2.21093012396121
0.378489206888182,0.442062014155313,0.513442823748668,0.60792298440275,0.706399209287352,0.824578523808781,0.978984680036147,1.17012637058174,1.41769002343303,1.73165362844155,2.04045778765367,1.99971228467592,1.67981248705078,1.42732037664128,1.25366608265283,1.14562350935871,1.08230007804035,1.05367831313061,1.05248339552627,1.0734442045631,1.11276660564687,1.16776404182419,1.24109028660513,1.32375880505668,1.42228966545083,1.53232709717193,1.65292349860192,1.78113409130312,1.91258797780638,2.04279130391353,2.23819995627051,2.36472318938999,2.06279541981088,1.97031251671799,1.98233466157099,2.06625826057722,2.17407896825234,2.21587287028457,2.15121533649921,2.05538514830454,1.99122664026799,1.96872194110481,1.98078375699694,2.00791898885787,2.02742567254328,2.02054691985281,1.98087629304449,1.91838064999715,1.84559320870029,1.77121867292349,1.70052848734043,1.63995391686678,1.57601630033065,1.52458762078498,1.47785941333764,1.440472322592,1.41069483671422,1.38793774284059,1.37643101571757,1.38016645773199,1.40778379497076
0.397500278797191,0.467155691799086,0.546685045631829,0.653234396859794,0.766472326889945,0.912452382883405,1.09071770779841,1.31405431522368,1.59834008068145,1.90994918314703,2.03396159921448,1.7926982022829,1.5187933578197,1.31833028693403,1.17530224651711,1.07853573082951,1.01105197072234,0.97410863520002,0.958476901871225,0.96065077710855,0.978042073784765,1.01430388866571,1.05782731358697,1.11260410879399,1.18209840524927,1.25929374195964,1.35093586347396,1.4522410842465,1.57311278535924,1.70908883931295,1.87174089435036,2.08025065675921,2.34457579119616,2.29755457942037,2.13566407500546,2.02504732261726,1.92118211631186,1.87589248631647,1.76676343062515,1.71709016381513,1.69793026187829,1.70458925192089,1.74263674542007,1.84572340407056,1.82804450265013,1.88287259997043,1.93738808582902,2.02273192172016,1.98235338588847,1.96573886332028,1.92798194238731,1.87797661095425,1.82517891359646,1.79701213352764,1.73110212701064,1.68773899640045,1.65638408479867,1.6365729846596,1.62615735864811,1.62483593281438,1.63213169069081
0.510765643877885,0.598956682117522,0.68771923080779,0.79180086863423,0.925540351823616,1.08537023550263,1.28126032363094,1.52647392154081,1.7980876828667,1.9787154074208,1.86864383252906,1.62250431180927,1.41119518417542,1.25697578194907,1.150347095119,1.07895031038574,1.03227973210478,1.01348492839327,1.01932655980606,1.03873281494854,1.07403785196168,1.12402958675866,1.18805370327875,1.2708922507706,1.36832109205964,1.48329333181008,1.62059207074577,1.79225397486287,2.02339503736384,2.32726911304194,2.27732418846284,2.14789838060948,2.07078903329859,2.06536491949004,1.88629980461653,1.8044594731374,1.75797747768375,1.7414697364308,1.75069707000735,1.78420037159393,1.83361235769577,1.89965785585579,1.94865266443794,1.97904491620673,1.99032312671226,1.97379076081699,1.9351073772154,1.88438546600819,1.83139566077611,1.78331388087335,1.74573675161288,1.74760659835369,1.711573900899,1.70067660862529,1.7101744959966,1.73302991976962,1.76363994965123,1.80037095899059,1.8420815882743,1.88023398498634,1.90537213301838
0.659928164109538,0.757729697970902,0.880417665485956,1.01802130771962,1.19538358679662,1.40058447214597,1.64020092786917,1.85487069465597,1.89887588033888,1.73641456806435,1.53158933830528,1.36204923007973,1.23663167100933,1.15210136404001,1.10015090684272,1.07767963907671,1.08296691009284,1.115784854942,1.17756924684237,1.27595214029633,1.41520482803604,1.6136814799933,1.90461101449954,2.30244488031587,2.26973970536207,2.27631615117126,2.07451868418511,1.84362243204287,1.73419899875955,1.61252121214065,1.57543729138848,1.57498367411214,1.60110510195814,1.64983471508324,1.73829828067815,1.8079409656614,1.83309552390911,1.88560419080624,1.92327635022701,1.93847408620949,1.93001266105741,1.90247016836439,1.86683026319785,1.83298665647152,1.81033085207759,1.80240792254169,1.81153521409763,1.83677729741949,1.87405062218017,1.92625710358945,1.94884099105316,1.9645238561391,1.95773340417168,1.93225533331828,1.88301436288266,1.83050141207115,1.77503308039145,1.72344061988681,1.67666599331495,1.63544393176191,1.60698845842043
0.236446555749755,0.296608574223457,0.364635631063532,0.443678618311521,0.537826012644317,0.664867818371974,0.810509240371427,1.00455663448953,1.25702967024801,1.59772174830756,1.9961885928606,2.03750985161018,1.64869133702114,1.35786637469215,1.16465471400535,1.03425112604543,0.952699623070113,0.90343450539628,0.878596406266164,0.872688767466354,0.881766589452666,0.902944371785138,0.934083384000068,0.979589115067721,1.0271751839566,1.08122049664016,1.14109139947284,1.21139863434567,1.28290438919792,1.36351665275832,1.4492062178636,1.53843633679058,1.63631189606347,1.74401401346491,1.85450649693978,2.03377342339098,2.17189863027362,2.49908741108864,2.16052358135149,2.08653893160558,2.10243349009214,2.06208228270798,2.05836152162742,2.02996357876517,1.97330345792477,1.91045143999089,1.85295124498216,1.80899905751616,1.77914884457625,1.76703914381015,1.7708058633398,1.78597597680095,1.80987018154866,1.83820395023273,1.86257637915235,1.87849250983746,1.88202943022234,1.87186850482229,1.8493210775807,1.81625818245009,1.77862631507214
0.549424084139155,0.643473990541587,0.738372442228427,0.857149060529919,0.990958621792513,1.15926912681911,1.36722308655758,1.61527868797574,1.86855869761749,1.97652656960776,1.81548648777338,1.58201900842056,1.39383918099756,1.25883401135106,1.17053390370755,1.11758643792967,1.09393931025259,1.09463379098644,1.11566430590044,1.15378941930846,1.21046021649503,1.27720073639919,1.37576840778133,1.44548826054989,1.53819373900817,1.63588479242618,1.73173366994101,1.81777554564615,1.88439833001236,1.92540126372019,2.003649997606,1.97405391202965,1.9868205827605,1.86364775849715,1.84987848155367,1.86682976330724,1.89970055324989,1.93155503747609,1.95323760153038,1.95000928213582,1.91936385899016,1.86997901077677,1.80857229835805,1.74367083630325,1.67971064830509,1.61885281198547,1.56446118897584,1.51247344334951,1.4680365343493,1.42773777798077,1.39195762814793,1.35885841654722,1.33528078968228,1.32046986800801,1.30501185382722,1.29243786262926,1.29465714367507,1.3107948583629,1.34963420268257,1.41590065771137,1.53228112582265
0.749051627306458,0.879220923512595,1.02448930730606,1.19998139933051,1.40174182263841,1.60631983476397,1.75372164820109,1.75525916531287,1.63202527610272,1.47847248960914,1.34482499510149,1.23971685417837,1.16586073188529,1.11807438810257,1.09468456229587,1.09495797179223,1.11960437496482,1.17164138514396,1.25847689688721,1.40199182563475,1.6453129633066,2.11101677746386,2.35680521058581,2.11936954349243,1.77958464393224,1.71599462691677,1.75195929558269,1.82383595286056,1.89562925880998,1.94284186757956,1.95400658831045,1.93261465524025,1.89837603563359,1.8722340948104,1.86383937671292,1.87846993451441,1.90916362792252,1.93928761754481,1.95302374088876,1.93936696950889,1.89907574262935,1.84033622201034,1.77417294913701,1.70918098060366,1.64604643267701,1.58973769792203,1.53751126554069,1.49371712044866,1.45694331350807,1.43396092850548,1.41035504562334,1.38701020614474,1.37979543102954,1.38492100484025,1.40561203486659,1.45344732045766,1.5188903568761,1.64148581791678,1.80151419286353,2.04051106063534,2.32323266405968
0.466855388724523,0.547385390820094,0.653236897251449,0.765030323058305,0.906401186802383,1.07039618937875,1.28156490677223,1.53131685031585,1.79786813907876,1.94614896828017,1.81818847767663,1.5880668199811,1.39296552505298,1.24770862075739,1.14567300136851,1.07572195036853,1.02800810722971,1.00578970284525,1.00176643203318,1.01822571151571,1.04458968911337,1.08390522568966,1.13545939474286,1.20280120129812,1.27995646105617,1.37437419877787,1.48622839490632,1.62181778043881,1.79566681990305,2.04658390212748,2.50388663896542,2.24038499177789,2.18923389174503,2.00773324515982,1.90909784771723,1.87136476694606,1.87680065320629,1.91089364054129,1.92099262476028,1.91677685763029,1.90340579442048,1.87566437938429,1.84052001486634,1.80600396208996,1.77522653693512,1.7547343995188,1.74446142182799,1.74818038895459,1.76382477855187,1.79068754350527,1.82403423838042,1.87943021060732,1.87973235194007,1.89332335543825,1.89376533480205,1.87975079134178,1.85343718446105,1.81737707481925,1.77766310587203,1.73477113461922,1.69693813843276
0.238359949691244,0.292265303845881,0.351862587500539,0.419417354803207,0.497784453221574,0.602599759815957,0.717384653264932,0.859808477541659,1.05031877521434,1.3008780860122,1.63238677549117,2.03088656030499,2.11846114978641,1.73206703491358,1.43403367743635,1.24196035260976,1.11624984145664,1.04030696631736,0.997888066098987,0.980609572959083,0.982582193840369,0.999584189952306,1.02853901486187,1.06716748923548,1.1137441737297,1.17220062911459,1.23189702294953,1.30012585414778,1.36921443604896,1.4444156933502,1.518809325537,1.59624647450508,1.67147552349437,1.74175831098183,1.80339929751471,1.87269975911256,1.9239657469338,2.13723400674368,2.33890041663532,1.97706397376904,1.94314827545559,2.05812384622624,2.36654364363474,2.26014276762111,1.99966823947628,1.88894877475182,1.8460075676429,1.84385964096527,1.86894619466007,1.90599166010429,1.94665566738998,1.97729556478342,1.99183759103783,2.04104615334338,1.94239055019029,1.88783160540116,1.82985088024353,1.7799059570453,1.72443428697501,1.66842844046084,1.61602227520889
0.591267205807146,0.689327276271427,0.803866546041975,0.948192755750532,1.11878379254897,1.32245390914848,1.56056781949098,1.79265323161168,1.88548041046713,1.75613430735516,1.55664896117591,1.38307480283242,1.25227601739842,1.16130070183696,1.10110806107684,1.06705116654907,1.05548081217741,1.06364759656943,1.0895378434034,1.13177640395091,1.18961485445651,1.26728424969032,1.35891588276193,1.4787453221086,1.62366539570603,1.78552062237675,2.01675450515162,2.49774834041471,2.24736698327572,2.0555144303,1.96008397261685,1.96095351884575,1.9655307276083,1.96058374570327,1.93311392243572,1.893590677947,1.85594313117158,1.82741176225355,1.8155964708937,1.8191943153031,1.83779821726432,1.86503729364221,1.88958676918538,1.90353785485139,1.90043229985941,1.87881142505529,1.84195663416762,1.79448789239029,1.74792200015678,1.69266570095253,1.63919530685665,1.58922031783675,1.54471502744958,1.50394836616575,1.46723071039312,1.43639415392902,1.40397042675316,1.37743160911806,1.35424687142552,1.3354911905157,1.32155964932654
0.309812705676175,0.37887251226511,0.457803369668308,0.550096685366141,0.67294948521403,0.809554196140535,0.987256694857524,1.21019351315667,1.49789200163533,1.84337458546184,2.05821493039119,1.82584269317485,1.52351619186892,1.30875548784597,1.16148922064818,1.06646580163155,1.00531354608946,0.978083800295037,0.975400936367011,0.99854484006254,1.0363015004924,1.09166682253467,1.16422222059092,1.25926382831207,1.37355694319772,1.51053744700581,1.67550891654163,1.86781968604768,2.08198735945221,2.3005739058607,2.39293014590859,2.08777466410869,1.89357454604062,1.79806391575125,1.83346454689103,1.71544829691677,1.70834453352628,1.68045083356242,1.72587970581724,1.78522067649977,1.84951096574438,1.90537760818014,1.94503853801165,1.95800036899226,1.94369889324902,1.9116802513298,1.87128233748067,1.8338863730478,1.80820399834007,1.80039682326556,1.79936721063056,1.8152406438682,1.84030365364136,1.86841971855724,1.8899418726595,1.89924502504295,1.89269452502886,1.87062908971776,1.83551967499613,1.79423443761835,1.75089168015718
0.523030574618553,0.615637979003387,0.710034031205377,0.820675061695573,0.962146548864665,1.1309869501354,1.34024424523928,1.58978049447232,1.85298004641557,1.97143573651818,1.81059027744283,1.57694017997693,1.38840076051543,1.25429602344177,1.16796460545865,1.11837273092762,1.10011694341022,1.1092827259934,1.14330296664902,1.20085112251561,1.28595145791423,1.39591798123396,1.53486010308948,1.70791717836522,1.92427267616063,2.19980274114067,2.50680549299947,2.1379818827791,1.97569981258621,1.85697488785361,1.83915756465444,1.88164105611637,1.96005332991818,2.04377908844881,2.09771379887984,2.09644107990335,2.05262054947547,2.00019018345464,1.96906319795161,1.96971791478746,1.99578261641853,2.03090663474702,2.04873850334112,2.03227405877346,1.9805996706451,1.90736129855511,1.82915979798857,1.75292201971845,1.68258182655683,1.61853222902273,1.562148128129,1.51601666801604,1.47787231096286,1.44619430772423,1.42753630845994,1.42232153167443,1.43352402237746,1.47344504219452,1.55011325433419,1.68866759735531,1.91442611313567
0.386190085265196,0.456996922203537,0.537922244671459,0.644975778100034,0.759512529601869,0.905471400381043,1.07764020061174,1.30249068882001,1.57534500275775,1.87159264217036,2.00167760170449,1.80499877479104,1.54573788934649,1.34829133827652,1.20483954986776,1.10604837272428,1.03534294472434,0.9941214612923,0.973007553477814,0.968292407689177,0.977107321589448,1.00252698627311,1.0327562535098,1.07111921835021,1.11641350721674,1.1715866023271,1.22871932551972,1.29044640994187,1.35984338729493,1.4316265285347,1.52631322486992,1.62479693748588,1.67173376046701,1.74927700780134,1.87484312491547,2.27249404895289,2.09782277667997,2.14707278033674,2.29873669193112,2.14922424275565,1.99778525970695,1.90559155293702,1.84427498234139,1.79843448876328,1.76972089883656,1.73793117993709,1.72214843557864,1.72020970379292,1.72931148194795,1.74784178483471,1.77461295437986,1.80325003693563,1.8311335399063,1.8530109291515,1.86483086375179,1.86466630871184,1.8525327942605,1.82898541960075,1.79943818827726,1.76766439015935,1.77599713329968
0.855549973788626,0.976471063593861,1.12278436099083,1.28957919863772,1.47598758334591,1.65358216469482,1.76193264101868,1.74072734923298,1.6216164951676,1.47953769743197,1.35436310365883,1.25313458639345,1.17950266557843,1.12817977226979,1.097331477339,1.08542115155625,1.09147862292836,1.11530819810885,1.15799248270998,1.22336672070047,1.32713743209645,1.50592761216702,1.93630005191276,2.29955398563656,2.04611940319363,2.32003645493286,1.8743487791295,1.84831544818725,1.88419814294096,1.91640210501044,1.92506536881143,1.91315411427937,1.88950455620893,1.87198857458315,1.87149475374738,1.89420148321418,1.93842419381442,1.98826622317022,2.02327874726492,2.02020602964493,1.97751453163971,1.90945805649925,1.83421548187085,1.76217620640885,1.69815749935687,1.64619901308845,1.60404721392852,1.5769582088252,1.56513050096435,1.57235551100474,1.60148498585121,1.66282637063353,1.76347840796782,1.89855627247313,2.06937520019322,2.22338567447358,2.2257345636784,2.03723898301064,1.86782528700216,1.73688964461766,1.6440033388884
0.420823662953889,0.502162019440453,0.608139597787252,0.721892346542436,0.858679487408332,1.03465723777349,1.2491910706745,1.51653068344674,1.80466099286055,1.96069066653026,1.80165393429713,1.55144090245519,1.35396919604736,1.20952084200728,1.1103238139133,1.0407056191745,1.00194253482302,0.985229544051227,0.987228228664867,1.01030264716829,1.04386702226108,1.09111021964626,1.15152334447604,1.22946711382926,1.31849039525687,1.42745688318621,1.55584890380344,1.70986644505047,1.89272656958172,2.12517288029203,2.38233481270593,2.34508440319843,2.03996126000512,1.8906127152958,1.82390977950498,1.82212050566461,1.84964570560317,1.88926449827555,1.9246152649387,1.94151355151451,1.93539044819004,1.91171041422235,1.87599486237889,1.83961230559048,1.80762453460678,1.78721905742322,1.77864692366294,1.78474330217029,1.80310034864644,1.85045957808039,1.85193320022691,1.86919726733333,1.8765507090635,1.8700877886676,1.84998215721922,1.81897593358705,1.77968292758963,1.73802285465883,1.69541285531709,1.65258103929833,1.6155077958572
0.71503967929714,0.817488379486224,0.94588999991446,1.09395699735972,1.26678641419074,1.46704449467942,1.67202991319521,1.81728484397146,1.80622410054584,1.66455061023088,1.49932076391846,1.35796788139717,1.24632351724393,1.16583964809878,1.10973893058688,1.07507154918046,1.0594527664774,1.06115588396258,1.07911105623252,1.1129818591223,1.16343610661786,1.23658820618719,1.33224919296077,1.47233014233139,1.70373683385488,2.17123794932275,2.21262132471332,2.24513091709144,2.35854578757837,1.94340348110459,1.844307743442,1.81830114623099,1.83598805922337,1.86610357805312,1.87643704303382,1.87266425994633,1.85735010968733,1.83455152233181,1.80738092762693,1.78427096046028,1.76757423902425,1.76361190715426,1.77296197378195,1.79555363125047,1.83005232600818,1.86854959277118,1.90534205503982,1.9292561026574,1.93421109494581,1.91886966011167,1.88997555977813,1.83878725541566,1.78919714523362,1.73818411594671,1.69179972662121,1.65082695639493,1.61297106854126,1.58505220261275,1.56860573067609,1.5659161223448,1.59194621492344
0.281115305569593,0.344874750393004,0.417024596169861,0.500637774503128,0.611225996577374,0.732987435997683,0.889977882613716,1.08133214681778,1.33767227405859,1.66413123142068,2.00837602795033,2.00732400365184,1.67344047681786,1.40561620518327,1.22472157768586,1.10703496273262,1.0297188672952,0.990916213270006,0.979481575195891,0.990823510124553,1.02694170227904,1.07636340275153,1.14250932182334,1.22900550687006,1.32968533721685,1.45235213315459,1.59562067138893,1.76333520392362,1.95428369738819,2.16797021072379,2.41307342452058,2.20468764791679,2.28701178975439,1.84842511295874,1.73578430260329,1.67763248938088,1.65838481405505,1.65662471978546,1.70058555182877,1.74813332196878,1.81667001520595,1.88789551915902,1.94932882973698,1.98613274879104,1.99004546642071,1.96270313527091,1.91859676011028,1.87320616230412,1.83782886338773,1.82011693479723,1.82080645009339,1.83638346648246,1.86315365198058,1.89301429439487,1.91725805301103,1.9282198129124,1.921679445336,1.8981788128495,1.86250299130189,1.83320589168193,1.77835607288949
0.342684113059625,0.406067907954655,0.477538738701236,0.560041516132775,0.670512083332792,0.789855187710256,0.944133226414557,1.13445364259187,1.37483487115248,1.67899622796264,1.98588520181076,1.9992426002351,1.70672884025757,1.45115467204984,1.26656481519482,1.14270772939362,1.05942983403592,1.0030791662445,0.974924625986298,0.96571899857953,0.971736952151938,0.99550601489639,1.02469728071873,1.06239210267084,1.10716859741538,1.15785413681669,1.21817597906473,1.27875215688595,1.34606976279358,1.41348820011772,1.48568286984233,1.55735140963865,1.63306497478848,1.71403133361646,1.81105233561367,2.04455283736084,2.20796629793315,1.973131637447,2.08864599086882,2.36512648731966,2.1651338336106,1.96420035986486,1.8624892623279,1.79891185426394,1.75484289861474,1.72839254247678,1.71365538091999,1.70957079805032,1.71908493634168,1.73918369342882,1.76725677092814,1.79976013227673,1.83407745355834,1.86919351389184,1.87985080057385,1.88461626622665,1.87618027767868,1.8555566436828,1.82564529851913,1.78907548050298,1.76659718504351
0.30270385914119,0.369334143278642,0.445257477728135,0.533857999092296,0.651818100964064,0.782726888932,0.952900365753273,1.16662661915336,1.4438717105935,1.785548850382,2.055003484162,1.87545029297214,1.5569943981142,1.32717790978336,1.16850598340879,1.06382616224812,0.993620714744029,0.956409532466281,0.942197481579541,0.946651544369548,0.966611519838676,1.00528428226967,1.05092065354809,1.10722240134729,1.17755099209793,1.25476074126567,1.34550796908936,1.44486741221516,1.55968234312617,1.69030414788619,1.83560032373185,2.03948634531372,2.13706134551624,2.32697127727041,2.26779860142019,2.01199701166828,1.90996856675611,1.88029939332264,1.90021585642494,1.93408663678251,1.96988558734069,1.98498433488481,1.97150868849516,1.93468964447474,1.8887579250051,1.84586778720574,1.81537138805931,1.79986700971621,1.79906411426489,1.81442278078862,1.83710305575702,1.86173555863129,1.88231777511669,1.89215748192795,1.88756304729941,1.86835539111799,1.83723644513199,1.79719848040755,1.75442518779762,1.71125364287985,1.67128089880295
0.792426087595649,0.926396622943451,1.08072511485806,1.25945901332403,1.46230615977356,1.65978308808595,1.77821239567379,1.74275099852056,1.60199875917817,1.44673639987762,1.31573067571297,1.21352873675834,1.14209404311034,1.0968344629292,1.07741573799652,1.08552268553678,1.12618775770736,1.21032694139171,1.36466764567884,1.6398990766974,2.13380701350108,2.50989264843838,2.01228658086701,1.6471300287103,1.57881092405095,1.46241546781259,1.47041793565971,1.51081554765548,1.57153651635469,1.63994295859746,1.71329939940236,1.78260035972517,1.83919077288008,1.87907147986735,1.89519472156629,1.88881770580207,1.86912347655401,1.8430570717115,1.82236468098912,1.81133082854535,1.81636125847425,1.83585149703493,1.86681269535864,1.89854798163731,1.92189539391625,1.92905289354343,1.91371340977814,1.87844382871599,1.83228659610308,1.77845659451531,1.72537505519915,1.67425774362899,1.62524600677637,1.58242307668898,1.54456953094998,1.51000146315643,1.48504735091488,1.46328132555666,1.45132086267016,1.44663714685874,1.44510019769477
0.453942908168428,0.525692063340884,0.620317494488408,0.718039048522284,0.834039440381229,0.983471534365486,1.1636243669236,1.38809749184991,1.65600780156489,1.91457433676057,1.96512770934257,1.7513135786975,1.51681799598475,1.33851156130741,1.20940050152587,1.12230081698779,1.06611526311723,1.0348456204397,1.02397416548586,1.03008497050468,1.05057347132206,1.08344589966962,1.12717957455333,1.18062189240095,1.24726954156085,1.31881433887775,1.40174877160416,1.49040761756488,1.59088084857497,1.70258516064221,1.83520307521001,2.01793670163848,2.34844709888854,2.27439861307425,2.07661663547969,2.02682092469658,2.00795692257861,2.02345850104447,2.0708655905991,2.11513583447831,2.13061446898697,2.09967961776716,2.03473605077321,1.96046586766017,1.89246360447235,1.83956255500234,1.80371473552869,1.78781635849975,1.79055083614443,1.81088864053545,1.84778157295485,1.89709821352845,1.94507334702583,1.98590663117164,2.01171455568028,2.01422484945563,1.98598249488622,1.94117599655458,1.8878614727866,1.83561949172538,1.78333739515341
0.698711691708262,0.801765387093097,0.9313662472002,1.08224247053296,1.26065701781447,1.47112190082944,1.69356140129023,1.84864655990472,1.81973387212474,1.65308346105956,1.47444342641871,1.32852046788387,1.21760033330885,1.1413453627396,1.09287186732708,1.0695555610301,1.06991420839037,1.09378233178474,1.14260383111493,1.22010171979952,1.33878731136018,1.51367950451791,1.78230466394394,2.22059744069075,2.27117623781263,2.30959493628952,2.11581399779578,1.89328100025986,1.7171893826057,1.66387944119079,1.66185566536203,1.69396260821379,1.73828495026804,1.79566112707555,1.85021784094312,1.89155237173887,1.91393154334547,1.91458935125508,1.89566162392558,1.86615696147574,1.83665037800782,1.81270141078337,1.80262407380988,1.80832363905187,1.82986856447445,1.86368358824651,1.90368195805779,1.93753485701952,1.9555904033856,1.95114742757163,1.92412153273659,1.88125152255125,1.8301643725511,1.79607705828542,1.75277601307092,1.67782898670347,1.63126956233908,1.59693583699761,1.57512091418639,1.59599127344177,1.58107375290905
0.552643091460981,0.653066661239029,0.756569998962165,0.886584703982052,1.03463445635022,1.22536125650975,1.45157184278795,1.70831547667933,1.91493543107426,1.89479575618152,1.68889857033442,1.48209022275681,1.32691533296835,1.21849575333691,1.15341149306948,1.12337340670417,1.12494475581279,1.15622809962988,1.2169187353468,1.31250116436901,1.4432507627646,1.61692920380811,1.84562423519748,2.13228227977135,2.47679057695402,2.17398397262114,1.92299104385574,1.79536168425407,1.76115114335596,1.79364220236446,1.87216273051786,1.96910094551145,2.05377354536343,2.09352377626154,2.07383324193651,2.02457995490555,1.98733253065727,1.98222149218292,2.00556240194946,2.03715160953967,2.04899764597656,2.02283682608142,1.96158786508038,1.88307765300661,1.79971887619216,1.72143160177614,1.64968884014763,1.58562305646326,1.53265727745817,1.48051644338356,1.44033319164337,1.40778426572093,1.38349730025851,1.36893575855907,1.36937701396795,1.37851583449693,1.41019691861688,1.47270812840024,1.5816128269594,1.75413242532624,2.00527990008437
0.185030637185995,0.241489454179827,0.304879626203362,0.378066514854745,0.464736163416123,0.569784493809318,0.712657471950392,0.88050958279519,1.10764666794367,1.41302107986054,1.81574870753107,2.14845819682035,1.83280159978687,1.4685188758638,1.22797866326383,1.07173498015918,0.964106073093762,0.897258643969198,0.857341926753167,0.837828832697303,0.834105899990241,0.842819334305608,0.861475811425003,0.888186591465438,0.921497191832571,0.966321719896496,1.01040919187202,1.05845357068356,1.1098809233843,1.16855537233101,1.22616220645785,1.28608827069764,1.35157213886103,1.41653319293024,1.48909081348768,1.62774262771872,1.62987204553945,1.73537270603293,1.74302996282481,1.79150782005076,1.851516223549,1.99230768251928,2.1833686755232,1.98522118706945,2.15445997832437,2.38788875554066,2.0543133951106,1.88698823971981,1.80024750336647,1.74720803387616,1.71207950226036,1.69288400331082,1.68670942949403,1.70095738039119,1.70571233563274,1.72718294353632,1.77015275880304,1.78279867281903,1.8085358012058,1.83048287702498,1.84515753173914
0.333788992166029,0.394978205458389,0.46380150119394,0.543177099707527,0.649874777873775,0.765192312890893,0.915112900060542,1.10163499690155,1.34069338317401,1.65099582646685,1.98447187989143,2.02408444096098,1.70576068466998,1.4347147371361,1.24398500095678,1.11827960216315,1.03142868885829,0.981229963127914,0.955503685145481,0.948857242150569,0.957279617114069,0.983401211519864,1.01432994803413,1.05327950711588,1.09878597833586,1.15400208236012,1.21004569595104,1.26959874648153,1.33558733112471,1.40026745972013,1.46891769933307,1.53486790250347,1.60061716132873,1.66262365911406,1.71663807855889,1.76367567807347,1.79868315224728,1.82625664672139,1.95683871922441,1.85314200997977,1.86955622695325,2.42169681054212,1.8115566393189,1.73583088801085,1.71105725000372,1.69932324494643,1.70046759125501,1.71203719094918,1.73458895709149,1.76366072518139,1.81336011177804,1.83528151362646,1.85067541822697,1.8660417483049,1.87188832289517,1.88793141642921,1.84377962061322,1.81345976548327,1.77718213253645,1.73951772562569,1.69839184144153
0.347466774437995,0.422217099383644,0.508280903886712,0.621228462479636,0.744861112010402,0.902917555434666,1.09291573715285,1.34314840165009,1.65131318963311,1.95701379718969,1.96464539018525,1.68096664866277,1.42833620245288,1.2503824134687,1.13083113119565,1.05319896277885,1.00473446528239,0.98680324603621,0.991178674107586,1.01997860196926,1.06199202128765,1.12059772672198,1.19952977593015,1.29272708872754,1.4085708265335,1.54647265083222,1.71180583646285,1.90286231152216,2.10015832685624,2.25009469036277,2.37594460249463,2.16020776469711,1.88936704897358,1.76911847615611,1.72152770134683,1.72662232364703,1.76530952210233,1.81997620843933,1.87982280306738,1.92874435488284,1.95615997756357,1.9562920817719,1.93290072682476,1.89615026523567,1.85911341884906,1.83218926875379,1.81805988872536,1.82029467532121,1.83524774898318,1.85869672601677,1.87600628237553,1.88784754132305,1.88442895334568,1.8643410491235,1.83203943374791,1.79082020300238,1.74384378047849,1.697151310536,1.65206511674707,1.61206127781676,1.59174977517924
0.241486581435016,0.301644542861205,0.369740962107513,0.448957989937875,0.54341927914872,0.671123757726348,0.81748513229929,1.012600604314,1.26620155812815,1.60752760897616,2.00193475325484,2.03153818453351,1.64727668282637,1.35893833954516,1.16617225258592,1.03492305967653,0.951661221885732,0.899925291898579,0.871972081403092,0.862372657050118,0.867211463681507,0.88359916116676,0.909363010915587,0.948445825686292,0.989100283511798,1.03529997734529,1.08625000244618,1.1413088553142,1.20493011161873,1.26769776167693,1.33701804352496,1.40660028398181,1.48403898597342,1.6174915439418,1.64365423693808,1.80085317115393,1.77800327977682,1.84901954221628,1.95002888458086,2.2798417514916,2.17198106499456,2.13976325933811,2.25957738794995,2.21452232607255,2.05254221208038,1.9337940631416,1.85244875981933,1.79651372893898,1.78466309758184,1.73996570986736,1.73201083658915,1.74034368317508,1.77725710220466,1.79037906068694,1.80693473943744,1.83035632817839,1.84836086157106,1.8568750828218,1.85405036070502,1.84011030538885,1.81696232553621
0.419255687476797,0.486140957268836,0.561595832756386,0.662478741124787,0.76742952102983,0.902035744756617,1.0648565270589,1.2683651874567,1.52821453138904,1.83894904018356,2.058831200484,1.89406666673251,1.60113001043813,1.37968824862637,1.22718165699413,1.1288878838489,1.06946259545818,1.04030784029071,1.03496609173282,1.04855607327991,1.07735195838992,1.11847463693685,1.17403957458921,1.23459217446544,1.30556852547387,1.37950844111439,1.46124189415932,1.55165040122378,1.62865632597252,1.70854086162528,1.78125505069352,1.84151891435215,1.88452584710063,1.91855480496265,2.04451545361396,1.96765835094957,2.07656157895608,2.29485121866973,1.88004312828784,1.81892182185095,1.82086367872966,1.84678852278366,1.88365189299092,1.92104370629471,1.94596537308422,1.95136602495519,1.93195022997651,1.89371934994537,1.84113193158452,1.78249022406253,1.72486474882768,1.66839259923377,1.61246188690752,1.56438799936738,1.52115869444472,1.48117420514434,1.44921245982805,1.42485770133468,1.40769538826475,1.40391539215514,1.42128170492207
0.357870763299972,0.423447537291598,0.498056770952945,0.59695269127558,0.70280283372452,0.831760940213507,1.00094961476483,1.21271296381663,1.48624190573431,1.81813155323098,2.05428837008759,1.86445937938788,1.55970751042403,1.33335460957856,1.17568542708372,1.06937810184106,0.995329771165648,0.952714471334977,0.931484829199594,0.927345337107735,0.93709627913167,0.958319316870839,0.995115729314682,1.03504297119521,1.08227408723514,1.13601135067647,1.2005329102415,1.26684072448489,1.34244535143204,1.42108600114213,1.50943258299291,1.60537381385617,1.71176492043157,1.85208326024637,2.00581069005872,2.24673336548536,2.39919444608598,2.13029826637192,2.08639942403366,2.05851091682939,2.04307175006475,2.03104247640227,2.00630608798469,1.96997175169291,1.91911406967613,1.86428664532125,1.81712574359461,1.77712593927342,1.7490729527607,1.73185295696644,1.72848156759875,1.73873261989158,1.75702486252415,1.77789247648773,1.80588994493856,1.83126615664752,1.85068325580175,1.86054783745682,1.85896880632309,1.84613515837604,1.82415415412772
0.571056709365677,0.682374381601441,0.799475054832232,0.946961708424472,1.12161422652793,1.33016262402605,1.57553104471852,1.80407633194203,1.88086916802494,1.73695750038167,1.53365822488319,1.36500863748478,1.23831809822695,1.15285172557767,1.10096583359713,1.07994109248476,1.08888587874615,1.12895586208769,1.20372142019138,1.32400175406019,1.49827231278016,1.74923331314942,2.09519446917911,2.55111444723463,2.18303198245215,1.82969449548105,1.64131061893114,1.54031687581543,1.51397313543442,1.5027977209682,1.53319821032497,1.5859052754276,1.65078906925597,1.72034597056191,1.79157301125585,1.85488842505926,1.90075813552629,1.92373982533104,1.92233871482933,1.90120177156386,1.87204358459092,1.84724265923361,1.83220928793933,1.83385243843102,1.85036490558908,1.87691253060636,1.90619459643306,1.92568400815706,1.92813686818581,1.91178983560693,1.87490665750709,1.82690156677936,1.774707715033,1.7200724715432,1.66846194692212,1.61808822761208,1.57356745806007,1.53393385936471,1.49587315945782,1.4658644415832,1.43173449639322
0.437529039546695,0.512516705503975,0.6113646204667,0.714880848565182,0.838903450669707,1.00039339662357,1.1983661715675,1.45301217511738,1.75486166214517,2.01353639303931,1.93609062263734,1.65232704129721,1.41827636689244,1.24876439276092,1.13682093456107,1.06500949539776,1.0217718424662,1.01011853121668,1.02704005268023,1.06142124442284,1.11632994907462,1.19501157653126,1.29198884877153,1.41521632912638,1.56717560706695,1.75079266522425,1.97546952149491,2.24729308431237,2.41484758105687,2.20842736001606,2.03673344158674,1.88155579344544,1.91684551596867,1.65945054483322,1.58067778926022,1.54484158108912,1.5222751328664,1.51832431903891,1.53797727050996,1.57672782351586,1.64954979622517,2.00172040255888,1.76450020307758,1.81363937582638,1.89109983761887,2.12160313637102,1.97122819375448,1.97738425827619,1.96374972618451,1.92888520563724,1.88262528659211,1.83341287070546,1.78757912997374,1.75135249158217,1.72460367428655,1.71111260364481,1.70982520470543,1.72017052880399,1.74068302268996,1.76902494609323,1.80205363222608
0.507432437747106,0.602943236820956,0.701919394672596,0.818597789299161,0.967237927400829,1.14502574748705,1.36387994160713,1.61933560017307,1.8663668186461,1.93293799375789,1.75058623852192,1.52833487853678,1.35358977104141,1.22569723524083,1.14036991440543,1.08789751847398,1.06360759641061,1.06428775591471,1.08798469153895,1.13388663342785,1.20235086210549,1.29934759166805,1.42482192280584,1.58704546997725,1.80378569389373,2.10433121116878,2.457258240528,2.24722098389435,2.09463481627853,1.88827307296291,1.7695357440743,1.71828403626595,1.78907442806112,1.75846511887958,1.78077478631392,1.83806379326917,1.89470145108576,1.93953386566056,1.9594544554703,1.95134556319892,1.92237970023082,1.88432046462871,1.85021398808682,1.82613015597304,1.81948833569661,1.83019578197713,1.85567455947691,1.88963879056772,1.92416981454877,1.94640891330024,1.94864180388421,1.9293883316945,1.89091059504348,1.84268442245763,1.7929918721287,1.73533888233282,1.68120925125561,1.63359598381734,1.59085549001309,1.55191935825945,1.52135350006745
0.873847144673178,0.996971588157853,1.14636256042636,1.32033838807974,1.50774672061644,1.68132237948831,1.77532745562671,1.73537270742951,1.60989692331948,1.46971841958978,1.34969310979614,1.25763527881243,1.18798776023033,1.14469695852302,1.1232642735368,1.12316411645341,1.14519409920688,1.19255723034078,1.27804911655651,1.42091013313557,1.69756205886225,2.30206135571648,2.08100300064945,2.43319024524865,2.01015749286372,1.81466935414665,1.82174310852596,1.8809753499765,1.94284591264312,1.98025684401659,1.983472339468,1.95861064917888,1.92654270807104,1.9072890808267,1.91480016294167,1.9501766375578,1.99842467889624,2.03652871913188,2.03597972553408,1.99172910497084,1.91905669593787,1.83711953301062,1.76019359336489,1.69192427734474,1.63832607173423,1.58987681065973,1.55711091441951,1.53818160778301,1.53492888330023,1.55074203338527,1.58804716866153,1.65679122085995,1.75913428751102,1.89958724002895,2.06878672137738,2.21847630233599,2.21793397269857,2.05577498277201,1.88656277583431,1.75484461404474,1.65806779106292
0.591465351777183,0.681189850911069,0.784990630780671,0.915294470117994,1.06762180418883,1.24883583677387,1.46459079875807,1.69719013384079,1.87490690206356,1.86312801258244,1.68859043193606,1.50154944508426,1.35066046996098,1.23722496426435,1.15962442672292,1.10965834852145,1.08331287611062,1.07739972713899,1.08946095232456,1.11764846665593,1.16065722575431,1.22123455883968,1.29324027487574,1.38328547682604,1.49003136996609,1.62774156153205,1.83120149592682,2.24892978652036,2.21346180752743,2.192458731235,2.20291953982049,2.11906412425283,2.0812856701372,2.05861188228085,2.02886460784945,1.98441948383511,1.9334326752527,1.88989363962152,1.86125778307599,1.85423502363261,1.86878669944514,1.90178110165117,1.94607187977117,1.98602919972397,2.00443767652978,1.99197555714966,1.94942977307964,1.88908795671857,1.82587539274791,1.75938373097027,1.69848445919621,1.64577423400439,1.6055698801914,1.57922273844281,1.56537565162524,1.5961272950117,1.62557074641143,1.7263246467038,1.90636515528766,2.17576869885182,2.35459770468104
0.276903037752183,0.346456302058695,0.425952488259901,0.51884587086938,0.64129647191155,0.778134365324852,0.954932571488399,1.17662498841186,1.46279972136041,1.81128500646572,2.05426573331638,1.8411757503975,1.5326434754609,1.3129687792346,1.16318131548519,1.06723386332424,1.00648621025422,0.980572267566949,0.980091285131806,1.00626429227724,1.04792756251048,1.10810815957988,1.19032395197366,1.28911091269428,1.41283063073054,1.56143044387479,1.74009132087596,1.94406786086636,2.13940440023821,2.26960871370764,2.41946681654919,2.05932351385237,1.87699938702661,1.71838236819558,1.65186443020023,1.64290357727016,1.67012225065942,1.71931893517097,1.78363513332093,1.85040074062557,1.91098666151872,1.95108870538875,1.96333705805167,1.94793664325034,1.9137503323985,1.8751449770514,1.84468383738582,1.8270180426765,1.82734150451748,1.8424926445377,1.86370135978528,1.88686849837544,1.90178768524481,1.9016949804342,1.88431904874761,1.85194884732197,1.8093497653915,1.76040093387534,1.71122588839489,1.6635561901258,1.62111665132362
0.433509752368014,0.505832605070434,0.600270286705608,0.698587061152731,0.815528410574689,0.965958671565076,1.14872196457056,1.37870183758385,1.65620569163931,1.9349844720922,1.98214060792165,1.74250904121122,1.49751807183292,1.31773878035009,1.19160514942827,1.11030109636008,1.06221305705438,1.04105745599565,1.04217989611026,1.06213007682293,1.09837172232134,1.14909641030391,1.21697803794967,1.29473236457908,1.38859806950163,1.49640740421338,1.62058260051447,1.76615186775113,1.95150874238618,2.25886108784465,2.3386169676721,2.12795038082951,2.03949013308052,1.99528896917745,1.99989332016426,2.03369718895387,2.06194969321868,2.05701063844421,2.01562032410144,1.9565234060307,1.901732205767,1.8619774158067,1.84425490975994,1.84788390622529,1.86949901239257,1.90162881099147,1.93469220000138,1.95453672471632,1.95313990424393,1.92732608241063,1.88426944629977,1.82931610997141,1.77179413344709,1.74474226064119,1.66351938850352,1.60909520876367,1.5619691005656,1.52354513703286,1.49201882569202,1.46906057067418,1.45829431792046
0.534516893375613,0.641268651377576,0.753458123455754,0.894811996654203,1.06316056120762,1.26736212975738,1.51471880470202,1.78216668312494,1.93646450195651,1.82074226759333,1.59272004550613,1.39787521870545,1.25425097203923,1.15745881217928,1.09790356257516,1.07201888876034,1.07821697255924,1.11686672543271,1.19030890800335,1.30744105830323,1.47311550034317,1.70561175869644,2.02015901093795,2.41171230280602,2.33562882246728,2.03761731579348,1.87641531819768,1.63905992706526,1.51350988648897,1.44387638575333,1.40307647789065,1.39894775274529,1.416439158238,1.45632743981975,1.55309403477859,1.58578226622523,1.65131354859382,1.69290500586367,1.74485527407802,1.80789195096326,1.86284956235199,1.90152815981486,1.91981352951967,1.91514021853282,1.89379564135715,1.86081434207452,1.82565709069959,1.79704542981662,1.77888262013749,1.78095117914761,1.7806413918416,1.80094611450827,1.83144369897833,1.86348539252992,1.89085284444244,1.90654925917399,1.90607484315718,1.88898759695153,1.85862220439351,1.82104800758981,1.80736040462012
0.765244560317903,0.895868203313848,1.04795863841569,1.22782368685895,1.44031763231191,1.66762022890863,1.83377550192913,1.81983730986581,1.65798015881728,1.47649569287824,1.33018175459143,1.2208428458912,1.1507288550641,1.11547440967852,1.11747988633479,1.16356991571461,1.27091725586223,1.46373861336705,1.79592893359273,2.31168256156197,2.24616902096827,2.31318570997405,1.86199313901872,1.56078552234871,1.43732803696965,1.39998448716642,1.40608093986371,1.44131844861263,1.51147335786202,1.59580585376103,1.64070823007212,1.72080315211599,1.80118282160245,1.87268964983084,1.92452365566011,1.94984339418115,1.94711518709271,1.92290928912167,1.8918350047183,1.86851829854039,1.85957513447923,1.87141340651099,1.90099644855713,1.93636542156912,1.96406791026031,1.96989854374498,1.94771135893474,1.90317583402698,1.84176642586314,1.77707287546289,1.71573711731387,1.65822650693355,1.62189757525334,1.58456734466901,1.52304681522794,1.48934711437479,1.46578911094051,1.45298496866132,1.45506528947775,1.4840029276902,1.54060542195001
0.767667470631067,0.875393250612282,0.991933342805202,1.13471557614165,1.30327326861451,1.4884113377881,1.68189181934324,1.81965043427719,1.82159478136818,1.6999802297073,1.54687710188933,1.41120616847885,1.30256124206746,1.21997081416716,1.16478314767257,1.13039846735285,1.11447881356426,1.11511073783279,1.13083138599443,1.16064370286616,1.20854488642104,1.26720271739668,1.34613624397135,1.44940449762157,1.60143745639392,1.90107236147975,2.53221665230313,2.04538657960598,2.24929172552932,2.31060434719121,2.06001359032733,1.98380861212573,1.96315277840497,1.94808272936102,1.92131021649874,1.89031642414483,1.85960025131992,1.83592490510971,1.82689702896254,1.83498631636503,1.86321119096913,1.90645027360009,1.95960832293163,2.0074830818621,2.03295701408636,2.02338035360393,1.98137571610543,1.92531603115789,1.85750543560697,1.79307576250268,1.74347199396651,1.70642858088272,1.68657467981566,1.69851689103498,1.76156323278209,1.86421620371599,2.05264925316934,2.27903825469442,2.25602062841261,1.99873910396532,1.80363183729634
0.517215355608816,0.609991407764719,0.704882881404207,0.816690334013847,0.960058445491804,1.13151641456866,1.34360043422586,1.59461247925806,1.85162144244497,1.95688058034687,1.79380635860575,1.56279394712681,1.37294184325389,1.23187299503846,1.13248131883206,1.06382142964981,1.01627081646518,0.993450546976244,0.988135527449389,1.00278330497145,1.02683728918175,1.06348135231752,1.11206983230028,1.1724432361171,1.24987270295704,1.34045380525712,1.44522300399631,1.57714071047455,1.73975030277764,1.95561128613205,2.27532969764341,2.44637678873561,2.1756151953857,2.07907657036811,1.96282010054212,1.89280035253488,2.23179639585548,1.86695679390864,1.91115672547849,1.86034281791937,1.88528496821326,1.92840782685259,1.91285788505657,1.90336068271646,1.87942338738707,1.84548454103171,1.80809836921909,1.76909862852201,1.73491527261384,1.70578184126955,1.68684674771211,1.68310022582305,1.7088653117918,1.68604076305238,1.70152778903154,1.72665518455698,1.75765615081689,1.79260426016739,1.82544242453479,1.85334097858898,1.87397971293595
0.47658285115417,0.550482702436496,0.648033594399893,0.748926528068511,0.876829589596111,1.02463809712592,1.21325629928011,1.44932670384307,1.72875722602677,1.96501397962764,1.92898639407086,1.6828402301205,1.45836209860697,1.29333577514,1.17757950464346,1.10342552197075,1.06041320153831,1.04278690228027,1.04620772496328,1.06740284271894,1.10391774611838,1.15395092585455,1.22027161957671,1.2952107254187,1.38509283958194,1.48748431536533,1.60490388121542,1.74307020929263,1.92170217173462,2.22648810839863,2.4005412148824,2.13752109687491,2.2489217284873,2.10608858409622,2.09919463293336,2.08582679289545,2.04396062418739,1.98352033567747,1.923240719681,1.87421646713407,1.8431679652533,1.83398912157982,1.84441998402207,1.870111021508,1.90320857496499,1.93456403562063,1.95073287827537,1.94546190804115,1.91804965482035,1.87292824770841,1.81771051345076,1.76057473677401,1.70295019076853,1.64819190311436,1.59989761175212,1.55566924386659,1.51537766473471,1.48336682109232,1.45810582007978,1.44221133584607,1.43999003726077
0.519493480135287,0.608866763233576,0.698824585115106,0.804022366574581,0.938582613911504,1.09826173988802,1.29189644562224,1.52793007913435,1.78888770702983,1.95967700600301,1.86920749498363,1.64096267348156,1.43758590601917,1.28304506286002,1.16939746784663,1.09112322082996,1.03544458035323,1.00562112360789,0.993964696371783,0.997850335315071,1.02033182685356,1.05052630297014,1.09191819127584,1.14389039431459,1.21048321755721,1.28481887760675,1.3750965519584,1.48104865359313,1.60957806763964,1.77868655126019,2.03688236025851,2.47402804173806,2.20538835298952,2.16883311073628,2.12184765886109,2.02190710507064,1.94815943056232,1.90362861183701,1.89605074143704,1.898787236108,1.9108392097331,1.9157240152642,1.91543726880037,1.88061108540977,1.84712921873008,1.80762522200026,1.76777664739565,1.73280299961208,1.70272677553511,1.68234306494824,1.67141311210899,1.6706408291105,1.68019162270556,1.70213847395174,1.72588250993735,1.75799402567157,1.79474115536377,1.82945693920273,1.86051314857892,1.88181882993437,1.89154046880126
0.797962003507717,0.912746159476349,1.04353076946427,1.1956086888348,1.37109495448193,1.56633859288942,1.7461350496533,1.82476531055949,1.75293108272412,1.60188569027855,1.44905042596353,1.32319935127215,1.22560436391216,1.15726259771092,1.11213848917728,1.08782833547084,1.08246252804729,1.09482621701188,1.12446636715239,1.171971462774,1.24330239376306,1.33855336980568,1.47978726845355,1.71458888243601,2.17862773185444,2.2387183715976,2.15235629239477,2.33597561210879,2.09045713037286,1.95234044739516,1.93142039799303,1.94594410063351,1.9592567995603,1.95807827527403,1.93824811399217,1.90812995843239,1.87781929295985,1.85813835958157,1.85326311451907,1.87149947578096,1.90780162989831,1.95819212874378,2.0072368750993,2.03589339244394,2.02834419976567,1.98529091087815,1.92226461298772,1.85198794177713,1.78603262368581,1.73063497337032,1.68754358704025,1.65759425777099,1.65243133831901,1.67934595203425,1.74805011348375,1.87580364011099,2.07111464845425,2.28726388705578,2.2436092178576,1.99500387756255,1.80453392285401
-0.140596187567946,-0.0961239464050055,-0.0476299732657036,0.00686980230528272,0.0698676164569512,0.144621869634501,0.259294970369115,0.374202535782422,0.521239644527721,0.72471337626119,0.997972074661495,1.3950570744551,1.98183245047186,2.11839682542926,1.48454460157868,1.14959987955041,0.948516879865482,0.826379862915801,0.752415509575239,0.711970211085155,0.695891717044278,0.698133291853309,0.714556789736335,0.742268754878419,0.779223234525909,0.823972244957591,0.875504093439519,0.933136183318211,0.996441784465661,1.07022529116776,1.14507623068344,1.22552701923992,1.31494083620753,1.40775370066366,1.50889815358326,1.61410276903751,1.72615203086668,1.8413116694674,1.9583485136326,2.08344084094363,2.24106745449641,2.28148106783714,2.08016667126583,1.92387683706932,1.81187017677793,1.72367369364749,1.6656346235053,1.60140217945288,1.5668029627727,1.5524612310546,1.55941794323347,1.5905993504048,1.65899506171374,1.72770087903186,1.91661306756627,1.93331194159269,2.04362930158672,2.12504302373954,2.12213892586557,2.04783562333492,1.94618109569237
0.446489838798333,0.5256608888029,0.630224277102567,0.740637765829701,0.881609833481198,1.04675094567026,1.26478327899053,1.53228456571549,1.84119632682048,2.01918342000041,1.8363133214982,1.56287350692946,1.35357331451655,1.2079455098756,1.11445261460271,1.06064274560409,1.04059628389583,1.05046411412993,1.08798489629166,1.15218186147055,1.24730204874105,1.37155455017705,1.52947202572456,1.72963988926569,1.98253210581306,2.28195232669552,2.35627419058264,2.19260239374787,1.98774576656779,1.81336606569973,1.66237628560545,1.56341184545709,1.48661881890611,1.43882145709534,1.41138540045685,1.40539973225628,1.41839339099313,1.4428553074577,1.48022355229646,1.53305122932353,1.60766355679596,1.83579106931133,1.72959117707156,1.79237920768332,1.86609164166318,1.95544615251216,1.95751608407866,1.97091126840527,1.95807940886797,1.92535339198266,1.88301523264815,1.83429779276123,1.79255232294033,1.7604503386706,1.74215854933607,1.73707963390891,1.7449644815541,1.76425202401689,1.79214769757097,1.82478680545006,1.85783411300073
0.80266622463271,0.917085290663002,1.04693478474614,1.19708186996242,1.36903187050018,1.55846242274622,1.7296372732446,1.80984403223812,1.74797140250088,1.60689588296202,1.45942399628775,1.33551742699735,1.23774508654298,1.16772147700104,1.11958164714724,1.09084246822409,1.0793220168717,1.08321712352845,1.10107451255491,1.13177297053825,1.17457509225774,1.23314840215623,1.30216160544403,1.39301806294463,1.52416678201687,1.80933278397436,2.59553549836122,1.89270440923417,2.25584374496704,2.05990387943295,1.90421166531347,1.88831238912052,1.8814152828225,1.86767780456967,1.84949317746678,1.82662267821389,1.81299249287339,1.81140795302628,1.82591109518066,1.85897831148367,1.90468659172557,1.95638969050616,1.99766124958426,2.01102217945018,1.99018490289541,1.94196579046155,1.87910999992344,1.81470397380737,1.75619466204637,1.70927486066483,1.67609130608032,1.66291832210685,1.67638988890941,1.74290552615974,1.83558764560718,1.99657549437458,2.21057619313693,2.29818035217649,2.09004742858321,1.87566520202219,1.72592326758836
0.437852706670487,0.512185916243159,0.610353364929423,0.713200719717621,0.836633342686327,0.997444544508831,1.19470713828499,1.44503256713421,1.74694508710566,1.99920462299246,1.9234522666189,1.64530627403451,1.4098015506212,1.24179099230209,1.12689126289104,1.0503351897783,1.00051420423455,0.979520742823292,0.97945027812549,1.00235540037719,1.03749301400542,1.08797161763408,1.15323340430893,1.23786893184702,1.33807277151742,1.4539532071636,1.59704003099178,1.76746134441718,1.98016824579299,2.25745778466038,2.38303741844322,2.19370197129072,2.06556262234427,1.93303576499444,1.81773020657496,1.73839512047096,1.66757450816095,1.63666874317748,1.63206556202047,1.65153129618649,1.70323012543512,1.85000107165908,1.79355990926234,1.85310006209759,2.0168889876642,1.95067075988037,1.95189131440802,1.94422136445656,1.91852326441311,1.87780453084349,1.83087440420252,1.78559103959168,1.74579128104755,1.70814850342529,1.68341190442307,1.66760494327111,1.66382290311484,1.67020366004147,1.6860196772839,1.71002147397262,1.74182152355135
0.408055161974583,0.491511929097393,0.600083586620922,0.717415096815011,0.859106713357271,1.04263856879046,1.27331278472698,1.55602232807187,1.86601667016336,1.99042548391036,1.77339379644203,1.51095278466529,1.31817880334667,1.18561982067369,1.10442823742534,1.06387307112581,1.05940827034192,1.0889047576552,1.15227400024613,1.25515179872854,1.39878457599965,1.59294887890788,1.8455728510183,2.15542013885281,2.45992691542743,2.20836109523663,1.88128126749738,1.68178352521534,1.53786088307221,1.45332479883304,1.40938349148005,1.39449891362799,1.40266115634631,1.42947002811549,1.47575824464606,1.52842184016698,1.60549041292076,1.66082143790899,1.73516234341926,1.8090708867969,1.87490587948808,1.92772679928889,1.95708470797005,1.96021019819834,1.9391168144825,1.90408521383983,1.86759149200278,1.83676520526035,1.82472332508229,1.81930278773839,1.83043155752046,1.85554388286607,1.88261744683531,1.90339086368977,1.90959940425859,1.89718553203858,1.86751704498956,1.82457227174776,1.7762119369378,1.72577436540953,1.67523098019296
0.0748393273279153,0.124958548164812,0.204723316273473,0.269164615908042,0.344497634792388,0.434782507548217,0.545567085718884,0.696531451808483,0.878650632651977,1.12906627854599,1.47825493631347,1.9436164848007,2.1646445048919,1.67691514951976,1.33628898521261,1.12274077787038,0.982575660069106,0.895901860265761,0.843916095379593,0.817604877220397,0.810872947446162,0.819466440873644,0.840357749651528,0.871370940021428,0.910942936943322,0.96334127517898,1.01779114145642,1.07862501440523,1.14564734106387,1.22297749689632,1.30354568444389,1.39417350922978,1.49027255533954,1.59768087611788,1.71477781642881,1.84342053638911,1.99083488816856,2.18244994033492,2.41891166166165,2.15659403836779,2.02985423878638,2.17433517618016,1.8718173961449,1.82998337996145,1.8486390561987,2.09090488693635,1.95469522787694,1.98737877073037,2.03268926495984,2.04358343048561,2.01322764918393,1.95516516872555,1.88835655811454,1.82807663603699,1.79075446757626,1.73648733251267,1.71167656822643,1.70043434128836,1.70373685760781,1.71814729290713,1.74267697034549
0.137149069229904,0.218891545796242,0.28511635848825,0.361573414793565,0.451822485151941,0.560526808431433,0.706000132638976,0.876120965082987,1.1028168275866,1.40300017670734,1.79198379742059,2.11923060226839,1.86667823451841,1.51185509960168,1.27321971721247,1.12045868184672,1.01804605585673,0.95940004641888,0.93050561798131,0.925000523477305,0.938401968500828,0.967505860064473,1.01503188422406,1.07008554228347,1.13607601646448,1.21238286714699,1.30284408860915,1.4002367281018,1.51134925282196,1.63326018658451,1.767339018272,1.92011617109748,2.11503590584777,2.34402306306483,2.20012895672327,2.0513093932712,1.9265650987829,1.82785519302009,1.76277476098088,1.73690047581511,1.73348787384451,1.75833360868016,1.81516491528854,1.8904948722666,1.97260134206676,2.03683725022557,2.06148706111063,2.03669709567373,1.97655465744373,1.90965652039948,1.85368156165357,1.81553013205498,1.7946706485199,1.79671075288753,1.81598771451609,1.84709453606904,1.88414964783236,1.91682672318039,1.93816876155715,1.94419957994847,1.93328636947085
0.678173135208778,0.777817718455793,0.902919364624171,1.0487715995104,1.22241517648625,1.43072657930612,1.65990008197118,1.8513705673435,1.86596089143364,1.7044734906324,1.51359530130955,1.35367445731492,1.23410006490531,1.15249252034243,1.1012826930493,1.07774061421114,1.08045317566955,1.10952555961627,1.16688464722538,1.26068344098157,1.39700665200781,1.59732236501022,1.90216192475547,2.34021026506218,2.24716880913517,2.29490163257232,2.07792654889069,1.8252648665156,1.68965133636879,1.62632183281849,1.60405954356377,1.62091382008112,1.66362138987141,1.71925772755578,1.77861275415168,1.83914184185508,1.88880707787933,1.92119430555225,1.93126489455825,1.91953051461474,1.89141754492759,1.85760177260817,1.82718010509452,1.80880329331645,1.80536806780167,1.81851696449323,1.84650284170518,1.8839838539478,1.9243862433704,1.9524220555502,1.96102535124007,1.94490518634106,1.90977162774147,1.86204454893747,1.8070147167517,1.75184315255365,1.70167963267595,1.65689159107911,1.61767419135123,1.59104022386537,1.58268006902062
0.413539227899374,0.491949237617873,0.593635281878628,0.701826595160856,0.831130294172405,0.996653506242426,1.19792670236444,1.44844516399747,1.73896705709087,1.96754327918172,1.89602819696976,1.64610578881123,1.42654971601559,1.2680702780352,1.16020962357111,1.08959440513526,1.04915840583186,1.03369405823359,1.03940917911862,1.0635591089158,1.10422156469119,1.16017540556293,1.23457912922672,1.32122133109004,1.42716866300435,1.55165723838334,1.6985130321803,1.87588201314934,2.10897687142014,2.48387930209761,2.19329501687216,2.05394268772125,1.93235055269712,1.90379362676744,1.92589386930197,1.96618443186998,1.9992897928866,2.0036657374326,1.97721030743217,1.93284639974694,1.8860007392777,1.84833538775934,1.82782317314512,1.82412056612354,1.83813106310097,1.86424123683112,1.89146389436035,1.91120672702135,1.91576685697411,1.90034704032648,1.86629849624513,1.82030805940684,1.76942924884795,1.71561996474634,1.6643217686126,1.61454390101558,1.5763578768705,1.52863577262707,1.4881495309195,1.45470173609406,1.42496254505166
0.367566154754375,0.434539668997608,0.510682900534754,0.611460534511131,0.719037978775449,0.849640981161721,1.02069379725973,1.23385661848729,1.51041056377273,1.83577978395373,2.04906094060983,1.85300415238742,1.55840826112592,1.33958290116958,1.18792702852616,1.08743208444942,1.01890335336332,0.982382810720459,0.967442649617993,0.96968260096851,0.991117703252381,1.01915076476422,1.05654584114951,1.10166089432037,1.15725096924537,1.21478557310657,1.27660677290189,1.3455269866432,1.41506786066047,1.52567020435835,1.55694883610635,1.62105782077103,1.68349902253456,1.73609555492224,1.77917192244739,1.80726299456673,1.83025953942066,1.82484451956896,1.80431527131944,1.80134090011767,1.75861501022588,1.73914445768606,1.72668746295647,1.72339641387759,1.7303902153506,1.74739816729818,1.77279843743291,1.80257536948559,1.8337285578131,1.85869123380619,1.873650620545,1.87547949233269,1.86522936145906,1.84015345312386,1.8037004820387,1.76438041575832,1.72102036164282,1.67879362159058,1.63833882683611,1.59791669839378,1.55806368597114
0.357499943540559,0.416912344298046,0.483130277424668,0.55870870086339,0.660773143349139,0.768533651299744,0.908520694727405,1.08113752400501,1.30181749789121,1.59291407686855,1.93694094639587,2.10161696846138,1.80853383878329,1.50577320900619,1.29856117941941,1.15948675843379,1.07240541643865,1.02179277012731,0.998836984098224,0.997160736651742,1.01208285775139,1.04012587923776,1.07867063252809,1.12570036023929,1.18473210327594,1.2453656003491,1.31452490179567,1.38410865003643,1.45950559150818,1.53562897714128,1.6109041349606,1.68158234037448,1.74402128739855,1.79685193531899,1.83326839970787,1.85263483963407,1.85864549774876,1.85833733846505,1.83054544804879,1.82218214984542,1.79007554950324,1.77038815761871,1.77270408721577,1.7903688745456,1.82012824713966,1.89143221283483,1.90196292396259,1.93502955914358,1.95549070824551,1.9551871926139,1.93300522311444,1.89265411678147,1.8609439926457,1.78733032471786,1.72796737042161,1.67271633686711,1.62369297006625,1.57828967299591,1.54574026146267,1.54197412632537,1.49164906529478
0.605458891596011,0.705002221582631,0.820974197972158,0.966893652064887,1.13828457900244,1.34079787428613,1.57618435479644,1.79243226681238,1.87053403091345,1.74464173756184,1.55492570925711,1.38761409076079,1.25995622657954,1.17039332320389,1.11087337229351,1.07771588448987,1.06826783142364,1.08095634447179,1.11529533500467,1.17203745854112,1.25738255361659,1.37014188689185,1.52902739061738,1.74766353473167,2.02770454397525,2.34021143934179,2.49414938298191,2.06819533543887,1.878616607105,1.73592693331233,1.72707089877485,1.76731809878115,1.82282855229749,1.87846967677959,1.9172470740877,1.93182319279633,1.92200484165612,1.8950586514687,1.86395492086144,1.84032108527164,1.82800712713065,1.83146397092868,1.84699972897852,1.86865003537461,1.88933572633113,1.89877825709476,1.89265268867427,1.86904895676358,1.83401417303444,1.79241719279835,1.73899984466309,1.68927982763274,1.63921669163552,1.59338352084409,1.55047760088037,1.51088406362805,1.4730736624703,1.44399296486286,1.46329845851773,1.39089119255517,1.3590333818975
0.452481589473978,0.527737371734861,0.626287296885843,0.728691721005724,0.849809812255177,1.00487574304029,1.1907343680027,1.42028812867147,1.68923411441163,1.93724309633877,1.96575572023534,1.75593922611991,1.5348538275007,1.36553598276766,1.24968390855564,1.16892900443935,1.12263539151616,1.1014227509072,1.10101159493484,1.11807068508414,1.154151638109,1.19966670033965,1.25653017419969,1.32719361850834,1.4039176307608,1.49216410597579,1.58764810686369,1.69008068406408,1.80315594885466,1.94936281568343,2.33121049627156,2.15773998715492,2.11000274022932,2.2226795022533,2.26922730228503,2.13943148123651,2.00889427147711,1.92405366434175,1.87622373948376,1.85912718160723,1.86957811892725,1.89938675063242,1.93926912439186,1.97254854880271,1.98607413503911,1.97167343518408,1.93150121629905,1.87372425614281,1.80906760848035,1.74429626331433,1.68522843632448,1.63398294749633,1.57866987580005,1.53768301294278,1.50331126608704,1.48200505111021,1.47529597983154,1.50416527538313,1.53341244996804,1.62473853844963,1.80126801269981
0.119612859958783,0.200592681953154,0.266130259595559,0.341517501809124,0.430213751842361,0.536780779098703,0.679022241058898,0.84553983284281,1.06771688127775,1.3638718258538,1.75722505078834,2.13655655568293,1.89672347104234,1.51758284027956,1.27101555269935,1.11776307762837,1.019587597602,0.968973819614008,0.951460642566229,0.960568835367822,0.991950168106041,1.04809867646161,1.11776287625369,1.20491989323483,1.3141407548893,1.44196140123038,1.59036008534207,1.75935446494213,1.94456135882774,2.12121974651294,2.24435974559495,2.2990262769112,2.21255714870572,1.84457790967707,1.75344872914546,1.6326286381104,1.61013647860539,1.59296235373903,1.62626516017669,1.67196233457775,1.73791358154615,1.81949948417673,1.90401881574515,1.97592169665005,2.01954335017449,2.02032967949042,1.98538110750947,1.93726959165268,1.89648651723128,1.87677392076781,1.87510243811823,1.89183861629639,1.91737276611902,1.93935971442996,1.94690215950204,1.93402788297371,1.90156254168157,1.85407235166207,1.80034824683986,1.74326720533336,1.69275783376109
0.580658979149179,0.66953825981888,0.773128822286091,0.904400552178114,1.05976623606065,1.24739254563087,1.47447041315194,1.72415080248686,1.90405538900198,1.85499471040976,1.65112892645455,1.45203466311783,1.29622312105593,1.17957170873364,1.0975171013211,1.03758947387456,1.00302222936167,0.986224129334748,0.984602223043918,1.000903177225,1.0247371985662,1.05927883671837,1.10377744647571,1.15784486854283,1.22603645773864,1.30114008999957,1.39217528842955,1.49913639485208,1.62987247606232,1.80619887294111,2.08222293072596,2.56321628788942,2.2187048584432,2.16102580962149,2.06668676156123,1.93562892215562,1.88865000533287,1.88187677726012,1.88483024396741,1.88861470080539,1.88630804405802,1.87512071394287,1.92059170128639,1.81884583671241,1.78068654433093,1.74731849628221,1.71650842482512,1.693552979308,1.67840667462352,1.67229174381825,1.67587921086628,1.68970150805433,1.72586329754267,1.74032693243628,1.77183768927244,1.80517709252652,1.83608088711367,1.86190553584676,1.87703539949804,1.8810503947553,1.87520133995596
0.0447023930858589,0.0973859979862813,0.179528231375087,0.247992584435367,0.328488870429022,0.425517216407753,0.54535059140141,0.708509327896769,0.909246079502893,1.19312250378708,1.58542255548313,2.08756928762276,1.99486186381445,1.5167887605963,1.22752798361977,1.05190124346664,0.940542661916917,0.87924242771072,0.851642768353815,0.849734367731093,0.868182479217067,0.903423152804764,0.953142715743801,1.02166063939112,1.0980965740591,1.18733122584803,1.29473714598474,1.41653928356439,1.5548456693118,1.71012196734054,1.87967038259052,2.04584819770191,2.20125845702183,2.37933211702367,2.16359154690647,1.92908472049578,1.77540031026854,1.72463289040539,1.70283357343997,1.65900405658471,1.61979176811905,1.66254194390396,1.90843482557759,1.78904889225724,1.85548827361024,1.93221204141694,1.9928240438027,2.02134041082906,2.01040702917568,1.97197698394757,1.91929606932152,1.86565117359317,1.83001821556619,1.81482512485769,1.81861160116375,1.8376254731131,1.86508775649566,1.89223006343141,1.91005640000349,1.91187959470984,1.89560375510894
0.115532105557219,0.194365446050218,0.257221919053742,0.329332701382801,0.414003612564911,0.515564141723856,0.651099122805368,0.809004347903399,1.01871948858777,1.29350208959668,1.66728186431499,2.08258447434828,1.99223281488213,1.58647321385602,1.3142394316019,1.13799558122454,1.02262058621064,0.955704225054799,0.921528350883868,0.912916620734534,0.924920818380268,0.954092732136974,1.00305820831861,1.06102988601873,1.13153035923922,1.21766362784542,1.31354251389013,1.42518193696982,1.55063113325087,1.69085297004052,1.84637705248661,2.02206200514481,2.23907742030967,2.33978930286322,2.11620883614181,1.9575198765251,1.82626259772361,1.72893690828949,1.66313907253436,1.63690297299446,1.61663137531414,1.63508183987764,1.6754269653722,1.73879479357455,1.83256902963555,1.89233074907194,1.96612704510459,2.01661474302397,2.02892744360641,2.00033077902576,1.94720025665211,1.88946249645503,1.83880333011572,1.80570498130759,1.79115167455593,1.79354953549212,1.81238647965064,1.84274748550118,1.87583781574403,1.90548871716973,1.92484850370998
0.382569788400659,0.451078102808326,0.529214465421697,0.63309464043839,0.744167552862344,0.886706274313661,1.05621543327024,1.28035582580222,1.55803338534122,1.87304498326307,2.02585156527233,1.80488118508405,1.52744169937594,1.32248313163159,1.1767745808125,1.07831081087953,1.00995116784938,0.972159449861537,0.955647079098599,0.956705793798803,0.97261366014523,1.00690331755622,1.04800132559861,1.09987969499713,1.16210448564023,1.23960458161717,1.3243999697543,1.42584389357592,1.54222027574164,1.67990425400041,1.84466828668389,2.06428985008415,2.41959498984885,2.27336289321819,2.12420900586582,1.99931065289707,1.92651814385807,1.85456489412345,1.90888223827068,1.84245277937907,1.914893595112,1.9070935323008,1.93360024863409,1.9446474853726,1.93418726201758,1.90574424491049,1.86612899773261,1.82428990569794,1.78372068430238,1.75139234178065,1.7279148511722,1.72272104003493,1.71779210720417,1.72834053220272,1.74922105834653,1.77700057267952,1.80921220237449,1.83918191611206,1.8634581020863,1.87812104072816,1.88083410741109
0.591255539773127,0.686986638020514,0.798358157640277,0.938204899750664,1.10262555955059,1.29818766687299,1.52746718076495,1.75937594504116,1.88212671890652,1.79128754955271,1.59933662282756,1.42259656560241,1.28631616073894,1.19010670286346,1.12526804611848,1.08767966016511,1.07416294675361,1.08256642871986,1.11172130808966,1.1615163791104,1.23320088154745,1.33459566777133,1.46922519885347,1.6576659096887,1.94954053350771,2.43429584965712,2.27596945960566,2.43532048236471,1.97921330922954,1.86023714093292,1.84017753336789,1.86975995806465,1.91727153238079,1.95535273588836,1.96991559684325,1.95729883396433,1.92480241931977,1.88729357929515,1.85715116314549,1.8439651284063,1.85005318889722,1.87401676379707,1.90904225990204,1.94475097922606,1.96532592524789,1.96144682797313,1.9315547216463,1.8814222434428,1.8216342378537,1.76111866908584,1.69977715965295,1.64346966078195,1.59503277071548,1.5534690199703,1.51767627363192,1.49334324474589,1.48124734333021,1.48686136494261,1.52374383327711,1.59284769286915,1.74758447676776
0.604754267799802,0.701312240716349,0.814098255293601,0.957597870435677,1.12767052466561,1.33565437849673,1.57673937679594,1.8150993638015,1.90916912172087,1.76894043613834,1.55746573440404,1.37808462476754,1.24507534356565,1.15502801030117,1.09915073221136,1.07396916161872,1.07752192199246,1.10940191299376,1.17084068595599,1.26866154385396,1.40659039911476,1.59847539238588,1.87519386343638,2.24129035132536,2.28538594050128,2.24586119684911,2.11178903044635,1.86858942747174,1.86350147187367,1.62595342286634,1.55239393676495,1.52979866644237,1.53653195417825,1.56531830664956,1.61416781177479,1.67807211000003,1.78073402082927,1.9118651147144,1.87887941300385,1.92491898686199,1.95625686992393,1.96173201176911,1.94419365703725,1.90896440301857,1.86805903446334,1.83143521610561,1.80780184277716,1.79911141828556,1.81071439050316,1.83801454474621,1.87241497123797,1.91122960425074,1.94279840487843,1.96262754813028,1.95015724180289,1.9194445700322,1.87568457218107,1.82353714108648,1.77136015191012,1.72063122612499,1.68060103935502
0.358029820856322,0.436544398607633,0.527443114226969,0.647008576760701,0.778817900123223,0.948065922712556,1.15740662307746,1.42355982364254,1.74328521217235,1.99897821365271,1.88277519757836,1.59518759445583,1.36873021046119,1.21114207514319,1.10838191202832,1.04222997072096,1.01350824115928,1.01319092856295,1.04345493226576,1.09395941635716,1.16914284159115,1.2750077575833,1.41097644556493,1.58305058420939,1.80057371753022,2.04997457902027,2.27236299633341,2.46053068314642,2.07900562727152,1.84383242951534,1.66854235903789,1.58763429435766,1.54522134852069,1.54460615567368,1.5608892403257,1.60477651679195,1.6652945398844,1.73385318591899,1.80273804336629,1.86719997737656,1.91510927146545,1.94093130684689,1.93815978476527,1.91535859319996,1.88124746932999,1.84830322877521,1.82661087068487,1.81969494998121,1.82940707204022,1.84941277241054,1.87687274530678,1.90224488286865,1.91690263407616,1.91491022182213,1.89505807766068,1.86053716903077,1.81563651960506,1.76761940907541,1.71845682076339,1.67810846115616,1.71529618291272
0.587572705535938,0.678586636926542,0.783725668575562,0.915938194313102,1.07117319115633,1.25745913107769,1.48298398389357,1.73359656221084,1.92340499057323,1.88386050813447,1.67758902939307,1.47763313682744,1.32531324451272,1.21736250077213,1.15014272288631,1.11468485401984,1.10619810441338,1.12072649078882,1.15500997373486,1.20639460679556,1.27951641247558,1.36162425899609,1.45052622511455,1.5526520676645,1.65885264217153,1.76368061829756,1.85196276293358,1.91075066644666,1.9649204531719,1.96957699713216,1.9666480228883,1.88167811142478,1.86499419171926,1.87668228472193,1.90594277958061,1.93459735317428,1.9467859155011,1.93179898952583,1.88930216180053,1.83114595591278,1.76432457351088,1.69666868037031,1.63158846519487,1.5727149062944,1.5167003672811,1.46771908749896,1.42342873383934,1.38148944761822,1.34655100947681,1.31609377713598,1.2907868636269,1.27647047842769,1.25312567917419,1.242307615877,1.23898350470016,1.2446897103657,1.26216246912508,1.29577600384812,1.35246866741973,1.44753904601194,1.59741535462142
