f,S11,S12,S21,S22
1.0,(2.659637418985848e-06+9.200194578695654e-08j),(3.446841717748246e-07+2.7244523408479753e-07j),(3.446841717748244e-07+2.7244523408479737e-07j),(2.634648484877019e-06+4.145617655764703e-08j)
50000.9995,(4.7024355754317094e-05+0.0009527711437926328j),(7.908286200342346e-05+0.0006210315493097072j),(7.908286200342354e-05+0.0006210315493097073j),(4.1367460396721566e-05+0.0009415078255789112j)
100000.999,(7.297759474654704e-05+0.001879727808561649j),(0.00011671161135295093+0.001207536013489336j),(0.00011671161135295088+0.0012075360134893346j),(6.488260296891706e-05+0.0018638495507889185j)
150000.9985,(9.980462215872952e-05+0.0028022677046232584j),(0.00015052691823843839+0.0017881758081097613j),(0.00015052691823843836+0.00178817580810976j),(8.977494761064034e-05+0.002782882299353179j)
200000.998,(0.00012950438173740987+0.003722413069268482j),(0.0001840815165267965+0.0023656722177446757j),(0.0001840815165267964+0.0023656722177446752j),(0.00011779067548032166+0.0037000998580298153j)
250000.9975,(0.0001628449737582695+0.004640931369375247j),(0.00021874487870821637+0.0029410690171445156j),(0.00021874487870821632+0.0029410690171445143j),(0.00014960135674477694+0.004616064491584003j)
300000.997,(0.00020021671377991616+0.0055582022710312685j),(0.0002552155808682884+0.0035148914315425535j),(0.00025521558086828824+0.003514891431542551j),(0.00018554849176941068+0.005531050396846627j)
350000.9965,(0.00024184891992838699+0.0064744391513585865j),(0.00029390600807201715+0.004087442316591104j),(0.00029390600807201737+0.004087442316591103j),(0.00022583281384995266+0.006445208175232761j)
400000.996,(0.0002878889984268564+0.007389770333806764j),(0.00033508284065238305+0.004658910783612078j),(0.0003350828406523831+0.004658910783612075j),(0.0002705833786000908+0.007358625176524214j)
450000.99549999996,(0.00033843763923018845+0.008304275429289477j),(0.0003789296403580848+0.005229420794200609j),(0.00037892964035808455+0.005229420794200604j),(0.0003198883239528134+0.008271352506192427j)
500000.995,(0.0003935666467118382+0.009218003843091713j),(0.00042557859101509843+0.005799055906714729j),(0.00042557859101509816+0.005799055906714728j),(0.00037381046011941975+0.009183418785342314j)
550000.9945,(0.00045332884622810454+0.01013098511082134j),(0.00047512815214319356+0.006367873096343236j),(0.0004751281521431936+0.006367873096343235j),(0.0004323959347830469+0.01009483783917354j)
600000.994,(0.0005177639839796651+0.011043235086329753j),(0.0005276535838346793+0.006935911028321356j),(0.0005276535838346791+0.006935911028321349j),(0.000495679395766733+0.011005613302183546j)
650000.9935,(0.0005869024369164293+0.011954759853399475j),(0.0005832135720266161+0.00750319528733588j),(0.0005832135720266161+0.007503195287335877j),(0.0005636872387160267+0.011915741530864088j)
700000.993,(0.000660767649969375+0.012865558309353008j),(0.0006418545856422577+0.00806974183102838j),(0.0006418545856422572+0.008069741831028371j),(0.0006364397415569373+0.012825213528566685j)
750000.9924999999,(0.0007393777960088071+0.013775623934322943j),(0.0007036138473135481+0.008635559354584212j),(0.0007036138473135477+0.008635559354584207j),(0.0007139525188465403+0.013734016264457423j)
800000.992,(0.0008227469411639645+0.014684946040230431j),(0.0007685214210563717+0.009200650959611981j),(0.000768521421056371+0.00920065095961197j),(0.0007962375431908182+0.014642133605218294j)
850000.9915,(0.0009108858842729864+0.015593510675624672j),(0.0008366017176820342+0.009765015362864345j),(0.0008366017176820337+0.009765015362864343j),(0.0008833038813518419+0.015549546990521005j)
900000.9909999999,(0.001003802775202165+0.016501301296057237j),(0.0009078746047402247+0.010328647791454091j),(0.0009078746047402241+0.010328647791454083j),(0.0009751582366937002+0.016456235933871917j)
950000.9905,(0.00110150357921942+0.017408299270569437j),(0.000982356240898514+0.010891540658940145j),(0.0009823562408985134+0.010891540658940137j),(0.0010718053567620597+0.017362178401354504j)
1000000.99,(0.0012039924317748469+0.01831448427103372j),(0.0010600597139660219+0.011453684084782877j),(0.0010600597139660214+0.011453684084782874j),(0.001173248344823367+0.01826735110306332j)
1050000.9895,(0.0013112719137098434+0.019219834576090517j),(0.001140995536216448+0.012015066299611295j),(0.0011409955362164472+0.012015066299611287j),(0.001279488901656767+0.019171729720865574j)
1100000.989,(0.0014233432676710007+0.02012432731172051j),(0.001225172034172802+0.012575673965771807j),(0.0012251720341728014+0.0125756739657718j),(0.0013905275157916402+0.020075289088905126j)
1150000.9885,(0.0015402065704059316+0.02102793864406088j),(0.0013125956591070929+0.013135492434029228j),(0.0013125956591070922+0.013135492434029217j),(0.0015063636150486307+0.02097800333847802j)
1200000.988,(0.0016618608714685326+0.02193064393571767j),(0.0014032712371332254+0.013694505951464668j),(0.0014032712371332247+0.013694505951464661j),(0.0016269956886125615+0.02187984601566437j)
1250000.9875,(0.001788304306046933+0.022832417873815562j),(0.0014972021726867976+0.014252697831590406j),(0.0014972021726867963+0.01425269783159039j),(0.0017524213863971394+0.022780790177859635j)
1300000.987,(0.0019195341875951036+0.023733234575910672j),(0.0015943906156174151+0.014810050594871034j),(0.0015943906156174153+0.014810050594871034j),(0.0018826376006797294+0.023680808473772505j)
1350000.9864999999,(0.002055547084567691+0.024633067678377484j),(0.0016948375995746838+0.01536654608581791j),(0.0016948375995746818+0.015366546085817888j),(0.0020176405337804263+0.02457987321032834j)
1400000.986,(0.0021963388844927784+0.02553189041078611j),(0.001798543157527691+0.01592216557135655j),(0.0017985431575276896+0.015922165571356534j),(0.0021574257546189586+0.025477956409100562j)
1450000.9855,(0.002341904847893182+0.02642967565897741j),(0.0019055064189073701+0.01647688982408932j),(0.0019055064189073684+0.016476889824089302j),(0.0023019882463580976+0.02637502985429111j)
1500000.9849999999,(0.0024922396539789715+0.027326396018946437j),(0.0020157256918582824+0.01703069919327281j),(0.002015725691858282+0.017030699193272797j),(0.0024513224468145005+0.02727106513383374j)
1550000.9845,(0.0026473374396488274+0.028222023843189434j),(0.002129198533333247+0.01758357366572613j),(0.002129198533333247+0.01758357366572613j),(0.00260542228299081+0.028166033674857302j)
1600000.984,(0.0028071918329830776+0.02911653128082997j),(0.002245921809192576+0.018135492918426813j),(0.002245921809192575+0.018135492918426806j),(0.00276428120076533+0.02905990677448982j)
1650000.9834999999,(0.002971795982191755+0.030009890312573593j),(0.002365891746031578+0.01868643636419866j),(0.0023658917460315757+0.01868643636419865j),(0.0029278921905907117+0.029952655626788026j)
1700000.983,(0.00314114258078671+0.030902072781336175j),(0.002489103976121011+0.019236383191622058j),(0.00248910397612101+0.019236383191622044j),(0.0030962478098663995+0.03084425134642348j)
1750000.9825,(0.003315223889592607+0.0317930504192326j),(0.002615553576580893+0.019785312400084083j),(0.0026155535765808916+0.019785312400084066j),(0.003269340202540179+0.03173466498963784j)
1800000.9819999998,(0.003494031756106379+0.032682794871484865j),(0.0027452351037001313+0.02033320283071702j),(0.002745235103700129+0.02033320283071701j),(0.0034471611163705267+0.03262386757288549j)
1850000.9815,(0.003677557631617273+0.03357127771770977j),(0.002878142623149786+0.020880033193840374j),(0.0028781426231497833+0.020880033193840353j),(0.0036297019182244717+0.033511830089507914j)
1900000.981,(0.0038657925864256718+0.03445847049096615j),(0.003014269736706436+0.021425782093414582j),(0.0030142697367064363+0.02142578209341458j),(0.0038169536077019375+0.03439852352472267j)
1950000.9804999998,(0.004058727323442561+0.03534434469487801j),(0.003153609605996599+0.021970428048928944j),(0.003153609605996598+0.021970428048928937j),(0.004008906829342553+0.03528391886916381j)
2000000.98,(0.0042563521904112785+0.036228871819095336j),(0.0032961549736878885+0.022513949515076008j),(0.0032961549736878868+0.022513949515075994j),(0.004205551883608465+0.036167987131171295j)
2050000.9795,(0.004458657190938916+0.03711202335331587j),(0.0034418981824833905+0.02305632489950881j),(0.003441898182483389+0.023056324899508807j),(0.004406878736833756+0.037050699347993404j)
2100000.979,(0.004665631994504962+0.0379937708000535j),(0.003590831192219048+0.023597532578930352j),(0.0035908311922190454+0.023597532578930342j),(0.004612877030268916+0.03793202659604296j)
2150000.9784999997,(0.004877265945590045+0.03887408568631065j),(0.0037429455953173307+0.024137550913726588j),(0.0037429455953173272+0.02413755091372656j),(0.0048235360883537+0.03881194000032503j)
2200000.978,(0.005093548072038318+0.03975293957428976j),(0.0038982326308120954+0.024676358261322785j),(0.003898232630812096+0.02467635826132278j),(0.005038844926316359+0.03969041074313649j)
2250000.9775,(0.005314467092757944+0.040630304071258276j),(0.004056683197127615+0.025213932988416676j),(0.00405668319712761+0.02521393298841665j),(0.005258792257192352+0.04056741007212318j)
2300000.977,(0.005540011424838275+0.04150615083866512j),(0.004218287863768219+0.0257502534822198j),(0.0042182878637682135+0.025750253482219775j),(0.005483366498331115+0.041442909307768463j)
2350000.9765,(0.005770169190165759+0.04238045160059347j),(0.0043830368820528+0.02628529816082028j),(0.004383036882052795+0.026285298160820255j),(0.0057125557774654005+0.042316879850375806j)
2400000.976,(0.006004928221598683+0.04325317815162189j),(0.004550920195009655+0.026819045482764425j),(0.004550920195009664+0.026819045482764464j),(0.0059463479383888825+0.04318929318660059j)
2450000.9754999997,(0.006244276068749596+0.044124302364158374j),(0.004721927446531494+0.027351473955942007j),(0.00472192744653149+0.027351473955941976j),(0.006184730546296327+0.04406012089557753j)
2500000.975,(0.006488200003432537+0.044993796195300154j),(0.004896047989876915+0.027882562145847875j),(0.00489604798987692+0.027882562145847892j),(0.0064276908928257714+0.04492933465468565j)
2550000.9745,(0.00673668702480255+0.045861631693269136j),(0.00507327089559366+0.028412288683285117j),(0.005073270895593661+0.028412288683285113j),(0.006675216000833782+0.045796906244985794j)
2600000.974,(0.006989723864243506+0.04672778100346203j),(0.005253584958928693+0.02894063227156389j),(0.005253584958928683+0.02894063227156385j),(0.006927292628951689+0.046662807556360986j)
2650000.9735,(0.007247296990007979+0.04759221637415443j),(0.005436978706782557+0.029467571693246385j),(0.0054369787067825555+0.029467571693246365j),(0.007183907275923886+0.047527010592389944j)
2700000.9729999998,(0.007509392611664261+0.04845491016188815j),(0.005623440404257826+0.029993085816479987j),(0.005623440404257824+0.02999308581647997j),(0.007445046184779941+0.048389487474973306j)
2750000.9724999997,(0.007775996684347453+0.04931583483657268j),(0.005812958060845587+0.030517153600956717j),(0.005812958060845582+0.03051715360095669j),(0.00771069534683365+0.04925021044873804j)
2800000.972,(0.008047094912858105+0.050174962986323485j),(0.006005519436288604+0.03103975410353237j),(0.0060055194362886+0.031039754103532352j),(0.007980840505555597+0.050109151885235015j)
2850000.9715,(0.008322672755621615+0.0510322673220584j),(0.0062011120461550615+0.03156086648353448j),(0.006201112046155055+0.031560866483534455j),(0.008255467160313515+0.0509662842869482j)
2900000.971,(0.008602715428500456+0.05188772068187699j),(0.006399723167153232+0.0320804700077861j),(0.006399723167153226+0.03208047000778606j),(0.008534560570003123+0.051821580291129585j)
2950000.9705,(0.008887207908515127+0.05274129603523187j),(0.00660133984221335+0.03259854405536766j),(0.006601339842213344+0.03259854405536764j),(0.008818105756578695+0.05267501267347352j)
3000000.9699999997,(0.009176134937451284+0.05359296648691468j),(0.006805948885360504+0.033115068122138415j),(0.006805948885360518+0.03311506812213847j),(0.009106087508504761+0.053526554351639104j)
3050000.9694999997,(0.00946948102537895+0.05444270528086627j),(0.00701353688639946+0.033630021825035515j),(0.007013536886399454+0.03363002182503549j),(0.00939849038412531+0.054376178388634046j)
3100000.969,(0.009767230454098528+0.05529048580382442j),(0.00722409021542992+0.03414338490616696j),(0.007224090215429912+0.034143384906166946j),(0.009695298714962242+0.05522385799606883j)
3150000.9685,(0.010069367280505743+0.05613628158882135j),(0.007437595027209115+0.03465513723671421j),(0.007437595027209117+0.03465513723671423j),(0.009996496608956162+0.05606956653728711j)
3200000.968,(0.010375875339899641+0.0569800663185386j),(0.007654037265376237+0.03516525882065647j),(0.0076540372653762356+0.03516525882065646j),(0.010302067953656797+0.05691327753038156j)
3250000.9675,(0.010686738249232646+0.05782181382852974j),(0.007873402666552152+0.03567372979832939j),(0.00787340266655214+0.03567372979832933j),(0.010611996419359278+0.05775496465110116j)
3300000.9669999997,(0.01100193941031332+0.0586614981103177j),(0.008095676764326123+0.03618053044982848j),(0.008095676764326121+0.03618053044982847j),(0.01092626546219973+0.058594601735656324j)
3350000.9665,(0.011321462012950168+0.05949909331437685j),(0.008320844893140349+0.036685641198267546j),(0.008320844893140352+0.03668564119826753j),(0.011244858327215567+0.05943216278342657j)
3400000.966,(0.011645289038080462+0.060334573753000026j),(0.008548892192081497+0.03718904261289973j),(0.00854889219208149+0.0371890426128997j),(0.011567758051370211+0.06026762195957569j)
3450000.9655,(0.011973403260835454+0.06116791390306462j),(0.00877980360858808+0.03769071541211027j),(0.008779803608588072+0.037690715412110234j),(0.011894947466544487+0.06110095359757948j)
3500000.965,(0.012305787253597515+0.06199908840869504j),(0.00901356390208116+0.038190640466287396j),(0.009013563902081157+0.03819064046628737j),(0.01222640920251402+0.06193213220166762j)
3550000.9645,(0.0126424233890102+0.06282807208383276j),(0.009250157647525376+0.038688798800578184j),(0.009250157647525367+0.038688798800578156j),(0.012562125689883713+0.06276113244918867j)
3600000.9639999997,(0.012983293842974862+0.06365483991471435j),(0.009489569238926347+0.039185171597535075j),(0.009489569238926337+0.03918517159753504j),(0.012902079163019334+0.06358792919289337j)
3650000.9635,(0.013328380597618513+0.06447936706226272j),(0.009731782892770175+0.03967974019965856j),(0.009731782892770154+0.0396797401996585j),(0.013246251662951878+0.0644124974631466j)
3700000.963,(0.013677665444246553+0.06530162886439478j),(0.009976782651409962+0.04017248611184089j),(0.009976782651409968+0.04017248611184091j),(0.01359462504026504+0.06523481247006718j)
3750000.9625,(0.014031129986265383+0.06612160083825173j),(0.010224552386404002+0.04066339100371565j),(0.010224552386403987+0.04066339100371559j),(0.013947180957971983+0.06605484960559771j)
3800000.962,(0.014388755642106373+0.06693925868234864j),(0.01047507580180937+0.04115243671191604j),(0.01047507580180936+0.04115243671191602j),(0.014303900894376475+0.06687258444550813j)
3850000.9614999997,(0.014750523648120517+0.06775457827865257j),(0.010728336437435104+0.04163960524224769j),(0.010728336437435102+0.04163960524224768j),(0.014664766145922523+0.06768799275133469j)
3900000.9609999997,(0.01511641506146767+0.06856753569458887j),(0.010984317672057776+0.042124878771777445j),(0.010984317672057776+0.04212487877177743j),(0.01502975783003763+0.06850105047225447j)
3950000.9605,(0.01548641076298728+0.06937810718497762j),(0.011243002726602743+0.04260823965084234j),(0.011243002726602738+0.042608239650842344j),(0.015398856887954995+0.06931173374690168j)
4000000.96,(0.015860491460066385+0.07018626919390354j),(0.011504374667293552+0.043089670404981587j),(0.011504374667293555+0.0430896704049816j),(0.01577204408754837+0.07012001890511986j)
4050000.9595,(0.016238637689493577+0.07099199835652001j),(0.011768416408772117+0.04356915373679393j),(0.011768416408772122+0.043569153736793924j),(0.016149300026135373+0.07092588246966124j)
4100000.959,(0.016620829820300127+0.07179527150079137j),(0.012035110717191582+0.044046672527723145j),(0.012035110717191568+0.04404667252772311j),(0.01653060513329098+0.07172930115782435j)
4150000.9584999997,(0.017007048056603694+0.07259606564917159j),(0.012304440213283942+0.04452220983977371j),(0.012304440213283925+0.044522209839773653j),(0.016915939673650033+0.07253025188303953j)
4200000.958,(0.017397272440430274+0.07339435802022544j),(0.012576387375404254+0.04499574891715901j),(0.012576387375404246+0.04499574891715898j),(0.01730528374970481+0.0733287117563975j)
4250000.9575,(0.017791482854542056+0.07419012603018872j),(0.012850934542552853+0.045467273187884155j),(0.012850934542552858+0.04546727318788417j),(0.017698617304586373+0.07412465808812921j)
4300000.9569999995,(0.01818965902525326+0.07498334729447252j),(0.01312806391737684+0.04593676626526438j),(0.01312806391737684+0.045936766265264384j),(0.01809592012486442+0.074918068389026j)
4350000.956499999,(0.018591780525234282+0.07577399962911266j),(0.01340775756915253+0.046404211949382095j),(0.013407757569152523+0.046404211949382046j),(0.01849717184332066+0.07570892037181565j)
4400000.956,(0.018997826776324993+0.07656206105216098j),(0.013689997436749382+0.04686959422848278j),(0.013689997436749384+0.04686959422848278j),(0.0189023519417268+0.07649719195248454j)
4450000.9555,(0.01940777705232336+0.07734750978502762j),(0.013974765331576955+0.04733289728031251j),(0.013974765331576943+0.04733289728031247j),(0.019311439753617966+0.07728286125155052j)
4500000.955,(0.019821610481787537+0.07813032425376587j),(0.014262042940515276+0.04779410547339727j),(0.014262042940515267+0.04779410547339723j),(0.01972441446706028+0.0780659065952879j)
4550000.9545,(0.02023930605080954+0.07891048309031161j),(0.014551811828829787+0.048253203368266336j),(0.014551811828829801+0.04825320336826638j),(0.020141255127416772+0.07884630651690366j)
4600000.954,(0.020660842605815147+0.07968796513366351j),(0.014844053443071136+0.04871017571862036j),(0.014844053443071135+0.04871017571862035j),(0.02056194064010857+0.0796240397576661j)
4650000.9535,(0.021086198856331197+0.08046274943102151j),(0.015138749113960666+0.04916500747244534j),(0.01513874911396066+0.04916500747244533j),(0.020986449773370518+0.08039908526798736j)
4700000.953,(0.021515353377751883+0.08123481523887308j),(0.015435880059262278+0.04961768377307429j),(0.015435880059262278+0.04961768377307429j),(0.02141476116099409+0.0811714222084623j)
4750000.9525,(0.02194828461412078+0.08200414202402866j),(0.01573542738664031+0.050068189960196095j),(0.01573542738664035+0.050068189960196186j),(0.021846853305095355+0.08194102995085498j)
4800000.952,(0.02238497088086976+0.08277070946461679j),(0.01603737209650515+0.050516511570814965j),(0.01603737209650514+0.05051651157081492j),(0.02228270457883508+0.0827078880790497j)
4850000.9514999995,(0.022825390367598945+0.08353449745102272j),(0.016341695084845027+0.05096263434015789j),(0.016341695084845023+0.05096263434015788j),(0.022722293229169847+0.08347197638995078j)
4900000.950999999,(0.02326952114081269+0.08429548608678884j),(0.016648377146046302+0.05140654420253509j),(0.0166483771460463+0.05140654420253508j),(0.023165597379582473+0.08423327489434122j)
4950000.9505,(0.02371734114665868+0.08505365568946885j),(0.016957398975700744+0.051848227292150856j),(0.016957398975700755+0.05184822729215088j),(0.02361259503281566+0.08499176381769692j)
5000000.95,(0.024168828213680313+0.08580898679143124j),(0.017268741173400916+0.052287669943867555j),(0.017268741173400964+0.05228766994386767j),(0.024063264073581236+0.08574742360096235j)
5050000.9495,(0.024623960055537224+0.08656146014062661j),(0.017582384245523476+0.0527248586939228j),(0.01758238424552345+0.05272485869392271j),(0.02451758227129431+0.08650023490127641j)
5100000.949,(0.025082714273739308+0.08731105670130365j),(0.017898308608000135+0.05315978028060025j),(0.017898308608000155+0.0531597802806003j),(0.024975527282771904+0.08725017859266582j)
5150000.9485,(0.02554506836035849+0.08805775765468904j),(0.018216494589077353+0.05359242164485652j),(0.018216494589077387+0.05359242164485659j),(0.025437076654947655+0.08799723576668828j)
5200000.948,(0.02601099970074052+0.08880154439962148j),(0.01853692243206341+0.054022769930901854j),(0.018536922432063403+0.05402276993090183j),(0.02590220782756917+0.08874138773304133j)
5250000.9475,(0.026480485576213804+0.08954239855314255j),(0.01885957229806364+0.05445081248673792j),(0.018859572298063655+0.054450812486737936j),(0.02637089813588265+0.08948261602012907j)
5300000.947,(0.02695350316678844+0.09028030195104712j),(0.019184424268703922+0.05487653686465235j),(0.019184424268703894+0.054876536864652305j),(0.02684312481333081+0.09022090237558665j)
5350000.9465,(0.027430029553838733+0.0910152366483961j),(0.01951145834884163+0.05529993082167008j),(0.019511458348841684+0.055299930821670194j),(0.02731886499422384+0.09095622876676888j)
5400000.9459999995,(0.027910041722785852+0.09174718491998414j),(0.019840654469264835+0.055720982319963634j),(0.019840654469264796+0.05572098231996355j),(0.027798095716413885+0.09168857738119571j)
5450000.945499999,(0.028393516565776742+0.09247612926076905j),(0.020171992489378513+0.05613967952722039j),(0.020171992489378492+0.05613967952722037j),(0.028280793923952417+0.09241793062696495j)
5500000.944999999,(0.028880430884339017+0.09320205238626353j),(0.020505452199879058+0.05655601081697097j),(0.02050545219987907+0.056556010816971j),(0.02876693646975606+0.09314427113311852j)
5550000.9445,(0.02937076139204899+0.09392493723288306j),(0.020841013325415533+0.056969964768875545j),(0.0208410133254156+0.05696996476887568j),(0.029256500118237203+0.0938675817499807j)
5600000.944,(0.029864484717162184+0.09464476695826378j),(0.021178655527238615+0.057381530168971746j),(0.02117865552723857+0.05738153016897164j),(0.02974946154795678+0.09458784554944899j)
5650000.9435,(0.03036157740525953+0.09536152494153238j),(0.021518358405835915+0.05779069600988183j),(0.0215183584058359+0.0577906960098818j),(0.030245797354243015+0.09530504582525523j)
5700000.943,(0.03086201592187609+0.09607519478354404j),(0.021860101503555114+0.05819745149098311j),(0.021860101503555034+0.05819745149098294j),(0.030745484051809647+0.09601916609318804j)
5750000.9425,(0.03136577665510235+0.09678576030708537j),(0.02220386430721269+0.05860178601853822j),(0.022203864307212696+0.058601786018538216j),(0.031248498077371126+0.09673019009127669j)
5800000.942,(0.031872835918209365+0.09749320555703261j),(0.022549626250690034+0.05900368920578937j),(0.022549626250690062+0.059003689205789404j),(0.03175481579222889+0.09743810177994433j)
5850000.9415,(0.032383169952222846+0.09819751480048326j),(0.022897366717514876+0.05940315087301409j),(0.02289736671751493+0.05940315087301419j),(0.032264413484875826+0.09814288534211678j)
5900000.941,(0.03289675492852212+0.09889867252684297j),(0.02324706504342942+0.05980016104754517j),(0.023247065043429407+0.059800161047545146j),(0.03277726737355479+0.09884452518330873j)
5950000.9405,(0.03341356695140438+0.09959666344788318j),(0.023598700518943697+0.06019470996375378j),(0.023598700518943704+0.060194709963753784j),(0.033293353608834404+0.09954300593166403j)
6000000.9399999995,(0.03393358206063743+0.10029147249776287j),(0.02395225239187504+0.0605867880629979j),(0.023952252391875036+0.06058678806299788j),(0.03381264827615966+0.10023831243796809j)
6050000.939499999,(0.03445677623402031+0.10098308483301113j),(0.02430769986987218+0.06097638599353435j),(0.02430769986987209+0.06097638599353415j),(0.034335127398391965+0.1009304297756244j)
6100000.938999999,(0.03498312538991014+0.10167148583248126j),(0.02466502212292467+0.06136349461039642j),(0.024665022122924624+0.06136349461039633j),(0.034860766938339685+0.10161934324059758j)
6150000.9385,(0.035512605389738425+0.10235666109726932j),(0.02502419828585742+0.061748104975238124j),(0.025024198285857436+0.06174810497523814j),(0.03538954280127466+0.10230503835132371j)
6200000.938,(0.03604519204052438+0.10303859645059898j),(0.02538520746080928+0.06213020835614351j),(0.02538520746080928+0.06213020835614349j),(0.03592143083742956+0.10298750084858954j)
6250000.9375,(0.036580861097368224+0.10371727793767248j),(0.025748028719696017+0.06250979622740294j),(0.02574802871969596+0.06250979622740281j),(0.03645640684449621+0.10366671669537449j)
6300000.937,(0.037119588265934395+0.10439269182548998j),(0.026112641106657453+0.06288686026925668j),(0.026112641106657463+0.06288686026925668j),(0.03699444657009274+0.1043426720766678j)
6350000.9365,(0.03766134920490938+0.1050648246026396j),(0.0264790236404886+0.06326139236760654j),(0.026479023640488614+0.06326139236760657j),(0.037535525714238044+0.10501535339924613j)
6400000.936,(0.03820611952845495+0.1057336629790525j),(0.026847155317053905+0.06363338461369465j),(0.02684715531705397+0.06363338461369472j),(0.0380796199317774+0.10568474729143106j)
6450000.9355,(0.03875387480865306+0.10639919388572627j),(0.027217015111685044+0.06400282930375105j),(0.027217015111684978+0.06400282930375095j),(0.038626704834842825+0.10635084060280156j)
6500000.935,(0.039304590577915736+0.10706140447442096j),(0.02758858198156161+0.06436971893861065j),(0.027588581981561604+0.06436971893861063j),(0.03917675599524287+0.10701362040389185j)
6550000.9344999995,(0.03985824233139336+0.10772028211732361j),(0.027961834868075103+0.06473404622329958j),(0.02796183486807503+0.06473404622329942j),(0.03972974894688441+0.10767307398584577j)
6600000.933999999,(0.04041480552937034+0.10837581440667961j),(0.028336752699174447+0.06509580406659038j),(0.028336752699174437+0.06509580406659037j),(0.04028565918815642+0.1083291888600483j)
6650000.933499999,(0.04097425559962662+0.1090279891544015j),(0.028713314391695176+0.06545498558052935j),(0.028713314391695246+0.06545498558052948j),(0.040844462184292836+0.10898195275773055j)
6700000.933,(0.04153656793980743+0.10967679439164021j),(0.029091498853669663+0.06581158407993329j),(0.029091498853669618+0.0658115840799332j),(0.041406133369729495+0.1096313536295406j)
6750000.9325,(0.04210171791975276+0.11032221836833644j),(0.02947128498661925+0.06616559308185732j),(0.02947128498661918+0.06616559308185718j),(0.041970648150449645+0.11027737964508685j)
6800000.932,(0.04266968088382413+0.11096424955273693j),(0.029852651687828833+0.0665170063050358j),(0.029852651687828816+0.06651700630503575j),(0.04253798190629138+0.1109200191924589j)
6850000.9315,(0.04324043215322285+0.11160287663088328j),(0.030235577852601794+0.06686581766929403j),(0.030235577852601715+0.06686581766929385j),(0.04310810999327197+0.11155926087771151j)
6900000.931,(0.043813947028248264+0.11223808850608455j),(0.03062004237649688+0.06721202129493316j),(0.030620042376496882+0.06721202129493314j),(0.04368100774584948+0.11219509352433397j)
6950000.9305,(0.04439020079060374+0.11286987429834322j),(0.03100602415754554+0.06755561150208816j),(0.03100602415754554+0.06755561150208818j),(0.04425665047921373+0.11282750617268002j)
7000000.93,(0.04496916870562181+0.11349822334377495j),(0.03139350209845022+0.06789658281005902j),(0.031393502098450224+0.06789658281005899j),(0.044835013491524515+0.11345648807938176j)
7050000.9295,(0.0455508260245142+0.11412312519398687j),(0.031782455108762965+0.06823492993661567j),(0.03178245510876298+0.06823492993661572j),(0.045416072066152044+0.11408202871673034j)
7100000.929,(0.04613514798658045+0.11474456961544077j),(0.03217286210704477+0.06857064779727845j),(0.0321728621070448+0.06857064779727849j),(0.04599980147388307+0.11470411777203914j)
7150000.928499999,(0.046722109821407426+0.11536254658878418j),(0.03256470202300442+0.06890373150457164j),(0.03256470202300441+0.06890373150457164j),(0.0465861769751267+0.1153227451469731j)
7200000.927999999,(0.04731168675104728+0.11597704630816j),(0.03295795379961754+0.06923417636725376j),(0.032957953799617454+0.06923417636725361j),(0.04717517382208852+0.115937900956859j)
7250000.927499999,(0.0479038539921752+0.11658805918049212j),(0.03335259639522555+0.0695619778895226j),(0.03335259639522548+0.06956197788952247j),(0.047766767260924214+0.11654957552997354j)
7300000.927,(0.04849858675822972+0.11719557582474624j),(0.033748608785613976+0.06988713177019733j),(0.03374860878561403+0.06988713177019741j),(0.04836093253388284+0.11715775940680163j)
7350000.9265,(0.049095860261529525+0.11779958707116622j),(0.03414596996606991+0.07020963390187643j),(0.034145969966069965+0.07020963390187651j),(0.048957644881431825+0.11776244333927383j)
7400000.926,(0.049695649715378785+0.118400083960489j),(0.034544658953418884+0.07052948037007278j),(0.03454465895341885+0.0705294803700727j),(0.04955687954434335+0.11836361828998596j)
7450000.9255,(0.05029793033614266+0.11899705774313629j),(0.034944654788040666+0.07084666745232637j),(0.03494465478804067+0.07084666745232637j),(0.050158611765782846+0.11896127543138951j)
7500000.925,(0.050902677345308185+0.1195904998783849j),(0.03534593653586403+0.07116119161729555j),(0.035345936535863924+0.07116119161729534j),(0.05076281679337411+0.11955540614495988j)
7550000.9245,(0.051509865971525653+0.12018040203351237j),(0.035748483290339785+0.07147304952382504j),(0.03574848329033975+0.07147304952382495j),(0.051369469881222506+0.1201460020203522j)
7600000.924,(0.05211947145261995+0.12076675608292771j),(0.03615227417439315+0.0717822380199949j),(0.036152274174393186+0.07178223801999496j),(0.05197854629195079+0.12073305485452324j)
7650000.9235,(0.05273146903759972+0.1213495541072716j),(0.03655728834235334+0.07208875414214685j),(0.036557288342353375+0.07208875414214687j),(0.052590021298693654+0.12131655665084112j)
7700000.9229999995,(0.05334583398862515+0.12192878839250595j),(0.03696350498186257+0.07239259511389116j),(0.036963504981862585+0.0723925951138912j),(0.05320387018706586+0.12189649961817432j)
7750000.922499999,(0.0539625415829676+0.12250445142897717j),(0.037370903315762274+0.07269375834509371j),(0.03737090331576222+0.07269375834509366j),(0.05382006825712743+0.12247287616995656j)
7800000.921999999,(0.05458156711493934+0.123076535910464j),(0.037779462603957904+0.07299224143084339j),(0.037779462603957814+0.07299224143084322j),(0.054438590825321084+0.12304567892323454j)
7850000.921499999,(0.05520288589782138+0.12364503473319739j),(0.038189162145260976+0.07328804215040019j),(0.038189162145260906+0.07328804215040007j),(0.055059413226384774+0.12361490069769583j)
7900000.921,(0.05582647326573619+0.12420994099487663j),(0.0385999812792097+0.07358115846612562j),(0.03859998127920975+0.07358115846612569j),(0.05568251081523838+0.1241805345146833j)
7950000.9205,(0.05645230457553179+0.12477124799365234j),(0.03901189938786642+0.07387158852239423j),(0.03901189938786641+0.07387158852239421j),(0.05630785896886471+0.12474257359618013j)
8000000.92,(0.05708035520862407+0.1253289492271008j),(0.0394248958975928+0.07415933064448713j),(0.03942489589759279+0.07415933064448714j),(0.0569354330881533+0.12530101136378902j)
8050000.9195,(0.05771060057282635+0.12588303839117612j),(0.03983895028080271+0.07444438333746925j),(0.03983895028080274+0.07444438333746928j),(0.057565208599733526+0.12585584143768505j)
8100000.919,(0.05834301610414766+0.1264335093791501j),(0.04025404205769249+0.07472674528504923j),(0.040254042057692445+0.0747267452850491j),(0.058197160957777994+0.12640705763555676j)
8150000.9185,(0.05897757726858914+0.126980356280526j),(0.0406701507979475+0.07500641534842195j),(0.04067015079794745+0.07500641534842187j),(0.05883126564578619+0.1269546539715289j)
8200000.918,(0.05961425956389182+0.1275235733799477j),(0.04108725612242738+0.07528339256509715j),(0.04108725612242738+0.07528339256509714j),(0.059467498178344055+0.1274986246550712j)
8250000.9174999995,(0.06025303852127696+0.12806315515608788j),(0.04150533770482719+0.07555767614771043j),(0.04150533770482712+0.07555767614771032j),(0.060105834102878744+0.12803896408988202j)
8300000.916999999,(0.06089388970716757+0.12859909628051608j),(0.04192437527331578+0.07582926548281986j),(0.04192437527331568+0.07582926548281972j),(0.06074624900136031+0.12857566687277114j)
8350000.916499999,(0.06153678872487671+0.12913139161656104j),(0.04234434861215188+0.0760981601296884j),(0.04234434861215185+0.07609816012968837j),(0.06138871849200079+0.12910872779251886j)
8400000.916,(0.06218171121628624+0.12966003621814792j),(0.042765237563275806+0.07636435981905072j),(0.04276523756327583+0.07636435981905074j),(0.062033218230937666+0.12963814182871783j)
8450000.9155,(0.06282863286347985+0.13018502532863474j),(0.043187022027879655+0.07662786445186766j),(0.04318702202787961+0.0766278644518676j),(0.06267972391387097+0.13016390415061022j)
8500000.915,(0.06347752939038812+0.13070635437961964j),(0.04360968196795232+0.07688867409806521j),(0.043609681967952334+0.07688867409806527j),(0.06332821127770509+0.13068601011590059j)
8550000.9145,(0.06412837656437743+0.1312240189897472j),(0.04403319740780351+0.07714678899526292j),(0.04403319740780336+0.07714678899526269j),(0.06397865610214165+0.13120445526956534j)
8600000.913999999,(0.06478115019784127+0.13173801496349383j),(0.04445754843556221+0.07740220954748646j),(0.044457548435562176+0.0774022095474864j),(0.06463103421127528+0.13171923534264018j)
8650000.9135,(0.06543582614974941+0.13224833828994637j),(0.044882715204654096+0.07765493632387135j),(0.04488271520465411+0.0776549363238714j),(0.06528532147514486+0.13223034625100233j)
8700000.912999999,(0.06609238032718873+0.13275498514156345j),(0.04530867793525412+0.07790497005735221j),(0.04530867793525398+0.07790497005735202j),(0.06594149381127747+0.13273778409413553j)
8750000.9125,(0.06675078868687218+0.13325795187292977j),(0.04573541691571581+0.07815231164334094j),(0.04573541691571573+0.07815231164334081j),(0.06659952718620009+0.13324154515388553j)
8800000.912,(0.06741102723663647+0.13375723501949274j),(0.04616291250397846+0.07839696213839509j),(0.04616291250397851+0.07839696213839514j),(0.06725939761693432+0.13374162589320546j)
8850000.9115,(0.06807307203689716+0.13425283129629625j),(0.04659114512894972+0.07863892275887445j),(0.046591145128949844+0.0786389227588746j),(0.06792108117247088+0.134238022954884j)
8900000.911,(0.0687368992021002+0.13474473759669697j),(0.047020095291865655+0.07887819487958753j),(0.04702009529186557+0.0788781948795874j),(0.06858455397520953+0.13473073316027154j)
8950000.9105,(0.06940248490214124+0.13523295099107419j),(0.04744974356762669+0.07911478003242747j),(0.047449743567626865+0.0791147800324277j),(0.06924979220237634+0.13521975350799606j)
9000000.91,(0.07006980536376896+0.1357174687255258j),(0.047880070606111526+0.07934867990500062j),(0.04788007060611145+0.07934867990500051j),(0.06991677208745602+0.1357050811726504j)
9050000.9095,(0.07073883687196306+0.13619828822055574j),(0.048311057133465556+0.07957989633924221j),(0.04831105713346602+0.07957989633924277j),(0.07058546992153002+0.13618671350350312j)
9100000.909,(0.07140955577125771+0.13667540706976855j),(0.04874268395337039+0.07980843133002893j),(0.04874268395337021+0.07980843133002868j),(0.07125586205467017+0.13666464802316655j)
9150000.908499999,(0.07208193846712303+0.13714882303851764j),(0.04917493194828296+0.08003428702377487j),(0.04917493194828272+0.08003428702377453j),(0.07192792489724548+0.1371388824262813j)
9200000.908,(0.07275596142723056+0.13761853406258545j),(0.0496077820806594+0.0802574657170285j),(0.0496077820806591+0.08025746571702815j),(0.07260163492124719+0.13760941457817752j)
9250000.907499999,(0.07343160118275259+0.1380845382468336j),(0.05004121539415045+0.08047796985505574j),(0.05004121539415017+0.08047796985505541j),(0.07327696866157356+0.1380762425135347j)
9300000.907,(0.07410883432962996+0.13854683386384684j),(0.050475213014775144+0.08069580203041764j),(0.05047521301477532+0.08069580203041785j),(0.07395390271730058+0.13853936443502912j)
9350000.9065,(0.07478763752980712+0.13900541935257454j),(0.05090975615207307+0.08091096498154259j),(0.050909756152072876+0.08091096498154236j),(0.07463241375291035+0.1389987787119842j)
9400000.906,(0.07546798751244214+0.13946029331696794j),(0.05134482610022991+0.0811234615912881j),(0.051344826100229876+0.081123461591288j),(0.07531247849953314+0.13945448387899764j)
9450000.9055,(0.07614986107510945+0.13991145452460144j),(0.05178040423918477+0.08133329488550164j),(0.05178040423918464+0.08133329488550144j),(0.07599407375613036+0.13990647863457709j)
9500000.905,(0.0768332350849772+0.1403589019052915j),(0.052216472035710275+0.08154046803157056j),(0.05221647203571016+0.08154046803157042j),(0.07667717639067449+0.14035476183976175j)
9550000.9045,(0.07751808647993998+0.14080263454971825j),(0.05265301104447292+0.08174498433697021j),(0.052653011044472814+0.08174498433697008j),(0.0773617633413086+0.1407993325167376j)
9600000.904,(0.07820439226976435+0.14124265170802505j),(0.053090002909068984+0.0819468472478048j),(0.053090002909069095+0.08194684724780493j),(0.07804781161746442+0.1412401898474551j)
9650000.9035,(0.07889212953718518+0.14167895278842693j),(0.053527429363038774+0.08214606034734459j),(0.0535274293630386+0.08214606034734435j),(0.07873529830098934+0.1416773331722275j)
9700000.902999999,(0.07958127543898111+0.14211153735581272j),(0.0539652722308571+0.08234262735455708j),(0.05396527223085697+0.08234262735455693j),(0.07942420054721293+0.1421107619883419j)
9750000.9025,(0.08027180720705364+0.14254040513032928j),(0.05440351342890249+0.08253655212263623j),(0.054403513428902595+0.0825365521226363j),(0.08011449558603356+0.14254047594864627j)
9800000.901999999,(0.08096370214945557+0.14296555598597796j),(0.054842134966403486+0.08272783863752617j),(0.054842134966403666+0.08272783863752638j),(0.08080616072294854+0.14296647486014857j)
9850000.9015,(0.08165693765139838+0.14338698994920357j),(0.0552811189463628+0.08291649101644223j),(0.055281118946362756+0.08291649101644215j),(0.08149917334007618+0.14338875868260484j)
9900000.901,(0.08235149117627417+0.1438047071974639j),(0.055720447566458206+0.08310251350638778j),(0.05572044756645795+0.08310251350638745j),(0.08219351089715275+0.14380732752710587j)
9950000.9005,(0.08304734026659817+0.1442187080578254j),(0.05616010311992311+0.08328591048266962j),(0.05616010311992302+0.08328591048266949j),(0.08288915093251903+0.14422218165465542j)
10000000.9,(0.08374446254498405+0.14462899300552512j),(0.05660006799640402+0.08346668644741043j),(0.056600067996404116+0.08346668644741051j),(0.08358607106407355+0.14463332147474978j)
10050000.8995,(0.08444283571505677+0.14503556266255452j),(0.05704032468279636+0.08364484602805843j),(0.05704032468279619+0.08364484602805822j),(0.0842842489902034+0.14504074754395585j)
10100000.899,(0.08514243756237665+0.14543841779622305j),(0.05748085576405776+0.08382039397589477j),(0.05748085576405782+0.08382039397589477j),(0.0849836624906941+0.1454444605644874j)
10150000.8985,(0.08584324595531513+0.14583755931773162j),(0.05792164392400167+0.08399333516454138j),(0.05792164392400141+0.08399333516454109j),(0.08568428942763193+0.14584446138277196j)
10200000.898,(0.0865452388459348+0.146232988280735j),(0.05836267194606644+0.08416367458846465j),(0.058362671946066265+0.08416367458846442j),(0.08638610774627459+0.1462407509880202j)
10250000.897499999,(0.08724839427081629+0.146624705879915j),(0.05880392271406647+0.0843314173614807j),(0.05880392271406645+0.0843314173614807j),(0.08708909547587798+0.14663333051080624j)
10300000.897,(0.08795269035189232+0.14701271344954162j),(0.05924537921291919+0.0844965687152584j),(0.05924537921291921+0.08449656871525843j),(0.08779323073056655+0.1470222012216145j)
10350000.896499999,(0.08865810529725748+0.14739701246203255j),(0.059687024529352255+0.08465913399782235j),(0.059687024529351984+0.08465913399782206j),(0.08849849171010112+0.14740736452942665j)
10400000.896,(0.08936461740194249+0.14777760452652214j),(0.060128841852588974+0.08481911867205502j),(0.060128841852588794+0.08481911867205479j),(0.08920485670069138+0.14778882198027393j)
10450000.895499999,(0.09007220504867271+0.1481544913874251j),(0.060570814475014376+0.08497652831420081j),(0.060570814475014605+0.08497652831420102j),(0.08991230407574254+0.14816657525581356j)
10500000.895,(0.0907808467086228+0.1485276749229937j),(0.061012925792818876+0.0851313686123692j),(0.061012925792818876+0.08513136861236922j),(0.09062081229663389+0.14854062617187785j)
10550000.8945,(0.09149052094212767+0.14889715714388463j),(0.0614551593066212+0.08528364536503762j),(0.06145515930662121+0.0852836453650376j),(0.09133035991340399+0.1489109766770598j)
10600000.894,(0.09220120639938446+0.14926294019172387j),(0.06189749862207295+0.08543336447955777j),(0.06189749862207288+0.08543336447955768j),(0.09204092556549162+0.14927762885126294j)
10650000.8935,(0.09291288182114213+0.14962502633766636j),(0.06233992745044043+0.08558053197066096j),(0.06233992745044037+0.08558053197066084j),(0.09275248798239455+0.14964058490427995j)
10700000.893,(0.09362552603936011+0.1499834179809624j),(0.06278242960916783+0.08572515395896588j),(0.0627824296091675+0.0857251539589655j),(0.09346502598436096+0.1499998471743496j)
10750000.8925,(0.09433911797783609+0.15033811764753205j),(0.06322498902241963+0.08586723666948794j),(0.06322498902241935+0.08586723666948762j),(0.09417851848302142+0.15035541812673048j)
10800000.891999999,(0.0950536366528464+0.15068912798852344j),(0.06366758972160426+0.08600678643015071j),(0.06366758972160402+0.08600678643015044j),(0.09489294448200855+0.15070730035227892j)
10850000.8915,(0.09576906117374795+0.15103645177888259j),(0.0641102158458757+0.08614380967029871j),(0.06411021584587581+0.08614380967029878j),(0.09560828307758476+0.15105549656600653j)
10900000.890999999,(0.0964853707435449+0.15138009191593518j),(0.06455285164261938+0.08627831291921466j),(0.06455285164261948+0.08627831291921477j),(0.09632451345921629+0.15140000960566416j)
10950000.8905,(0.09720254465946827+0.15172005141795228j),(0.0649954814679144+0.08641030280463663j),(0.06499548146791405+0.08641030280463628j),(0.0970416149101476+0.15174084243031438j)
11000000.889999999,(0.09792056231352146+0.15205633342272543j),(0.0654380897869786+0.08653978605127938j),(0.06543808978697896+0.0865397860512797j),(0.09775956680794731+0.1520779981189136j)
11050000.8895,(0.09863940319299302+0.15238894118615548j),(0.06588066117459761+0.08666676947936178j),(0.06588066117459743+0.08666676947936156j),(0.0984783486250475+0.1524114798688879j)
11100000.889,(0.09935904688099054+0.15271787808081946j),(0.06632318031552732+0.08679126000313064j),(0.06632318031552699+0.0867912600031303j),(0.09919793992924818+0.15274129099472142j)
11150000.8885,(0.10007947305690203+0.1530431475945719j),(0.06676563200488574+0.08691326462939522j),(0.06676563200488571+0.08691326462939519j),(0.09991832038422163+0.15306743492653963j)
11200000.888,(0.10080066149687883+0.15336475332912627j),(0.06720800114852296+0.08703279045606266j),(0.06720800114852293+0.08703279045606264j),(0.10063946974996953+0.15338991520871004j)
11250000.8875,(0.10152259207430007+0.15368269899864145j),(0.06765027276337053+0.08714984467067573j),(0.06765027276337028+0.08714984467067546j),(0.10136136788331238+0.1537087354984176j)
11300000.887,(0.10224524476018772+0.15399698842832918j),(0.06809243197777648+0.0872644345489574j),(0.06809243197777627+0.08726443454895723j),(0.10208399473830533+0.15402389956427703j)
11350000.8865,(0.10296859962364628+0.15430762555304056j),(0.0685344640318204+0.0873765674533592j),(0.06853446403182015+0.08737656745335895j),(0.10280733036666306+0.1543354112849322j)
11400000.886,(0.10369263683224185+0.1546146144158836j),(0.06897635427761137+0.08748625083161335j),(0.06897635427761102+0.08748625083161303j),(0.10353135491817628+0.15464327464765734j)
11450000.885499999,(0.10441733665239689+0.15491795916682247j),(0.06941808817956736+0.08759349221529054j),(0.06941808817956736+0.08759349221529052j),(0.10425604864107937+0.1549474937469754j)
11500000.885,(0.1051426794497507+0.155217664061294j),(0.06985965131467822+0.08769829921836281j),(0.0698596513146781+0.08769829921836265j),(0.10498139188246042+0.15524807278325198j)
11550000.884499999,(0.10586864568951752+0.15551373345882183j),(0.07030102937275051+0.0878006795357703j),(0.0703010293727504+0.08780067953577018j),(0.10570736508856024+0.15554501606134424j)
11600000.884,(0.10659521593680964+0.15580617182163983j),(0.07074220815663582+0.08790064094199523j),(0.07074220815663564+0.08790064094199504j),(0.10643394880515306+0.1558383279892004j)
11650000.8835,(0.10732237085694638+0.15609498371332536j),(0.0711831735824427+0.08799819128964043j),(0.07118317358244243+0.08799819128964019j),(0.10716112367783806+0.15612801307650473j)
11700000.883,(0.10805009121576468+0.1563801737974259j),(0.07162391167972953+0.08809333850801312j),(0.07162391167972956+0.08809333850801311j),(0.10788887045237426+0.15641407593329304j)
11750000.8825,(0.10877835787990191+0.1566617468360936j),(0.07206440859168488+0.08818609060171642j),(0.07206440859168473+0.08818609060171631j),(0.10861716997492527+0.1566965212686165j)
11800000.882,(0.10950715181705202+0.15693970768873866j),(0.07250465057528671+0.08827645564924431j),(0.07250465057528631+0.08827645564924391j),(0.10934600319237542+0.1569753538891617j)
11850000.8815,(0.11023645409621158+0.15721406131067817j),(0.07294462400145+0.0883644418015851j),(0.07294462400144992+0.08836444180158501j),(0.11007535115253773+0.15725057869792755j)
11900000.881,(0.1109662458879375+0.1574848127517783j),(0.07338431535515483+0.08845005728083048j),(0.07338431535515492+0.08845005728083051j),(0.11080519500444164+0.15752220069285353j)
11950000.8805,(0.1116965084645365+0.15775196715513568j),(0.0738237112355616+0.08853331037879095j),(0.07382371123556156+0.08853331037879089j),(0.11153551599851742+0.1577902249655066j)
12000000.879999999,(0.11242722320029684+0.15801552975572303j),(0.07426279835610718+0.0886142094556176j),(0.07426279835610687+0.08861420945561736j),(0.11226629548682734+0.15805465669973368j)
12050000.8795,(0.11315837157164799+0.15827550587908557j),(0.07470156354458997+0.08869276293843169j),(0.0747015635445897+0.08869276293843144j),(0.11299751492324386+0.15831550117034918j)
12100000.878999999,(0.11388993515736008+0.15853190094000225j),(0.07513999374323586+0.08876897931996078j),(0.0751399937432356+0.08876897931996051j),(0.11372915586364238+0.15857276374180468j)
12150000.8785,(0.11462189563868744+0.1587847204411833j),(0.07557807600875155+0.08884286715718134j),(0.07557807600875184+0.08884286715718154j),(0.11446119996605134+0.1588264498668863j)
12200000.877999999,(0.11535423479950638+0.1590339699719679j),(0.07601579751236351+0.08891443506997064j),(0.07601579751236338+0.08891443506997054j),(0.11519362899081023+0.15907656508540416j)
12250000.8775,(0.11608693452646138+0.1592796552070128j),(0.07645314553983817+0.08898369173976245j),(0.07645314553983813+0.08898369173976241j),(0.1159264248006967+0.15932311502289742j)
12300000.877,(0.11681997680907545+0.15952178190500543j),(0.07689010749149325+0.08905064590821425j),(0.07689010749149355+0.08905064590821449j),(0.11665956936105175+0.15956610538933774j)
12350000.8765,(0.11755334373983518+0.1597603559073867j),(0.07732667088219229+0.08911530637587996j),(0.07732667088219211+0.08911530637587979j),(0.1173930447398836+0.15980554197785166j)
12400000.876,(0.11828701751430014+0.15999538313706196j),(0.07776282334132313+0.0891776820008894j),(0.07776282334132283+0.08917768200088912j),(0.11812683310795805+0.1600414306634398j)
12450000.8755,(0.11902098043116496+0.16022686959713342j),(0.07819855261276602+0.08923778169763845j),(0.07819855261276612+0.08923778169763853j),(0.118860916738879+0.16027377740170598j)
12500000.875,(0.1197552148923129+0.16045482136964623j),(0.07863384655484758+0.08929561443548582j),(0.0786338465548477+0.08929561443548589j),(0.11959527800914797+0.16050258822760077j)
12550000.874499999,(0.12048970340288045+0.16067924461431785j),(0.07906869314027812+0.08935118923745662j),(0.07906869314027802+0.08935118923745652j),(0.12032989939822378+0.16072786925415988j)
12600000.874,(0.1212244285712697+0.16090014556730603j),(0.0795030804560792+0.08940451517895606j),(0.07950308045607896+0.08940451517895583j),(0.1210647634885567+0.16094962667125973j)
12650000.873499999,(0.12195937310918634+0.16111753053995814j),(0.07993699670349659+0.08945560138649065j),(0.07993699670349644+0.08945560138649049j),(0.12179985296560955+0.16116786674438072j)
12700000.873,(0.12269451983164299+0.1613314059175809j),(0.08037043019790037+0.08950445703639792j),(0.08037043019790054+0.08950445703639806j),(0.12253515061788103+0.16138259581336972j)
12750000.872499999,(0.12342985165694847+0.16154177815822035j),(0.0808033693686738+0.08955109135358538j),(0.08080336936867338+0.08955109135358508j),(0.12327063933689236+0.16159382029122527j)
12800000.872,(0.12416535160668744+0.16174865379145031j),(0.08123580275908635+0.08959551361027537j),(0.08123580275908618+0.08959551361027523j),(0.12400630211718346+0.16180154666287577j)
12850000.8715,(0.12490100280571208+0.1619520394171487j),(0.08166771902615817+0.08963773312476282j),(0.08166771902615798+0.0896377331247627j),(0.12474212205628986+0.1620057814839711j)
12900000.871,(0.12563678848208007+0.16215194170431357j),(0.08209910694051019+0.0896777592601781j),(0.0820991069405104+0.08967775926017828j),(0.12547808235469815+0.1622065313796905j)
12950000.8705,(0.12637269196700476+0.16234836738987005j),(0.0825299553862041+0.08971560142326108j),(0.08252995538620403+0.08971560142326099j),(0.1262141663158051+0.1624038030435464j)
13000000.87,(0.12710869669479463+0.16254132327748405j),(0.08296025336056706+0.08975126906314214j),(0.08296025336056677+0.08975126906314188j),(0.12695035734585844+0.16259760323620032j)
13050000.8695,(0.12784478620278703+0.16273081623638314j),(0.0833899899740092+0.08978477167013385j),(0.08338998997400913+0.08978477167013374j),(0.12768663895387386+0.16278793878429793j)
13100000.868999999,(0.12858094413124224+0.16291685320020188j),(0.08381915444982763+0.08981611877453186j),(0.08381915444982718+0.08981611877453147j),(0.1284229947515697+0.16297481657929114j)
13150000.8685,(0.1293171542232536+0.16309944116582217j),(0.08424773612399858+0.08984531994542229j),(0.08424773612399863+0.08984531994542233j),(0.12915940845325402+0.1631582435762962j)
13200000.867999999,(0.13005340032464285+0.1632785871922187j),(0.08467572444496058+0.08987238478950275j),(0.08467572444496091+0.08987238478950303j),(0.12989586387574223+0.1633382267929283j)
13250000.8675,(0.13078966638383072+0.1634542983993297j),(0.08510310897338574+0.08989732294990856j),(0.08510310897338545+0.08989732294990833j),(0.13063234493822398+0.16351477330817638j)
13300000.866999999,(0.13152593645172295+0.16362658196691285j),(0.08552987938193829+0.089920144105049j),(0.08552987938193839+0.08992014410504907j),(0.13136883566213833+0.16368789026127079j)
13350000.8665,(0.13226219468154196+0.16379544513344305j),(0.08595602545502869+0.08994085796745672j),(0.08595602545502837+0.0899408579674565j),(0.13210532017105125+0.16385758485055163j)
13400000.866,(0.13299842532871325+0.16396089519497672j),(0.08638153708854984+0.0899594742826409j),(0.08638153708854955+0.08995947428264062j),(0.13284178269049646+0.16402386433236776j)
13450000.8655,(0.1337346127506616+0.164122939504074j),(0.08680640428961041+0.08997600282795445j),(0.08680640428961016+0.08997600282795426j),(0.13357820754782074+0.164186736019968j)
13500000.865,(0.13447074140668527+0.16428158546867633j),(0.08723061717625233+0.08999045341146841j),(0.08723061717625216+0.08999045341146827j),(0.13431457917202932+0.16434620728240174j)
13550000.8645,(0.135206795857738+0.16443684055104674j),(0.08765416597716341+0.09000283587085682j),(0.08765416597716336+0.09000283587085674j),(0.13505088209359417+0.16450228554344223j)
13600000.864,(0.13594276076627018+0.164588712266671j),(0.08807704103137716+0.09001316007229104j),(0.08807704103137638+0.09001316007229043j),(0.13578710094428043+0.16465497828050288j)
13650000.863499999,(0.136678620896005+0.1647372081832092j),(0.08849923278796362+0.09002143590934246j),(0.08849923278796365+0.09002143590934246j),(0.1365232204569512+0.164804293023571j)
13700000.863,(0.1374143611117476+0.16488233591942594j),(0.08892073180571537+0.09002767330189893j),(0.08892073180571587+0.09002767330189929j),(0.13725922546535194+0.16495023735415545j)
13750000.862499999,(0.13814996637915808+0.16502410314414842j),(0.08934152875281813+0.09003188219508593j),(0.08934152875281802+0.0900318821950858j),(0.13799510090392164+0.16509281890422497j)
13800000.862,(0.13888542176453744+0.16516251757521944j),(0.08976161440651541+0.09003407255819966j),(0.08976161440651512+0.09003407255819947j),(0.13873083180754456+0.16523204535518304j)
13850000.861499999,(0.13962071243458452+0.16529758697847358j),(0.09018097965276664+0.09003425438365141j),(0.09018097965276649+0.09003425438365129j),(0.13946640331134139+0.16536792443682682j)
13900000.861,(0.14035582365615618+0.16542931916671463j),(0.0905996154858943+0.0900324376859198j),(0.09059961548589382+0.09003243768591943j),(0.14020180065042556+0.16550046392632567j)
13950000.860499999,(0.14109074079601905+0.1655577219987038j),(0.09101751300822272+0.09002863250051281j),(0.09101751300822289+0.09002863250051288j),(0.1409370091596534+0.16562967164721623j)
14000000.86,(0.14182544932058636+0.16568280337815833j),(0.09143466342971159+0.09002284888294212j),(0.09143466342971146+0.09002284888294203j),(0.14167201427337492+0.16575555546839182j)
14050000.8595,(0.142559934795662+0.16580457125275536j),(0.09185105806757698+0.09001509690770337j),(0.09185105806757674+0.09001509690770321j),(0.14240680152516186+0.16587812330311996j)
14100000.859,(0.143294182886156+0.1659230336131524j),(0.09226668834590855+0.09000538666727j),(0.09226668834590873+0.09000538666727012j),(0.14314135654755994+0.16599738310803935j)
14150000.8585,(0.14402817935580567+0.16603819849201443j),(0.09268154579527921+0.08999372827109585j),(0.09268154579527897+0.08999372827109567j),(0.14387566507178506+0.16611334288220736j)
14200000.858,(0.1447619100668895+0.16615007396304585j),(0.09309562205234284+0.08998013184462575j),(0.09309562205234312+0.08998013184462587j),(0.14460971292745525+0.16622601066611958j)
14250000.8575,(0.14549536097993968+0.16625866814003104j),(0.0935089088594312+0.08996460752831989j),(0.09350890885943125+0.08996460752831986j),(0.14534348604229758+0.16633539454075813j)
14300000.856999999,(0.14622851815341942+0.16636398917590126j),(0.09392139806413823+0.08994716547668408j),(0.09392139806413854+0.08994716547668427j),(0.1460769704418435+0.16644150262664797j)
14350000.8565,(0.1469613677434273+0.16646604526178946j),(0.0943330816189017+0.08992781585731367j),(0.09433308161890183+0.08992781585731373j),(0.14681015224912597+0.16654434308291757j)
14400000.855999999,(0.14769389600337313+0.16656484462610954j),(0.09474395158057451+0.0899065688499441j),(0.09474395158057458+0.08990656884994416j),(0.14754301768437356+0.1666439241063666j)
14450000.8555,(0.14842608928366854+0.1666603955336278j),(0.09515400010999202+0.08988343464551402j),(0.09515400010999202+0.089883434645514j),(0.1482755530646758+0.16674025393056055j)
14500000.854999999,(0.14915793403137864+0.16675270628457173j),(0.09556321947153239+0.08985842344523717j),(0.09556321947153217+0.08985842344523703j),(0.1490077448036722+0.16683334082490994j)
14550000.8545,(0.14988941678991272+0.16684178521370988j),(0.09597160203266865+0.08983154545968403j),(0.09597160203266845+0.08983154545968389j),(0.14973957941121718+0.1669231930937748j)
14600000.854,(0.15062052419864766+0.16692764068948887j),(0.09637914026351845+0.08980281090787415j),(0.09637914026351885+0.08980281090787436j),(0.15047104349304016+0.16700981907557488j)
14650000.8535,(0.15135124299260333+0.1670102811131395j),(0.09678582673638562+0.08977223001637868j),(0.09678582673638565+0.0897722300163787j),(0.15120212375039993+0.16709322714191224j)
14700000.853,(0.15208156000210227+0.16708971491779467j),(0.09719165412529313+0.08973981301843077j),(0.09719165412529307+0.08973981301843073j),(0.15193280697974396+0.1671734256966928j)
14750000.8525,(0.15281146215237035+0.16716595056765995j),(0.09759661520551738+0.08970557015304895j),(0.0975966152055174+0.08970557015304889j),(0.15266308007233975+0.16725042317527528j)
14800000.852,(0.15354093646320255+0.16723899655714153j),(0.09800070285311091+0.08966951166416778j),(0.09800070285311166+0.0896695116641682j),(0.1533929300139208+0.1673242280436132j)
14850000.851499999,(0.1542699700486016+0.16730886140999454j),(0.09840391004442188+0.08963164779978088j),(0.098403910044422+0.0896316477997809j),(0.15412234388433352+0.1673948487974039j)
14900000.851,(0.15499855011636848+0.16737555367852028j),(0.09880622985560822+0.08959198881109066j),(0.09880622985560823+0.08959198881109064j),(0.15485130885714246+0.167462293961271j)
14950000.850499999,(0.15572666396775062+0.16743908194272028j),(0.0992076554621477+0.08955054495167131j),(0.09920765546214781+0.08955054495167133j),(0.1555798121992719+0.16752657208792804j)
15000000.85,(0.15645429899705052+0.16749945480948794j),(0.09960818013834201+0.08950732647663945j),(0.09960818013834222+0.08950732647663952j),(0.15630784127060712+0.16758769175737706j)
15050000.849499999,(0.15718144269123288+0.1675566809118081j),(0.10000779725681537+0.08946234364183545j),(0.10000779725681569+0.08946234364183557j),(0.15703538352364005+0.1676456615760777j)
15100000.849,(0.1579080826295254+0.16761076890796428j),(0.10040650028801142+0.08941560670301439j),(0.10040650028801146+0.08941560670301442j),(0.1577624265030431+0.16770049017617963j)
15150000.8485,(0.15863420648303908+0.16766172748073843j),(0.10080428279968155+0.08936712591504661j),(0.10080428279968169+0.08936712591504668j),(0.15848895784528702+0.16775218621472573j)
15200000.848,(0.15935980201434222+0.1677095653366552j),(0.10120113845637252+0.08931691153112856j),(0.10120113845637231+0.0893169115311284j),(0.1592149652782632+0.16780075837285535j)
15250000.8475,(0.16008485707706982+0.1677542912051982j),(0.10159706101890811+0.08926497380200257j),(0.10159706101890786+0.0892649738020024j),(0.15994043662083762+0.16784621535507102j)
15300000.847,(0.16080935961550602+0.16779591383805817j),(0.10199204434386663+0.08921132297518738j),(0.10199204434386686+0.0892113229751875j),(0.16066535978247906+0.16788856588845127j)
15350000.8465,(0.16153329766416571+0.16783444200838882j),(0.1023860823830571+0.0891559692942181j),(0.10238608238305626+0.08915596929421755j),(0.16138972276283023+0.16792781872191206j)
15400000.845999999,(0.16225665934738642+0.16786988451005613j),(0.10277916918298376+0.08909892299789307j),(0.10277916918298395+0.08909892299789318j),(0.16211351365130236+0.16796398262545853j)
15450000.8455,(0.1629794328788894+0.16790225015692223j),(0.10317129888432107+0.08904019431953694j),(0.10317129888432126+0.08904019431953705j),(0.1628367206266444+0.16799706638946324j)
15500000.844999999,(0.16370160656137173+0.16793154778210823j),(0.10356246572136969+0.0889797934862657j),(0.10356246572136929+0.08897979348626545j),(0.16355933195652556+0.16802707882393614j)
15550000.8445,(0.1644231687860674+0.1679577862372904j),(0.10395266402151845+0.08891773071826539j),(0.10395266402151866+0.08891773071826549j),(0.16428133599711212+0.16805402875781203j)
15600000.843999999,(0.16514410803230353+0.16798097439200485j),(0.10434188820470275+0.08885401622808117j),(0.10434188820470287+0.08885401622808119j),(0.16500272119263495+0.16807792503824528j)
15650000.8435,(0.16586441286709294+0.1680011211329311j),(0.10473013278285453+0.08878866021991268j),(0.1047301327828543+0.08878866021991252j),(0.16572347607495697+0.16809877652991448j)
15700000.842999998,(0.16658407194466365+0.16801823536322996j),(0.1051173923593542+0.08872167288892108j),(0.10511739235935405+0.08872167288892091j),(0.1664435892631341+0.16811659211433747j)
15750000.8425,(0.16730307400604122+0.1680323260018497j),(0.10550366162847762+0.08865306442054473j),(0.10550366162847806+0.08865306442054499j),(0.1671630494629838+0.16813138068918798j)
15800000.842,(0.16802140787858358+0.1680434019828728j),(0.10588893537484224+0.0885828449898256j),(0.10588893537484217+0.08858284498982552j),(0.16788184546663212+0.16814315116763548j)
15850000.8415,(0.16873906247555545+0.16805147225483993j),(0.10627320847284503+0.08851102476074127j),(0.10627320847284467+0.0885110247607411j),(0.16859996615208658+0.16815191247766956j)
15900000.841,(0.16945602679565758+0.16805654578011656j),(0.10665647588610552+0.08843761388555096j),(0.10665647588610529+0.08843761388555083j),(0.16931740048276864+0.1681576735614657j)
15950000.840499999,(0.17017228992258812+0.16805863153424136j),(0.10703873266690106+0.08836262250414767j),(0.10703873266690131+0.08836262250414775j),(0.17003413750708163+0.16816044337472696j)
16000000.84,(0.1708878410245768+0.16805773850529912j),(0.10741997395560292+0.0882860607434204j),(0.1074199739556024+0.08828606074342016j),(0.170750166357947+0.16816023088606188j)
16050000.839499999,(0.17160266935394305+0.16805387569328867j),(0.10780019498010536+0.08820793871662494j),(0.10780019498010501+0.08820793871662477j),(0.17146547625235173+0.1681570450763538j)
16100000.839,(0.17231676424661804+0.16804705210951848j),(0.10817939105525971+0.08812826652276526j),(0.10817939105525977+0.08812826652276529j),(0.17218005649089801+0.16815089493814023j)
16150000.838499999,(0.17303011512169725+0.1680372767759901j),(0.10855755758230051+0.08804705424598236j),(0.10855755758230051+0.08804705424598236j),(0.17289389645734823+0.16814178947500288j)
16200000.838,(0.17374271148097392+0.1680245587248017j),(0.10893469004827239+0.08796431195495255j),(0.10893469004827258+0.08796431195495265j),(0.17360698561814358+0.16812973770098108j)
16250000.837499999,(0.17445454290846565+0.16800890699756704j),(0.10931078402545526+0.08788004970229503j),(0.10931078402545519+0.08788004970229496j),(0.17431931352196922+0.1681147486399627j)
16300000.837,(0.1751655990699608+0.16799033064481944j),(0.10968583517078644+0.08779427752398793j),(0.10968583517078627+0.0877942775239878j),(0.17503086979926694+0.1680968313251139j)
16350000.8365,(0.17587586971254254+0.1679688387254466j),(0.11005983922528265+0.08770700543879356j),(0.1100598392252824+0.08770700543879338j),(0.1757416441617854+0.16807599479829574j)
16400000.836,(0.17658534466411632+0.1679444403061286j),(0.11043279201346028+0.0876182434476921j),(0.11043279201345998+0.08761824344769198j),(0.17645162640210463+0.16805224810950167j)
16450000.8355,(0.17729401383294777+0.1679171444607714j),(0.11080468944275326+0.0875280015333244j),(0.11080468944275312+0.08752800153332427j),(0.17716080639317222+0.16802560031629615j)
16500000.834999999,(0.17800186720717745+0.16788696026996952j),(0.111175527502932+0.08743628965944296j),(0.11117552750293155+0.08743628965944272j),(0.17786917408782277+0.16799606048327254j)
16550000.8345,(0.17870889485436228+0.16785389682045448j),(0.11154530226551719+0.08734311777037185j),(0.11154530226551661+0.08734311777037161j),(0.1785767195183268+0.1679636376814948j)
16600000.833999999,(0.1794150869209804+0.16781796320457465j),(0.11191400988319726+0.08724849579047514j),(0.11191400988319702+0.08724849579047499j),(0.17928343279589337+0.16792834098798157j)
16650000.8335,(0.18012043363197974+0.1677791685197565j),(0.1122816465892409+0.08715243362363398j),(0.11228164658924143+0.08715243362363416j),(0.179989304110221+0.16789017948516316j)
16700000.832999999,(0.1808249252902767+0.16773752186800295j),(0.11264820869691305+0.08705494115273245j),(0.1126482086969131+0.0870549411527324j),(0.1806943237290019+0.16784916226037985j)
16750000.8325,(0.18152855227629427+0.16769303235537408j),(0.11301369259888353+0.08695602823915011j),(0.11301369259888304+0.0869560282391498j),(0.1813984819974627+0.16780529840535532j)
16800000.832,(0.18223130504747642+0.1676457090914926j),(0.11337809476664139+0.0868557047222649j),(0.11337809476664107+0.08685570472226485j),(0.1821017693378774+0.1677585970157071j)
16850000.831499998,(0.18293317413781215+0.16759556118904728j),(0.1137414117499067+0.08675398041896419j),(0.11374141174990643+0.08675398041896401j),(0.18280417624909034+0.16770906719045134j)
16900000.831,(0.18363415015735496+0.16754259776330876j),(0.11410364017603912+0.08665086512316221j),(0.11410364017603918+0.08665086512316222j),(0.18350569330605698+0.16765671803149784j)
16950000.8305,(0.18433422379173317+0.16748682793166006j),(0.11446477674945109+0.08654636860532797j),(0.11446477674945069+0.08654636860532779j),(0.18420631115933445+0.1676015586432011j)
17000000.83,(0.18503338580168951+0.1674282608131075j),(0.11482481825101383+0.08644050061201931j),(0.11482481825101376+0.08644050061201924j),(0.18490602053463095+0.1675435981318606j)
17050000.8295,(0.18573162702257393+0.16736690552784428j),(0.11518376153747144+0.08633327086542654j),(0.11518376153747122+0.08633327086542643j),(0.18560481223231304+0.1674828456052722j)
17100000.829,(0.18642893836388283+0.16730277119677472j),(0.11554160354084696+0.08622468906292305j),(0.11554160354084703+0.08622468906292309j),(0.18630267712692505+0.16741931017227085j)
17150000.8285,(0.18712531080876604+0.16723586694107828j),(0.11589834126785398+0.08611476487662456j),(0.11589834126785398+0.08611476487662456j),(0.18699960616671932+0.16735300094227376j)
17200000.827999998,(0.18782073541354796+0.16716620188176617j),(0.11625397179930466+0.08600350795295543j),(0.11625397179930405+0.08600350795295515j),(0.18769559037316977+0.16728392702484454j)
17250000.8275,(0.18851520330725136+0.167093785139246j),(0.11660849228951929+0.08589092791222339j),(0.11660849228951861+0.08589092791222311j),(0.1883906208404823+0.16721209752926525j)
17300000.827,(0.18920870569110407+0.1670186258329025j),(0.11696189996573597+0.08577703434820222j),(0.11696189996573605+0.08577703434820222j),(0.18908468873514195+0.16713752156409026j)
17350000.8265,(0.1899012338380544+0.16694073308068638j),(0.11731419212752306+0.08566183682772201j),(0.11731419212752268+0.08566183682772184j),(0.1897777852954061+0.1670602082367449j)
17400000.825999998,(0.19059277909231792+0.1668601159986748j),(0.11766536614618324+0.08554534489026516j),(0.11766536614618307+0.08554534489026513j),(0.19046990183083304+0.16698016665311083j)
17450000.8255,(0.19128333286885632+0.16677678370070573j),(0.11801541946416855+0.0854275680475733j),(0.1180154194641702+0.08542756804757395j),(0.1911610297218179+0.16689740591710084j)
17500000.825,(0.1919728866529313+0.16669074529794717j),(0.11836434959449263+0.0853085157832606j),(0.11836434959449332+0.08530851578326092j),(0.19185116041908293+0.1668119351302935j)
17550000.8245,(0.19266143199958813+0.16660200989854168j),(0.11871215412013528+0.08518819755243114j),(0.11871215412013571+0.08518819755243126j),(0.19254028544323604+0.16672376339150202j)
17600000.824,(0.19334896053321313+0.16651058660718754j),(0.11905883069346086+0.08506662278130862j),(0.11905883069346106+0.08506662278130865j),(0.19322839638424907+0.16663289979643545j)
17650000.8235,(0.1940354639470235+0.16641648452479346j),(0.11940437703562783+0.08494380086687103j),(0.11940437703562641+0.08494380086687046j),(0.19391548490102806+0.16653935343727j)
17700000.823,(0.1947209340026086+0.16631971274808505j),(0.119748790936+0.08481974117649124j),(0.11974879093599988+0.08481974117649113j),(0.19460154272088567+0.1664431334023296j)
17750000.822499998,(0.1954053625294302+0.16622028036926753j),(0.1200920702515665+0.08469445304758882j),(0.12009207025156703+0.08469445304758898j),(0.19528656163911493+0.16634424877567036j)
17800000.822,(0.1960887414243713+0.16611819647564124j),(0.1204342129063507+0.08456794578728447j),(0.12043421290635103+0.0845679457872846j),(0.1959705335184668+0.1662427086367698j)
17850000.8215,(0.1967710626512297+0.1660134701492817j),(0.12077521689082742+0.08444022867206333j),(0.12077521689082826+0.08444022867206365j),(0.19665345028870293+0.16613852206014568j)
17900000.821,(0.19745231824026246+0.1659061104666757j),(0.12111508026134062+0.08431131094744723j),(0.1211150802613408+0.08431131094744729j),(0.19733530394612014+0.1660316981150149j)
17950000.820499998,(0.19813250028770688+0.16579612649838946j),(0.1214538011395181+0.08418120182766994j),(0.12145380113951848+0.08418120182767003j),(0.1980160865530627+0.1659222458649675j)
18000000.82,(0.1988116009552842+0.1656835273087595j),(0.1217913777116952+0.08404991049536299j),(0.12179137771169483+0.08404991049536276j),(0.19869579023745054+0.1658101743676334j)
18050000.8195,(0.19948961246977334+0.1655683219555224j),(0.12212780822832653+0.08391744610124584j),(0.12212780822832575+0.0839174461012455j),(0.19937440719233393+0.16569549267433087j)
18100000.819,(0.20016652712247537+0.1654505194895595j),(0.12246309100341544+0.08378381776382379j),(0.12246309100341495+0.08378381776382357j),(0.2000519296753712+0.16557820982980145j)
18150000.8185,(0.20084233726880277+0.16533012895452717j),(0.12279722441392887+0.08364903456909342j),(0.12279722441392925+0.0836490345690935j),(0.20072835000842054+0.16545833487182846j)
18200000.818,(0.20151703532775456+0.16520715938660202j),(0.12313020689922663+0.08351310557025261j),(0.12313020689922645+0.08351310557025257j),(0.20140366057701886+0.1653358768309906j)
18250000.8175,(0.20219061378149547+0.1650816198141394j),(0.12346203696048011+0.08337603978741819j),(0.1234620369604798+0.08337603978741806j),(0.20207785382993723+0.16521084473033176j)
18300000.816999998,(0.20286306517485156+0.16495351925741286j),(0.12379271316010232+0.08323784620735086j),(0.12379271316010095+0.08323784620735039j),(0.20275092227872663+0.16508324758505785j)
18350000.8165,(0.20353438211486372+0.16482286672830834j),(0.12412223412117236+0.08309853378318438j),(0.1241222341211728+0.08309853378318449j),(0.20342285849721137+0.16495309440228745j)
18400000.816,(0.20420455727030315+0.16468967123006348j),(0.12445059852686946+0.0829581114341647j),(0.12445059852686956+0.08295811143416483j),(0.20409365512107697+0.16482039418071928j)
18450000.8155,(0.20487358337123152+0.16455394175696586j),(0.12477780511989704+0.08281658804539134j),(0.12477780511989589+0.08281658804539094j),(0.20476330484736333+0.16468515591039698j)
18500000.814999998,(0.20554145320851655+0.16441568729410874j),(0.125103852701916+0.08267397246756643j),(0.12510385270191585+0.08267397246756635j),(0.20543180043403195+0.16454738857241186j)
18550000.8145,(0.20620815963338582+0.16427491681710849j),(0.1254287401329824+0.08253027351675285j),(0.1254287401329819+0.08253027351675266j),(0.206099134699493+0.16440710113864784j)
18600000.814,(0.20687369555694607+0.1641316392918734j),(0.1257524663309783+0.08238549997413314j),(0.12575246633097775+0.082385499974133j),(0.20676530052214392+0.16426430257152833j)
18650000.8135,(0.207538053949756+0.16398586367431395j),(0.1260750302710493+0.08223966058577935j),(0.12607503027104877+0.08223966058577911j),(0.20743029083992512+0.16411900182374697j)
18700000.813,(0.20820122784134415+0.16383759891012498j),(0.12639643098504355+0.08209276406242487j),(0.1263964309850447+0.08209276406242523j),(0.20809409864984907+0.16397120783803565j)
18750000.8125,(0.20886321031975563+0.16368685393454502j),(0.12671666756095468+0.0819448190792471j),(0.12671666756095562+0.08194481907924733j),(0.20875671700756343+0.1638209295469027j)
18800000.812,(0.20952399453110523+0.16353363767210882j),(0.12703573914235916+0.08179583427564914j),(0.12703573914235958+0.08179583427564924j),(0.20941813902687995+0.16366817587241753j)
18850000.811499998,(0.21018357367913384+0.16337795903641245j),(0.12735364492786203+0.08164581825505439j),(0.12735364492786141+0.08164581825505417j),(0.21007835787934984+0.16351295572594962j)
18900000.811,(0.21084194102473522+0.16321982692991013j),(0.12767038417054485+0.08149477958470107j),(0.1276703841705445+0.08149477958470094j),(0.21073736679376642+0.16335527800799202j)
18950000.8105,(0.21149908988553437+0.16305925024366813j),(0.12798595617741007+0.08134272679544764j),(0.12798595617740988+0.08134272679544757j),(0.21139515905579062+0.16319515160786532j)
19000000.81,(0.21215501363541084+0.162896237857179j),(0.12830036030883493+0.08118966838157864j),(0.12830036030883504+0.08118966838157858j),(0.21205172800743172+0.16303258540357643j)
19050000.809499998,(0.21280970570407684+0.16273079863813303j),(0.12861359597801938+0.08103561280061988j),(0.1286135959780196+0.08103561280061987j),(0.21270706704665146+0.16286758826155856j)
19100000.809,(0.2134631595766289+0.16256294144221367j),(0.12892566265044164+0.0808805684731582j),(0.12892566265044056+0.08088056847315779j),(0.2133611696269122+0.1627001690364745j)
19150000.8085,(0.2141153687931059+0.1623926751129032j),(0.12923655984331225+0.08072454378266425j),(0.12923655984331198+0.08072454378266423j),(0.21401402925670976+0.16253033657104582j)
19200000.808,(0.21476632694803155+0.16222000848130516j),(0.12954628712503607+0.08056754707532544j),(0.1295462871250356+0.08056754707532529j),(0.2146656394991854+0.16235809969580106j)
19250000.8075,(0.21541602769001922+0.16204495036591318j),(0.12985484411466797+0.08040958665987927j),(0.12985484411466702+0.08040958665987899j),(0.21531599397163234+0.1621834672289478j)
19300000.807,(0.2160644647212948+0.16186750957246615j),(0.130162230481375+0.08025067080745502j),(0.13016223048137474+0.08025067080745489j),(0.2159650863451205+0.16200644797612054j)
19350000.8065,(0.21671163179727818+0.16168769489375936j),(0.13046844594390583+0.08009080775141922j),(0.1304684459439057+0.08009080775141915j),(0.2166129103440103+0.16182705073025944j)
19400000.805999998,(0.21735752272616135+0.16150551510945066j),(0.13077349027005192+0.07993000568722738j),(0.1307734902700507+0.07993000568722695j),(0.2172594597455573+0.16164528427139227j)
19450000.8055,(0.21800213136845925+0.16132097898591782j),(0.13107736327611752+0.07976827277227844j),(0.1310773632761163+0.07976827277227812j),(0.21790472837946845+0.16146115736648173j)
19500000.805,(0.21864545163660656+0.1611340952760656j),(0.13138006482639175+0.07960561712577821j),(0.13138006482639167+0.07960561712577816j),(0.2185487101274839+0.16127467876924798j)
19550000.8045,(0.21928747749450586+0.1609448727191902j),(0.13168159483262276+0.0794420468286032j),(0.13168159483262307+0.07944204682860326j),(0.2191913989229481+0.16108585722001015j)
19600000.803999998,(0.21992820295713209+0.1607533200407942j),(0.131981953253491+0.07927756992317334j),(0.13198195325349177+0.07927756992317352j),(0.21983278875038662+0.16089470144552753j)
19650000.8035,(0.22056762209008013+0.16055944595247088j),(0.1322811400940907+0.0791121944133265j),(0.13228114009408865+0.07911219441332598j),(0.22047287364509063+0.1607012201588414j)
19700000.803,(0.22120572900917543+0.16036325915171973j),(0.1325791554054021+0.07894592826419809j),(0.13257915540540202+0.07894592826419806j),(0.22111164769268465+0.1605054220591446j)
19750000.8025,(0.22184251788004658+0.160164768321818j),(0.13287599928378716+0.07877877940210964j),(0.13287599928378635+0.07877877940210938j),(0.2217491050287376+0.16030731583159852j)
19800000.802,(0.22247798291769316+0.15996398213169713j),(0.13317167187046247+0.07861075571445535j),(0.13317167187046147+0.07861075571445503j),(0.2223852398383361+0.16010691014721232j)
19850000.8015,(0.2231121183861089+0.15976090923577238j),(0.1334661733509939+0.07844186504959795j),(0.13346617335099245+0.07844186504959755j),(0.2230200463556534+0.15990421366272542j)
19900000.801,(0.22374491859783946+0.15955555827384352j),(0.13375950395478364+0.07827211521676745j),(0.1337595039547828+0.07827211521676716j),(0.22365351886356807+0.15969923502044447j)
19950000.800499998,(0.22437637791359402+0.15934793787095064j),(0.1340516639545639+0.0781015139859649j),(0.1340516639545639+0.07810151398596488j),(0.22428565169324924+0.15949198284812124j)
20000000.8,(0.2250064907418299+0.1591380566372566j),(0.13434265366589182+0.07793006908787026j),(0.1343426536658922+0.0779300690878703j),(0.22491643922374557+0.15928246575883762j)
20050000.7995,(0.22563525153833863+0.15892592316794582j),(0.13463247344664692+0.07775778821375415j),(0.13463247344664697+0.0777577882137541j),(0.22554587588158975+0.15907069235087246j)
20100000.799,(0.2262626548058936+0.1587115460430496j),(0.13492112369652845+0.07758467901539519j),(0.13492112369652776+0.07758467901539501j),(0.22617395614038963+0.1588566712076023j)
20150000.798499998,(0.2268886950937743+0.15849493382742535j),(0.13520860485656241+0.07741074910500012j),(0.13520860485656083+0.07741074910499966j),(0.2268006745204442+0.15864041089736214j)
20200000.798,(0.2275133669974442+0.15827609507056273j),(0.13549491740860153+0.07723600605512962j),(0.13549491740860037+0.0772360060551293j),(0.22742602558833774+0.15842191997335736j)
20250000.7975,(0.22813666515811648+0.15805503830652762j),(0.13578006187483802+0.07706045739862698j),(0.13578006187483743+0.07706045739862681j),(0.22805000395653977+0.15820120697356005j)
20300000.797,(0.22875858426235426+0.15783177205387322j),(0.1360640388173104+0.07688411062855151j),(0.13606403881731025+0.07688411062855138j),(0.22867260428304398+0.15797828042057543j)
20350000.796499997,(0.2293791190417183+0.15760630481549473j),(0.13634684883741774+0.07670697319811595j),(0.1363468488374179+0.07670697319811592j),(0.2292938212709267+0.15775314882160538j)
20400000.796,(0.22999826427235048+0.15737864507857816j),(0.13662849257543275+0.0765290525206282j),(0.13662849257543316+0.07652905252062825j),(0.22991364966802882+0.15752582066827253j)
20450000.7955,(0.23061601477459717+0.1571488013144983j),(0.13690897071002311+0.07635035596943585j),(0.13690897071002298+0.07635035596943582j),(0.23053208426651245+0.15729630443660064j)
20500000.794999998,(0.23123236541263406+0.1569167819787263j),(0.13718828395776847+0.07617089087787554j),(0.1371882839577689+0.07617089087787565j),(0.2311491199025086+0.15706460858689386j)
20550000.7945,(0.23184731109407325+0.15668259551076302j),(0.13746643307268686+0.07599066453922688j),(0.13746643307268763+0.07599066453922707j),(0.23176475145574166+0.15683074156364454j)
20600000.794,(0.23246084676960024+0.1564462503340431j),(0.1377434188457588+0.07580968420666742j),(0.1377434188457603+0.07580968420666771j),(0.23237897384913409+0.15659471179548173j)
20650000.7935,(0.23307296743258787+0.1562077548558725j),(0.13801924210445735+0.0756279570932351j),(0.13801924210445807+0.07562795709323526j),(0.23299178204844406+0.15635652769507116j)
20700000.792999998,(0.23368366811873162+0.15596711746734931j),(0.13829390371227565+0.07544549037179099j),(0.13829390371227607+0.07544549037179103j),(0.23360317106190043+0.156116197659041j)
20750000.7925,(0.23429294390567557+0.15572434654329692j),(0.13856740456826616+0.07526229117498749j),(0.13856740456826533+0.07526229117498727j),(0.23421313593980858+0.1558737300679372j)
20800000.792,(0.2349007899126446+0.15547945044220007j),(0.13883974560657145+0.07507836659523977j),(0.13883974560657178+0.0750783665952398j),(0.23482167177421348+0.15562913328612063j)
20850000.7915,(0.23550720130007732+0.15523243750614904j),(0.13911092779597037+0.07489372368470107j),(0.1391109277959698+0.07489372368470092j),(0.23542877369851942+0.15538241566172062j)
20900000.790999997,(0.23611217326928088+0.1549833160607482j),(0.1393809521394122+0.07470836945524094j),(0.13938095213941176+0.07470836945524083j),(0.23603443688712683+0.15513358552657738j)
20950000.7905,(0.2367157010620273+0.15473209441512734j),(0.13964981967356846+0.0745223108784252j),(0.1396498196735684+0.07452231087842513j),(0.2366386565550775+0.1548826511961769j)
21000000.79,(0.2373177799602667+0.15447878086178843j),(0.1399175314683737+0.07433555488550472j),(0.13991753146837563+0.074335554885505j),(0.23724142795769243+0.1546296209696022j)
21050000.789499998,(0.23791840528568964+0.15422338367666621j),(0.14018408862658505+0.07414810836740077j),(0.14018408862658413+0.07414810836740052j),(0.23784274639022854+0.15437450312946768j)
21100000.789,(0.23851757239944868+0.15396591111898417j),(0.14044949228332015+0.07395997817469724j),(0.14044949228332057+0.07395997817469734j),(0.23844260718750324+0.15411730594189818j)
21150000.7885,(0.23911527670175217+0.1537063714312813j),(0.14071374360562883+0.0737711711176382j),(0.14071374360562816+0.07377117111763809j),(0.23904100572358883+0.15385803765642625j)
21200000.788,(0.2397115136315539+0.15344477283932254j),(0.14097684379204084+0.07358169396612277j),(0.1409768437920391+0.07358169396612238j),(0.23963793741140244+0.1535967065060322j)
21250000.787499998,(0.24030627866618137+0.15318112355209496j),(0.14123879407212933+0.07339155344970763j),(0.1412387940721296+0.07339155344970764j),(0.24023339770241686+0.15333332070702624j)
21300000.787,(0.24089956732101292+0.15291543176174532j),(0.14149959570607937+0.07320075625761303j),(0.1414995957060788+0.07320075625761284j),(0.24082738208629265+0.15306788845905023j)
21350000.7865,(0.24149137514913085+0.15264770564355692j),(0.14175924998424572+0.0730093090387279j),(0.14175924998424555+0.07300930903872785j),(0.24141988609054052+0.15280041794503513j)
21400000.786,(0.24208169774097402+0.1523779533559282j),(0.14201775822672955+0.07281721840162143j),(0.14201775822672982+0.07281721840162152j),(0.2420109052801887+0.15253091733116356j)
21450000.785499997,(0.2426705307240297+0.15210618304031046j),(0.14227512178294666+0.07262449091455771j),(0.14227512178294707+0.0726244909145577j),(0.24260043525744282+0.15225939476684588j)
21500000.785,(0.24325786976245486+0.15183240282124516j),(0.14253134203120535+0.07243113310550846j),(0.1425313420312038+0.07243113310550822j),(0.24318847166135124+0.1519858583846984j)
21550000.7845,(0.24384371055679588+0.15155662080627158j),(0.14278642037827652+0.07223715146217646j),(0.1427864203782766+0.07223715146217638j),(0.24377501016749126+0.15171031630049459j)
21600000.783999998,(0.24442804884362926+0.15127884508594855j),(0.143040358258986+0.07204255243201496j),(0.1430403582589854+0.07204255243201486j),(0.24436004648761714+0.15143277661317686j)
21650000.7835,(0.24501088039524702+0.15099908373382426j),(0.143293157135784+0.07184734242225314j),(0.14329315713578508+0.0718473424222533j),(0.24494357636936379+0.15115324740479788j)
21700000.783,(0.24559220101932877+0.15071734480642454j),(0.14354481849834405+0.07165152779992397j),(0.1435448184983444+0.07165152779992405j),(0.24552559559589338+0.1508717367405444j)
21750000.7825,(0.24617200655862936+0.15043363634323215j),(0.14379534386313922+0.07145511489189413j),(0.14379534386313994+0.07145511489189435j),(0.24610609998560398+0.15058825266868325j)
21800000.781999998,(0.2467502928906628+0.15014796636666825j),(0.14404473477304297+0.07125810998489746j),(0.14404473477304128+0.07125810998489715j),(0.2466850853917892+0.15030280322058134j)
21850000.7815,(0.24732705592736517+0.14986034288212j),(0.1442929927969142+0.07106051932556831j),(0.14429299279691457+0.07106051932556831j),(0.24726254770233974+0.1500153964106715j)
21900000.781,(0.24790229161481114+0.14957077387788748j),(0.1445401195292052+0.07086234912048303j),(0.14454011952920515+0.07086234912048299j),(0.24783848283942048+0.1497260402364558j)
21950000.7805,(0.24847599593287825+0.14927926732521726j),(0.144786116589551+0.07066360553619783j),(0.14478611658955015+0.07066360553619769j),(0.24841288675916465+0.14943474267849677j)
22000000.779999997,(0.24904816489496462+0.1489858311782664j),(0.14503098562237493+0.07046429469929298j),(0.1450309856223742+0.0704642946992928j),(0.24898575545136462+0.14914151170041784j)
22050000.7795,(0.24961879454765773+0.14869047337413382j),(0.1452747282964955+0.07026442269641804j),(0.1452747282964948+0.07026442269641794j),(0.24955708493916967+0.14884635524888915j)
22100000.779,(0.25018788097045186+0.14839320183283786j),(0.1455173463047312+0.07006399557433987j),(0.14551734630473123+0.07006399557433983j),(0.25012687127877853+0.14854928125364422j)
22150000.7785,(0.25075542027543585+0.1480940244573327j),(0.14575884136351386+0.06986301933999363j),(0.1457588413635123+0.06986301933999335j),(0.2506951105591444+0.14825029762746744j)
22200000.778,(0.25132140860699514+0.14779294913352042j),(0.14599921521249637+0.06966149996053296j),(0.14599921521249604+0.0696614999605329j),(0.25126179890167405+0.14794941226620856j)
22250000.7775,(0.25188584214152615+0.14748998373023878j),(0.14623846961417633+0.06945944336338851j),(0.14623846961417553+0.06945944336338833j),(0.25182693245993026+0.14764663304878498j)
22300000.777,(0.25244871708713224+0.1471851360992913j),(0.14647660635350748+0.06925685543632162j),(0.14647660635350648+0.06925685543632151j),(0.2523905074193441+0.14734196783719133j)
22350000.776499998,(0.2530100296833374+0.14687841407544697j),(0.1467136272375242+0.0690537420274861j),(0.14671362723752357+0.06905374202748601j),(0.2529525199969219+0.1470354244765063j)
22400000.776,(0.2535697762008034+0.146569825476454j),(0.1469495340949657+0.0688501089454889j),(0.14694953409496442+0.06885010894548876j),(0.2535129664409575+0.14672701079490674j)
22450000.7755,(0.254127952941029+0.146259378103071j),(0.14718432877590026+0.06864596195945273j),(0.14718432877590087+0.06864596195945274j),(0.2540718430307386+0.14641673460369226j)
22500000.775,(0.25468455623608666+0.1459470797390552j),(0.14741801315135922+0.0684413067990843j),(0.14741801315135897+0.06844130679908429j),(0.2546291460762846+0.14610460369727402j)
22550000.774499997,(0.2552395824483248+0.14563293815121273j),(0.14765058911296228+0.0682361491547394j),(0.1476505891129633+0.06823614915473943j),(0.25518487191803746+0.14579062585322766j)
22600000.774,(0.2557930279700945+0.1453169610893996j),(0.1478820585725594+0.06803049467749529j),(0.14788205857255945+0.0680304946774952j),(0.25573901692661416+0.14547480883226954j)
22650000.7735,(0.2563448892234792+0.1449991562865507j),(0.14811242346186151+0.06782434897921956j),(0.1481124234618615+0.06782434897921949j),(0.2562915775024967+0.14515716037832904j)
22700000.773,(0.25689516266001794+0.14467953145869356j),(0.14834168573208528+0.0676177176326477j),(0.14834168573208523+0.06761771763264768j),(0.256842550075789+0.14483768821852502j)
22750000.7725,(0.2574438447604242+0.144358094304997j),(0.14856984735359402+0.06741060617145525j),(0.14856984735359416+0.0674106061714553j),(0.2573919311059248+0.14451640006321842j)
22800000.772,(0.2579909320343247+0.1440348525077876j),(0.1487969103155438+0.06720302009033768j),(0.14879691031554268+0.06720302009033759j),(0.2579397170814174+0.14419330360601437j)
22850000.7715,(0.2585364210200102+0.14370981373254665j),(0.14902287662552843+0.06699496484508954j),(0.14902287662552738+0.06699496484508932j),(0.2584859045195694+0.14386840652382105j)
22900000.770999998,(0.2590803082841327+0.14338298562800425j),(0.14924774830923487+0.06678644585268383j),(0.1492477483092345+0.0667864458526837j),(0.25903048996622774+0.14354171647685265j)
22950000.7705,(0.2596225904214758+0.1430543758261165j),(0.14947152741009445+0.06657746849135837j),(0.14947152741009398+0.06657746849135826j),(0.25957346999551495+0.14321324110866698j)
23000000.77,(0.2601632640546778+0.14272399194213312j),(0.14969421598893617+0.06636803810069707j),(0.14969421598893676+0.06636803810069707j),(0.2601148412095653+0.14288298804620628j)
23050000.7695,(0.2607023258339946+0.1423918415745926j),(0.14991581612365013+0.0661581599817204j),(0.14991581612364924+0.06615815998172031j),(0.2606546002382855+0.14255096489980382j)
23100000.768999998,(0.2612397724370139+0.14205793230541294j),(0.15013632990884274+0.06594783939696908j),(0.15013632990884296+0.06594783939696913j),(0.2611927437390698+0.14221717926325983j)
23150000.7685,(0.2617756005684337+0.1417222716998766j),(0.15035575945550653+0.0657370815705985j),(0.15035575945550658+0.0657370815705985j),(0.26172926839657745+0.14188163871383597j)
23200000.768,(0.2623098069597896+0.14138486730670713j),(0.15057410689068357+0.06552589168846686j),(0.1505741068906817+0.06552589168846659j),(0.2622641709224579+0.14154435081232902j)
23250000.7675,(0.2628423883692236+0.1410457266580807j),(0.15079137435713008+0.06531427489822948j),(0.15079137435712958+0.06531427489822948j),(0.26279744805512173+0.14120532310307918j)
23300000.767,(0.26337334158121495+0.14070485726970552j),(0.15100756401299834+0.0651022363094342j),(0.15100756401299678+0.06510223630943403j),(0.2633290965594888+0.14086456311402276j)
23350000.7665,(0.2639026634063702+0.1403622666408128j),(0.15122267803149925+0.06488978099361623j),(0.15122267803149847+0.06488978099361611j),(0.2638591132267349+0.14052207835674196j)
23400000.766,(0.2644303506811557+0.14001796225423993j),(0.15143671860058722+0.064676913984397j),(0.15143671860058752+0.06467691398439704j),(0.26438749487406105+0.1401778763265016j)
23450000.765499998,(0.26495640026766665+0.1396719515764671j),(0.15164968792263483+0.06446364027758289j),(0.151649687922636+0.06446364027758297j),(0.2649142383444601+0.1398319645022718j)
23500000.765,(0.2654808090533885+0.13932424205766064j),(0.15186158821411758+0.06424996483126563j),(0.15186158821411788+0.06424996483126566j),(0.26543934050646467+0.13948435034680678j)
23550000.7645,(0.2660035739509685+0.1389748411317147j),(0.1520724217052932+0.06403589256592436j),(0.15207242170529253+0.06403589256592436j),(0.26596279825392277+0.1391350413066698j)
23600000.764,(0.26652469189798295+0.13862375621630266j),(0.15228219063989284+0.06382142836452995j),(0.15228219063989218+0.06382142836452995j),(0.26648460850575695+0.1387840448122944j)
23650000.763499998,(0.2670441598566953+0.1382709947129407j),(0.15249089727480933+0.06360657707264822j),(0.15249089727480905+0.06360657707264813j),(0.2670047682057442+0.13843136827801764j)
23700000.763,(0.2675619748138447+0.13791656400701724j),(0.15269854387978754+0.06339134349854812j),(0.1526985438797867+0.06339134349854797j),(0.2675232743222947+0.13807701910212106j)
23750000.7625,(0.26807813378041345+0.1375604714678544j),(0.15290513273711845+0.06317573241330675j),(0.15290513273711878+0.06317573241330675j),(0.2680401238481934+0.13772100466692783j)
23800000.762,(0.268592633791386+0.13720272444878337j),(0.15311066614133978+0.06295974855091974j),(0.1531106661413392+0.06295974855091963j),(0.26855531380041714+0.1373633323387929j)
23850000.761499997,(0.2691054719055765+0.13684333028713033j),(0.15331514639892638+0.06274339660841183j),(0.1533151463989266+0.06274339660841179j),(0.26906884121988794+0.13700400946819613j)
23900000.761,(0.2696166452053512+0.1364822963043543j),(0.15351857582800257+0.06252668124594556j),(0.15351857582800255+0.06252668124594547j),(0.26958070317125177+0.13664304338979583j)
23950000.7605,(0.27012615079644625+0.13611962980605827j),(0.1537209567580366+0.06230960708693576j),(0.153720956758037+0.06230960708693574j),(0.27009089674269177+0.13628044142243848j)
24000000.759999998,(0.27063398580775155+0.13575533808203633j),(0.1539222915295537+0.0620921787181626j),(0.1539222915295533+0.062092178718162555j),(0.27059941904566776+0.13591621086928218j)
24050000.7595,(0.2711401473910797+0.1353894284063697j),(0.15412258249384067+0.061874400689885097j),(0.15412258249384025+0.061874400689885034j),(0.2711062672147379+0.13555035901780324j)
24100000.759,(0.2716446327209807+0.13502190803743674j),(0.15432183201265787+0.06165627751595995j),(0.15432183201265887+0.06165627751595987j),(0.27161143840734503+0.13518289313985093j)
24150000.7585,(0.27214743899450705+0.13465278421802357j),(0.15452004245795706+0.06143781367395406j),(0.1545200424579571+0.061437813673954136j),(0.27211492980358465+0.13481382049174942j)
24200000.757999998,(0.2726485634310349+0.1342820641753313j),(0.15471721621158913+0.061219013605267644j),(0.1547172162115894+0.06121901360526759j),(0.2726167386060305+0.13444314831430018j)
24250000.7575,(0.2731480032720304+0.13390975512108788j),(0.15491335566503023+0.06099988171524765j),(0.15491335566503114+0.06099988171524762j),(0.27311686203949503+0.13407088383289908j)
24300000.757,(0.2736457557808678+0.133535864251578j),(0.1551084632190993+0.0607804223733126j),(0.15510846321910013+0.060780422373312604j),(0.27361529735085954+0.1336970342575441j)
24350000.7565,(0.27414181824263495+0.13316039874769367j),(0.15530254128367915+0.06056063991307187j),(0.1553025412836796+0.06056063991307187j),(0.274112041808857+0.13332160678292426j)
24400000.755999997,(0.27463618796390243+0.1327833657750504j),(0.1554955922774454+0.06034053863244615j),(0.15549559227744586+0.06034053863244619j),(0.2746070927038727+0.1329446085884826j)
24450000.7555,(0.2751288622725729+0.13240477248397878j),(0.15568761862759173+0.060120122793793376j),(0.15568761862759153+0.06012012279379336j),(0.27510044734775124+0.1325660468384723j)
24500000.755,(0.27561983851763844+0.13202462600966508j),(0.1558786227695605+0.0598993966240306j),(0.15587862276956094+0.059899396624030515j),(0.27559210307360965+0.13218592868200604j)
24550000.754499998,(0.27610911406903754+0.13164293347214115j),(0.15606860714677617+0.05967836431475931j),(0.15606860714677584+0.05967836431475932j),(0.27608205723562895+0.13180426125315167j)
24600000.754,(0.2765966863174241+0.1312597019764105j),(0.1562575742103771+0.05945703002239175j),(0.1562575742103773+0.05945703002239169j),(0.27657030720887993+0.131421051670965j)
24650000.7535,(0.2770825526740013+0.13087493861248328j),(0.1564455264189563+0.05923539786827675j),(0.1564455264189554+0.059235397868276654j),(0.2770568503891244+0.13103630703957014j)
24700000.753,(0.2775667105703307+0.13048865045544894j),(0.15663246623829438+0.059013471938827014j),(0.15663246623829677+0.059013471938827014j),(0.27754168419262665+0.13065003444823806j)
24750000.752499998,(0.2780491574581442+0.13010084456555143j),(0.15681839614111226+0.05879125628564882j),(0.1568183961411123+0.05879125628564871j),(0.27802480605598534+0.13026224097141473j)
24800000.752,(0.2785298908091672+0.12971152798824623j),(0.15700331860679823+0.05856875492566912j),(0.15700331860679942+0.05856875492566911j),(0.27850621343592885+0.12987293366883293j)
24850000.7515,(0.27900890811493445+0.12932070775427695j),(0.15718723612116994+0.05834597184126694j),(0.15718723612116947+0.05834597184126684j),(0.2789859038091533+0.12948211958554157j)
24900000.751,(0.279486206886618+0.1289283908797326j),(0.15737015117620967+0.05812291098040338j),(0.15737015117620984+0.058122910980403335j),(0.2794638746721307+0.12908980575200113j)
24950000.750499997,(0.2799617846548337+0.12853458436614554j),(0.15755206626982424+0.057899576256752315j),(0.15755206626982518+0.05789957625675228j),(0.27994012354093906+0.12869599918413885j)
25000000.75,(0.2804356389694905+0.128139295200524j),(0.157732983905592+0.05767597154983431j),(0.15773298390559223+0.0576759715498342j),(0.28041464795108806+0.12830070688341474j)
25050000.7495,(0.2809077673995998+0.12774253035544897j),(0.1579129065925177+0.0574521007051469j),(0.15791290659251753+0.05745210070514682j),(0.28088744545733674+0.12790393583691098j)
25100000.748999998,(0.28137816753310996+0.12734429678913953j),(0.1580918368447901+0.057227967534300664j),(0.15809183684479056+0.05722796753430061j),(0.2813585136335385+0.1275056930173662j)
25150000.7485,(0.2818468369767409+0.12694460144551262j),(0.15826977718154187+0.05700357581515171j),(0.1582697771815419+0.0570035758151517j),(0.28182785007245714+0.12710598538327864j)
25200000.748,(0.28231377335581037+0.12654345125427433j),(0.15844673012660906+0.0567789292919358j),(0.15844673012660926+0.05677892929193577j),(0.2822954523855916+0.12670481987898885j)
25250000.7475,(0.2827789743140657+0.12614085313098927j),(0.15862269820829444+0.05655403167540678j),(0.15862269820829292+0.056554031675406805j),(0.2827613182030567+0.12630220343466528j)
25300000.746999998,(0.28324243751353795+0.12573681397712813j),(0.15879768395913035+0.05632888664296836j),(0.15879768395913188+0.05632888664296827j),(0.2832254451733434+0.1258981429665137j)
25350000.7465,(0.2837041606343616+0.1253313406801676j),(0.1589716899156547+0.05610349783881535j),(0.1589716899156546+0.056103497838815276j),(0.28368783096323086+0.1254926453767146j)
25400000.746,(0.2841641413746235+0.12492444011365494j),(0.1591447186181677+0.05587786887406694j),(0.1591447186181671+0.05587786887406691j),(0.2841484732575771+0.12508571755358794j)
25450000.7455,(0.2846223774501929+0.12451611913729509j),(0.15931677261051225+0.05565200332690657j),(0.1593167726105128+0.05565200332690646j),(0.28460736975918294+0.12467736637161678j)
25500000.744999997,(0.2850788665945827+0.12410638459699813j),(0.15948785443984645+0.055425904742719245j),(0.1594878544398472+0.05542590474271914j),(0.2850645181886238+0.12426759869154841j)
25550000.7445,(0.2855336065587864+0.12369524332496673j),(0.15965796665641513+0.05519957663423185j),(0.15965796665641557+0.055199576634231806j),(0.2855199162841069+0.12385642136044227j)
25600000.744,(0.28598659511111973+0.1232827021397808j),(0.15982711181333062+0.05497302248165016j),(0.1598271118133312+0.054973022481650084j),(0.2859735618013023+0.12344384121177263j)
25650000.743499998,(0.2864378300370735+0.12286876784646364j),(0.15999529246635286+0.05474624573280147j),(0.1599952924663522+0.05474624573280139j),(0.2864254525132091+0.1230298650654667j)
25700000.743,(0.28688730913917015+0.12245344723655006j),(0.16016251117366692+0.054519249803272024j),(0.16016251117366642+0.05451924980327196j),(0.28687558620998466+0.12261449972802138j)
25750000.7425,(0.2873350302368008+0.12203674708818334j),(0.1603287704956713+0.05429203807654932j),(0.16032877049567235+0.054292038076549184j),(0.2873239606988112+0.12219775199255058j)
25800000.742,(0.287780991166098+0.12161867416615821j),(0.1604940729947632+0.054064613904164796j),(0.16049407299476248+0.05406461390416477j),(0.2877705738037535+0.12177962863884594j)
25850000.741499998,(0.2882251897797728+0.12119923522203761j),(0.1606584212351192+0.053836980605831426j),(0.1606584212351206+0.05383698060583138j),(0.2882154233655914+0.12136013643349942j)
25900000.741,(0.28866762394698253+0.1207784369941953j),(0.16082181778249727+0.053609141469589935j),(0.1608218177824962+0.05360914146958998j),(0.28865850724169767+0.12093928212993364j)
25950000.7405,(0.28910829155319345+0.12035628620789811j),(0.16098426520401182+0.0533810997519498j),(0.16098426520401254+0.05338109975194968j),(0.28909982330589007+0.12051707246849763j)
26000000.74,(0.2895471905000237+0.11993278957540598j),(0.16114576606794428+0.05315285867803083j),(0.16114576606794354+0.053152858678030795j),(0.2895393694482924+0.12009351417653097j)
26050000.739499997,(0.2899843187051185+0.11950795379602785j),(0.1613063229435246+0.052924421441707226j),(0.16130632294352487+0.05292442144170719j),(0.2899771435751818+0.1196686139684714j)
26100000.739,(0.29041967410202135+0.11908178555618681j),(0.1614659384007365+0.05269579120575328j),(0.16146593840073703+0.052695791205753205j),(0.29041314360887494+0.11924237854588368j)
26150000.7385,(0.2908532546400132+0.1186542915295358j),(0.16162461501011371+0.05246697110198376j),(0.16162461501011355+0.05246697110198367j),(0.2908473674875775+0.11881481459756872j)
26200000.737999998,(0.29128505828400475+0.11822547837700104j),(0.16178235534253904+0.05223796423140048j),(0.16178235534253896+0.05223796423140043j),(0.2912798131652561+0.11838592879962599j)
26250000.7375,(0.2917150830143902+0.11779535274687399j),(0.16193916196905167+0.052008773664336184j),(0.1619391619690511+0.052008773664336115j),(0.2917104786114989+0.11795572781554634j)
26300000.737,(0.29214332682692673+0.1173639212748768j),(0.16209503746064655+0.05177940244060021j),(0.16209503746064677+0.051779402440600156j),(0.29213936181139394+0.11752421829626644j)
26350000.7365,(0.2925697877325877+0.11693119058427376j),(0.16224998438808583+0.05154985356962166j),(0.1622499843880871+0.05154985356962151j),(0.29256646076539355+0.11709140688026293j)
26400000.735999998,(0.2929944637574618+0.11649716728589456j),(0.16240400532170432+0.05132013003059859j),(0.16240400532170485+0.05132013003059849j),(0.29299177348919797+0.11665730019360349j)
26450000.7355,(0.2934173529426045+0.11606185797826543j),(0.16255710283121974+0.05109023477263891j),(0.16255710283121813+0.05109023477263903j),(0.2934152980136068+0.11622190485007239j)
26500000.735,(0.293838453343926+0.11562526924765203j),(0.16270927948554245+0.05086017071491112j),(0.16270927948554198+0.050860170714911127j),(0.293837032384416+0.11578522745119742j)
26550000.7345,(0.2942577630320608+0.11518740766815908j),(0.16286053785259616+0.050629940746786686j),(0.16286053785259574+0.05062994074678673j),(0.29425697466228384+0.1153472745863581j)
26600000.733999997,(0.2946752800922608+0.1147482798017799j),(0.16301088049912513+0.050399547727989685j),(0.16301088049912452+0.05039954772798971j),(0.29467512292261433+0.114908052832842j)
26650000.7335,(0.2950910026242535+0.11430789219851557j),(0.1631603099905171+0.05016899448874121j),(0.1631603099905159+0.050168994488741334j),(0.29509147525543133+0.11446756875594083j)
26700000.733,(0.29550492874214224+0.11386625139641764j),(0.1633088288906187+0.04993828382990746j),(0.1633088288906169+0.04993828382990757j),(0.29550602976526336+0.11402582890901734j)
26750000.732499998,(0.29591705657428014+0.11342336392168557j),(0.16345643976155652+0.04970741852314682j),(0.16345643976155705+0.04970741852314675j),(0.2959187845710296+0.11358283983357652j)
26800000.732,(0.29632738426315286+0.1129792362887437j),(0.1636031451635651+0.04947640131105629j),(0.1636031451635653+0.049476401311056295j),(0.29632973780591565+0.11313860805935771j)
26850000.7315,(0.2967359099652771+0.11253387500029753j),(0.16374894765480183+0.04924523490732028j),(0.16374894765480177+0.04924523490732021j),(0.2967388876172599+0.1126931401044129j)
26900000.731,(0.2971426318510742+0.11208728654744338j),(0.16389384979117877+0.0490139219968575j),(0.16389384979117813+0.04901392199685755j),(0.29714623216645286+0.11224644247515651j)
26950000.730499998,(0.29754754810475986+0.1116394774097333j),(0.16403785412618924+0.04878246523596844j),(0.16403785412618824+0.04878246523596854j),(0.2975517696288072+0.11179852166647956j)
27000000.73,(0.2979506569242453+0.11119045405524221j),(0.16418096321073516+0.048550867252484656j),(0.16418096321073397+0.04855086725248478j),(0.2979554981934627+0.11134938416179527j)
27050000.7295,(0.298351956521011+0.11074022294067315j),(0.1643231795929606+0.04831913064591491j),(0.16432317959295994+0.04831913064591486j),(0.29835741606326494+0.11089903643314533j)
27100000.729,(0.2987514451200209+0.11028879051139859j),(0.16446450581808197+0.04808725798759529j),(0.16446450581808256+0.04808725798759525j),(0.2987575214546632+0.11044748494125582j)
27150000.728499997,(0.2991491209596001+0.10983616320156374j),(0.16460494442822318+0.047855251820836775j),(0.16460494442822451+0.04785525182083653j),(0.2991558125976073+0.10999473613561692j)
27200000.728,(0.2995449822913343+0.10938234743416508j),(0.1647444979622519+0.04762311466107332j),(0.16474449796225296+0.04762311466107308j),(0.2995522877354372+0.10954079645457071j)
27250000.7275,(0.2999390273799622+0.10892734962112874j),(0.16488316895561522+0.04739084899601066j),(0.1648831689556149+0.047390848996010634j),(0.2999469451247804+0.10908567232537682j)
27300000.726999998,(0.3003312545032871+0.10847117616336799j),(0.16502095994017738+0.04715845728577578j),(0.16502095994017818+0.047158457285775654j),(0.30033978303545156+0.10862937016429638j)
27350000.7265,(0.300721661952065+0.10801383345087395j),(0.16515787344406693+0.04692594196306435j),(0.16515787344406663+0.04692594196306433j),(0.3007307997503466+0.10817189637666688j)
27400000.726,(0.30111024802990327+0.1075553278628097j),(0.16529391199151036+0.04669330543328984j),(0.1652939119915098+0.04669330543328989j),(0.30111999356534613+0.10771325735698403j)
27450000.7255,(0.3014970110531689+0.10709566576756245j),(0.16542907810268145+0.046460550074733244j),(0.1654290781026811+0.04646055007473315j),(0.3015073627892141+0.10725345948897225j)
27500000.724999998,(0.30188194935089024+0.10663485352283078j),(0.16556337429354348+0.046227678238691464j),(0.1655633742935435+0.04622767823869137j),(0.30189290574351146+0.10679250914564943j)
27550000.7245,(0.302265061264663+0.10617289747569493j),(0.16569680307569742+0.045994692249626254j),(0.1656968030756996+0.045994692249625935j),(0.3022766207624792+0.10633041268943369j)
27600000.724,(0.3026463451485435+0.1057098039627217j),(0.16582936695623302+0.04576159440531214j),(0.1658293669562334+0.0457615944053119j),(0.3026585061929613+0.10586717647219815j)
27650000.7235,(0.3030257993689733+0.1052455793100044j),(0.16596106843757008+0.045528386976987946j),(0.16596106843757003+0.0455283869769879j),(0.303038560394302+0.10540280683534735j)
27700000.722999997,(0.3034034223046709+0.10478022983326936j),(0.16609191001731824+0.045295072209503025j),(0.16609191001731805+0.04529507220950296j),(0.3034167817382545+0.10493731010991136j)
27750000.7225,(0.30377921234655597+0.10431376183792644j),(0.16622189418812547+0.04506165232146931j),(0.1662218941881265+0.045061652321469116j),(0.3037931686088921+0.10447069261659304j)
27800000.722,(0.30415316789764296+0.10384618161917572j),(0.1663510234375359+0.0448281295054075j),(0.1663510234375355+0.04482812950540753j),(0.30416771940251974+0.10400296066586467j)
27850000.721499998,(0.30452528737296897+0.10337749546205412j),(0.16647930024783927+0.044594505927897966j),(0.16647930024783897+0.04459450592789799j),(0.30454043252757124+0.10353412055805251j)
27900000.720999997,(0.3048955691994964+0.10290770964152718j),(0.16660672709593422+0.044360783729730076j),(0.16660672709593397+0.04436078372973003j),(0.30491130640454334+0.10306417858337616j)
27950000.7205,(0.305264011816023+0.10243683042258092j),(0.16673330645318463+0.044126965026048834j),(0.1667333064531846+0.04412696502604889j),(0.3052803394658872+0.10259314102206993j)
28000000.72,(0.30563061367311073+0.10196486406025776j),(0.1668590407852787+0.043893051906507594j),(0.1668590407852794+0.04389305190650747j),(0.3056475301559366+0.10212101414442151j)
28050000.719499998,(0.3059953732329864+0.10149181679977447j),(0.166983932552093+0.043659046435413434j),(0.1669839325520929+0.04365904643541331j),(0.306012876930819+0.10164780421086532j)
28100000.719,(0.30635828896947087+0.1010176948765657j),(0.1671079842075508+0.04342495065187925j),(0.16710798420755182+0.043424950651879034j),(0.3063763782583724+0.10117351747205344j)
28150000.7185,(0.3067193593678854+0.10054250451638856j),(0.16723119819949409+0.04319076656997016j),(0.16723119819949178+0.04319076656997038j),(0.30673803261806376+0.10069816016892393j)
28200000.718,(0.3070785829249797+0.10006625193537688j),(0.16735357696953726+0.04295649617885387j),(0.16735357696953654+0.04295649617885391j),(0.3070978385008992+0.1002217385328027j)
28250000.717499997,(0.3074359581488559+0.09958894334010915j),(0.16747512295294703+0.042722141442950466j),(0.16747512295294867+0.04272214144295017j),(0.3074557944093603+0.09974425878543587j)
28300000.717,(0.30779148355887614+0.09911058492771117j),(0.16759583857850505+0.04248770430207833j),(0.16759583857850735+0.04248770430207787j),(0.3078118988573108+0.0992657271390978j)
28350000.7165,(0.30814515768559336+0.09863118288591903j),(0.1677157262683766+0.04225318667160498j),(0.16771572626837672+0.0422531866716048j),(0.30816615036992595+0.09878614979664326j)
28400000.716,(0.30849697907067575+0.098150743393145j),(0.16783478843797967+0.042018590442596315j),(0.1678347884379808+0.04201859044259607j),(0.30851854748361124+0.09830553295159754j)
28450000.715499997,(0.30884694626682857+0.09766927261855973j),(0.16795302749586632+0.041783917481962606j),(0.16795302749586635+0.041783917481962474j),(0.30886908874592545+0.09782388278823434j)
28500000.715,(0.3091950578377214+0.09718677672216244j),(0.16807044584358605+0.041549169632610294j),(0.1680704458435857+0.041549169632610246j),(0.30921777271551354+0.09734120548161784j)
28550000.7145,(0.3095413123579099+0.09670326185486931j),(0.16818704587556726+0.04131434871358713j),(0.16818704587556882+0.04131434871358687j),(0.30956459796202257+0.0968575071977182j)
28600000.713999998,(0.30988570841277197+0.09621873415855797j),(0.16830282997899465+0.041079456520233384j),(0.16830282997899462+0.0410794565202333j),(0.3099095630660333+0.09637279409345484j)
28650000.7135,(0.3102282445984248+0.09573319976617974j),(0.168417800533679+0.04084449482432849j),(0.16841780053367947+0.04084449482432836j),(0.3102526666189933+0.09588707231676917j)
28700000.713,(0.3105689195216699+0.09524666480178814j),(0.16853195991194478+0.04060946537423961j),(0.16853195991194553+0.04060946537423936j),(0.31059390722313424+0.09540034800672453j)
28750000.7125,(0.31090773179990283+0.09475913538066218j),(0.16864531047850753+0.040374369895068825j),(0.16864531047850667+0.04037436989506901j),(0.31093328349140903+0.09491262729355417j)
28800000.711999997,(0.31124468006106426+0.09427061760933718j),(0.16875785459035075+0.040139210088803404j),(0.16875785459035023+0.040139210088803515j),(0.31127079404742647+0.09442391629873137j)
28850000.7115,(0.31157976294356315+0.0937811175856896j),(0.16886959459661666+0.0399039876344609j),(0.16886959459661663+0.03990398763446092j),(0.31160643752536893+0.09393422113507525j)
28900000.711,(0.31191297909620613+0.09329064139903205j),(0.1689805328384841+0.03966870418823905j),(0.16898053283848508+0.03966870418823873j),(0.31194021256994764+0.09344354790675956j)
28950000.7105,(0.3122443271781391+0.09279919513015468j),(0.16909067164905803+0.03943336138366102j),(0.16909067164905658+0.03943336138366123j),(0.3122721178363138+0.0929519027094528j)
29000000.709999997,(0.3125738058587789+0.09230678485141314j),(0.16920001335324872+0.03919796083172591j),(0.16920001335324864+0.03919796083172584j),(0.31260215199000374+0.09245929163034955j)
29050000.7095,(0.31290141381775666+0.09181341662678213j),(0.16930856026766955+0.03896250412105361j),(0.16930856026766894+0.03896250412105369j),(0.31293031370687474+0.09196572074825082j)
29100000.709,(0.31322714974484006+0.09131909651195928j),(0.16941631470051727+0.038726992818032796j),(0.16941631470051746+0.03872699281803262j),(0.313256601673038+0.09147119613363845j)
29150000.708499998,(0.3135510123398771+0.09082383055442458j),(0.16952327895146807+0.03849142846696731j),(0.16952327895146752+0.038491428466967494j),(0.31358101458479926+0.09097572384874003j)
29200000.708,(0.31387300031274384+0.09032762479348223j),(0.1696294553115631+0.038255812590225716j),(0.16962945531156254+0.03825581259022576j),(0.3139035511485974+0.09047930994759314j)
29250000.7075,(0.31419311238327674+0.0898304852603654j),(0.1697348460631052+0.03802014668838433j),(0.1697348460631049+0.03802014668838434j),(0.3142242100809358+0.08998196047614365j)
29300000.707,(0.31451134728120755+0.08933241797829819j),(0.16983945347955082+0.03778443224037638j),(0.16983945347955176+0.037784432240376156j),(0.3145429901083309+0.08948368147228405j)
29350000.706499998,(0.31482770374611424+0.08883342896256254j),(0.16994327982540705+0.0375486707036371j),(0.16994327982540533+0.03754867070363751j),(0.31485988996725056+0.08898447896593342j)
29400000.706,(0.31514218052735515+0.08833352422057021j),(0.170046327356119+0.037312863514252254j),(0.17004632735611883+0.03731286351425234j),(0.31517490840405676+0.08848435897910695j)
29450000.7055,(0.3154547763840235+0.08783270975191956j),(0.17014859831797993+0.03707701208710125j),(0.17014859831798007+0.037077012087101166j),(0.31548804417493803+0.08798332752600309j)
29500000.705,(0.3157654900848756+0.08733099154849006j),(0.1702500949480185+0.03684111781600486j),(0.17025009494801815+0.03684111781600489j),(0.3157992960458704+0.08748139061303088j)
29550000.704499997,(0.3160743204082869+0.08682837559449187j),(0.17035081947390185+0.03660518207387153j),(0.17035081947390238+0.03660518207387137j),(0.3161086627925453+0.08697855423892106j)
29600000.704,(0.316381266142191+0.086324867866544j),(0.1704507741138376+0.03636920621284123j),(0.17045077411383752+0.03636920621284123j),(0.316416143200323+0.08647482439477093j)
29650000.7035,(0.3166863260840311+0.08582047433373562j),(0.17054996107647136+0.03613319156443313j),(0.17054996107647094+0.03613319156443324j),(0.3167217360641776+0.08597020706411564j)
29700000.702999998,(0.31698949904070634+0.08531520095769185j),(0.1706483825607914+0.03589713943968978j),(0.17064838256079176+0.035897139439689654j),(0.31702544018863815+0.08546470822300203j)
29750000.7025,(0.3172907838285112+0.0848090536926625j),(0.17074604075603364+0.03566105112932105j),(0.1707460407560331+0.035661051129321095j),(0.3173272543877413+0.08495833384005054j)
29800000.702,(0.31759017927309596+0.08430203848556354j),(0.17084293784158247+0.035424927903851294j),(0.17084293784158205+0.03542492790385144j),(0.31762717748497415+0.08445108987653668j)
29850000.7015,(0.3178876842094043+0.08379416127606767j),(0.17093907598687905+0.035188771013763886j),(0.17093907598687952+0.03518877101376379j),(0.31792520831323556+0.08394298228641306j)
29900000.700999998,(0.31818329748163254+0.0832854279966538j),(0.17103445735132786+0.03495258168964345j),(0.17103445735132872+0.03495258168964319j),(0.31822134571476646+0.08343401701644002j)
29950000.7005,(0.31847701794318106+0.08277584457266741j),(0.17112908408420444+0.03471636114232317j),(0.17112908408420394+0.03471636114232323j),(0.3185155885411121+0.0829242000062099j)
30000000.7,(0.3187688444565939+0.08226541692242441j),(0.17122295832456047+0.03448011056302778j),(0.17122295832456072+0.03448011056302768j),(0.3188079356530741+0.08241353718821674j)
30050000.6995,(0.31905877589352305+0.08175415095723548j),(0.1713160822011407+0.03424383112351703j),(0.17131608220114064+0.034243831123516935j),(0.3190983859206551+0.08190203448793847j)
30100000.698999997,(0.3193468111346764+0.08124205258149436j),(0.17140845783228706+0.034007523976230844j),(0.17140845783228598+0.03400752397623109j),(0.3193869382230179+0.08138969782388136j)
30150000.6985,(0.3196329490697716+0.08072912769274185j),(0.17150008732585326+0.03377119025443141j),(0.17150008732585287+0.03377119025443143j),(0.3196735914484288+0.08087653310767741j)
30200000.698,(0.3199171885974901+0.08021538218172596j),(0.17159097277911894+0.03353483107234836j),(0.17159097277911803+0.03353483107234857j),(0.319958344494226+0.08036254624410048j)
30250000.697499998,(0.32019952862543444+0.07970082193246279j),(0.17168111627869903+0.0332984475253208j),(0.1716811162786999+0.033298447525320525j),(0.32024119626675845+0.07984774313118682j)
30300000.697,(0.3204799680700801+0.07918545282232126j),(0.17177051990046596+0.033062040689940245j),(0.171770519900465+0.03306204068994047j),(0.32052214568135406+0.07933212966024906j)
30350000.6965,(0.32075850585673277+0.07866928072206551j),(0.17185918570945474+0.032825611624194846j),(0.17185918570945427+0.03282561162419491j),(0.32080119166226645+0.07881571171597561j)
30400000.696,(0.32103514091949237+0.07815231149592676j),(0.17194711575978944+0.032589161367610864j),(0.17194711575978955+0.032589161367610794j),(0.3210783331426373+0.07829849517647311j)
30450000.695499998,(0.321309872201198+0.07763455100167396j),(0.17203431209459674+0.03235269094139505j),(0.1720343120945964+0.032352690941395056j),(0.3213535690644471+0.07778048591334921j)
30500000.695,(0.3215826986533966+0.0771160050906682j),(0.17212077674592344+0.03211620134857792j),(0.17212077674592308+0.032116201348577934j),(0.32162689837848024+0.0772616897917542j)
30550000.6945,(0.32185361923629974+0.07659667960792653j),(0.1722065117346572+0.03187969357415521j),(0.17220651173465726+0.03187969357415522j),(0.3218983200442804+0.0767421126704556j)
30600000.694,(0.32212263291873705+0.07607658039219932j),(0.17229151907044823+0.03164316858522863j),(0.17229151907044796+0.03164316858522864j),(0.32216783303010416+0.07622176040191109j)
30650000.693499997,(0.3223897386781261+0.07555571327601152j),(0.17237580075162864+0.031406627331149545j),(0.17237580075162762+0.031406627331149836j),(0.3224354363128901+0.0757006388323106j)
30700000.693,(0.3226549355004275+0.07503408408573618j),(0.17245935876513388+0.03117007074365958j),(0.17245935876513385+0.031170070743659503j),(0.32270112887821295+0.07517875380164735j)
30750000.6925,(0.3229182223801014+0.07451169864167397j),(0.17254219508643032+0.030933499737030558j),(0.17254219508643015+0.030933499737030617j),(0.3229649097202495+0.07465611114377267j)
30800000.691999998,(0.323179598320087+0.07398856275806306j),(0.17262431167943454+0.03069691520820823j),(0.17262431167943423+0.030696915208208178j),(0.32322677784173115+0.07413271668648261j)
30850000.6915,(0.3234390623317409+0.07346468224321279j),(0.17270571049644018+0.030460318036949367j),(0.17270571049644032+0.030460318036949277j),(0.3234867322539155+0.07360857625154729j)
30900000.691,(0.3236966134348224+0.07294006289950043j),(0.172786393478045+0.030223709085965784j),(0.17278639347804448+0.03022370908596596j),(0.32374477197654195+0.07308369565479443j)
30950000.6905,(0.32395225065744276+0.07241471052347205j),(0.1728663625530738+0.029987089201063723j),(0.17286636255307417+0.029987089201063577j),(0.324000896037805+0.07255808070614365j)
31000000.689999998,(0.32420597303603776+0.0718886309058846j),(0.1729456196385117+0.029750459211282415j),(0.17294561963851235+0.02975045921128217j),(0.32425510347430286+0.07203173720970539j)
31050000.6895,(0.32445777961532923+0.07136182983177174j),(0.17302416663942657+0.02951381992903566j),(0.17302416663942796+0.029513819929035234j),(0.32450739333101536+0.07150467096380901j)
31100000.689,(0.3247076694482888+0.07083431308051212j),(0.17310200544890397+0.02927717215025121j),(0.17310200544890378+0.029277172150251204j),(0.32475776466126616+0.07097688776106416j)
31150000.6885,(0.3249556415961091+0.07030608642587496j),(0.17317913794797074+0.029040516654509907j),(0.17317913794797093+0.02904051665450995j),(0.3250062165266762+0.07044839338845792j)
31200000.687999997,(0.3252016951281634+0.06977715563609119j),(0.17325556600553182+0.028803854205185463j),(0.17325556600553307+0.028803854205185025j),(0.32525274799715287+0.06991919362734952j)
31250000.6875,(0.32544582912198344+0.0692475264738952j),(0.17333129147830142+0.02856718554958311j),(0.17333129147830154+0.02856718554958297j),(0.3254973581508326+0.06938929425359144j)
31300000.687,(0.3256880426632161+0.0687172046966085j),(0.1734063162107303+0.028330511419078927j),(0.17340631621072977+0.028330511419079024j),(0.3257400460740663+0.06885870103754421j)
31350000.686499998,(0.325928334845597+0.06818619605618434j),(0.1734806420349443+0.028093832529258192j),(0.1734806420349451+0.028093832529257845j),(0.3259808108613751+0.06832741974416362j)
31400000.685999997,(0.3261667047709176+0.06765450629926868j),(0.17355427077068036+0.027857149580051917j),(0.1735542707706802+0.02785714958005191j),(0.326219651615422+0.06779545613304916j)
31450000.6855,(0.3264031515489967+0.06712214116725139j),(0.17362720422521324+0.027620463255879905j),(0.1736272042252135+0.027620463255879843j),(0.3264565674469866+0.06726281595848574j)
31500000.685,(0.32663767429765034+0.06658910639633055j),(0.17369944419330133+0.027383774225784106j),(0.1736994441932997+0.027383774225784547j),(0.3266915574749276+0.06672950496952187j)
31550000.684499998,(0.3268702721426537+0.06605540771758635j),(0.17377099245711364+0.02714708314356813j),(0.17377099245711247+0.027147083143568396j),(0.32692462082615414+0.06619552891001734j)
31600000.684,(0.3271009442177278+0.06552105085699941j),(0.1738418507861762+0.026910390647934015j),(0.17384185078617534+0.02691039064793426j),(0.3271557566355905+0.06566089351872335j)
31650000.6835,(0.3273296896644947+0.06498604153554484j),(0.1739120209373037+0.026673697362621464j),(0.17391202093730324+0.026673697362621547j),(0.3273849640461626+0.06512560452928756j)
31700000.683,(0.32755650763245997+0.06445038546922757j),(0.17398150465454248+0.026437003896543437j),(0.1739815046545421+0.02643700389654353j),(0.327612242208753+0.06458966767035429j)
31750000.682499997,(0.3277813972789787+0.06391408836915136j),(0.17405030366910648+0.026200310843922093j),(0.1740503036691075+0.026200310843921645j),(0.32783759028217735+0.0640530886656198j)
31800000.682,(0.32800435776923503+0.06337715594155309j),(0.17411841969932154+0.0259636187844286j),(0.1741184196993236+0.025963618784427864j),(0.32806100743316297+0.06351587323385412j)
31850000.6815,(0.328225388276203+0.0628395938879023j),(0.1741858544505656+0.02572692828331572j),(0.17418585445056653+0.025726928283315284j),(0.32828249283631383+0.06297802708898825j)
31900000.680999998,(0.32844448798063397+0.062301407904907256j),(0.1742526096152076+0.025490239891557145j),(0.1742526096152071+0.02549023989155729j),(0.3285020456740841+0.06243955594016565j)
31950000.680499997,(0.32866165607102665+0.061762603684593326j),(0.1743186868725519+0.02525355414598323j),(0.1743186868725525+0.02525355414598295j),(0.32871966513675577+0.061900465491784365j)
32000000.68,(0.3288768917435922+0.061223186914368184j),(0.17438408788878657+0.025016871569413825j),(0.1743840878887858+0.025016871569414054j),(0.3289353504224118+0.061360761443553576j)
32050000.6795,(0.3290901942022429+0.06068316327705556j),(0.17444881431691775+0.02478019267079838j),(0.17444881431691905+0.024780192670797806j),(0.32914910073690556+0.06082044949056375j)
32100000.678999998,(0.3293015626585577+0.06014253845096571j),(0.1745128677967258+0.02454351794534619j),(0.1745128677967263+0.024543517945345976j),(0.32936091529384226+0.06027953532332219j)
32150000.6785,(0.3295109963317647+0.05960131810993252j),(0.17457624995470133+0.024306847874667206j),(0.1745762499547005+0.024306847874667456j),(0.3295707933145514+0.05973802462781236j)
32200000.678,(0.3297184944487116+0.059059507923389945j),(0.17463896240399507+0.02407018292690289j),(0.17463896240399424+0.024070182926903144j),(0.3297787340280609+0.05919592308555411j)
32250000.6775,(0.3299240562438437+0.05851711355641482j),(0.17470100674436675+0.02383352355686149j),(0.17470100674436628+0.023833523556861587j),(0.32998473667107364+0.05865323637365376j)
32300000.676999997,(0.3301276809591883+0.05797414066976026j),(0.17476238456213058+0.023596870206155134j),(0.17476238456213128+0.023596870206154773j),(0.3301888004879489+0.05810997016484765j)
32350000.6765,(0.3303293678443204+0.05743059491994677j),(0.1748230974301056+0.02336022330333018j),(0.1748230974301052+0.023360223303330305j),(0.3303909247306694+0.05756613012757464j)
32400000.676,(0.3305291161563464+0.05688648195929398j),(0.1748831469075595+0.023123583264005203j),(0.17488314690756035+0.023123583264004967j),(0.33059110865883085+0.057021721926004916j)
32450000.675499998,(0.33072692515988633+0.05634180743596296j),(0.1749425345401661+0.02288695049100233j),(0.17494253454016728+0.02288695049100182j),(0.33078935153960876+0.0564767512201112j)
32500000.674999997,(0.3309227941270466+0.0557965769940271j),(0.17500126185995069+0.022650325374482368j),(0.17500126185995088+0.022650325374482243j),(0.3309856526477442+0.05593122366570792j)
32550000.6745,(0.33111672233739525+0.05525079627353005j),(0.1750593303852404+0.022413708292076957j),(0.17505933038524055+0.022413708292076864j),(0.33118001126551866+0.05538514491450964j)
32600000.674,(0.3313087090779545+0.054704470910510346j),(0.1751167416206197+0.02217709960902276j),(0.17511674162061996+0.022177099609022678j),(0.3313724266827292+0.054838520614197035j)
32650000.673499998,(0.33149875364317216+0.054157606537060976j),(0.17517349705688073+0.021940499678295824j),(0.17517349705688068+0.02194049967829579j),(0.33156289819667895+0.05429135640842348j)
32700000.673,(0.33168685533489606+0.05361020878141677j),(0.17522959817097628+0.021703908840739847j),(0.17522959817097528+0.021703908840740284j),(0.3317514251121432+0.0537436579369306j)
32750000.6725,(0.3318730134623685+0.05306228326794397j),(0.175285046425972+0.021467327425206392j),(0.17528504642597226+0.021467327425206253j),(0.3319380067413618+0.05319543083552784j)
32800000.672,(0.33205722734219434+0.05251383561724767j),(0.1753398432710053+0.021230755748678467j),(0.17533984327100616+0.02123075574867808j),(0.3321226424040086+0.052646680736206805j)
32850000.671499997,(0.33223949629833205+0.05196487144617436j),(0.17539399014123622+0.020994194116411295j),(0.1753939901412367+0.020994194116411038j),(0.33230533142718316+0.05209741326713231j)
32900000.671,(0.33241981966206474+0.0514153963679155j),(0.17544748845780442+0.020757642822056582j),(0.17544748845780336+0.020757642822056964j),(0.33248607314537787+0.05154763405276467j)
32950000.6705,(0.33259819677199687+0.05086541599199296j),(0.17550033962778325+0.020521102147802676j),(0.17550033962778339+0.020521102147802558j),(0.33266486690047375+0.050997348713831804j)
33000000.669999998,(0.3327746269740186+0.05031493592437586j),(0.17555254504414314+0.02028457236449641j),(0.1755525450441411+0.02028457236449718j),(0.3328417120417111+0.050446562867442174j)
33050000.669499997,(0.33294910962130375+0.04976396176747657j),(0.1756041060856976+0.020048053731785847j),(0.17560410608569832+0.02004805373178545j),(0.3330166079256818+0.049895282127077056j)
33100000.669,(0.3331216440742844+0.049212499120229194j),(0.17565502411707676+0.019811546498240212j),(0.17565502411707656+0.019811546498240233j),(0.33318955391629973+0.049343512102699966j)
33150000.6685,(0.33329222970063566+0.048660553578131864j),(0.1757053004886705+0.01957505090149006j),(0.1757053004886704+0.01957505090149001j),(0.33336054938479526+0.04879125840074997j)
33200000.667999998,(0.3334608658752619+0.04810813073328705j),(0.1757549365365981+0.019338567168353134j),(0.17575493653659835+0.019338567168353003j),(0.3335295937096887+0.04823852662423252j)
33250000.6675,(0.333627551980275+0.04755523617447103j),(0.1758039335826645+0.019102095514966038j),(0.17580393358266402+0.019102095514966232j),(0.3336966862767814+0.04768532237273863j)
33300000.667,(0.33379228740498873+0.04700187548714661j),(0.17585229293431953+0.018865636146917063j),(0.17585229293431964+0.018865636146916914j),(0.3338618264791323+0.0471316512425118j)
33350000.6665,(0.3339550715458887+0.0464480542535625j),(0.17590001588462212+0.01862918925937193j),(0.17590001588462187+0.01862918925937189j),(0.3340250137170493+0.04657751882648383j)
33400000.665999997,(0.3341159038066311+0.04589377805274756j),(0.17594710371219952+0.018392755037209132j),(0.17594710371219952+0.018392755037209087j),(0.33418624739806696+0.046022930714328156j)
33450000.6655,(0.3342747835980214+0.04533905246058796j),(0.17599355768121067+0.0181563336551459j),(0.17599355768121078+0.018156333655145795j),(0.3343455269369337+0.045467892492512166j)
33500000.665,(0.3344317103379975+0.044783883049878376j),(0.17603937904130929+0.017919925277869814j),(0.1760393790413081+0.01791992527787031j),(0.33450285175560107+0.04491240974432376j)
33550000.664499998,(0.33458668345162007+0.04422827539035807j),(0.17608456902760394+0.017683530060168345j),(0.17608456902760303+0.017683530060168644j),(0.33465822128319783+0.04435648804995519j)
33600000.664,(0.33473970237105544+0.04367223504875484j),(0.1761291288606276+0.017447148147058042j),(0.1761291288606274+0.017447148147058077j),(0.3348116349560299+0.04380013298650032j)
33650000.663499996,(0.3348907665355688+0.043115767588830546j),(0.17617305974629827+0.017210779673913514j),(0.17617305974629827+0.017210779673913327j),(0.3349630922175525+0.043243350128054525j)
33700000.662999995,(0.33503987539149765+0.042558878571452366j),(0.1762163628758854+0.01697442476659564j),(0.17621636287588366+0.0169744247665963j),(0.3351125925183669+0.042686145045715225j)
33750000.6625,(0.33518702839225023+0.04200157355460873j),(0.17625903942597215+0.016738083541584268j),(0.17625903942597215+0.016738083541584188j),(0.3352601353161994+0.04212852330765128j)
33800000.662,(0.3353322249982896+0.04144385809346847j),(0.17630109055842924+0.016501756106101242j),(0.17630109055842919+0.01650175610610122j),(0.3354057200758918+0.04157049047915658j)
33850000.6615,(0.33547546467711786+0.0408857377404263j),(0.1763425174203735+0.016265442558243186j),(0.17634251742037327+0.01626544255824324j),(0.3355493462693855+0.0410120521226769j)
33900000.661,(0.3356167469032672+0.040327218045157875j),(0.17638332114413974+0.016029142987107864j),(0.17638332114413907+0.016029142987108346j),(0.33569101337571283+0.040453213797858684j)
33950000.6605,(0.3357560711582876+0.03976830455463083j),(0.17642350284724703+0.0157928574729253j),(0.17642350284724587+0.015792857472925796j),(0.335830720880982+0.0398939810615979j)
34000000.66,(0.3358934369307317+0.03920900281320886j),(0.17646306363236647+0.015556586087180493j),(0.17646306363236575+0.015556586087180784j),(0.33596846827836274+0.03933435946809215j)
34050000.659499995,(0.33602884371614794+0.03864931836263728j),(0.1765020045872921+0.015320328892745656j),(0.17650200458729276+0.015320328892745297j),(0.33610425506807434+0.03877435456888789j)
34100000.659,(0.3361622910170676+0.03808925674211682j),(0.1765403267849099+0.015084085944007727j),(0.17654032678491066+0.01508408594400748j),(0.3362380807573835+0.038213971912881325j)
34150000.6585,(0.3362937783429901+0.03752882348835692j),(0.17657803128316577+0.01484785728699268j),(0.17657803128316535+0.014847857286992859j),(0.336369944860577+0.03765321704643655j)
34200000.658,(0.33642330521037933+0.036968024135595544j),(0.1766151191250348+0.014611642959497486j),(0.17661511912503616+0.0146116429594967j),(0.33649984689896095+0.0370920955133736j)
34250000.6575,(0.3365508711426456+0.03640686421566302j),(0.17665159133849948+0.01437544299121245j),(0.17665159133850047+0.014375442991211853j),(0.3366277864008481+0.03653061285502722j)
34300000.657,(0.3366764756701417+0.0358453492580165j),(0.17668744893651273+0.01413925740385308j),(0.17668744893651325+0.01413925740385274j),(0.3367537629015465+0.0359687746102946j)
34350000.6565,(0.33680011833014684+0.03528348478979337j),(0.17672269291697437+0.013903086211282244j),(0.17672269291697237+0.013903086211283047j),(0.33687777594334567+0.035406586315686286j)
34400000.655999996,(0.33692179866686306+0.03472127633583624j),(0.17675732426269947+0.013666929419642752j),(0.17675732426269963+0.013666929419642596j),(0.3369998250755103+0.03484405350535624j)
34450000.6555,(0.33704151623140133+0.034158729418757076j),(0.17679134394140159+0.013430787027477631j),(0.17679134394140048+0.013430787027478103j),(0.33711990985427115+0.03428118171114162j)
34500000.655,(0.3371592705817734+0.03359584955896781j),(0.17682475290565233+0.013194659025861158j),(0.17682475290565058+0.013194659025861977j),(0.3372380298428093+0.03371797646262988j)
34550000.6545,(0.33727506128288104+0.03303264227473645j),(0.17685755209286383+0.012958545398523473j),(0.17685755209286355+0.012958545398523617j),(0.3373541846112506+0.03315444328717514j)
34600000.654,(0.3373888879065086+0.03246911308222345j),(0.17688974242526453+0.01272244612197544j),(0.176889742425264+0.012722446121975702j),(0.33746837373665733+0.03259058770996199j)
34650000.6535,(0.3375007500313212+0.0319052674954927j),(0.17692132480986747+0.01248636116563904j),(0.17692132480986722+0.012486361165639153j),(0.33758059680301483+0.03202641525403871j)
34700000.653,(0.3376106472428372+0.03134111102663527j),(0.17695230013845276+0.012250290491967339j),(0.17695230013844954+0.012250290491968806j),(0.33769085340122845+0.03146193144033594j)
34750000.652499996,(0.33771857913344294+0.030776649185715203j),(0.1769826692875326+0.012014234056578034j),(0.1769826692875345+0.012014234056576954j),(0.33779914312910575+0.030897141787772565j)
34800000.651999995,(0.33782454530236816+0.03021188748088307j),(0.17701243311834836+0.011778191808367474j),(0.1770124331183492+0.011778191808366957j),(0.3379054655913564+0.0303320518132353j)
34850000.6515,(0.3379285453556842+0.029646831418392562j),(0.17704159247682416+0.011542163689649939j),(0.1770415924768231+0.011542163689650376j),(0.33800982039958594+0.02976666703161853j)
34900000.651,(0.3380305789062989+0.02908148650262373j),(0.17707014819355557+0.011306149636272501j),(0.1770701481935543+0.011306149636273046j),(0.3381122071722697+0.029200992955955393j)
34950000.6505,(0.338130645573942+0.02851585823617207j),(0.1770981010837888+0.011070149577745974j),(0.1770981010837892+0.01107014957774579j),(0.3382126255347687+0.028635035097335976j)
35000000.65,(0.3382287449851659+0.02794995211983718j),(0.1771254519473982+0.010834163437365686j),(0.17712545194739754+0.010834163437366057j),(0.33831107511930464+0.028068798965044557j)
35050000.6495,(0.3383248767733334+0.027383773652700085j),(0.17715220156885833+0.010598191132342727j),(0.17715220156886002+0.010598191132341714j),(0.3384075555649615+0.02750229006654558j)
35100000.649,(0.3384190405786103+0.02681732833216586j),(0.17717835071723614+0.010362232573918627j),(0.17717835071723362+0.010362232573919949j),(0.3385020665176709+0.0269355139075629j)
35150000.648499995,(0.3385112360479617+0.026250621653982058j),(0.1772039001461524+0.01012628766750566j),(0.1772039001461525+0.010126287667505555j),(0.3385946076302162+0.02636847599206687j)
35200000.648,(0.3386014628351459+0.02568365911228741j),(0.17722885059378357+0.009890356312793447j),(0.17722885059378143+0.009890356312794448j),(0.3386851785622106+0.025801181822389732j)
35250000.6475,(0.3386897206007067+0.025116446199666662j),(0.17725320278282347+0.009654438403887784j),(0.17725320278282103+0.009654438403889035j),(0.33877377898010025+0.025233636899219758j)
35300000.647,(0.3387760090119659+0.024548988407165993j),(0.17727695742047347+0.009418533829430342j),(0.177276957420475+0.009418533829429459j),(0.3388604085571587+0.024665846721627274j)
35350000.6465,(0.33886032774301683+0.023981291224376793j),(0.17730011519842834+0.009182642472716652j),(0.1773001151984304+0.009182642472715413j),(0.3389450669734728+0.024097816787152004j)
35400000.646,(0.3389426764747256+0.023413360139429254j),(0.1773226767928512+0.00894676421182898j),(0.17732267679284716+0.008946764211831194j),(0.33902775391594403+0.023529552591815196j)
35450000.6455,(0.33902305489471585+0.02284520063905773j),(0.17734464286434598+0.008710898919763453j),(0.17734464286434726+0.008710898919762719j),(0.3391084690782766+0.022961059630150153j)
35500000.644999996,(0.3391014626973709+0.022276818208636966j),(0.17736601405796978+0.008475046464537393j),(0.17736601405797045+0.008475046464536968j),(0.3391872121609761+0.022392343395276217j)
35550000.6445,(0.3391778995838243+0.02170821833221609j),(0.17738679100318952+0.008239206709329993j),(0.17738679100318575+0.008239206709332005j),(0.3392639828713395+0.021823409378911834j)
35600000.644,(0.3392523652619563+0.021139406492581794j),(0.17740697431386945+0.008003379512602321j),(0.17740697431386868+0.0080033795126026j),(0.3393387809234571+0.02125426307141085j)
35650000.6435,(0.3393248594463909+0.02057038817125621j),(0.17742656458827333+0.007767564728212092j),(0.17742656458827044+0.007767564728213665j),(0.3394116060381942+0.020684909961836175j)
35700000.643,(0.3393953818584879+0.020001168848570026j),(0.1774455624090251+0.007531762205550843j),(0.17744556240902287+0.0075317622055520875j),(0.3394824579432002+0.020115355537953766j)
35750000.6425,(0.3394639322263362+0.019431754003723392j),(0.1774639683431107+0.007295971789654123j),(0.17746396834310968+0.007295971789654684j),(0.33955133637289453+0.019545605286324947j)
35800000.642,(0.3395305102847599+0.018862149114750475j),(0.17748178294186015+0.007060193321335947j),(0.1774817829418573+0.007060193321337609j),(0.3396182410684657+0.018975664692278633j)
35850000.641499996,(0.33959511577530044+0.01829235965864361j),(0.17749900674092453+0.006824426637306712j),(0.17749900674092425+0.006824426637306824j),(0.33968317177786367+0.018405539240021397j)
35900000.640999995,(0.33965774844622365+0.01772239111133118j),(0.17751564026027922+0.006588671570294749j),(0.17751564026027636+0.006588671570296307j),(0.3397461282557985+0.017835234412624475j)
35950000.6405,(0.33971840805251324+0.017152248947739875j),(0.17753168400419103+0.006352927949175895j),(0.17753168400419111+0.006352927949175731j),(0.33980711026373056+0.017264755692116857j)
36000000.64,(0.33977709435586023+0.016581938641846195j),(0.17754713846122333+0.0061171955990917985j),(0.1775471384612265+0.006117195599089839j),(0.3398661175698782+0.01669410855942918j)
36050000.6395,(0.33983380712466477+0.016011465666724352j),(0.17756200410421508+0.005881474341568001j),(0.17756200410421652+0.005881474341567149j),(0.3399231499491971+0.016123298494564123j)
36100000.639,(0.339888546134041+0.015440835494508805j),(0.17757628139026782+0.005645763994652334j),(0.17757628139026704+0.005645763994652839j),(0.3399782071833919+0.01555233097651694j)
36150000.6385,(0.3399413111657972+0.014870053596532904j),(0.17758997076073266+0.005410064373024845j),(0.1775899707607356+0.005410064373023044j),(0.3400312890609007+0.014981211483382308j)
36200000.638,(0.33999210200844326+0.014299125443324451j),(0.17760307264121314+0.005174375288119223j),(0.17760307264121528+0.005174375288117893j),(0.3400823953768988+0.014409945492376947j)
36250000.637499996,(0.34004091845718765+0.013728056504626038j),(0.17761558744153666+0.00493869654825701j),(0.1776155874415387+0.004938696548255809j),(0.34013152593329415+0.013838538479859445j)
36300000.637,(0.3400877603139315+0.013156852249465757j),(0.1776275155557546+0.004703027958759685j),(0.17762751555575615+0.004703027958758596j),(0.3401786805387187+0.013266995921416676j)
36350000.6365,(0.3401326273872688+0.012585518146172607j),(0.17763885736213103+0.004467369322078231j),(0.17763885736213236+0.0044673693220773445j),(0.3402238590085358+0.012695323291832112j)
36400000.636,(0.34017551949248026+0.012014059662437114j),(0.17764961322313205+0.00423172043791066j),(0.1776496132231328+0.004231720437910072j),(0.34026706116482625+0.012123526065187724j)
36450000.6355,(0.3402164364515342+0.011442482265335887j),(0.17765978348541633+0.003996081103326876j),(0.1776597834854172+0.003996081103326074j),(0.34030828683639075+0.011551609714882087j)
36500000.635,(0.3402553780930826+0.01087079142137424j),(0.17766936847983006+0.0037604511128919074j),(0.17766936847983214+0.003760451112890518j),(0.34034753585874883+0.01097957971364187j)
36550000.6345,(0.3402923442524635+0.010298992596522404j),(0.17767836852139543+0.0035248302587855707j),(0.17767836852139912+0.0035248302587832297j),(0.3403848080741324+0.010407441533621421j)
36600000.633999996,(0.3403273347716926+0.0097270912562414j),(0.17768678390930814+0.003289218330928049j),(0.17768678390930712+0.0032892183309285675j),(0.34042010333148764+0.00983520064634642j)
36650000.633499995,(0.3403603494994648+0.00915509286556534j),(0.17769461492691652+0.003053615117101935j),(0.17769461492691796+0.003053615117101066j),(0.3404534214864682+0.009262862522871309j)
36700000.633,(0.34039138829115423+0.008583002889074718j),(0.17770186184173611+0.0028180204030701286j),(0.177701861841736+0.0028180204030701103j),(0.340484762401436+0.008690432633713146j)
36750000.6325,(0.3404204510088102+0.008010826790999714j),(0.17770852490542455+0.002582433972704192j),(0.17770852490542374+0.002582433972704616j),(0.3405141259454615+0.00811791644893788j)
36800000.632,(0.3404475375211584+0.007438570035209027j),(0.17771460435378453+0.00234685560810155j),(0.1777146043537839+0.0023468556081018897j),(0.34054151199431404+0.00754531943821914j)
36850000.6315,(0.34047264770359603+0.006866238085278017j),(0.1777201004067562+0.0021112850897113374j),(0.17772010040675643+0.0021112850897111847j),(0.34056692043047065+0.0069726470708128385j)
36900000.631,(0.34049578143819714+0.0062938364045055815j),(0.17772501326841447+0.0018757221964541633j),(0.17772501326841655+0.001875722196452591j),(0.34059035114310726+0.006399904815659153j)
36950000.630499996,(0.34051693861370314+0.005721370455983499j),(0.17772934312696062+0.0016401667058433557j),(0.17772934312696181+0.0016401667058425435j),(0.34061180402810043+0.005827098141367829j)
37000000.629999995,(0.34053611912553045+0.005148845702598105j),(0.17773309015471758+0.001404618394110792j),(0.17773309015471825+0.0014046183941102569j),(0.3406312789880222+0.005254232516314376j)
37050000.6295,(0.34055332287576695+0.004576267607078787j),(0.17773625450813202+0.001169077036325561j),(0.17773625450813035+0.0011690770363265673j),(0.34064877593214626+0.0046813134086244185j)
37100000.629,(0.3405685497731684+0.004003641632060379j),(0.17773883632775886+0.0009335424065199405j),(0.17773883632776138+0.0009335424065182582j),(0.3406642947764411+0.004108346286240328j)
37150000.6285,(0.3405817997331637+0.0034309732400889066j),(0.17774083573827879+0.0006980142778034839j),(0.1777408357382788+0.0006980142778033385j),(0.34067783544357344+0.003535336616925477j)
37200000.628,(0.34059307267785166+0.002858267893672858j),(0.17774225284847003+0.0004624924224951247j),(0.1777422528484709+0.0004624924224944783j),(0.3406893978629004+0.002962289868367966j)
37250000.6275,(0.3406023685359997+0.0022855310553299792j),(0.17774308775122727+0.00022697661223548794j),(0.17774308775122535+0.00022697661223653484j),(0.3406989819704785+0.0023892115081675163j)
37300000.627,(0.34060968724304796+0.0017127681876294312j),(0.1777433405235437-8.533381881518779e-06j),(0.17774334052354424-8.533381881920964e-06j),(0.3407065877090582+0.0018161070038639408j)
37350000.626499996,(0.3406150287411077+0.0011399847531697817j),(0.17774301122652633-0.00024403778919603934j),(0.17774301122652558-0.00024403778919553554j),(0.34071221502808113+0.0012429818230188544j)
37400000.626,(0.3406183929789606+0.0005671862147216356j),(0.1777420999053786-0.00047953683935417695j),(0.17774209990537782-0.0004795368393536475j),(0.3407158638836879+0.0006698414332221324j)
37450000.6255,(0.3406197799120609-5.621964829150228e-06j),(0.17774060658940832-0.000715030762186782j),(0.17774060658940932-0.0007150307621875161j),(0.3407175342387116+9.66913021309582e-05j)
37500000.625,(0.34061918950253606-0.0005784343223939565j),(0.17773853129202866-0.0009505197875918845j),(0.17773853129203027-0.00095051978759303j),(0.34071722606267796-0.0004764631024716939j)
37550000.6245,(0.34061662171918744-0.0011512453946568083j),(0.177735874010755-0.0011860041454074106j),(0.1777358740107545-0.0011860041454072724j),(0.34071493933181235-0.0010496163126686138j)
37600000.624,(0.34061207653749037-0.0017240497180328908j),(0.17773263472720013-0.0014214840652906928j),(0.1777326347272015-0.0014214840652917973j),(0.34071067402903094-0.001622762860337385j)
37650000.6235,(0.3406055539395966-0.002296841828625064j),(0.1777288134070922-0.0016569597766017121j),(0.17772881340708901-0.0016569597765997304j),(0.3407044301439511-0.00219589727714805j)
37700000.622999996,(0.3405970539143364-0.0028696162622153685j),(0.17772441000024997-0.001892431508268032j),(0.1777244100002523-0.001892431508269817j),(0.3406962076728828-0.0027690140944856305j)
37750000.622499995,(0.34058657645721846-0.0034423675541860026j),(0.17771942444061897-0.002127899488684024j),(0.1777194244406169-0.002127899488682636j),(0.34068600661883663-0.0033421078434545375j)
37800000.622,(0.3405741215704298-0.004015090239515754j),(0.17771385664623465-0.0023633639455635587j),(0.1777138566462342-0.0023633639455634165j),(0.3406738269915221-0.003915173054807578j)
37850000.6215,(0.340559689262844-0.004587778852708689j),(0.177707706519258-0.0025988251058401786j),(0.17770770651925866-0.0025988251058408273j),(0.34065966880734877-0.0044882042589178325j)
37900000.621,(0.34054327955001434-0.0051604279277893j),(0.17770097394596152-0.0028342831955329027j),(0.1777009739459606-0.002834283195532378j),(0.34064353208942816-0.005061195985755663j)
37950000.6205,(0.34052489245418344-0.005733031998247258j),(0.17769365879673477-0.0030697384396252123j),(0.177693658796734-0.003069738439624719j),(0.3406254168675754-0.005634142764834756j)
38000000.62,(0.3405045280042803-0.006305585596997155j),(0.17768576092609084-0.0033051910619465654j),(0.17768576092609173-0.0033051910619473863j),(0.3406053231783107-0.006207039125177292j)
38050000.6195,(0.3404821862359257-0.006878083256339731j),(0.17767728017267018-0.00354064128505111j),(0.17767728017267195-0.003540641285052643j),(0.3405832510648604-0.006779879595255229j)
38100000.618999995,(0.3404578671914345-0.007450519507950558j),(0.17766821635924607-0.0037760893300906656j),(0.17766821635924535-0.0037760893300902575j),(0.3405592005771592-0.007352658703010925j)
38150000.6185,(0.3404315709198149-0.008022888882794073j),(0.1776585692927217-0.0040115354166934195j),(0.17765856929272406-0.004011535416695132j),(0.3405331717718543-0.00792537097575259j)
38200000.618,(0.34040329747677595-0.00859518591113784j),(0.1776483387641528-0.004246979762848172j),(0.17764833876415223-0.004246979762847937j),(0.34050516471230524-0.008498010940163257j)
38250000.6175,(0.3403730469247266-0.009167405122449741j),(0.17763752454873138-0.004482422584774486j),(0.17763752454873108-0.004482422584774169j),(0.3404751794685859-0.00907057312222296j)
38300000.617,(0.34034081933278093-0.009739541045448486j),(0.17762612640581116-0.0047178640968026046j),(0.17762612640581138-0.004717864096802977j),(0.34044321611749023-0.009643052047222673j)
38350000.6165,(0.34030661477676294-0.010311588207974103j),(0.17761414407890408-0.004953304511255709j),(0.17761414407890447-0.004953304511256229j),(0.34040927474253047-0.010215442239655419j)
38400000.616,(0.340270433339203-0.010883541137006007j),(0.17760157729569087-0.005188744038321544j),(0.17760157729569032-0.0051887440383211365j),(0.34037335543394476-0.010787738223260217j)
38450000.615499996,(0.34023227510934956-0.011455394358609787j),(0.17758842576802503-0.005424182885932037j),(0.17758842576802503-0.0054241828859321025j),(0.34033545828869577-0.011359934520907581j)
38500000.615,(0.3401921401831699-0.01202714239790217j),(0.1775746891919468-0.005659621259642991j),(0.17757468919194655-0.005659621259642876j),(0.3402955834104768-0.011932025654606515j)
38550000.6145,(0.34015002866334915-0.012598779778981488j),(0.17756036724768662-0.0058950593625093665j),(0.17756036724768628-0.005895059362508961j),(0.3402537309097152-0.012504006145479092j)
38600000.614,(0.34010594065930416-0.01317030102496538j),(0.17754545959967546-0.006130497394963326j),(0.17754545959967347-0.00613049739496191j),(0.34020990090357117-0.01307587051364252j)
38650000.6135,(0.34005987628717627-0.013741700657842816j),(0.1775299658965514-0.006365935554690031j),(0.17752996589655165-0.006365935554690148j),(0.3401640935159487-0.013647613278293351j)
38700000.613,(0.3400118356698457-0.01431297319855382j),(0.17751388577117821-0.006601374036510867j),(0.17751388577117713-0.006601374036510144j),(0.340116308877492-0.014219228957539826j)
38750000.6125,(0.33996181893692917-0.014884113166842258j),(0.177497218840642-0.0068368130322542485j),(0.1774972188406403-0.006836813032253078j),(0.3400665471255953-0.014790712068443084j)
38800000.611999996,(0.3399098262247862-0.015455115081291748j),(0.1774799647062717-0.007072252730632788j),(0.17747996470627234-0.007072252730633331j),(0.3400148084044038-0.015362057126995114j)
38850000.611499995,(0.33985585767652576-0.016025973459264972j),(0.1774621229536493-0.007307693317129185j),(0.1774621229536485-0.007307693317128479j),(0.33996109286481746-0.01593325864799207j)
38900000.611,(0.33979991344201066-0.016596682816857042j),(0.17744369315261335-0.007543134973860201j),(0.1774436931526151-0.007543134973861601j),(0.3399054006644964-0.016504311145066175j)
38950000.6105,(0.3397419936778586-0.01716723766884467j),(0.17742467485728172-0.007778577879465995j),(0.17742467485728425-0.0077785778794679725j),(0.33984773196786777-0.017075209130650595j)
39000000.61,(0.33968209854745407-0.017737632528677452j),(0.17740506760605507-0.008014022208980166j),(0.17740506760605723-0.008014022208981932j),(0.3397880869461253-0.017645947115882684j)
39050000.6095,(0.3396202282209461-0.018307861908433042j),(0.17738487092163432-0.008249468133707525j),(0.17738487092163382-0.008249468133707248j),(0.33972646577723753-0.01821651961062635j)
39100000.609,(0.33955638287526113-0.01887792031874727j),(0.17736408431102738-0.008484915821101256j),(0.17736408431102585-0.00848491582110004j),(0.3396628686459524-0.018786921123385j)
39150000.6085,(0.3394905626941054-0.01944780226881774j),(0.17734270726557158-0.008720365434640049j),(0.1773427072655714-0.008720365434640099j),(0.33959729574380254-0.01935714616129237j)
39200000.607999995,(0.33942276786796866-0.020017502266319067j),(0.1773207392609421-0.008955817133707288j),(0.17732073926094333-0.008955817133708128j),(0.3395297472691101-0.019927189230068525j)
39250000.6075,(0.3393529985941339-0.020587014817407014j),(0.1772981797571685-0.009191271073462777j),(0.17729817975716977-0.009191271073463752j),(0.3394602234269919-0.02049704483397457j)
39300000.607,(0.3392812550766819-0.0211563344266684j),(0.1772750281986454-0.009426727404721062j),(0.1772750281986486-0.009426727404723603j),(0.339388724429365-0.021066707475753895j)
39350000.6065,(0.33920753752649657-0.021725455597027654j),(0.1772512840141562-0.009662186273832583j),(0.17725128401415566-0.00966218627383208j),(0.33931525049495564-0.021636171656660243j)
39400000.606,(0.3391318461612744-0.02229437282978909j),(0.1772269466168739-0.009897647822549187j),(0.17722694661687297-0.009897647822548566j),(0.339239801849299-0.02220543187631008j)
39450000.6055,(0.33905418120552855-0.022863080624548573j),(0.17720201540439257-0.010133112187910853j),(0.17720201540439412-0.010133112187912234j),(0.339162378724753-0.022774482632732476j)
39500000.605,(0.3389745428905976-0.023431573479156597j),(0.17717648975874078-0.010368579502120261j),(0.17717648975873956-0.010368579502119394j),(0.33908298136049964-0.023343318422300918j)
39550000.604499996,(0.33889293145465044-0.023999845889698123j),(0.1771503690463871-0.010604049892409085j),(0.17715036904638812-0.010604049892410001j),(0.3390016100025504-0.02391193373969039j)
39600000.604,(0.3388093471426941-0.024567892350434658j),(0.17712365261827334-0.010839523480927796j),(0.17712365261827523-0.010839523480929331j),(0.33891826490375665-0.02448032307782703j)
39650000.6035,(0.3387237902065846-0.025135707353741352j),(0.1770963398098239-0.011075000384614356j),(0.1770963398098226-0.011075000384613466j),(0.3388329463238192-0.02504848092787242j)
39700000.603,(0.3386362609050304-0.025703285390133945j),(0.17706842994095826-0.01131048071506566j),(0.1770684299409588-0.011310480715066249j),(0.338745654529284-0.025616401779136717j)
39750000.6025,(0.3385467595036015-0.026270620948169114j),(0.1770399223161276-0.01154596457842132j),(0.1770399223161287-0.011545964578422286j),(0.33865638979356294-0.02618408011912735j)
39800000.602,(0.3384552862747368-0.026837708514403133j),(0.1770108162243181-0.011781452075238823j),(0.17701081622431533-0.011781452075236343j),(0.33856515239693286-0.026751510433401068j)
39850000.6015,(0.33836184149775655-0.027404542573389847j),(0.17698111093907104-0.012016943300358178j),(0.17698111093906937-0.012016943300356738j),(0.33847194262654573-0.027318687205578156j)
39900000.600999996,(0.3382664254588633-0.027971117607625363j),(0.17695080571851557-0.012252438342790621j),(0.176950805718515-0.01225243834279017j),(0.3383767607764359-0.02788560491730854j)
39950000.600499995,(0.33816903845115776-0.028537428097481263j),(0.17691989980537892-0.0124879372855871j),(0.17691989980537837-0.012487937285586795j),(0.33827960714753014-0.02845225804821733j)
40000000.6,(0.3380696807746424-0.029103468521186497j),(0.17688839242700904-0.012723440205712703j),(0.17688839242700877-0.012723440205712616j),(0.33818048204765205-0.02901864107585891j)
40050000.5995,(0.337968352736233-0.029669233354779577j),(0.17685628279539883-0.012958947173924647j),(0.17685628279539847-0.012958947173924346j),(0.33807938579153635-0.029584748475678234j)
40100000.599,(0.33786505464976796-0.030234717072087976j),(0.17682357010720412-0.013194458254642393j),(0.17682357010720587-0.013194458254644114j),(0.33797631870083034-0.03015057472096635j)
40150000.5985,(0.33775978683601693-0.030799914144633j),(0.17679025354377514-0.013429973505831885j),(0.17679025354377276-0.013429973505829779j),(0.3378712811041085-0.03071611428284044j)
40200000.598,(0.3376525496226894-0.031364819041651566j),(0.17675633227116294-0.01366549297886303j),(0.17675633227116155-0.013665492978861948j),(0.3377642733368797-0.03128136163016576j)
40250000.5975,(0.337543343344447-0.03192942622998643j),(0.1767218054401606-0.0139010167184044j),(0.17672180544016036-0.013901016718404418j),(0.3376552957415956-0.03184631122953509j)
40300000.596999995,(0.33743216834291245-0.032493730174130486j),(0.176686672186321-0.014136544762283636j),(0.17668667218631792-0.014136544762280944j),(0.33754434866766064-0.03241095754523526j)
40350000.5965,(0.3373190249666779-0.03305772533610497j),(0.17665093162996975-0.014372077141361742j),(0.17665093162997164-0.014372077141363456j),(0.337431432471443-0.03297529503915943j)
40400000.596,(0.33720391357131846-0.03362140617544202j),(0.1766145828762558-0.014607613879420037j),(0.17661458287625584-0.014607613879420275j),(0.3373165475162827-0.033539318170848854j)
40450000.5955,(0.3370868345194016-0.03418476714914854j),(0.17657762501514856-0.014843154993017851j),(0.17657762501514762-0.014843154993017174j),(0.33719969417250256-0.034103021397344745j)
40500000.595,(0.33696778818049766-0.034747802711686086j),(0.17654005712148366-0.015078700491373342j),(0.17654005712147985-0.015078700491369838j),(0.3370808728174189-0.03466639917325468j)
40550000.5945,(0.3368467749311908-0.03531050731486833j),(0.17650187825497654-0.015314250376237997j),(0.17650187825497382-0.015314250376235568j),(0.3369600838353521-0.035229445950597536j)
40600000.594,(0.3367237951550916-0.03587287540788661j),(0.17646308746026088-0.01554980464176886j),(0.17646308746026085-0.015549804641768814j),(0.3368373276176361-0.03579215617885115j)
40650000.593499996,(0.33659884924284855-0.03643490143718201j),(0.17642368376691073-0.015785363274406435j),(0.17642368376690853-0.015785363274404433j),(0.3367126045626323-0.03635452430486368j)
40700000.592999995,(0.33647193759215827-0.0369965798465148j),(0.17638366618946255-0.016020926252733887j),(0.17638366618946244-0.016020926252733873j),(0.3365859150757372-0.036916544772817514j)
40750000.5925,(0.33634306060777985-0.03755790507680447j),(0.17634303372745758-0.016256493547369247j),(0.1763430337274539-0.016256493547365983j),(0.3364572595693973-0.037478212024197856j)
40800000.592,(0.3362122187015447-0.03811887156616055j),(0.17630178536545205-0.016492065120818585j),(0.17630178536545116-0.01649206512081791j),(0.33632663846311855-0.038039520497726215j)
40850000.5915,(0.3360794122923721-0.03867947374982144j),(0.17625992007306737-0.016727640927365773j),(0.1762599200730683-0.016727640927366786j),(0.3361940521834794-0.03860046462934161j)
40900000.591,(0.33594464180627936-0.039239706060086824j),(0.17621743680500565-0.016963220912937615j),(0.1762174368050054-0.016963220912937442j),(0.3360595011641437-0.039161038852116685j)
40950000.5905,(0.33580790767639634-0.039799562926296654j),(0.17617433450108377-0.01719880501497076j),(0.17617433450108372-0.017198805014970786j),(0.33592298584587194-0.039721237596281204j)
41000000.589999996,(0.3356692103429768-0.040359038774799426j),(0.17613061208626798-0.01743439316229288j),(0.1761306120862668-0.01743439316229172j),(0.33578450667653237-0.040281055289113576j)
41050000.589499995,(0.33552855025341755-0.04091812802886996j),(0.17608626847069872-0.017669985274989513j),(0.17608626847069916-0.01766998527499004j),(0.33564406411112113-0.04084048635488975j)
41100000.589,(0.335385927862264-0.04147682510868759j),(0.1760413025497324-0.01790558126427963j),(0.17604130254973224-0.0179055812642796j),(0.3355016586117661-0.04139952521491982j)
41150000.5885,(0.3352413436312325-0.04203512443126594j),(0.17599571320396298-0.018141181032384202j),(0.17599571320396268-0.01814118103238402j),(0.33535729064774844-0.04195816628739943j)
41200000.588,(0.33509479802921766-0.04259302041047027j),(0.17594949929926593-0.01837678447239657j),(0.17594949929926598-0.01837678447239666j),(0.3352109606955103-0.042516403987456194j)
41250000.5875,(0.3349462915323122-0.0431505074568852j),(0.17590265968682364-0.018612391468159246j),(0.17590265968682306-0.01861239146815875j),(0.3350626692386731-0.04307423272703147j)
41300000.587,(0.3347958246238205-0.04370757997783511j),(0.17585519320316284-0.018848001894128906j),(0.17585519320316323-0.018848001894129277j),(0.3349124167680506-0.04363164691486378j)
41350000.5865,(0.33464339779427116-0.04426423237731682j),(0.17580709867019328-0.01908361561525202j),(0.17580709867019248-0.019083615615251265j),(0.33476020378166316-0.04418864095646453j)
41400000.585999995,(0.3344890115414376-0.04482045905593307j),(0.1757583748952336-0.019319232486832167j),(0.1757583748952344-0.019319232486833145j),(0.3346060307847534-0.04474520925401888j)
41450000.5855,(0.3343326663703483-0.045376254410874124j),(0.1757090206710605-0.01955485235440549j),(0.17570902067105956-0.019554852354404358j),(0.3344498982898-0.04530134620640754j)
41500000.585,(0.33417436279330753-0.04593161283586761j),(0.17565903477593162-0.01979047505360315j),(0.17565903477593048-0.01979047505360209j),(0.33429180681653664-0.04585704620908408j)
41550000.5845,(0.3340141013299087-0.04648652872112281j),(0.17560841597363253-0.020026100410029214j),(0.17560841597363283-0.02002610041002966j),(0.33413175689196284-0.046412303654086336j)
41600000.584,(0.3338518825070532-0.047040996453266475j),(0.17555716301351082-0.020261728239128942j),(0.17555716301351224-0.020261728239130552j),(0.3339697490503641-0.04696711292997159j)
41650000.5835,(0.33368770685896615-0.047595010415330166j),(0.17550527463051468-0.020497358346058002j),(0.17550527463051552-0.02049735834605897j),(0.3338057838333279-0.047521468421739245j)
41700000.583,(0.3335215749272129-0.04814856498669268j),(0.17545274954523124-0.020732990525546807j),(0.1754527495452348-0.020732990525550495j),(0.33363986178975785-0.048075364510852446j)
41750000.582499996,(0.33335348726071773-0.04870165454301254j),(0.17539958646393-0.020968624561784804j),(0.17539958646392964-0.020968624561784596j),(0.3334719834758932-0.0486287955751089j)
41800000.581999995,(0.33318344441578523-0.049254273456180886j),(0.17534578407859136-0.021204260228269257j),(0.17534578407859114-0.021204260228269087j),(0.33330214945532577-0.04918175598865229j)
41850000.5815,(0.3330114469561121-0.04980641609430993j),(0.17529134106696403-0.021439897287694208j),(0.17529134106696231-0.02143989728769241j),(0.33313036029901916-0.04973424012187993j)
41900000.581,(0.3328374954528085-0.050358076821655086j),(0.17523625609259183-0.021675535491802712j),(0.17523625609259252-0.02167553549180354j),(0.3329566165853219-0.05028624234144627j)
41950000.5805,(0.3326615904844188-0.0509092499985543j),(0.17518052780486798-0.021911174581272917j),(0.17518052780486698-0.02191117458127221j),(0.3327809188999896-0.050837757010167545j)
42000000.58,(0.3324837326369392-0.05145992998141399j),(0.17512415483906515-0.022146814285570436j),(0.17512415483906282-0.02214681428556797j),(0.33260326783620525-0.05138877848698128j)
42050000.5795,(0.33230392250383534-0.05201011112263551j),(0.17506713581638694-0.022382454322823486j),(0.1750671358163851-0.022382454322821595j),(0.33242366399459133-0.05193930112693189j)
42100000.578999996,(0.3321221606860688-0.05255978777055234j),(0.17500946934400835-0.0226180943996959j),(0.17500946934400655-0.02261809439969399j),(0.33224210798324166-0.05248931928105431j)
42150000.578499995,(0.3319384477921091-0.05310895426942261j),(0.17495115401512237-0.02285373421124634j),(0.1749511540151218-0.02285373421124591j),(0.3320586004177252-0.053038827296394045j)
42200000.578,(0.3317527844379602-0.05365760495934552j),(0.1748921884089855-0.02308937344080341j),(0.1748921884089837-0.023089373440801683j),(0.3318731419211192-0.05358781951592405j)
42250000.5775,(0.33156517124717966-0.054205734176210364j),(0.17483257109095512-0.023325011759826892j),(0.17483257109095435-0.023325011759826257j),(0.3316857331240238-0.05413629027847474j)
42300000.577,(0.3313756088508989-0.05475333625167562j),(0.1747723006125495-0.02356064882778025j),(0.17477230061254886-0.023560648827779678j),(0.3314963746645811-0.05468423391873794j)
42350000.5765,(0.33118409788784653-0.05530040551309254j),(0.17471137551148344-0.023796284291996393j),(0.17471137551148214-0.023796284291995096j),(0.3313050671885036-0.05523164476714409j)
42400000.576,(0.3309906390043705-0.055846936283439515j),(0.17464979431172073-0.02403191778754247j),(0.17464979431171923-0.02403191778754095j),(0.33111181134908685-0.055778517149897774j)
42450000.5755,(0.3307952328544611-0.05639292288131935j),(0.174587555523521-0.024267548937089354j),(0.17458755552351976-0.02426754893708811j),(0.33091660780723825-0.05632484538883094j)
42500000.574999996,(0.3305978800997688-0.05693835962087114j),(0.17452465764348885-0.024503177350775746j),(0.17452465764349087-0.024503177350778053j),(0.3307194572314957-0.05687062380142824j)
42550000.5745,(0.3303985814096358-0.05748324081172126j),(0.17446109915462846-0.02473880262608183j),(0.17446109915462907-0.024738802626082676j),(0.3305203602980521-0.05741584670073982j)
42600000.574,(0.3301973374611158-0.05802756075892251j),(0.17439687852638258-0.024974424347684855j),(0.1743968785263803-0.024974424347682402j),(0.3303193176907771-0.05796050839532839j)
42650000.5735,(0.3299941489389929-0.05857131376296425j),(0.17433199421469206-0.025210042087326322j),(0.17433199421469067-0.025210042087324785j),(0.3301163301012405-0.058504603189232694j)
42700000.573,(0.3297890165358156-0.05911449411961863j),(0.1742664446620469-0.025445655403689395j),(0.17426644466204488-0.02544565540368733j),(0.3299113982287377-0.0590481253819031j)
42750000.5725,(0.32958194095191545-0.05965709611996563j),(0.1742002282975359-0.025681263842252208j),(0.17420022829753423-0.02568126384225034j),(0.32970452278031376-0.05959106926814833j)
42800000.572,(0.329372922895433-0.060199114050324284j),(0.17413334353689988-0.02591686693515622j),(0.17413334353690169-0.02591686693515839j),(0.3294957044707861-0.060133429138083706j)
42850000.571499996,(0.3291619630823477-0.060740542192157326j),(0.1740657887825907-0.026152464201079365j),(0.17406578878259243-0.026152464201081388j),(0.32928494402277186-0.060675199277086325j)
42900000.570999995,(0.3289490622364967-0.06128137482208637j),(0.17399756242381847-0.026388055145089434j),(0.1739975624238169-0.026388055145087574j),(0.3290722421667119-0.06121637396572506j)
42950000.5705,(0.32873422108960704-0.06182160621178556j),(0.17392866283660577-0.026623639258509683j),(0.1739286628366038-0.026623639258507466j),(0.32885759964089795-0.06175694747972402j)
43000000.57,(0.3285174403813239-0.06236123062793368j),(0.17385908838385025-0.026859216018792556j),(0.1738590883838507-0.026859216018793316j),(0.32864101719149985-0.062296914089881916j)
43050000.5695,(0.3282987208592313-0.06290024233219763j),(0.17378883741538317-0.027094784889380365j),(0.17378883741538279-0.027094784889380143j),(0.32842249557258857-0.0628362680620662j)
43100000.569,(0.32807806327888545-0.06343863558112163j),(0.17371790826801453-0.027330345319563416j),(0.17371790826801323-0.027330345319562008j),(0.3282020355461659-0.06337500365710363j)
43150000.5685,(0.32785546840384433-0.06397640462611108j),(0.1736462992656001-0.027565896744349692j),(0.17364629926559946-0.0275658967443489j),(0.32797963788219825-0.06391311513074095j)
43200000.567999996,(0.3276309370056888-0.06451354371337974j),(0.17357400871910142-0.02780143858432653j),(0.17357400871910178-0.027801438584327293j),(0.3277553033586308-0.0644505967336294j)
43250000.567499995,(0.3274044698640635-0.06505004708385088j),(0.17350103492664024-0.028036970245527454j),(0.17350103492663968-0.028036970245527044j),(0.32752903276143-0.06498744271120965j)
43300000.567,(0.32717606776669406-0.06558590897316408j),(0.1734273761735602-0.028272491119288194j),(0.1734273761735601-0.02827249111928816j),(0.3273008268846056-0.06552364730368967j)
43350000.5665,(0.3269457315094283-0.0661211236115617j),(0.17335303073248934-0.028508000582116895j),(0.1733530307324893-0.028508000582116846j),(0.32707068653024224-0.06605920474598358j)
43400000.566,(0.32671346189625833-0.06665568522387458j),(0.1732779968634027-0.02874349799555323j),(0.17327799686340134-0.028743497995551835j),(0.326838612508529-0.06659410926765161j)
43450000.5655,(0.326479259739358-0.06718958802944185j),(0.17320227281368075-0.02897898270603009j),(0.17320227281368034-0.02897898270602991j),(0.3266046056377892-0.06712835509284976j)
43500000.565,(0.32624312585911164-0.06772282624206635j),(0.17312585681817882-0.02921445404474015j),(0.17312585681817944-0.029214454044741038j),(0.32636866674451426-0.06766193644026738j)
43550000.5645,(0.32600506108414706-0.06825539406993324j),(0.17304874709928506-0.02944991132749524j),(0.17304874709928558-0.029449911327496123j),(0.3261307966633947-0.06819484752306236j)
43600000.563999996,(0.3257650662513702-0.06878728571558175j),(0.17297094186699044-0.029685353854589206j),(0.1729709418669893-0.029685353854587832j),(0.3258909962373494-0.06872708254881252j)
43650000.5635,(0.32552314220599127-0.06931849537585026j),(0.1728924393189502-0.029920780910654456j),(0.17289243931894918-0.029920780910653262j),(0.32564926631756036-0.06925863571946354j)
43700000.563,(0.3252792898015667-0.06984901724178862j),(0.17281323764055545-0.030156191764531486j),(0.17281323764055517-0.030156191764531326j),(0.32540560776350347-0.0697895012312769j)
43750000.5625,(0.3250335099000329-0.07037884549862176j),(0.17273333500499577-0.030391585669128106j),(0.17273333500499605-0.030391585669128536j),(0.3251600214429919-0.07031967327471711j)
43800000.562,(0.3247858033717352-0.07090797432567048j),(0.1726527295733308-0.030626961861276808j),(0.17265272957333114-0.030626961861277315j),(0.3249125082321941-0.07084914603447996j)
43850000.5615,(0.3245361710954665-0.07143639789633895j),(0.17257141949455745-0.030862319561597705j),(0.17257141949455823-0.030862319561598985j),(0.32466306901568304-0.07137791368935291j)
43900000.561,(0.32428461395850683-0.07196411037799083j),(0.17248940290568082-0.031097657974360884j),(0.17248940290568232-0.031097657974362907j),(0.32441170468646374-0.07190597041221627j)
43950000.560499996,(0.3240311328566531-0.07249110593194127j),(0.1724066779317843-0.03133297628734484j),(0.1724066779317856-0.031332976287346645j),(0.32415841614601243-0.07243331036993844j)
44000000.559999995,(0.3237757286942596-0.07301737871337648j),(0.1723232426861031-0.031568273671696935j),(0.17232324268610258-0.03156827367169633j),(0.3239032043043087-0.07295992772336188j)
44050000.5595,(0.32351840238427865-0.07354292287128864j),(0.1722390952700891-0.031803549281791264j),(0.1722390952700908-0.03180354928179343j),(0.32364607007988067-0.07348581662717385j)
44100000.559,(0.32325915484829437-0.07406773254843389j),(0.1721542337735008-0.032038802255098024j),(0.17215423377350017-0.032038802255097296j),(0.32338701439983564-0.07401097122992849j)
44150000.5585,(0.3229979870165606-0.07459180188126069j),(0.17206865627445675-0.0322740317120273j),(0.1720686562744558-0.03227403171202627j),(0.3231260381998995-0.07453538567392469j)
44200000.558,(0.3227348998280483-0.07511512499982453j),(0.17198236083952598-0.03250923675580281j),(0.17198236083952434-0.03250923675580098j),(0.3228631424244563-0.07505905409518189j)
44250000.5575,(0.32246989423047445-0.07563769602778482j),(0.1718953455237961-0.032744416472312646j),(0.1718953455237958-0.032744416472312396j),(0.32259832802659094-0.07558197062333435j)
44300000.557,(0.32220297118035-0.07615950908229287j),(0.17180760837095915-0.032979569929974126j),(0.1718076083709576-0.032979569929972086j),(0.32233159596811933-0.0761041293816497j)
44350000.556499995,(0.32193413164301987-0.07668055827395504j),(0.17171914741337357-0.033214696179583746j),(0.17171914741337468-0.033214696179585335j),(0.32206294721964335-0.07662552448685646j)
44400000.556,(0.3216633765927047-0.07720083770675605j),(0.1716299606721617-0.03344979425418938j),(0.1716299606721631-0.03344979425419134j),(0.32179238276058103-0.07714615004917552j)
44450000.5555,(0.3213907070125431-0.07772034147799715j),(0.17154004615727597-0.033684863168935916j),(0.17154004615727558-0.03368486316893537j),(0.3215199035792102-0.07766600017222436j)
44500000.555,(0.32111612389463245-0.07823906367825827j),(0.171449401867582-0.03391990192092592j),(0.17144940186758206-0.033919901920926324j),(0.32124551067271623-0.07818506895293507j)
44550000.5545,(0.3208396282400803-0.07875699839129721j),(0.17135802579094483-0.034154909489084125j),(0.17135802579094606-0.03415490948908581j),(0.3209692050472299-0.0787033504815225j)
44600000.554,(0.32056122105903545-0.07927413969403228j),(0.17126591590431137-0.034389884834012424j),(0.17126591590430906-0.03438988483400933j),(0.32069098771787063-0.07922083884141257j)
44650000.5535,(0.3202809033707455-0.0797904816564352j),(0.1711730701737812-0.034624826897834776j),(0.17117307017378197-0.03462482689783618j),(0.32041085970879746-0.07973752810915825j)
44700000.552999996,(0.31999867620360184-0.08030601834147355j),(0.17107948655471125-0.03485973460408164j),(0.17107948655471172-0.03485973460408226j),(0.32012882205324655-0.08025341235440352j)
44750000.552499995,(0.31971454059517396-0.08082074380509498j),(0.1709851629917835-0.035094606857517266j),(0.17098516299178645-0.0350946068575216j),(0.3198448757935831-0.08076848563979891j)
44800000.552,(0.319428497592274-0.08133465209608394j),(0.17089009741910452-0.03532944254402402j),(0.1708900974191042-0.03532944254402362j),(0.3195590219813431-0.08128274202095465j)
44850000.5515,(0.31914054825099014-0.08184773725606923j),(0.1707942877602779-0.035564240530429794j),(0.1707942877602795-0.035564240530432036j),(0.31927126167728515-0.08179617554635521j)
44900000.551,(0.31885069363673924-0.0823599933194323j),(0.1706977319285108-0.03579899966439459j),(0.1706977319285104-0.03579899966439433j),(0.3189815959514329-0.08230878025731185j)
44950000.5505,(0.3185589348243269-0.08287141431320043j),(0.17060042782668663-0.03603371877424481j),(0.1706004278266848-0.036033718774242225j),(0.31869002588312867-0.08282055018789665j)
45000000.55,(0.31826527289797674-0.08338199425707779j),(0.17050237334746488-0.03626839666883785j),(0.17050237334746338-0.03626839666883583j),(0.3183965525610809-0.08333147936485091j)
45050000.549499996,(0.3179697089513986-0.08389172716327574j),(0.17040356637337076-0.036503032137420274j),(0.1704035663733694-0.03650303213741872j),(0.318101177083412-0.08384156180756813j)
45100000.548999995,(0.3176722440878347-0.084400607036516j),(0.17030400477688507-0.03673762394948056j),(0.17030400477688468-0.03673762394948005j),(0.3178039005577149-0.08435079152796995j)
45150000.5485,(0.31737287942010695-0.08490862787394454j),(0.17020368642054326-0.03697217085460477j),(0.17020368642054295-0.03697217085460448j),(0.3175047241010963-0.08485916253049457j)
45200000.548,(0.3170716160706774-0.08541578366505569j),(0.1701026091570214-0.03720667158233156j),(0.17010260915702238-0.037206671582332936j),(0.31720364884024005-0.0853666688119798j)
45250000.5475,(0.31676845517169755-0.08592206839162683j),(0.17000077082923964-0.03744112484201102j),(0.17000077082923995-0.037441124842011606j),(0.3169006759114457-0.08587330436164632j)
45300000.547,(0.3164633978650645-0.08642747602766823j),(0.1698981692704536-0.0376755293226543j),(0.1698981692704533-0.03767552932265393j),(0.3165958064606982-0.08637906316098456j)
45350000.5465,(0.3161564453024756-0.08693200053933386j),(0.16979480230435376-0.03790988369279198j),(0.1697948023043532-0.03790988369279132j),(0.3162890416437098-0.08688393918371445j)
45400000.546,(0.3158475986454796-0.08743563588489332j),(0.16969066774516656-0.03814418660032911j),(0.16969066774516556-0.038144186600327784j),(0.3159803826259809-0.08738792639571674j)
45450000.545499995,(0.315536859065546-0.08793837601459663j),(0.16958576339775053-0.038378436672397286j),(0.16958576339775017-0.03837843667239699j),(0.31566983058285486-0.08789101875496505j)
45500000.545,(0.315224227744111-0.08844021487066998j),(0.16948008705769751-0.038612632515214504j),(0.1694800870576968-0.038612632515213546j),(0.31535738669958496-0.08839321021140395j)
45550000.5445,(0.3149097058726409-0.08894114638721715j),(0.16937363651144074-0.03884677271393327j),(0.16937363651143858-0.03884677271393026j),(0.31504305217136946-0.08889449470699815j)
45600000.544,(0.3145932946526889-0.0894411644901593j),(0.16926640953634617-0.039080855832493294j),(0.16926640953634592-0.039080855832493j),(0.314726828203432-0.08939486617554451j)
45650000.5435,(0.3142749952959593-0.0899402630971556j),(0.16915840390083173-0.039314880413489836j),(0.16915840390082929-0.03931488041348606j),(0.31440871601107206-0.08989431854266877j)
45700000.543,(0.3139548090243655-0.09043843611755331j),(0.16904961736445723-0.03954884497800464j),(0.1690496173644558-0.039548844978002415j),(0.3140887168197272-0.09039284572573236j)
45750000.5425,(0.31363273707008943-0.09093567745230463j),(0.16894004767804593-0.03978274802548215j),(0.16894004767804394-0.0397827480254791j),(0.31376683186503-0.09089044163377828j)
45800000.541999996,(0.3133087806756543-0.09143198099388368j),(0.16882969258377908-0.04001658803356633j),(0.16882969258377772-0.040016588033564844j),(0.31344306239287484-0.09138710016745226j)
45850000.541499995,(0.31298294109397257-0.09192734062626493j),(0.16871854981531467-0.040250363457964934j),(0.16871854981531437-0.04025036345796448j),(0.31311740965948065-0.09188281521892182j)
45900000.541,(0.3126552195884246-0.09242175022479332j),(0.16860661709789454-0.04048407273229856j),(0.16860661709789257-0.04048407273229554j),(0.31278987493145166-0.09237758067183167j)
45950000.5405,(0.3123256174329165-0.09291520365615848j),(0.16849389214844895-0.040717714267947604j),(0.16849389214844868-0.040717714267947014j),(0.3124604594858462-0.09287139040120589j)
46000000.54,(0.311994135911946-0.09340769477830968j),(0.16838037267572234-0.04095128645391913j),(0.16838037267572278-0.04095128645392015j),(0.312129164610237-0.09336423827339828j)
46050000.5395,(0.31166077632067946-0.09389921744035329j),(0.16826605638037576-0.041184787656690765j),(0.16826605638037417-0.041184787656688454j),(0.3117959916027831-0.0938561181460096j)
46100000.539,(0.31132553996500134-0.09438976548255877j),(0.16815094095510466-0.04141821622005751j),(0.16815094095510505-0.041418216220058375j),(0.31146094177229305-0.09434702386782082j)
46150000.538499996,(0.31098842816160405-0.09487933273620297j),(0.1680350240847603-0.04165157046500136j),(0.16803502408476137-0.04165157046500305j),(0.31112401643829424-0.09483694927872816j)
46200000.537999995,(0.31064944223804414-0.09536791302354933j),(0.16791830344646-0.041884848689530095j),(0.16791830344645953-0.041884848689529575j),(0.3107852169311077-0.09532588820963611j)
46250000.5375,(0.3103085835328132-0.09585550015777768j),(0.16780077670970944-0.042118049168530874j),(0.1678007767097087-0.04211804916853004j),(0.3104445445919084-0.09581383448244674j)
46300000.537,(0.30996585339542004-0.09634208794287481j),(0.16768244153652095-0.04235117015362752j),(0.1676824415365218-0.04235117015362898j),(0.3101020007728034-0.09630078190993531j)
46350000.5365,(0.3096212531864535-0.09682767017360353j),(0.1675632955815406-0.04258420987303481j),(0.1675632955815398-0.04258420987303348j),(0.30975758683690113-0.09678672429570118j)
46400000.536,(0.30927478427766225-0.09731224063539803j),(0.16744333649215787-0.042817166531397846j),(0.16744333649215895-0.04281716653139984j),(0.30941130415839047-0.09727165543408461j)
46450000.5355,(0.308926448052023-0.09779579310432034j),(0.1673225619086458-0.043050038309661746j),(0.16732256190864625-0.04305003830966275j),(0.3090631541226023-0.0977555691101128j)
46500000.535,(0.3085762459038264-0.09827832134696587j),(0.1672009694642711-0.04328282336490826j),(0.16720096946427127-0.043282823364908844j),(0.3087131381260997-0.09823845909938837j)
46550000.534499995,(0.3082241792387437-0.09875981912039825j),(0.16707855678542988-0.04351551983021523j),(0.16707855678543088-0.043515519830216905j),(0.3083612575767408-0.09872031916807558j)
46600000.534,(0.30787024947390884-0.09924028017208361j),(0.16695532149177383-0.04374812581450925j),(0.16695532149177425-0.043748125814510534j),(0.30800751389376735-0.09920114307276591j)
46650000.5335,(0.30751445803800176-0.09971969823979246j),(0.16683126119633465-0.04398063940241403j),(0.16683126119633443-0.04398063940241379j),(0.307651908507874-0.09968092456043862j)
46700000.533,(0.30715680637131937-0.10019806705156778j),(0.16670637350566098-0.04421305865410122j),(0.16670637350566128-0.044213058654101724j),(0.30729444286129104-0.1001596573683911j)
46750000.5325,(0.3067972959258629-0.10067538032560765j),(0.16658065601994632-0.04444538160515007j),(0.16658065601994335-0.04444538160514509j),(0.3069351184078665-0.10063733522413555j)
46800000.532,(0.30643592816541676-0.10115163177023304j),(0.16645410633315827-0.04467760626638187j),(0.16645410633315696-0.0446776062663798j),(0.3065739366131469-0.10111395184534189j)
46850000.5315,(0.3060727045656381-0.10162681508376557j),(0.16632672203318455-0.04490973062373446j),(0.16632672203318447-0.044909730623734684j),(0.3062108989544554-0.10158950093978568j)
46900000.530999996,(0.30570762661412954-0.10210092395450142j),(0.16619850070195846-0.045141752638097436j),(0.16619850070195907-0.04514175263809864j),(0.3058460069209792-0.102063976205236j)
46950000.530499995,(0.30534069581053525-0.10257395206060585j),(0.16606943991559953-0.04537367024516783j),(0.16606943991560041-0.04537367024516973j),(0.30547926201385756-0.10253737132938935j)
47000000.53,(0.30497191366662285-0.10304589307004752j),(0.16593953724455324-0.04560548135530262j),(0.16593953724455407-0.045605481355304296j),(0.30511066574625745-0.10300967998982631j)
47050000.5295,(0.3046012817063684-0.10351674064053927j),(0.16580879025373055-0.045837183853369226j),(0.1658087902537296-0.0458371838533679j),(0.30474021964346903-0.1034808958538955j)
47100000.529,(0.30422880146605197-0.10398648841942981j),(0.16567719650264523-0.04606877559859415j),(0.16567719650264495-0.04606877559859382j),(0.30436792524299516-0.10395101257864575j)
47150000.5285,(0.3038544744943393-0.10445513004366319j),(0.1655447535455651-0.04630025442442132j),(0.16554475354556508-0.0463002544244215j),(0.30399378409462957-0.10442002381078365j)
47200000.528,(0.3034783023523768-0.10492265913969617j),(0.16541145893165132-0.04653161813835697j),(0.16541145893165277-0.04653161813835986j),(0.30361779776055775-0.10488792318656404j)
47250000.527499996,(0.30310028661389327-0.10538906932337808j),(0.16527731020510472-0.046762864521828346j),(0.1652773102051058-0.04676286452183038j),(0.3032399678154456-0.10535470433172361j)
47300000.526999995,(0.3027204288652691-0.10585435419996597j),(0.1651423049053131-0.046993991330023833j),(0.1651423049053144-0.046993991330026304j),(0.3028602958465296-0.10582036086140631j)
47350000.5265,(0.30233873070565614-0.10631850736396006j),(0.16500644056700212-0.04722499629175614j),(0.16500644056700225-0.047224996291756235j),(0.3024787834537124-0.10628488638009317j)
47400000.526,(0.30195519374705676-0.10678152239908897j),(0.164869714720382-0.047455877109302894j),(0.16486971472038336-0.04745587710930589j),(0.30209543224965957-0.10674827448151558j)
47450000.5255,(0.3015698196144337-0.10724339287817922j),(0.1647321248913047-0.047686631458273426j),(0.16473212489130384-0.04768663145827194j),(0.3017102438598881-0.10721051874859788j)
47500000.525,(0.30118260994579416-0.10770411236314159j),(0.16459366860141017-0.04791725698743888j),(0.16459366860141011-0.047917256987438775j),(0.3013232199228794-0.10767161275334873j)
47550000.5245,(0.3007935663922972-0.10816367440486017j),(0.1644543433682904-0.04814775131860504j),(0.16445434336829062-0.04814775131860555j),(0.3009343620901601-0.1081315500568182j)
47600000.524,(0.3004026906183584-0.10862207254311047j),(0.1643141467056387-0.04837811204645173j),(0.1643141467056391-0.048378112046452475j),(0.3005436720264148-0.10859032420900427j)
47650000.523499995,(0.3000099843017414-0.10907930030650127j),(0.16417307612340962-0.04860833673838723j),(0.16417307612341045-0.04860833673838896j),(0.300151151409581-0.1090479287487768j)
47700000.522999994,(0.2996154491336692-0.10953535121238993j),(0.16403112912798287-0.04883842293440383j),(0.16403112912798162-0.048838422934401465j),(0.29975680193095094-0.10950435720382012j)
47750000.5225,(0.29921908681892695-0.10999021876680448j),(0.16388830322231482-0.049068368146919915j),(0.1638883032223136-0.04906836814691786j),(0.29936062529528423-0.10995960309051522j)
47800000.522,(0.29882089907596254-0.11044389646438839j),(0.16374459590611415-0.04929816986064456j),(0.1637445959061132-0.04929816986064255j),(0.29896262322089817-0.11041365991391747j)
47850000.5215,(0.2984208876370013-0.11089637778828862j),(0.16360000467599353-0.049527825532420175j),(0.1636000046759941-0.049527825532421535j),(0.2985627974397928-0.11086652116761102j)
47900000.521,(0.2980190542481497-0.11134765621010408j),(0.16345452702564942-0.04975733259108462j),(0.1634545270256486-0.049757332591083205j),(0.2981611496977349-0.11131818033372937j)
47950000.5205,(0.2976154006695049-0.11179772518981548j),(0.16330816044601568-0.04998668843730866j),(0.16330816044601582-0.04998668843730908j),(0.2977576817543911-0.11176863088277297j)
48000000.519999996,(0.29720992867526963-0.11224657817568173j),(0.16316090242544257-0.05021589044346502j),(0.1631609024254413-0.05021589044346288j),(0.2973523953834267-0.11221786627359052j)
48050000.519499995,(0.29680264005386026-0.11269420860418694j),(0.16301275044986366-0.05044493595346629j),(0.16301275044986313-0.05044493595346546j),(0.2969452923726104-0.11266587995331809j)
48100000.519,(0.2963935366080215-0.11314060989996046j),(0.1628637020029719-0.0506738222826296j),(0.16286370200297204-0.05067382228262993j),(0.2965363745239374-0.11311266535726416j)
48150000.5185,(0.29598262015494364-0.11358577547569852j),(0.16271375456639015-0.050902546717525816j),(0.1627137545663897-0.05090254671752511j),(0.29612564365375144-0.11355821590882201j)
48200000.518,(0.2955698925263771-0.11402969873208202j),(0.16256290561984965-0.05113110651582887j),(0.1625629056198476-0.05113110651582489j),(0.2957131015928377-0.11400252501945107j)
48250000.5175,(0.29515535556875167-0.1144723730577076j),(0.16241115264136563-0.05135949890616822j),(0.16241115264136563-0.051359498906168165j),(0.2952987501865588-0.11444558608855626j)
48300000.517,(0.2947390111432946-0.11491379182901239j),(0.16225849310742288-0.05158772108799801j),(0.1622584931074212-0.051587721087994524j),(0.29488259129496774-0.1148873925034147j)
48350000.516499996,(0.29432086112615236-0.11535394841019043j),(0.16210492449314534-0.05181577023142483j),(0.162104924493145-0.05181577023142433j),(0.2944646267929302-0.11532793763910246j)
48400000.515999995,(0.2939009074085112-0.11579283615312669j),(0.16195044427249405-0.05204364347708741j),(0.16195044427249355-0.05204364347708672j),(0.29404485857023616-0.11576721485844381j)
48450000.5155,(0.2934791518967252-0.11623044839731382j),(0.16179504991843927-0.05227133793599305j),(0.16179504991843996-0.05227133793599456j),(0.2936232885317378-0.11620521751189196j)
48500000.515,(0.29305559651243557-0.1166667784697793j),(0.16163873890315403-0.052498850689381794j),(0.16163873890315528-0.05249885068938457j),(0.2931999185974653-0.11664193893747792j)
48550000.5145,(0.29263024319269715-0.11710181968502256j),(0.16148150869820205-0.05272617878857932j),(0.16148150869820074-0.05272617878857694j),(0.2927747507027533-0.11707737246072644j)
48600000.514,(0.2922030938901158-0.11753556534490275j),(0.1613233567747202-0.052953319254840966j),(0.1613233567747199-0.05295331925484069j),(0.29234778679836726-0.11751151139459638j)
48650000.5135,(0.2917741505729707-0.1179680087385966j),(0.1611642806036229-0.05318026907922821j),(0.16116428060362287-0.05318026907922845j),(0.2919190288506392-0.1179443490393733j)
48700000.513,(0.291343415225342-0.11839914314251815j),(0.1610042776557866-0.05340702522244713j),(0.16100427765578626-0.053407025222446634j),(0.29148847884158896-0.11837587868262224j)
48750000.512499996,(0.2909108898472497-0.11882896182024164j),(0.16084334540224987-0.05363358461471068j),(0.1608433454022494-0.05363358461471008j),(0.2910561387690618-0.11880609359909947j)
48800000.511999995,(0.29047657645478797-0.1192574580224091j),(0.16068148131440668-0.053859944155593094j),(0.1606814813144066-0.053859944155593295j),(0.2906220106468621-0.11923498705067491j)
48850000.5115,(0.2900404770802565-0.11968462498668525j),(0.16051868286421053-0.05408610071388864j),(0.16051868286421106-0.05408610071389056j),(0.29018609650488636-0.11966255228625682j)
48900000.511,(0.2896025937722998-0.12011045593766538j),(0.1603549475243753-0.054312051127470756j),(0.16035494752437407-0.05431205112746848j),(0.2897483983892588-0.1200887825417308j)
48950000.5105,(0.2891629285960527-0.12053494408678246j),(0.16019027276856887-0.05453779220313407j),(0.1601902727685695-0.05453779220313581j),(0.2893089183624732-0.1205136710398589j)
49000000.51,(0.28872148363326317-0.1209580826322886j),(0.16002465607163596-0.0547633207164809j),(0.16002465607163485-0.05476332071647831j),(0.28886765850353013-0.12093721099022836j)
49050000.5095,(0.28827826098245984-0.12137986475911045j),(0.15985809490978545-0.05498863341174566j),(0.15985809490978542-0.054988633411745605j),(0.2884246209080802-0.1213593955891607j)
49100000.508999996,(0.2878332627590713-0.12180028363883598j),(0.15969058676081618-0.055213727001683706j),(0.1596905867608143-0.05521372700167938j),(0.2879798076885653-0.12178021801964511j)
49150000.508499995,(0.28738649109558495-0.12221933242960584j),(0.15952212910431235-0.055438598167401945j),(0.15952212910431246-0.05543859816740226j),(0.2875332209743629-0.12219967145126272j)
49200000.508,(0.2869379481416936-0.12263700427604202j),(0.1593527194218706-0.055663243558247595j),(0.1593527194218703-0.05566324355824714j),(0.28708486291193525-0.12261774904011258j)
49250000.5075,(0.2864876360644411-0.12305329230918974j),(0.1591823551973043-0.05588765979164359j),(0.1591823551973032-0.05588765979164106j),(0.28663473566497677-0.12303444392872942j)
49300000.507,(0.28603555704836875-0.1234681896464424j),(0.1590110339168646-0.05611184345295644j),(0.15901103391686422-0.056111843452955695j),(0.28618284141455447-0.12344974924603938j)
49350000.5065,(0.285581713295674-0.12388168939145489j),(0.15883875306945927-0.0563357910953646j),(0.15883875306945908-0.05633579109536416j),(0.2857291823592757-0.1238636581072432j)
49400000.506,(0.28512610702636937-0.12429378463406955j),(0.1586655101468698-0.05655949923971054j),(0.15866551014686903-0.05655949923970853j),(0.2852737607154361-0.12427616361375957j)
49450000.505499996,(0.28466874047841606-0.1247044684502834j),(0.15849130264397698-0.05678296437436002j),(0.15849130264397854-0.05678296437436402j),(0.28481657871716104-0.12468725885317099j)
49500000.504999995,(0.28420961590790833-0.12511373390211425j),(0.15831612805898995-0.057006182955083966j),(0.15831612805898934-0.05700618295508286j),(0.28435763861657654-0.1250969368991435j)
49550000.5045,(0.2837487355892131-0.12552157403758288j),(0.15813998389366143-0.05722915140489j),(0.15813998389365969-0.05722915140488563j),(0.2838969426839642-0.12550519081133613j)
49600000.504,(0.2832861018151342-0.12592798189062793j),(0.15796286765352663-0.057451866113907735j),(0.15796286765352605-0.05745186611390627j),(0.2834344932079182-0.1259120136353447j)
49650000.5035,(0.28282171689708796-0.12633295048100038j),(0.1577847768481298-0.057674323439252516j),(0.15778477684812978-0.05767432343925258j),(0.2829702924955135-0.1263173984026216j)
49700000.503,(0.28235558316524717-0.12673647281424505j),(0.15760570899125886-0.057896519704880633j),(0.15760570899125906-0.05789651970488127j),(0.2825043428724582-0.12672133813042474j)
49750000.5025,(0.2818877029687189-0.12713854188160492j),(0.1574256616011791-0.05811845120145889j),(0.15742566160117877-0.05811845120145845j),(0.2820366466832679-0.12712382582172221j)
49800000.502,(0.2814180786757121-0.12753915065994967j),(0.15724463220086882-0.05834011418622848j),(0.15724463220086843-0.05834011418622763j),(0.28156720629143406-0.1275248544651269j)
49850000.501499996,(0.28094671267370536-0.12793829211170699j),(0.1570626183182634-0.058561504882873906j),(0.1570626183182626-0.05856150488287203j),(0.28109602407958256-0.12792441703485147j)
49900000.500999995,(0.280473607369617-0.1283359591848086j),(0.15687961748649054-0.05878261948138776j),(0.15687961748648954-0.0587826194813851j),(0.28062310244965777-0.12832250649059482j)
49950000.5005,(0.27999876518997574-0.1287321448126141j),(0.15669562724411995-0.05900345413793878j),(0.1566956272441195-0.05900345413793751j),(0.28014844382308046-0.1287191157775242j)
50000000.5,(0.2795221885811078-0.1291268419138234j),(0.15651064513540314-0.059224004974743095j),(0.15651064513540244-0.05922400497474166j),(0.27967205064093964-0.12911423782615553j)
50050000.4995,(0.27904388000929936-0.1295200433924455j),(0.15632466871052506-0.05944426807992825j),(0.15632466871052453-0.059444268079926976j),(0.2791939253641542-0.12950786555232155j)
50100000.499,(0.2785638419609795-0.1299117421377146j),(0.15613769552585405-0.059664239507406035j),(0.15613769552585421-0.0596642395074068j),(0.27871407047365027-0.12989999185710843j)
50150000.4985,(0.27808207694291126-0.1303019310240047j),(0.15594972314419098-0.05988391527674492j),(0.15594972314419087-0.05988391527674544j),(0.2782324884705603-0.1302906096267451j)
50200000.497999996,(0.27759858748235655-0.13069060291081144j),(0.15576074913502733-0.06010329137303636j),(0.15576074913502747-0.060103291373037195j),(0.2777491818763827-0.130679711732584j)
50250000.497499995,(0.2771133761272769-0.1310777506426327j),(0.1555707710747985-0.060322363746769844j),(0.15557077107479936-0.06032236374677294j),(0.277264153233176-0.13106729103101972j)
50300000.497,(0.2766264454465082-0.13146336704895087j),(0.15537978654714718-0.060541128313711265j),(0.1553797865471469-0.06054112831371079j),(0.2767774051037452-0.13145334036341236j)
50350000.4965,(0.27613779802995675-0.1318474449441373j),(0.15518779314317696-0.06075958095476086j),(0.15518779314317746-0.0607595809547624j),(0.2762889400718286-0.13183785255603547j)
50400000.496,(0.2756474364887842-0.1322299771274134j),(0.15499478846172332-0.06097771751584664j),(0.1549947884617241-0.060977717515849066j),(0.2757987607422901-0.13222082041999428j)
50450000.4955,(0.2751553634556067-0.13261095638275916j),(0.15480077010961743-0.06119553380779395j),(0.15480077010961574-0.061195533807789075j),(0.2753068697412967-0.13260223675121113j)
50500000.495,(0.2746615815846781-0.1329903754788888j),(0.15460573570194758-0.0614130256061849j),(0.1546057357019471-0.061413025606183745j),(0.2748132697165352-0.13298209433029523j)
50550000.4945,(0.274166093552098-0.1333682271691552j),(0.15440968286233892-0.06163018865126716j),(0.15440968286233875-0.061630188651266515j),(0.27431796333738756-0.13336038592253185j)
50600000.493999995,(0.2736689020560043-0.1337445041915089j),(0.15421260922322086-0.061847018647808664j),(0.15421260922321983-0.06184701864780575j),(0.27382095329514133-0.13373710427779814j)
50650000.4935,(0.27317000981676987-0.13411919926844518j),(0.15401451242610006-0.06206351126497897j),(0.15401451242610098-0.06206351126498191j),(0.273322242303183-0.13411224213050624j)
50700000.493,(0.27266941957721547-0.13449230510691282j),(0.15381539012184342-0.06227966213624678j),(0.1538153901218437-0.062279662136248026j),(0.2728218330971996-0.13448579219955398j)
50750000.4925,(0.2721671341028057-0.13486381439829165j),(0.15361523997095083-0.062495466859238465j),(0.1536152399709506-0.06249546685923828j),(0.2723197284353931-0.1348577471882367j)
50800000.492,(0.27166315618185105-0.13523371981832735j),(0.1534140596438427-0.06271092099563315j),(0.1534140596438426-0.06271092099563311j),(0.2718159310986626-0.13522809978424202j)
50850000.4915,(0.27115748862572836-0.1356020140270633j),(0.15321184682113964-0.06292602007104602j),(0.15321184682113942-0.06292602007104535j),(0.27131044389083814-0.13559684265953345j)
50900000.491,(0.27065013426909135-0.1359686896687772j),(0.15300859919395174-0.06314075957491044j),(0.153008599193951-0.06314075957490861j),(0.27080326963887985-0.1359639684703286j)
50950000.490499996,(0.2701410959700631-0.13633373937196952j),(0.15280431446416712-0.06335513496036141j),(0.15280431446416612-0.06335513496035855j),(0.2702944111930799-0.13632946985704486j)
51000000.489999995,(0.2696303766104766-0.1366971557492608j),(0.1525989903447413-0.06356914164412636j),(0.15259899034474114-0.06356914164412608j),(0.2697838714272962-0.13669333944422418j)
51050000.4895,(0.26911797909607527-0.13705893139736894j),(0.1523926245599963-0.06378277500641573j),(0.15239262455999547-0.06378277500641362j),(0.26927165323915153-0.1370555698405018j)
51100000.489,(0.26860390635673753-0.13741905889704517j),(0.15218521484590658-0.06399603039079847j),(0.15218521484590697-0.06399603039080014j),(0.2687577595502683-0.13741615363852222j)
51150000.4885,(0.2680881613467013-0.13777753081301466j),(0.1519767589504104-0.06420890310411388j),(0.15197675895041046-0.06420890310411405j),(0.2682421933064701-0.13777508341493563j)
51200000.488,(0.26757074704477407-0.13813433969396094j),(0.15176725463369986-0.06442138841634044j),(0.15176725463370036-0.06442138841634208j),(0.26772495747801595-0.13813235173030386j)
51250000.4875,(0.2670516664545765-0.13848947807243508j),(0.1515566996685316-0.0646334815605081j),(0.15155669966853105-0.0646334815605066j),(0.2672060550598322-0.1384879511290562j)
51300000.486999996,(0.26653092260474814-0.13884293846485268j),(0.15134509184052886-0.06484517773257506j),(0.15134509184052883-0.06484517773257532j),(0.2666854890717141-0.13884187413948074j)
51350000.486499995,(0.2660085185492076-0.13919471337138314j),(0.15113242894848972-0.06505647209134001j),(0.15113242894848947-0.06505647209133955j),(0.2661632625585914-0.13919411327360268j)
51400000.486,(0.26548445736734877-0.1395447952759794j),(0.15091870880470254-0.06526735975832812j),(0.15091870880470187-0.06526735975832545j),(0.2656393785907189-0.13954466102722837j)
51450000.4855,(0.26495874216430415-0.13989317664627646j),(0.15070392923525217-0.06547783581768819j),(0.1507039292352519-0.06547783581768725j),(0.26511384026395096-0.13989350987980764j)
51500000.485,(0.2644313760711578-0.14023984993358896j),(0.1504880880803434-0.06568789531610325j),(0.15048808808034297-0.0656878953161017j),(0.26458665069993953-0.14024065229446953j)
51550000.4845,(0.2639023622452126-0.14058480757281594j),(0.15027118319461358-0.06589753326268123j),(0.15027118319461263-0.06589753326267793j),(0.2640578130463984-0.14058608071793205j)
51600000.484,(0.263371703870199-0.14092804198246153j),(0.1500532124474543-0.06610674462885746j),(0.15005321244745334-0.06610674462885438j),(0.2635273304773347-0.14092978758046004j)
51650000.4835,(0.2628394041565388-0.14126954556455984j),(0.14983417372333796-0.06631552434830491j),(0.14983417372333852-0.06631552434830756j),(0.2629952061932913-0.14127176529584548j)
51700000.482999995,(0.2623054663415827-0.14160931070464222j),(0.14961406492214346-0.06652386731684293j),(0.1496140649221437-0.06652386731684491j),(0.26246144342158745-0.14161200626136494j)
51750000.482499994,(0.261769893689862-0.14194732977169672j),(0.14939288395948022-0.06673176839233018j),(0.14939288395948-0.06673176839232908j),(0.2619260454165699-0.1419505028577308j)
51800000.482,(0.2612326894933324-0.14228359511814756j),(0.14917062876702217-0.0669392223945805j),(0.14917062876702242-0.06693922239458155j),(0.2613890154598715-0.1422872474490412j)
51850000.4815,(0.2606938570716345-0.14261809907979633j),(0.14894729729284373-0.06714622410528064j),(0.14894729729284398-0.06714622410528213j),(0.2608503568606396-0.14262223238279279j)
51900000.481,(0.26015339977233526-0.1429508339758238j),(0.14872288750175255-0.06735276826789222j),(0.1487228875017531-0.06735276826789427j),(0.26031007295581327-0.1429554499897888j)
51950000.4805,(0.2596113209712004-0.14328179210871506j),(0.14849739737562964-0.0675588495875692j),(0.14849739737562995-0.06755884958757052j),(0.25976816711036194-0.14328689258415173j)
52000000.48,(0.2590676240724394-0.1436109657642687j),(0.14827082491377017-0.06776446273107319j),(0.1482708249137697-0.06776446273107178j),(0.2592246427175623-0.14361655246325025j)
52050000.479499996,(0.25852231250897684-0.14393834721154078j),(0.1480431681332275-0.0679696023266853j),(0.14804316813322824-0.0679696023266886j),(0.258679503199239-0.1439444219077094j)
52100000.478999995,(0.25797538974270623-0.14426392870283786j),(0.14781442506916306-0.06817426296414113j),(0.1478144250691632-0.06817426296414213j),(0.25813275200603947-0.14427049318135807j)
52150000.4785,(0.25742685926477216-0.14458770247366087j),(0.14758459377518987-0.06837843919453132j),(0.14758459377518904-0.06837843919452821j),(0.2575843926176958-0.14459475853121503j)
52200000.478,(0.25687672459581495-0.14490966074272849j),(0.14735367232372837-0.06858212553023052j),(0.14735367232372806-0.06858212553022919j),(0.25703442854329855-0.14491721018744425j)
52250000.4775,(0.2563249892862597-0.14522979571191375j),(0.1471216588063604-0.06878531644483075j),(0.1471216588063608-0.06878531644483278j),(0.2564828633215546-0.14523784036335374j)
52300000.477,(0.2557716569165827-0.14554809956623954j),(0.14688855133418582-0.06898800637306039j),(0.14688855133418632-0.06898800637306296j),(0.2559297005210705-0.1455566412553585j)
52350000.4765,(0.2552167310975899-0.1458645644738524j),(0.14665434803818245-0.06919018971071206j),(0.1466543480381821-0.06919018971071185j),(0.25537494374062797-0.145873605042958j)
52400000.475999996,(0.25466021547069106-0.14617918258600937j),(0.14641904706956715-0.06939186081456979j),(0.14641904706956702-0.06939186081456981j),(0.2548185966094465-0.14618872388874155j)
52450000.475499995,(0.25410211370817276-0.14649194603707957j),(0.14618264660016456-0.06959301400234875j),(0.14618264660016494-0.06959301400235134j),(0.25426066278747994-0.14650198993833902j)
52500000.475,(0.2535424295135024-0.14680284694448612j),(0.14594514482277118-0.06979364355263068j),(0.14594514482277052-0.06979364355262828j),(0.25370114596569066-0.1468133953204227j)
52550000.4745,(0.2529811666215905-0.14711187740873766j),(0.1457065399515259-0.06999374370478186j),(0.14570653995152646-0.06999374370478445j),(0.25314004986633926-0.14712293214668515j)
52600000.474,(0.25241832879908377-0.14741902951340535j),(0.14546683022228815-0.07019330865892143j),(0.1454668302222883-0.07019330865892347j),(0.2525773782432564-0.14743059251184545j)
52650000.4735,(0.2518539198446731-0.14772429532508063j),(0.14522601389300555-0.07039233257583702j),(0.1452260138930056-0.07039233257583755j),(0.252013134882154-0.14773636849361374j)
52700000.473,(0.2512879435893489-0.14802766689343808j),(0.1449840892441006-0.07059080957693685j),(0.1449840892441-0.07059080957693457j),(0.2514473236008988-0.14804025215270084j)
52750000.4725,(0.2507204038967297-0.14832913625116528j),(0.1447410545788462-0.07078873374419312j),(0.14474105457884617-0.07078873374419313j),(0.2508799482498108-0.14834223553281578j)
52800000.471999995,(0.25015130466334395-0.14862869541398796j),(0.14449690822375144-0.07098609912009438j),(0.14449690822375183-0.07098609912009649j),(0.2503110127119716-0.14864231066063308j)
52850000.471499994,(0.24958064981893138-0.1489263363806647j),(0.14425164852894884-0.07118289970759005j),(0.14425164852894945-0.0711828997075938j),(0.2497405209035054-0.14894046954582546j)
52900000.471,(0.24900844332674188-0.14922205113299822j),(0.14400527386858367-0.07137912947004575j),(0.14400527386858397-0.07137912947004728j),(0.24916847677389078-0.1492367041810459j)
52950000.4705,(0.24843468918384198-0.14951583163582752j),(0.1437577826412034-0.07157478233118761j),(0.14375778264120428-0.07157478233119213j),(0.2485948843062627-0.14953100654192636j)
53000000.47,(0.24785939142142738-0.14980766983702293j),(0.14350917327015694-0.0717698521750796j),(0.14350917327015703-0.07176985217508011j),(0.24801974751771472-0.14982336858710069j)
53050000.4695,(0.24728255410511402-0.15009755766753458j),(0.14325944420398723-0.071964332846057j),(0.1432594442039874-0.07196433284605801j),(0.24744307045961914-0.15011378225817748j)
53100000.469,(0.2467041813352767-0.15038548704134364j),(0.14300859391683451-0.07215821814871144j),(0.1430085939168344-0.0721582181487111j),(0.24686485721792506-0.15040223947977974j)
53150000.468499996,(0.24612427724733618-0.1506714498555246j),(0.14275662090883873-0.07235150184783866j),(0.14275662090883884-0.07235150184783987j),(0.24628511191346977-0.1506887321595543j)
53200000.467999995,(0.24554284601208862-0.15095543799023944j),(0.1425035237065446-0.07254417766841689j),(0.14250352370654476-0.07254417766841871j),(0.24570383870231524-0.150973252188153j)
53250000.4675,(0.24495989183602568-0.1512374433087494j),(0.14224930086330972-0.0727362392955695j),(0.14224930086331009-0.07273623929557319j),(0.24512104177604394-0.15125579143928394j)
53300000.467,(0.2443754189616549-0.15151745765743363j),(0.1419939509597163-0.07292768037454098j),(0.14199395095971634-0.07292768037454142j),(0.24453672536209128-0.15153634176971326j)
53350000.4665,(0.2437894316678146-0.15179547286583323j),(0.1417374726039851-0.07311849451066577j),(0.14173747260398484-0.07311849451066467j),(0.2439508937240703-0.1518148950192761j)
53400000.466,(0.24320193427000864-0.152071480746649j),(0.1414798644323902-0.0733086752693536j),(0.14147986443238972-0.07330867526935113j),(0.24336355116208871-0.1520914430109186j)
53450000.4655,(0.24261293112073423-0.15234547309577956j),(0.14122112510968104-0.0734982161760674j),(0.1412211251096799-0.07349821617606081j),(0.24277470201308246-0.15236597755071282j)
53500000.464999996,(0.24202242660981188-0.15261744169234195j),(0.1409612533295011-0.07368711071629926j),(0.1409612533295004-0.07368711071629593j),(0.24218435065115126-0.15263849042787758j)
53550000.464499995,(0.2414304251647165-0.15288737829871743j),(0.14070024781481597-0.0738753523355742j),(0.1407002478148156-0.07387535233557291j),(0.24159250148788253-0.15290897341482065j)
53600000.464,(0.24083693125091288-0.15315527466057893j),(0.14043810731833764-0.0740629344394207j),(0.1404381073183376-0.07406293443942125j),(0.2409991589726953-0.1531774182671556j)
53650000.4635,(0.24024194937220078-0.15342112250691944j),(0.14017483062295805-0.07424985039337448j),(0.14017483062295824-0.07424985039337587j),(0.24040432759316663-0.15344381672376448j)
53700000.463,(0.2396454840710508-0.1536849135500974j),(0.13991041654217795-0.07443609352296929j),(0.13991041654217742-0.07443609352296694j),(0.23980801187539183-0.15370816050679537j)
53750000.4625,(0.23904753992894728-0.1539466394858819j),(0.1396448639205451-0.07462165711373205j),(0.13964486392054434-0.07462165711372767j),(0.23921021638430406-0.15397044132174786j)
53800000.462,(0.2384481215667364-0.15420629199349276j),(0.1393781716340919-0.07480653441119066j),(0.13937817163409108-0.07480653441118448j),(0.23861094572403838-0.15423065085748022j)
53850000.4615,(0.23784723364496477-0.15446386273566376j),(0.13911033859077554-0.07499071862087126j),(0.13911033859077543-0.0749907186208718j),(0.23801020453827823-0.15448878078625652j)
53900000.460999995,(0.2372448808642512-0.15471934335865747j),(0.13884136373092376-0.07517420290832247j),(0.13884136373092357-0.0751742029083211j),(0.23740799751059039-0.1547448227638291j)
53950000.460499994,(0.2366410679656159-0.15497272549236032j),(0.13857124602768048-0.07535698039910319j),(0.13857124602768006-0.07535698039909978j),(0.23680432936479026-0.15499876842946675j)
54000000.46,(0.23603579973084635-0.15522400075031917j),(0.13829998448745184-0.07553904417880858j),(0.1382999844874516-0.07553904417880672j),(0.23619920486529997-0.15525060940599658j)
54050000.4595,(0.23542908098286375-0.15547316072979037j),(0.13802757815036323-0.07572038729309205j),(0.13802757815036318-0.07572038729309226j),(0.2355926288174963-0.15550033729989537j)
54100000.459,(0.2348209165860699-0.15572019701181533j),(0.13775402609070886-0.07590100274767896j),(0.13775402609070883-0.07590100274767837j),(0.23498460606807714-0.15574794370131984j)
54150000.4585,(0.23421131144671758-0.1559651011612912j),(0.13747932741741228-0.076080883508394j),(0.13747932741741195-0.07608088350839112j),(0.23437514150543015-0.1559934201841801j)
54200000.458,(0.23360027051326765-0.15620786472703344j),(0.13720348127448373-0.07626002250118283j),(0.13720348127448387-0.07626002250118447j),(0.23376424005998234-0.1562367583062125j)
54250000.457499996,(0.23298779877676642-0.1564484792418422j),(0.13692648684148637-0.07643841261216427j),(0.13692648684148584-0.07643841261216068j),(0.2331519067045737-0.15647794960906072j)
54300000.456999995,(0.2323739012712092-0.1566869362225893j),(0.136648343333996-0.0766160466876331j),(0.1366483433339957-0.07661604668763025j),(0.2325381464548345-0.15671698561831562j)
54350000.4565,(0.2317585830739195-0.1569232271702778j),(0.1363690500040722-0.07679291753412512j),(0.13636905000407218-0.07679291753412554j),(0.23192296436955945-0.15695385784361107j)
54400000.456,(0.23114184930591206-0.1571573435701494j),(0.13608860614073026-0.07696901791845596j),(0.13608860614072987-0.07696901791845193j),(0.2313063655510581-0.15718855777872542j)
54450000.4555,(0.23052370513228163-0.15738927689175186j),(0.13580701107041007-0.07714434056774848j),(0.13580701107040974-0.07714434056774779j),(0.23068835514556646-0.157421076901617j)
54500000.455,(0.22990415576257572-0.1576190185890305j),(0.13552426415745497-0.07731887816951104j),(0.13552426415745472-0.07731887816950812j),(0.23006893834359382-0.15765140667456284j)
54550000.4545,(0.22928320645117717-0.15784656010042758j),(0.13524036480458837-0.07749262337166789j),(0.1352403648045879-0.07749262337166242j),(0.22944812038033202-0.15787953854420556j)
54600000.453999996,(0.22866086249769435-0.15807189284896445j),(0.13495531245339484-0.07766556878262196j),(0.13495531245339498-0.07766556878262391j),(0.22882590653602913-0.15810546394166491j)
54650000.453499995,(0.2280371292473381-0.15829500824235465j),(0.1346691065848054-0.0778377069713381j),(0.13466910658480544-0.0778377069713384j),(0.22820230213635814-0.15832917428265988j)
54700000.453,(0.22741201209131592-0.15851589767310584j),(0.1343817467195806-0.07800903046737329j),(0.13438174671958045-0.0780090304673743j),(0.22757731255284405-0.15855066096755227j)
54750000.4525,(0.22678551646722628-0.1587345525186108j),(0.13409323241880133-0.07817953176097502j),(0.13409323241880117-0.07817953176097457j),(0.2269509432032137-0.1587699153815194j)
54800000.452,(0.22615764785944847-0.15895096414127116j),(0.13380356328435794-0.07834920330313672j),(0.13380356328435794-0.07834920330313873j),(0.22632319955182525-0.15898692889460014j)
54850000.4515,(0.2255284117995251-0.1591651238886298j),(0.133512738959447-0.07851803750569394j),(0.13351273895944682-0.07851803750569333j),(0.22569408711003688-0.1592016928618519j)
54900000.451,(0.22489781386659072-0.15937702309343993j),(0.13322075912906323-0.07868602674138699j),(0.1332207591290629-0.07868602674138546j),(0.225063611436618-0.15941419862344744j)
54950000.4505,(0.22426585968774604-0.15958665307383477j),(0.13292762352050302-0.07885316334396252j),(0.1329276235205027-0.0788531633439605j),(0.22443177813815138-0.15962443750479857j)
55000000.449999996,(0.22363255493846476-0.15979400513343048j),(0.13263333190385906-0.07901943960825637j),(0.1326333319038589-0.07901943960825583j),(0.22379859286943046-0.1598324008166695j)
55050000.449499995,(0.2229979053430118-0.15999907056145596j),(0.13233788409253205-0.0791848477902949j),(0.132337884092532-0.07918484779029535j),(0.22316406133386488-0.16003807985532856j)
55100000.449,(0.22236191667483385-0.1602018406328963j),(0.13204127994373022-0.07934938010739187j),(0.13204127994373-0.0793493801073905j),(0.222528189283884-0.16024146590266752j)
55150000.4485,(0.22172459475698128-0.16040230660861815j),(0.1317435193589791-0.07951302873824694j),(0.13174351935897896-0.0795130287382459j),(0.22189098252136286-0.16044255022631926j)
55200000.448,(0.2210859454625055-0.16060045973553227j),(0.13144460228463611-0.07967578582306516j),(0.13144460228463598-0.0796757858230647j),(0.22125244689800663-0.1606413240798401j)
55250000.4475,(0.2204459747148879-0.16079629124671715j),(0.13114452871239857-0.07983764346366408j),(0.13114452871239857-0.07983764346366584j),(0.22061258831578734-0.16083777870281576j)
55300000.447,(0.2198046884884357-0.16098979236159652j),(0.13084329867982336-0.0799985937235969j),(0.13084329867982314-0.07999859372359484j),(0.21997141272735257-0.1610319053210241j)
55350000.446499996,(0.21916209280873167-0.16118095428604914j),(0.1305409122708413-0.08015862862826101j),(0.13054091227084128-0.08015862862826043j),(0.21932892613643926-0.16122369514659377j)
55400000.445999995,(0.2185181937530181-0.16136976821262142j),(0.13023736961628093-0.08031774016504911j),(0.1302373696162808-0.08031774016504668j),(0.2186851345982938-0.1614131393781613j)
55450000.4455,(0.21787299745063085-0.16155622532067354j),(0.12993267089438926-0.08047592028346062j),(0.12993267089438895-0.08047592028345685j),(0.21804004422010684-0.1616002292010131j)
55500000.445,(0.21722651008344884-0.16174031677650832j),(0.12962681633135534-0.08063316089524672j),(0.12962681633135525-0.08063316089524902j),(0.21739366116141423-0.16178495578729182j)
55550000.4445,(0.21657873788627305-0.1619220337336179j),(0.1293198062018411-0.08078945387456524j),(0.12931980620184091-0.0807894538745633j),(0.2167459916345506-0.1619673102961185j)
55600000.444,(0.21592968714729072-0.16210136733279767j),(0.1290116408295058-0.08094479105810184j),(0.12901164082950559-0.08094479105809788j),(0.2160970419050525-0.16214728387381266j)
55650000.4435,(0.21527936420849056-0.16227830870236623j),(0.12870232058754238-0.0810991642452425j),(0.12870232058754225-0.08109916424524016j),(0.21544681829210743-0.1623248676540406j)
55700000.442999996,(0.21462777546610615-0.16245284895832118j),(0.1283918458992058-0.08125256519822724j),(0.1283918458992057-0.08125256519822749j),(0.21479532716897737-0.1625000527580178j)
55750000.442499995,(0.2139749273710273-0.1626249792045695j),(0.12808021723835525-0.08140498564231362j),(0.1280802172383552-0.08140498564231247j),(0.2141425749634231-0.16267283029470841j)
55800000.441999994,(0.213320826429255-0.16279469053309606j),(0.12776743512998423-0.08155641726593421j),(0.12776743512998423-0.08155641726593449j),(0.21348856815817255-0.16284319136097042j)
55850000.4415,(0.21266547920233522-0.16296197402417203j),(0.12745350015076887-0.08170685172088694j),(0.12745350015076876-0.0817068517208882j),(0.21283331329131586-0.1630111270418296j)
55900000.441,(0.21200889230779493-0.1631268207465615j),(0.12713841292960268-0.08185628062250136j),(0.12713841292960273-0.08185628062250215j),(0.21217681695677665-0.16317662841062572j)
55950000.4405,(0.21135107241958065-0.1632892217577424j),(0.1268221741481453-0.0820046955498292j),(0.12682217414814537-0.08200469554982677j),(0.2115190858047463-0.16333968652924075j)
56000000.44,(0.21069202626850664-0.16344916810411136j),(0.12650478454136646-0.08215208804582645j),(0.12650478454136618-0.08215208804582491j),(0.21086012654211186-0.16350029244832956j)
56050000.4395,(0.21003176064269946-0.16360665082120945j),(0.1261862448980931-0.08229844961755671j),(0.12618624489809308-0.0822984496175612j),(0.21019994593293345-0.16365843720749876j)
56100000.438999996,(0.20937028238804042-0.16376166093394887j),(0.1258665560615617-0.0824437717363999j),(0.12586655606156158-0.08244377173639834j),(0.20953855079885067-0.16381411183558792j)
56150000.438499995,(0.20870759840861605-0.16391418945684993j),(0.12554571892996788-0.08258804583823272j),(0.12554571892996796-0.08258804583822671j),(0.20887594801956202-0.1639673073508545j)
56200000.438,(0.2080437156671617-0.16406422739427776j),(0.1252237344570211-0.08273126332365949j),(0.12522373445702104-0.08273126332365835j),(0.20821214453326373-0.1641180147612271j)
56250000.4375,(0.20737864118552662-0.16421176574067584j),(0.12490060365249832-0.08287341555823574j),(0.12490060365249817-0.08287341555823921j),(0.20754714733710428-0.16426622506454047j)
56300000.437,(0.2067123820451114-0.16435679548082893j),(0.12457632758280414-0.08301449387268514j),(0.12457632758280417-0.08301449387268363j),(0.20688096348763016-0.16441192924879838j)
56350000.4365,(0.20604494538732396-0.1644993075901163j),(0.12425090737152622-0.0831544895631167j),(0.12425090737152607-0.08315448956311493j),(0.20621360010124953-0.1645551182924021j)
56400000.436,(0.20537633841404912-0.16463929303475275j),(0.12392434419999716-0.08329339389128175j),(0.12392434419999722-0.08329339389127863j),(0.20554506435468825-0.16469578316442243j)
56450000.435499996,(0.20470656838809195-0.16477674277207485j),(0.12359663930785793-0.08343119808480377j),(0.12359663930785798-0.08343119808480061j),(0.2048753634854405-0.16483391482486295j)
56500000.434999995,(0.20403564263363833-0.16491164775080092j),(0.12326779399361834-0.08356789333743145j),(0.12326779399361831-0.08356789333742753j),(0.2042045047922345-0.16496950422492387j)
56550000.4345,(0.2033635685367202-0.16504399891131444j),(0.12293780961522695-0.08370347080929039j),(0.12293780961522713-0.08370347080928518j),(0.20353249563548725-0.16510254230728294j)
56600000.434,(0.2026903535456734-0.16517378718594083j),(0.12260668759063281-0.08383792162714153j),(0.12260668759063281-0.08383792162713921j),(0.20285934343777945-0.1652330200063606j)
56650000.4335,(0.2020160051715895-0.16530100349924842j),(0.12227442939835728-0.08397123688465695j),(0.12227442939835714-0.083971236884659j),(0.20218505568429554-0.16536092824863385j)
56700000.433,(0.20134053098880447-0.16542563876831753j),(0.12194103657806099-0.08410340764268645j),(0.1219410365780609-0.08410340764268665j),(0.20150963992331447-0.16548625795289634j)
56750000.4325,(0.20066393863533794-0.16554768390307156j),(0.12160651073111738-0.08423442492953562j),(0.12160651073111742-0.08423442492953263j),(0.2008331037666587-0.16560900003057885j)
56800000.432,(0.19998623581337768-0.1656671298065536j),(0.1212708535211829-0.08436427974125163j),(0.12127085352118297-0.08436427974124966j),(0.20015545489016223-0.16572914538605227j)
56850000.431499995,(0.19930743028972953-0.16578396737527085j),(0.12093406667477256-0.08449296304192384j),(0.12093406667477231-0.08449296304192475j),(0.19947670103414242-0.1658466849169281j)
56900000.430999994,(0.19862752989630295-0.16589818749948285j),(0.12059615198183113-0.08462046576398168j),(0.12059615198183103-0.08462046576398044j),(0.19879685000386754-0.1659616095143811j)
56950000.4305,(0.1979465425305661-0.16600978106354747j),(0.12025711129631345-0.08474677880848798j),(0.12025711129631345-0.08474677880848737j),(0.1981159096700322-0.16607391006346822j)
57000000.43,(0.19726447615601744-0.166118738946253j),(0.11991694653675886-0.08487189304546798j),(0.11991694653675881-0.08487189304546872j),(0.19743388796921704-0.1661835774434608j)
57050000.4295,(0.19658133880266893-0.16622505202113042j),(0.11957565968686883-0.08499579931422621j),(0.11957565968686919-0.08499579931421912j),(0.19675079290436634-0.1662906025281898j)
57100000.429,(0.19589713856750277-0.1663287111568285j),(0.11923325279608805-0.085118488423651j),(0.11923325279608804-0.08511848842365025j),(0.19606663254526097-0.16639497618636848j)
57150000.4285,(0.19521188361495093-0.16642970721744665j),(0.11888972798018133-0.08523995115258821j),(0.1188897279801812-0.08523995115258946j),(0.1953814150289977-0.16649668928194572j)
57200000.427999996,(0.19452558217736152-0.16652803106290406j),(0.11854508742181731-0.08536017825014994j),(0.11854508742181726-0.08536017825014881j),(0.1946951485604506-0.1665957326744722j)
57250000.427499995,(0.19383824255548687-0.16662367354928473j),(0.11819933337114936-0.08547916043606936j),(0.1181993333711493-0.08547916043606915j),(0.19400784141274607-0.16669209721946676j)
57300000.427,(0.19314987311894002-0.16671662552922967j),(0.11785246814639647-0.08559688840106139j),(0.11785246814639644-0.08559688840106085j),(0.19331950192776112-0.16678577376874767j)
57350000.4265,(0.1924604823066789-0.16680687785230033j),(0.11750449413442808-0.08571335280717784j),(0.11750449413442772-0.0857133528071801j),(0.19263013851656352-0.1668767531708581j)
57400000.426,(0.19177007862748513-0.16689442136536453j),(0.11715541379134582-0.08582854428818795j),(0.11715541379134616-0.08582854428818336j),(0.19193975965991694-0.1669650262714093j)
57450000.4255,(0.19107867066042375-0.16697924691299804j),(0.11680522964307026-0.08594245344992972j),(0.11680522964307029-0.0859424534499294j),(0.1912483739087538-0.16705058391347616j)
57500000.425,(0.19038626705533743-0.16706134533786926j),(0.11645394428592419-0.08605507087072978j),(0.11645394428592407-0.08605507087072992j),(0.19055598988462877-0.16713341693802336j)
57550000.424499996,(0.1896928765333111-0.1671407074811457j),(0.11610156038721615-0.08616638710176269j),(0.11610156038721581-0.0861663871017643j),(0.18986261628022605-0.16721351618426294j)
57600000.423999995,(0.18899850788715963-0.16721732418290636j),(0.11574808068582837-0.08627639266746956j),(0.11574808068582841-0.08627639266746759j),(0.1891682618598192-0.16729087249009766j)
57650000.4235,(0.1883031699818866-0.16729118628257195j),(0.11539350799280218-0.08638507806594786j),(0.11539350799280189-0.08638507806594915j),(0.18847293545976052-0.1673654766925126j)
57700000.423,(0.18760687175516902-0.1673622846193238j),(0.1150378451919225-0.08649243376938902j),(0.1150378451919229-0.08649243376938481j),(0.18777664598894314-0.16743731962802466j)
57750000.4225,(0.18690962221784643-0.16743061003252074j),(0.11468109524030624-0.08659845022446618j),(0.11468109524030588-0.0865984502244688j),(0.18707940242929497-0.1675063921330941j)
57800000.422,(0.186211430454376-0.16749615336216875j),(0.11432326116898432-0.08670311785280427j),(0.11432326116898432-0.08670311785280448j),(0.18638121383624742-0.16757268504456593j)
57850000.4215,(0.1855123056233198-0.16755890544935145j),(0.11396434608349365-0.08680642705138127j),(0.11396434608349364-0.08680642705138063j),(0.18568208933921163-0.16763618920013j)
57900000.421,(0.18481225695782355-0.1676188571366864j),(0.11360435316445744-0.08690836819299158j),(0.11360435316445715-0.08690836819299354j),(0.18498203814206915-0.16769689543874727j)
57950000.420499995,(0.18411129376608482-0.1676759992687886j),(0.11324328566817425-0.08700893162669844j),(0.11324328566817403-0.08700893162670043j),(0.18428106952362766-0.16775479460113898j)
58000000.419999994,(0.1834094254318321-0.167730322692747j),(0.11288114692720368-0.08710810767829233j),(0.11288114692720426-0.08710810767828722j),(0.18357919283810972-0.16780987753024407j)
58050000.4195,(0.18270666141479405-0.16778181825859864j),(0.11251794035095024-0.08720588665074656j),(0.11251794035095017-0.0872058866507465j),(0.18287641751564354-0.16786213507167166j)
58100000.419,(0.18200301125119187-0.16783047681980157j),(0.1121536694262485-0.0873022588247255j),(0.11215366942624837-0.08730225882472577j),(0.18217275306270572-0.16791155807423014j)
58150000.4185,(0.18129848455418093-0.16787628923375816j),(0.11178833771794784-0.08739721445904262j),(0.11178833771794812-0.08739721445904025j),(0.1814682090626236-0.16795813739037607j)
58200000.418,(0.1805930910143541-0.16791924636228117j),(0.11142194886949706-0.08749074379115807j),(0.11142194886949688-0.08749074379115887j),(0.18076279517604119-0.16800186387673602j)
58250000.4175,(0.17988684040019567-0.16795933907213048j),(0.11105450660352399-0.08758283703769593j),(0.1110545066035239-0.08758283703769582j),(0.18005652114138837-0.16804272839460327j)
58300000.416999996,(0.17917974255856192-0.16799655823550833j),(0.11068601472242269-0.08767348439493385j),(0.11068601472242208-0.08767348439493697j),(0.17934939677535514-0.16808072181046388j)
58350000.416499995,(0.17847180741514396-0.16803089473059857j),(0.11031647710892997-0.08776267603934135j),(0.11031647710893022-0.08776267603933868j),(0.1786414319733744-0.16811583499649738j)
58400000.416,(0.17776304497493742-0.1680623394420968j),(0.10994589772671146-0.08785040212807968j),(0.1099458977267107-0.08785040212808422j),(0.17793263671007853-0.16814805883112752j)
58450000.4155,(0.1770534653227239-0.16809088326173738j),(0.10957428062093398-0.08793665279957605j),(0.10957428062093355-0.08793665279957827j),(0.1772230210397717-0.16817738419955447j)
58500000.415,(0.17634307862350998-0.1681165170888651j),(0.10920162991885099-0.08802141817402968j),(0.10920162991885139-0.08802141817402731j),(0.17651259509690753-0.16820380199429258j)
58550000.4145,(0.17563189512302138-0.16813923183096968j),(0.10882794983037519-0.0881046883539817j),(0.10882794983037532-0.08810468835398061j),(0.17580136909654653-0.1682273031157357j)
58600000.414,(0.1749199251481461-0.16815901840426564j),(0.10845324464865476-0.0881864534248811j),(0.1084532446486549-0.08818645342488014j),(0.17508935333482534-0.168247878472713j)
58650000.413499996,(0.17420717910741085-0.1681758677342509j),(0.10807751875064932-0.08826670345564382j),(0.10807751875064912-0.08826670345564464j),(0.1743765581894153-0.16826551898306977j)
58700000.412999995,(0.1734936674914293-0.16818977075630825j),(0.10770077659770136-0.08834542849923858j),(0.1077007765977011-0.08834542849923978j),(0.17366299412000116-0.1682802155742242j)
58750000.412499994,(0.17277940087337207-0.16820071841627093j),(0.1073230227361081-0.0884226185932702j),(0.10732302273610783-0.08842261859327182j),(0.17294867166872174-0.16829195918378279j)
58800000.412,(0.17206438990941014-0.16820870167104596j),(0.10694426179768983-0.08849826376058073j),(0.1069442617976901-0.08849826376057884j),(0.1722336014606416-0.1683007407601148j)
58850000.4115,(0.17134864533918617-0.16821371148919406j),(0.10656449850036007-0.0885723540098413j),(0.10656449850035922-0.08857235400984508j),(0.17151779420420496-0.16830655126296545j)
58900000.411,(0.1706321779862554-0.16821573885156454j),(0.10618373764868595-0.08864487933619268j),(0.10618373764868583-0.08864487933619314j),(0.1708012606916928-0.16830938166406204j)
58950000.4105,(0.16991499875854035-0.16821477475191055j),(0.10580198413445908-0.08871582972184042j),(0.10580198413445942-0.08871582972183821j),(0.17008401179966337-0.16830922294775466j)
59000000.41,(0.16919711864878006-0.1682108101975214j),(0.10541924293725134-0.08878519513670063j),(0.1054192429372517-0.08878519513669854j),(0.16936605848942526-0.1683060661116143j)
59050000.409499995,(0.16847854873497115-0.16820383620986668j),(0.10503551912497602-0.08885296553904165j),(0.10503551912497557-0.08885296553904316j),(0.16864741180747023-0.16829990216709287j)
59100000.408999994,(0.1677593001808191-0.16819384382523592j),(0.10465081785444202-0.08891913087613838j),(0.10465081785444269-0.08891913087613537j),(0.16792808288591382-0.16829072214017188j)
59150000.4085,(0.16703938423617903-0.1681808240954038j),(0.10426514437191396-0.08898368108491496j),(0.1042651443719147-0.08898368108491178j),(0.16720808294295963-0.16827851707200064j)
59200000.408,(0.1663188122374789-0.1681647680883039j),(0.10387850401365896-0.08904660609263365j),(0.10387850401365928-0.0890466060926313j),(0.16648742328331895-0.16826327801958021j)
59250000.4075,(0.1655975956081788-0.1681456668886824j),(0.10349090220649465-0.08910789581756241j),(0.10349090220649523-0.08910789581755972j),(0.1657661152986599-0.16824499605642065j)
59300000.407,(0.16487574585918074-0.16812351159881114j),(0.10310234446834092-0.08916754016966442j),(0.1031023444683414-0.08916754016966222j),(0.16504417046803624-0.16822366227323587j)
59350000.4065,(0.1641532745892777-0.16809829333914678j),(0.10271283640875571-0.08922552905129336j),(0.10271283640875517-0.08922552905129529j),(0.16432160035833585-0.16819926777861474j)
59400000.405999996,(0.16343019348556778-0.16807000324906016j),(0.10232238372948013-0.08928185235790757j),(0.10232238372947959-0.08928185235790939j),(0.16359841662467664-0.16817180369975268j)
59450000.405499995,(0.16270651432387676-0.1680386324875367j),(0.10193099222497319-0.08933649997877723j),(0.10193099222497429-0.0893364999787727j),(0.16287463101086555-0.16814126118313j)
59500000.405,(0.16198224896918237-0.1680041722338959j),(0.10153866778294753-0.08938946179770242j),(0.10153866778294762-0.08938946179770169j),(0.16215025534980373-0.1681076313952407j)
59550000.4045,(0.16125740937603383-0.16796661368851662j),(0.10114541638489476-0.08944072769377205j),(0.10114541638489473-0.08944072769377182j),(0.16142530156390825-0.16807090552332266j)
59600000.404,(0.16053200758894923-0.1679259480735878j),(0.10075124410661511-0.0894902875420881j),(0.10075124410661516-0.08949028754208699j),(0.16069978166552334-0.16803107477609086j)
59650000.4035,(0.15980605574284484-0.167882166633833j),(0.10035615711873935-0.0895381312145207j),(0.10035615711873927-0.08953813121452094j),(0.15997370775734113-0.1679881303844745j)
59700000.403,(0.15907956606342286-0.1678352606372879j),(0.09996016168724833-0.08958424858048189j),(0.09996016168724792-0.0895842485804834j),(0.15924709203279652-0.16794206360238934j)
59750000.402499996,(0.1583525508675751-0.16778522137605778j),(0.09956326417398448-0.08962862950769059j),(0.09956326417398391-0.08962862950769282j),(0.15851994677648368-0.16789286570747447j)
59800000.401999995,(0.15762502256378805-0.167732040167085j),(0.09916547103716676-0.08967126386295947j),(0.09916547103716764-0.0896712638629554j),(0.15779228436454673-0.16784052800188393j)
59850000.401499994,(0.15689699365252682-0.1676757083529349j),(0.09876678883189431-0.08971214151297502j),(0.09876678883189453-0.08971214151297384j),(0.15706411726507283-0.16778504181306628j)
59900000.401,(0.15616847672662137-0.16761621730260035j),(0.0983672242106483-0.08975125232512181j),(0.09836722421064747-0.08975125232512501j),(0.15633545803848714-0.16772639849454407j)
59950000.4005,(0.15543948447165723-0.16755355841228303j),(0.09796678392378962-0.0897885861682814j),(0.09796678392378928-0.08978858616828261j),(0.15560631933794153-0.16766458942672446j)
60000000.4,(0.15471002966634545-0.1674877231062215j),(0.0975654748200527-0.08982413291364724j),(0.09756547482005219-0.08982413291364913j),(0.1548767139096844-0.16759960601770302j)
60050000.3995,(0.15398012518289794-0.167418702837504j),(0.09716330384703176-0.08985788243557175j),(0.09716330384703162-0.0898578824355718j),(0.15414665459345075-0.16753143970408108j)
60100000.399,(0.15324978398740755-0.1673464890888902j),(0.09676027805166564-0.08988982461239206j),(0.09676027805166532-0.08988982461239323j),(0.15341615432282385-0.16746008195179593j)
60150000.398499995,(0.1525190191401869-0.16727107337366812j),(0.09635640458071185-0.08991994932729636j),(0.09635640458071235-0.089919949327295j),(0.15268522612560384-0.1673855242569555j)
60200000.397999994,(0.15178784379614776-0.16719244723648777j),(0.09595169068122503-0.08994824646916917j),(0.09595169068122486-0.08994824646916913j),(0.15195388312417288-0.16730775814668436j)
60250000.3975,(0.151056271205145-0.16711060225421984j),(0.09554614370101679-0.08997470593347608j),(0.09554614370101679-0.08997470593347572j),(0.15122213853584165-0.16722677517997997j)
60300000.397,(0.1503243147123245-0.1670255300368253j),(0.09513977108912418-0.0899993176231339j),(0.09513977108912365-0.08999931762313532j),(0.1504900056732028-0.16714256694858456j)
60350000.3965,(0.14959198775845886-0.16693722222823593j),(0.09473258039625986-0.09002207144940945j),(0.09473258039626009-0.09002207144940902j),(0.14975749794449014-0.16705512507783551j)
60400000.396,(0.14885930388029478-0.1668456705072268j),(0.09432457927526668-0.09004295733281091j),(0.09432457927526719-0.09004295733280915j),(0.14902462885388634-0.1669644412275815j)
60450000.3955,(0.14812627671086653-0.16675086658832491j),(0.09391577548156003-0.09006196520400278j),(0.09391577548155923-0.09006196520400478j),(0.14829141200188325-0.16687050709305093j)
60500000.394999996,(0.1473929199798374-0.16665280222269654j),(0.09350617687356161-0.09007908500473133j),(0.0935061768735612-0.09007908500473236j),(0.14755786108559413-0.1667733144057627j)
60550000.394499995,(0.14665924751379564-0.16655146919908098j),(0.09309579141313729-0.09009430668874606j),(0.09309579141313827-0.09009430668874296j),(0.14682398989907977-0.1666728549344355j)
60600000.394,(0.14592527323657756-0.1664468593446996j),(0.09268462716602117-0.09010762022273572j),(0.09268462716602005-0.09010762022273927j),(0.1460898123336523-0.1665691204859162j)
60650000.3935,(0.1451910111695711-0.16633896452618738j),(0.09227269230222737-0.09011901558730075j),(0.0922726923022274-0.09011901558730033j),(0.14535534237819828-0.16646210290609623j)
60700000.393,(0.14445647543200832-0.16622777665053748j),(0.09185999509646987-0.09012848277788242j),(0.09185999509646997-0.0901284827778819j),(0.14462059411945558-0.16635179408086972j)
60750000.3925,(0.14372168024124757-0.16611328766606123j),(0.09144654392856294-0.09013601180575316j),(0.09144654392856219-0.09013601180575544j),(0.1438855817423359-0.16623818593705814j)
60800000.392,(0.14298663991307495-0.16599548956332794j),(0.09103234728381794-0.0901415926989946j),(0.09103234728381863-0.09014159269899265j),(0.14315031953018026-0.16612127044339625j)
60850000.391499996,(0.1422513688619638-0.16587437437614905j),(0.09061741375343678-0.09014521550347193j),(0.09061741375343654-0.0901452155034721j),(0.14241482186506102-0.16600103961147764j)
60900000.390999995,(0.14151588160134534-0.16574993418255562j),(0.09020175203489186-0.09014687028385089j),(0.09020175203489049-0.09014687028385443j),(0.14167910322803964-0.16587748549674386j)
60950000.390499994,(0.14078019274387293-0.16562216110578204j),(0.08978537093230038-0.09014654712460217j),(0.08978537093229949-0.0901465471246047j),(0.1409431781994386-0.16575060019946453j)
61000000.39,(0.1400443170016744-0.16549104731525854j),(0.08936827935679517-0.09014423613101083j),(0.08936827935679448-0.09014423613101291j),(0.14020706145908762-0.16562037586574255j)
61050000.3895,(0.1393082691865874-0.16535658502763448j),(0.08895048632688235-0.09013992743021466j),(0.08895048632688202-0.09013992743021584j),(0.13947076778658407-0.16548680468850485j)
61100000.389,(0.13857206421039905-0.16521876650778422j),(0.08853200096879146-0.09013361117224214j),(0.08853200096879185-0.09013361117224128j),(0.13873431206152156-0.16534987890853028j)
61150000.3885,(0.13783571708509354-0.16507758406981296j),(0.08811283251681995-0.09012527753105226j),(0.08811283251682048-0.0901252775310508j),(0.13799770926373006-0.16520959081546285j)
61200000.388,(0.13709924292303358-0.16493303007813487j),(0.08769299031366712-0.09011491670560409j),(0.08769299031366731-0.09011491670560345j),(0.13726097447349447-0.16506593274884893j)
61250000.387499996,(0.13636265693720317-0.16478509694847304j),(0.08727248381075894-0.09010251892091746j),(0.08727248381075847-0.09010251892091811j),(0.1365241228717678-0.16491889709918486j)
61300000.386999995,(0.13562597444139804-0.16463377714893607j),(0.08685132256856556-0.09008807442915462j),(0.08685132256856598-0.09008807442915348j),(0.13578716974037783-0.1647684763089588j)
61350000.3865,(0.1348892108504094-0.1644790632010789j),(0.08642951625691336-0.09007157351069607j),(0.08642951625691142-0.09007157351070058j),(0.13505013046223296-0.16461466287371135j)
61400000.386,(0.1341523816802391-0.16432094768094824j),(0.08600707465527348-0.09005300647526138j),(0.0860070746552742-0.09005300647525917j),(0.13431302052149566-0.1644574493431165j)
61450000.3855,(0.1334155025482251-0.16415942322020868j),(0.0855840076530666-0.09003236366297881j),(0.08558400765306491-0.09003236366298269j),(0.13357585550377413-0.16429682832204065j)
61500000.385,(0.13267858917325023-0.1639944825071855j),(0.08516032524992444-0.09000963544554587j),(0.08516032524992437-0.09000963544554565j),(0.1328386510962744-0.1641327924716544j)
61550000.3845,(0.1319416573758807-0.16382611828798416j),(0.08473603755597849-0.08998481222730981j),(0.0847360375559784-0.08998481222730964j),(0.1321014230879861-0.16396533451050055j)
61600000.383999996,(0.13120472307850117-0.16365432336759994j),(0.08431115479210652-0.08995788444643667j),(0.08431115479210687-0.089957884446436j),(0.13136418736979846-0.16379444721563033j)
61650000.383499995,(0.13046780230546975-0.16347909061102203j),(0.08388568729018998-0.08992884257603675j),(0.08388568729018964-0.08992884257603789j),(0.1306269599346715-0.1636201234236895j)
61700000.383,(0.12973091118323032-0.16330041294436412j),(0.08345964549335118-0.08989767712532654j),(0.08345964549335072-0.08989767712532773j),(0.1298897568777483-0.16344235603205692j)
61750000.3825,(0.12899406594043125-0.1631182833559935j),(0.08303303995618415-0.08986437864078621j),(0.08303303995618255-0.0898643786407898j),(0.12915259439646998-0.1632611379999791j)
61800000.382,(0.12825728290803265-0.16293269489767417j),(0.08260588134497157-0.0898289377073385j),(0.08260588134497134-0.08982893770733874j),(0.12841548879069906-0.16307646234969836j)
61850000.3815,(0.12752057851938856-0.16274364068572314j),(0.08217818043789817-0.08979134494951849j),(0.08217818043789832-0.08979134494951786j),(0.1276784564628092-0.1628883221676093j)
61900000.381,(0.1267839693103448-0.16255111390215352j),(0.08174994812524003-0.0897515910326761j),(0.08174994812524093-0.0897515910326738j),(0.1269415139177655-0.16269671060541901j)
61950000.380499996,(0.12604747191929658-0.1623551077958611j),(0.08132119540955769-0.08970966666416855j),(0.08132119540955951-0.08970966666416416j),(0.126204677763217-0.16250162088130377j)
62000000.379999995,(0.12531110308726262-0.1621556156837795j),(0.08089193340586795-0.08966556259456629j),(0.08089193340586814-0.08966556259456551j),(0.12546796470954213-0.1623030462810956j)
62050000.379499994,(0.12457487965791633-0.16195263095208615j),(0.08046217334180444-0.08961926961888328j),(0.0804621733418035-0.08961926961888514j),(0.12473139156991864-0.16210098015945465j)
62100000.379,(0.12383881857764134-0.16174614705736845j),(0.08003192655777201-0.08957077857778808j),(0.08003192655777111-0.08957077857779029j),(0.12399497526034914-0.16189541594107068j)
62150000.3785,(0.12310293689553918-0.16153615752785083j),(0.07960120450708638-0.08952008035884737j),(0.07960120450708678-0.08952008035884633j),(0.12325873279970317-0.16168634712185478j)
62200000.378,(0.12236725176345557-0.16132265596458306j),(0.07917001875610262-0.08946716589775892j),(0.07917001875610097-0.08946716589776217j),(0.1225226813097327-0.16147376727014753j)
62250000.3775,(0.12163178043597128-0.1611056360426682j),(0.07873838098432191-0.08941202617962342j),(0.07873838098432102-0.08941202617962518j),(0.12178683801506521-0.16125767002794067j)
62300000.377,(0.1208965402704007-0.1608850915124758j),(0.07830630298450712-0.08935465224018253j),(0.07830630298450618-0.0893546522401841j),(0.1210512202432158-0.16103804911209663j)
62350000.376499996,(0.12016154872676299-0.16066101620088422j),(0.07787379666276006-0.08929503516710527j),(0.07787379666276163-0.0892950351671022j),(0.12031584542455165-0.16081489831558005j)
62400000.375999995,(0.11942682336773255-0.16043340401252168j),(0.07744087403861-0.08923316610124858j),(0.07744087403861005-0.08923316610124814j),(0.11958073109227439-0.16058821150869185j)
62450000.3755,(0.11869238185861336-0.1602022489309988j),(0.07700754724506575-0.08916903623796278j),(0.07700754724506619-0.08916903623796163j),(0.11884589488235353-0.1603579826403338j)
62500000.375,(0.11795824196725589-0.15996754502018223j),(0.07657382852867502-0.08910263682836865j),(0.07657382852867638-0.08910263682836593j),(0.11811135453349483-0.16012420573923877j)
62550000.3745,(0.11722442156398877-0.15972928642544165j),(0.07613973024956007-0.08903395918066237j),(0.07613973024955985-0.08903395918066266j),(0.11737712788704141-0.1598868749152557j)
62600000.374,(0.11649093862153305-0.15948746737492656j),(0.07570526488143683-0.08896299466143376j),(0.07570526488143704-0.08896299466143351j),(0.11664323288690634-0.15964598436060592j)
62650000.3735,(0.11575781121487674-0.15924208218084884j),(0.07527044501163012-0.08888973469697124j),(0.07527044501162988-0.08888973469697148j),(0.1159096875794697-0.1594015283511598j)
62700000.372999996,(0.11502505752119291-0.15899312524075154j),(0.07483528334106603-0.08881417077459311j),(0.07483528334106622-0.08881417077459274j),(0.11517651011346904-0.1591535012477204j)
62750000.372499995,(0.11429269581967691-0.15874059103880994j),(0.0743997926842551-0.08873629444397854j),(0.07439979268425491-0.08873629444397892j),(0.1144437187398556-0.15890189749732794j)
62800000.371999994,(0.11356074449140768-0.15848447414713812j),(0.07396398596925789-0.0886560973185115j),(0.07396398596926011-0.08865609731850693j),(0.11371133181167745-0.15864671163453542j)
62850000.3715,(0.1128292220191989-0.15822476922706552j),(0.0735278762376427-0.08857357107660961j),(0.0735278762376415-0.08857357107661176j),(0.11297936778390605-0.15838793828273048j)
62900000.371,(0.11209814698741877-0.15796147103047264j),(0.07309147664441082-0.08848870746311291j),(0.07309147664441105-0.0884887074631125j),(0.11224784521327008-0.15812557215543988j)
62950000.3705,(0.11136753808178257-0.15769457440110907j),(0.07265480045793653-0.08840149829060841j),(0.07265480045793742-0.08840149829060685j),(0.11151678275807687-0.15785960805764543j)
63000000.37,(0.11063741408917226-0.15742407427589508j),(0.07221786105986194-0.08831193544081559j),(0.07221786105986162-0.08831193544081609j),(0.11078619917800618-0.15759004088710682j)
63050000.3695,(0.10990779389740285-0.1571499656862755j),(0.07178067194499177-0.08822001086596913j),(0.07178067194499424-0.08822001086596445j),(0.11005611333388907-0.15731686563570385j)
63100000.368999995,(0.10917869649498574-0.15687224375954048j),(0.07134324672117849-0.08812571659017282j),(0.07134324672117827-0.08812571659017292j),(0.10932654418749735-0.15704007739075107j)
63150000.368499994,(0.10845014097089424-0.156590903720166j),(0.0709055991091684-0.08802904471082229j),(0.07090559910916872-0.08802904471082171j),(0.10859751080127265-0.15675967133636226j)
63200000.368,(0.10772214651426419-0.15630594089118074j),(0.07046774294246251-0.08792998739996953j),(0.07046774294246154-0.08792998739997093j),(0.10786903233808055-0.1564756427547822j)
63250000.3675,(0.10699473241414513-0.15601735069549358j),(0.07002969216713363-0.08782853690574176j),(0.07002969216713409-0.0878285369057407j),(0.10714112806092682-0.1561879870277482j)
63300000.367,(0.1062679180591789-0.15572512865726756j),(0.06959146084164947-0.08772468555373106j),(0.06959146084164708-0.0877246855537347j),(0.10641381733266787-0.15589669963784386j)
63350000.3665,(0.10554172293729479-0.15542927040327661j),(0.06915306313665598-0.08761842574842946j),(0.06915306313665805-0.08761842574842561j),(0.10568711961569356-0.15560177616986823j)
63400000.366,(0.1048161666353728-0.1551297716642801j),(0.06871451333477756-0.08750974997461221j),(0.06871451333477614-0.08750974997461453j),(0.1049610544716074-0.15530321231220098j)
63450000.365499996,(0.1040912688388922-0.15482662827639238j),(0.06827582583035433-0.08739865079880184j),(0.06827582583035394-0.08739865079880213j),(0.10423564156088064-0.15500100385817556j)
63500000.364999995,(0.10336704933158467-0.15451983618245366j),(0.06783701512921103-0.08728512087066018j),(0.06783701512921043-0.08728512087066098j),(0.10351090064248714-0.154695146707467j)
63550000.3645,(0.10264352799502341-0.15420939143342743j),(0.06739809584837239-0.08716915292444274j),(0.06739809584837272-0.08716915292444216j),(0.10278685157353472-0.1543856368674621j)
63600000.364,(0.10192072480824411-0.15389529018977646j),(0.06695908271578052-0.08705073978042793j),(0.0669590827157818-0.08705073978042561j),(0.10206351430886589-0.15407247045465594j)
63650000.3635,(0.10119865984731871-0.15357752872285835j),(0.06651999056998836-0.0869298743463601j),(0.06651999056998772-0.08692987434636106j),(0.10134090890064887-0.15375564369604142j)
63700000.363,(0.10047735328492732-0.15325610341631984j),(0.06608083435983075-0.0868065496189086j),(0.06608083435983245-0.08680654961890565j),(0.10061905549794298-0.1534351529305068j)
63750000.3625,(0.09975682538990524-0.15293101076748825j),(0.0656416291440944-0.08668075868509462j),(0.06564162914409419-0.08668075868509491j),(0.09989797434626148-0.15311099461023173j)
63800000.361999996,(0.09903709652676576-0.15260224738878617j),(0.06520239009114373-0.08655249472377535j),(0.06520239009114355-0.08655249472377574j),(0.09917768578709518-0.15278316530209335j)
63850000.361499995,(0.09831818715521734-0.1522698100091295j),(0.0647631324785549-0.08642175100708534j),(0.06476313247855556-0.08642175100708391j),(0.0984582102574381-0.15245166168907615j)
63900000.360999994,(0.09760011782966199-0.15193369547533364j),(0.06432387169271539-0.08628852090190213j),(0.06432387169271649-0.08628852090190033j),(0.09773956828928188-0.1521164805716759j)
63950000.3605,(0.09688290919865765-0.15159390075353604j),(0.06388462322841024-0.08615279787131723j),(0.06388462322840892-0.08615279787131938j),(0.09702178050910637-0.15177761886931188j)
64000000.36,(0.0961665820043933-0.15125042293059285j),(0.06344540268838378-0.08601457547610872j),(0.06344540268838271-0.08601457547611047j),(0.09630486763732587-0.15143507362175146j)
64050000.3595,(0.0954511570821117-0.15090325921551234j),(0.06300622578289666-0.08587384737620493j),(0.06300622578289575-0.0858738473762062j),(0.09558885048774644-0.1510888419905193j)
64100000.359,(0.0947366553595317-0.15055240694086658j),(0.06256710832924735-0.0857306073321663j),(0.062567108329245-0.08573060733216974j),(0.0948737499669823-0.1507389212603228j)
64150000.3585,(0.09402309785625275-0.15019786356421336j),(0.06212806625128213-0.08558484920666881j),(0.062128066251281894-0.08558484920666919j),(0.09415958707386624-0.15038530884047221j)
64200000.357999995,(0.09331050568314572-0.14983962666950879j),(0.061689115578892936-0.08543656696596873j),(0.06168911557889112-0.08543656696597138j),(0.09344638289883928-0.15002800226630642j)
64250000.357499994,(0.09259890004168206-0.14947769396855987j),(0.06125027244747458-0.08528575468140998j),(0.06125027244747635-0.08528575468140713j),(0.09273415862330597-0.14966699920061732j)
64300000.357,(0.09188830222332132-0.14911206330241183j),(0.06081155309739465-0.08513240653087845j),(0.06081155309739367-0.08513240653087988j),(0.09202293551899413-0.1493022974350839j)
64350000.3565,(0.09117873360879362-0.14874273264280674j),(0.06037297387340216-0.08497651680032124j),(0.06037297387340088-0.08497651680032303j),(0.091312734947283-0.14893389489168762j)
64400000.356,(0.09047021566743041-0.1483697000935924j),(0.059934551224057095-0.08481807988521146j),(0.059934551224057366-0.08481807988521103j),(0.09060357835850313-0.14856178962415664j)
64450000.3555,(0.08976276995643138-0.14799296389216038j),(0.05949630170111628-0.08465709029204216j),(0.05949630170111711-0.08465709029204066j),(0.08989548729123713-0.14818597981938164j)
64500000.355,(0.08905641812014112-0.14761252241086506j),(0.05905824195890145-0.08449354263982164j),(0.05905824195890264-0.08449354263981973j),(0.08918848337156876-0.1478064637988643j)
64550000.354499996,(0.0883511818892795-0.14722837415846074j),(0.05862038875365154-0.08432743166156245j),(0.05862038875365637-0.08432743166155558j),(0.08848258831236193-0.14742324002012727j)
64600000.353999995,(0.08764708308017152-0.14684051778152446j),(0.058182758942861755-0.08415875220575741j),(0.05818275894286012-0.08415875220575975j),(0.08777782391246408-0.1470363070781566j)
64650000.3535,(0.08694414359395675-0.14644895206588188j),(0.05774536948457043-0.08398749923790663j),(0.057745369484569355-0.08398749923790813j),(0.08707421205591592-0.14664566370683643j)
64700000.353,(0.08624238541575482-0.1460536759380431j),(0.05730823743667363-0.08381366784196853j),(0.05730823743667566-0.08381366784196574j),(0.08637177471115647-0.14625130878036266j)
64750000.3525,(0.08554183061384212-0.14565468846661506j),(0.056871379956182834-0.08363725322186495j),(0.0568713799561835-0.08363725322186391j),(0.08567053393017689-0.14585324131468322j)
64800000.352,(0.08484250133878048-0.14525198886373877j),(0.05643481429846562-0.08345825070298184j),(0.056434814298468396-0.08345825070297792j),(0.08497051184766187-0.1454514604689233j)
64850000.3515,(0.08414441982255003-0.14484557648650362j),(0.05599855781648352-0.08327665573363956j),(0.05599855781648474-0.08327665573363799j),(0.08427173068012912-0.14504596554680904j)
64900000.350999996,(0.08344760837763954-0.1444354508383683j),(0.05556262795998463-0.08309246388659447j),(0.05556262795998652-0.08309246388659196j),(0.08357421272502623-0.14463675599808673j)
64950000.350499995,(0.08275208939612158-0.14402161157058746j),(0.05512704227469959-0.08290567086051287j),(0.055127042274699584-0.08290567086051295j),(0.08287798035981096-0.1442238314199556j)
65000000.349999994,(0.08205788534871776-0.14360405848361857j),(0.05469181840149242-0.08271627248146395j),(0.05469181840148964-0.08271627248146758j),(0.08218305604101565-0.1438071915584791j)
65050000.3495,(0.08136501878382846-0.14318279152854035j),(0.05425697407550353-0.08252426470439893j),(0.054256974075504553-0.08252426470439746j),(0.0814894623032975-0.14338683630999569j)
65100000.349,(0.08067351232655433-0.14275781080845606j),(0.053822527125280455-0.08232964361461645j),(0.053822527125280656-0.0823296436146162j),(0.0807972217584402-0.14296276572254954j)
65150000.3485,(0.07998338867766756-0.1423291165799157j),(0.053388495471855424-0.08213240542926063j),(0.05338849547185461-0.08213240542926152j),(0.08010635709436434-0.14253497999728332j)
65200000.348,(0.07929467061261704-0.14189670925429934j),(0.05295489712783551-0.08193254649877638j),(0.05295489712783098-0.08193254649878177j),(0.07941689107410341-0.142103479489851j)
65250000.3475,(0.07860738098044703-0.14146058939923253j),(0.05252175019644272-0.08173006330839566j),(0.05252175019644307-0.08173006330839502j),(0.07872884653475018-0.1416682647118251j)
65300000.346999995,(0.07792154270273934-0.14102075773996986j),(0.052089072870565974-0.08152495247957525j),(0.05208907287056652-0.08152495247957448j),(0.07804224638640068-0.1412293363320873j)
65350000.346499994,(0.07723717877251414-0.14057721516079308j),(0.05165688343174722-0.0813172107714881j),(0.051656883431748-0.08131721077148694j),(0.07735711361105814-0.14078669517822476j)
65400000.346,(0.07655431225312032-0.1401299627063908j),(0.05122520024918242-0.08110683508246314j),(0.051225200249183485-0.08110683508246172j),(0.07667347126152503-0.14034034223791952j)
65450000.3455,(0.07587296627709134-0.1396790015832389j),(0.05079404177868273-0.08089382245144179j),(0.050794041778683345-0.08089382245144089j),(0.07599134246026443-0.13989027866033454j)
65500000.345,(0.07519316404498723-0.139224333160977j),(0.05036342656161794-0.0806781700594225j),(0.05036342656161423-0.08067817005942694j),(0.07531075039825595-0.1394365057574825j)
65550000.3445,(0.07451492882421323-0.13876595897377295j),(0.049933373223827376-0.08045987523091637j),(0.049933373223828424-0.08045987523091501j),(0.07463171833380856-0.13897902500561193j)
65600000.344,(0.0738382839478105-0.1383038807216927j),(0.04950390047454145-0.08023893543535258j),(0.04950390047454051-0.08023893543535346j),(0.07395426959137347-0.1385178380465554j)
65650000.343499996,(0.07316325281324743-0.13783810027203733j),(0.049075027105227265-0.0800153482885428j),(0.049075027105229416-0.08001534828854025j),(0.07327842756030986-0.13805294668910478j)
65700000.342999995,(0.07248985888113192-0.13736861966072225j),(0.04864677198846609-0.07978911155407957j),(0.04864677198846536-0.07978911155408037j),(0.07260421569364847-0.1375843529103558j)
65750000.3425,(0.07181812567399906-0.13689544109357613j),(0.048219154076764206-0.07956022314476852j),(0.04821915407676485-0.0795602231447677j),(0.0719316575068265-0.1371120588570508j)
65800000.342,(0.07114807677496704-0.136418566947712j),(0.047792192401378115-0.07932868112402677j),(0.04779219240137915-0.07932868112402566j),(0.07126077657640159-0.1366360668469235j)
65850000.3415,(0.07047973582644221-0.13593799977283158j),(0.047365906071086754-0.07909448370728993j),(0.047365906071087045-0.0790944837072896j),(0.07059159653873222-0.13615637937001965j)
65900000.341,(0.06981312652878102-0.1354537422925504j),(0.04694031427096069-0.07885762926340642j),(0.046940314270957885-0.07885762926340946j),(0.06992414108865978-0.13567299909002412j)
65950000.3405,(0.06914827263893712-0.13496579740569375j),(0.046515436261094355-0.07861811631602633j),(0.04651543626109658-0.07861811631602367j),(0.06925843397813802-0.13518592884557193j)
66000000.339999996,(0.06848519796905948-0.13447416818761398j),(0.0460912913753404-0.07837594354496405j),(0.04609129137534112-0.07837594354496329j),(0.0685944990148747-0.13469517165154954j)
66050000.339499995,(0.0678239263851121-0.13397885789146102j),(0.04566789901998003-0.07813110978758879j),(0.045667899019984165-0.07813110978758406j),(0.06793236006090807-0.1342007307003906j)
66100000.338999994,(0.06716448180542223-0.13347986994947525j),(0.04524527867241971-0.0778836140401606j),(0.045245278672420175-0.07788361404016007j),(0.06727204103120922-0.13370260936336134j)
66150000.3385,(0.0665068881992585-0.1329772079742465j),(0.044823449879817054-0.07763345545920247j),(0.04482344987981659-0.07763345545920285j),(0.06661356589221862-0.1332008111918312j)
66200000.338,(0.06585116958533187-0.13247087575998276j),(0.044402432257724965-0.07738063336282101j),(0.044402432257724965-0.07738063336282101j),(0.06595695866039654-0.13269533991853416j)
66250000.3375,(0.06519735003032281-0.13196087728374709j),(0.04398224548868774-0.0771251472320451j),(0.04398224548868891-0.07712514723204365j),(0.06530224340071511-0.13218619945883472j)
66300000.337,(0.06454545364735931-0.13144721670669995j),(0.04356290932082596-0.07686699671213748j),(0.04356290932082662-0.07686699671213663j),(0.06464944422516575-0.13167339391194977j)
66350000.3365,(0.06389550459446326-0.13092989837532723j),(0.04314444356639082-0.07660618161390809j),(0.043144443566388885-0.07660618161390975j),(0.06399858529121889-0.13115692756218944j)
66400000.335999995,(0.06324752707302755-0.1304089268226391j),(0.04272686810030104-0.0763427019150102j),(0.04272686810030084-0.0763427019150104j),(0.06334969080025299-0.13063680488018073j)
66450000.335499994,(0.06260154532618795-0.1298843067693876j),(0.042310202858665956-0.07607655776121146j),(0.04231020285866281-0.07607655776121468j),(0.06270278499601008-0.13011303052405548j)
66500000.335,(0.06195758363725455-0.1293560431252357j),(0.04189446783725699-0.07580774946768418j),(0.04189446783725845-0.07580774946768272j),(0.062057892162958705-0.12958560934065932j)
66550000.3345,(0.061315666328059834-0.12882414098995018j),(0.04147968309000191-0.07553627752024243j),(0.04147968309000371-0.0755362775202407j),(0.06141503662470385-0.12905454636671992j)
66600000.334,(0.060675817757333377-0.12828860565454064j),(0.041065868727411275-0.07526214257660271j),(0.04106586872741034-0.07526214257660357j),(0.06077424274232163-0.12851984683001905j)
66650000.3335,(0.060038062319007546-0.12774944260242796j),(0.040653044915004356-0.07498534546761841j),(0.04065304491500827-0.07498534546761446j),(0.06013553491269743-0.1279815161505447j)
66700000.333,(0.05940242444054407-0.12720665751055474j),(0.04024123187172976-0.07470588719847468j),(0.040241231871730725-0.07470588719847365j),(0.05949893756684393-0.1274395599416245j)
66750000.332499996,(0.058768928581214595-0.1266602562505179j),(0.039830449868320655-0.07442376894992064j),(0.03983044986831808-0.07442376894992309j),(0.058864475168193105-0.12689398401104798j)
66800000.331999995,(0.05813759923035377-0.12611024488966563j),(0.03942071922566154-0.07413899207944726j),(0.03942071922566375-0.07413899207944506j),(0.05823217221084765-0.12634479436218365j)
66850000.331499994,(0.05750846090562296-0.12555662969217893j),(0.03901206031314163-0.07385155812244559j),(0.03901206031314027-0.07385155812244669j),(0.05760205321784981-0.12579199719506046j)
66900000.331,(0.05688153815121263-0.1249994171201473j),(0.03860449354693681-0.07356146879339358j),(0.03860449354693503-0.07356146879339515j),(0.056974142739395287-0.1252355989074474j)
66950000.3305,(0.05625685553604781-0.12443861383462558j),(0.038198039388327956-0.07326872598697969j),(0.03819803938832715-0.07326872598698034j),(0.05634846535103999-0.12467560609591767j)
67000000.33,(0.05563443765197635-0.12387422669665955j),(0.037792718341961906-0.07297333177923206j),(0.03779271834196122-0.07297333177923256j),(0.055725045651878594-0.12411202555688698j)
67050000.3295,(0.05501430911191427-0.12330626276832003j),(0.0373885509540983-0.0726752884286362j),(0.03738855095409879-0.07267528842863566j),(0.055103908262710576-0.12354486428764627j)
67100000.328999996,(0.05439649454798374-0.12273472931369733j),(0.036985557810845046-0.07237459837721728j),(0.036985557810844234-0.07237459837721803j),(0.05448507782418649-0.12297412948736056j)
67150000.3285,(0.05378101860963983-0.12215963379988462j),(0.03658375953635487-0.07207126425162626j),(0.03658375953635462-0.07207126425162644j),(0.05386857899491153-0.12239982855807241j)
67200000.328,(0.05316790596175734-0.12158098389794827j),(0.03618317679102178-0.07176528886418913j),(0.03618317679102125-0.07176528886418966j),(0.05325443644956141-0.12182196910566777j)
67250000.3275,(0.05255718128269812-0.12099878748387632j),(0.035783830269637225-0.07145667521394948j),(0.03578383026963445-0.0714566752139518j),(0.05264267487695096-0.12124055894082653j)
67300000.32699999,(0.051948869262384734-0.12041305263950569j),(0.03538574069953574-0.07114542648769585j),(0.035385740699535345-0.071145426487696j),(0.05203331897809731-0.12065560607996986j)
67350000.3265,(0.051342994600317216-0.11982378765342831j),(0.034988928838725245-0.07083154606094957j),(0.03498892883872345-0.07083154606095084j),(0.05142639346425096-0.12006711874616681j)
67400000.32599999,(0.050739582003596635-0.11923100102188369j),(0.03459341547397682-0.07051503749896276j),(0.034593415473978616-0.07051503749896122j),(0.05082192305492288-0.11947510537003117j)
67450000.3255,(0.05013865618491341-0.11863470144962988j),(0.03419922141892259-0.07019590455766848j),(0.034199221418924605-0.07019590455766649j),(0.05021993247587851-0.11887957459059972j)
67500000.325,(0.04954024186053131-0.11803489785078405j),(0.03380636751210352-0.06987415118463254j),(0.033806367512105376-0.06987415118463079j),(0.0496204464571076-0.11828053525618874j)
67550000.3245,(0.04894436374823236-0.11743159934966049j),(0.03341487461502273-0.06954978151997301j),(0.03341487461502456-0.06954978151997146j),(0.04902348973079655-0.11767799642522715j)
67600000.324,(0.04835104656525418-0.11682481528156963j),(0.03302476361016287-0.06922279989725953j),(0.03302476361016332-0.06922279989725892j),(0.04842908702926244-0.11707196736706588j)
67650000.32349999,(0.04776031502622002-0.11621455519360113j),(0.032636055398989894-0.06889321084439629j),(0.03263605539899308-0.0688932108443936j),(0.04783726308286895-0.11646245756277462j)
67700000.323,(0.047172193841024036-0.11560082884538658j),(0.03224877089994449-0.06856101908447497j),(0.03224877089994618-0.06856101908447351j),(0.04724804261792695-0.1158494767059142j)
67750000.32249999,(0.0465867077127086-0.11498364620984586j),(0.03186293104639487-0.06822622953661861j),(0.03186293104639519-0.0682262295366183j),(0.04666145035459199-0.11523303470326796j)
67800000.322,(0.0460038813353397-0.11436301747389639j),(0.03147855678459186-0.06788884731679232j),(0.03147855678459472-0.06788884731678987j),(0.046077511004711615-0.11461314167558247j)
67850000.3215,(0.04542373939183769-0.11373895303914533j),(0.03109566907159972-0.06754887773858823j),(0.031095669071601564-0.06754887773858667j),(0.045496249269677075-0.11398980795826298j)
67900000.321,(0.044846306551814506-0.11311146352256243j),(0.030714288873196043-0.06720632631400315j),(0.03071428887320029-0.06720632631399966j),(0.0449176898382607-0.11336304410204344j)
67950000.3205,(0.044271607469368646-0.11248055975712365j),(0.030334437161775592-0.06686119875417083j),(0.030334437161772837-0.06686119875417294j),(0.04434185738441163-0.11273286087364881j)
68000000.32,(0.04369966678088207-0.11184625279243433j),(0.029956134914200468-0.06651350097010239j),(0.029956134914204763-0.06651350097009896j),(0.043768776565055-0.11209926925641753j)
68050000.3195,(0.04313050910280182-0.11120855389532133j),(0.029579403109697866-0.06616323907335124j),(0.02957940310970209-0.06616323907334803j),(0.04319847201787733-0.11146228045090939j)
68100000.31899999,(0.04256415902938278-0.11056747455040639j),(0.029204262727658362-0.06581041937671077j),(0.02920426272766104-0.065810419376709j),(0.042630968359074685-0.11082190587547747j)
68150000.3185,(0.04200064113043629-0.10992302646065055j),(0.028830734745481583-0.06545504839484842j),(0.028830734745477753-0.0654550483948512j),(0.04206629018109703-0.11017815716683058j)
68200000.318,(0.04143997994906103-0.10927522154787127j),(0.028458840136364856-0.06509713284493333j),(0.02845884013636712-0.06509713284493156j),(0.04150446205038159-0.10953104618055132j)
68250000.3175,(0.04088219999933287-0.10862407195324045j),(0.028088599867118633-0.06473667964721551j),(0.028088599867122473-0.06473667964721264j),(0.04094550850505521-0.10888058499160541j)
68300000.317,(0.040327325764023876-0.107969590037745j),(0.02772003489591722-0.06437369592561036j),(0.02772003489592092-0.06437369592560767j),(0.040389454052637164-0.10822678589480941j)
68350000.3165,(0.03977538169225035-0.10731178838263088j),(0.027353166170064492-0.06400818900823181j),(0.027353166170064048-0.06400818900823192j),(0.03983632316771715-0.10756966140527793j)
68400000.316,(0.03922639219717025-0.10665067978980984j),(0.026988014623732647-0.06364016642791394j),(0.026988014623730336-0.06364016642791562j),(0.039286140289612595-0.10690922425885238j)
68450000.31549999,(0.03868038165359971-0.10598627728224876j),(0.02662460117569249-0.06326963592269313j),(0.026624601175692778-0.0632696359226929j),(0.03873892982002914-0.10624548741248392j)
68500000.315,(0.03813737439566449-0.10531859410432444j),(0.0262629467270313-0.06289660543626693j),(0.026262946727035098-0.06289660543626423j),(0.03819471612069493-0.10557846404460243j)
68550000.3145,(0.037597394714423436-0.10464764372214908j),(0.02590307215884842-0.06252108311842712j),(0.025903072158848822-0.06252108311842673j),(0.03765352351098425-0.10490816755544935j)
68600000.314,(0.037060466855470056-0.10397343982387137j),(0.025544998329929115-0.06214307732547226j),(0.025544998329928213-0.0621430773254728j),(0.03711537626550949-0.10423461156739466j)
68650000.3135,(0.03652661501652331-0.10329599631994787j),(0.025188746074428506-0.0617625966205717j),(0.025188746074426713-0.06176259662057291j),(0.03658029861174344-0.10355780992520125j)
68700000.313,(0.035995863345009316-0.10261532734338105j),(0.02483433619952391-0.061379649774116744j),(0.024834336199521353-0.06137964977411813j),(0.036048314727583325-0.10287777669628524j)
68750000.3125,(0.035468235935646616-0.10193144724992992j),(0.02448178948306024-0.06099424576403889j),(0.024481789483061348-0.06099424576403788j),(0.035519448738928205-0.10219452617093179j)
68800000.31199999,(0.0349437568279789-0.10124437061829838j),(0.02413112667118667-0.060606393776093115j),(0.02413112667118835-0.060606393776091776j),(0.03499372471723638-0.10150807286248335j)
68850000.3115,(0.03442245000394402-0.10055411225027383j),(0.023782368475968207-0.06021610320412183j),(0.02378236847597135-0.060216103204119624j),(0.03447116667706586-0.10081843150750587j)
68900000.311,(0.03390433938538462-0.09986068717086043j),(0.02343553557300035-0.059823383650277555j),(0.023435535573003617-0.059823383650275355j),(0.033951798573622814-0.10012561706590596j)
68950000.3105,(0.03338944883159999-0.09916411062835706j),(0.023090648599007228-0.05942824492522187j),(0.02309064859900962-0.05942824492522035j),(0.033435644300271496-0.0994296447210411j)
69000000.31,(0.03287780213683262-0.09846439809442492j),(0.022747728149422684-0.059030697048292925j),(0.022747728149424586-0.05903069704829149j),(0.03292272768606182-0.09873052987977773j)
69050000.3095,(0.03236942302779152-0.09776156526410819j),(0.022406794775970414-0.058630750247640785j),(0.022406794775973394-0.05863075024763903j),(0.03241307249321714-0.09802828817253728j)
69100000.309,(0.03186433516113654-0.09705562805583165j),(0.022067868984234074-0.05822841496032575j),(0.022067868984235517-0.05822841496032486j),(0.031906702414650975-0.09732293545328254j)
69150000.30849999,(0.031362562120967594-0.09634660261136256j),(0.021730971231202247-0.057823701832401236j),(0.02173097123120579-0.057823701832398926j),(0.03140364107143114-0.09661448779950958j)
69200000.308,(0.030864127416299996-0.09563450529574263j),(0.021396121922832176-0.0574166217189427j),(0.02139612192283283-0.057416621718942185j),(0.030903912010268667-0.09590296151217394j)
69250000.3075,(0.030369054478534364-0.09491935269718481j),(0.021063341411572182-0.05700718568406633j),(0.02106334141156916-0.05700718568406821j),(0.03040753870098439-0.0951883731156029j)
69300000.307,(0.029877366658918766-0.09420116162693996j),(0.020732649993900103-0.05659540500090158j),(0.020732649993899246-0.056595405000902155j),(0.029914544533966084-0.09447073935737034j)
69350000.3065,(0.02938908722599738-0.093479949119129j),(0.02040406790784732-0.05618129115153068j),(0.020404067907852836-0.05618129115152725j),(0.02942495281762613-0.09375007720813237j)
69400000.306,(0.028904239363059477-0.09275573243054153j),(0.0200776153305253-0.05576485582689702j),(0.02007761533052103-0.055764855826899516j),(0.02893878677584538-0.09302640386144663j)
69450000.3055,(0.028422846165590734-0.09202852904040104j),(0.01975331237559447-0.0553461109267036j),(0.019753312375600397-0.0553461109267002j),(0.028456069545416025-0.09229973673353427j)
69500000.30499999,(0.027944930638688126-0.09129835665010125j),(0.019431179090825906-0.05492506855922318j),(0.019431179090830634-0.05492506855922039j),(0.027976824173483086-0.09157009346302732j)
69550000.3045,(0.027470515694516074-0.09056523318289227j),(0.01911123545555156-0.05450174104113445j),(0.01911123545555117-0.05450174104113467j),(0.02750107361495793-0.09083749191067557j)
69600000.30399999,(0.02699962414970565-0.08982917678356106j),(0.01879350137816332-0.05407614089729775j),(0.01879350137816783-0.054076140897294935j),(0.02702884072994296-0.09010195015902338j)
69650000.3035,(0.026532278722791687-0.08909020581804823j),(0.018477996693627433-0.05364828086047863j),(0.018477996693630434-0.05364828086047683j),(0.02656014828117933-0.08936348651203634j)
69700000.303,(0.026068502031632055-0.08834833887304322j),(0.01816474116093363-0.05321817387107583j),(0.018164741160933414-0.05321817387107593j),(0.026095018931418974-0.08862211949472001j)
69750000.3025,(0.025608316590803468-0.08760359475555508j),(0.01785375446058688-0.052785833076790446j),(0.017853754460589514-0.05278583307678915j),(0.025633475240880336-0.0878778678526775j)
69800000.302,(0.02515174480903185-0.08685599249242955j),(0.017545056192094118-0.052351271832257j),(0.017545056192092387-0.052351271832257865j),(0.02517553966463498-0.0871307505516467j)
69850000.3015,(0.024698808986602053-0.08610555132983255j),(0.01723866587141002-0.051914503698662594j),(0.017238665871413768-0.05191450369866075j),(0.024721234550009547-0.0863807867770093j)
69900000.301,(0.024249531312743954-0.085352290732724j),(0.016934602928445938-0.05147554244329752j),(0.016934602928436803-0.05147554244330242j),(0.02427058213402167-0.08562799593323366j)
69950000.30049999,(0.02380393386306656-0.08459623038425773j),(0.016632886704481865-0.0510344020391206j),(0.016632886704480616-0.05103440203912108j),(0.02382360454073999-0.08487239764332957j)
70000000.3,(0.023362038596947556-0.08383739018517442j),(0.016333536449701418-0.05059109666422016j),(0.01633353644970126-0.05059109666422036j),(0.02338032377872727-0.08411401174822059j)
70050000.2995,(0.022923867354933267-0.08307579025315714j),(0.01603657132060961-0.050145640701310334j),(0.01603657132060853-0.050145640701310806j),(0.0229407617384353-0.08335285830610947j)
70100000.299,(0.02248944185616944-0.08231145092212687j),(0.015742010377515686-0.04969804873714543j),(0.01574201037751217-0.04969804873714709j),(0.022504940189591875-0.08258895759180349j)
70150000.2985,(0.02205878369578314-0.0815443927415331j),(0.015449872581999919-0.049248335561915456j),(0.015449872581994314-0.049248335561918356j),(0.022072880778621753-0.0818223300959902j)
70200000.298,(0.021631914342305544-0.08077463647558863j),(0.015160176794384722-0.048796516168606245j),(0.01516017679437713-0.0487965161686099j),(0.021644605026054396-0.08105299652449835j)
70250000.2975,(0.02120885513508213-0.0800022031024734j),(0.01487294177119195-0.04834260575232164j),(0.014872941771189746-0.048342605752322715j),(0.021220134323908946-0.0802809777975092j)
70300000.29699999,(0.02078962728168166-0.07922711381350844j),(0.014588186162644859-0.04788661970955854j),(0.014588186162638548-0.047886619709561665j),(0.020799489933155224-0.07950629504871788j)
70350000.2965,(0.020374251855324467-0.07844939001227773j),(0.01430592851009898-0.04742857363747804j),(0.014305928510098454-0.047428573637478204j),(0.02038269298106899-0.07872896962450131j)
70400000.296,(0.019962749792286495-0.07766905331373461j),(0.01402618724356531-0.04696848333309619j),(0.014026187243560428-0.046968483333098165j),(0.01996976445870085-0.07794902308299928j)
70450000.2955,(0.019555141889345824-0.07688612554325282j),(0.013748980679150896-0.046506364792483594j),(0.013748980679149772-0.046506364792484184j),(0.019560725218252292-0.07716647719320273j)
70500000.295,(0.019151448801192662-0.07610062873565467j),(0.013474327016585477-0.046042234209886145j),(0.0134743270165771-0.04604223420989014j),(0.019155595970552036-0.07638135393396256j)
70550000.2945,(0.018751691037887624-0.07531258513419471j),(0.013202244336668766-0.045576107976854664j),(0.01320224433666864-0.04557610797685469j),(0.018754397282451728-0.07559367549300881j)
70600000.294,(0.018355888962281713-0.07452201718951017j),(0.012932750598815627-0.04510800268128733j),(0.012932750598814829-0.04510800268128783j),(0.01835714957428072-0.074803464265893j)
70650000.29349999,(0.017964062787485715-0.07372894755853293j),(0.012665863638517799-0.04463793510648594j),(0.012665863638521414-0.04463793510648419j),(0.01796387311728973-0.07401074285491711j)
70700000.293,(0.01757623257431594-0.07293339910336678j),(0.012401601164880802-0.04416592223013722j),(0.01240160116488368-0.04416592223013593j),(0.017574588031103844-0.07321553406801684j)
70750000.2925,(0.01719241822876534-0.07213539489012984j),(0.012139980758125477-0.04369198122328468j),(0.012139980758128515-0.043691981223283195j),(0.017189314281183622-0.07241786091761343j)
70800000.292,(0.016812639499472183-0.07133495818775382j),(0.01188101986712655-0.04321612944924271j),(0.011881019867122344-0.04321612944924442j),(0.0168080716762982-0.07161774661942169j)
70850000.2915,(0.0164369159752055-0.0705321124667557j),(0.01162473580692083-0.04273838446249938j),(0.011624735806927251-0.04273838446249668j),(0.016430879865996305-0.0708152145912306j)
70900000.291,(0.016065267082345944-0.0697268813979675j),(0.011371145756296417-0.04225876400754617j),(0.01137114575629843-0.04225876400754529j),(0.01605775833810128-0.07001028845163895j)
70950000.2905,(0.015697712082424202-0.06891928885122496j),(0.011120266755299583-0.041777286017716166j),(0.011120266755297223-0.04177728601771731j),(0.015688726416205057-0.06920299201876218j)
71000000.28999999,(0.015334270069590678-0.06810935889403186j),(0.010872115702808905-0.041293968613955664j),(0.010872115702816269-0.041293968613952625j),(0.015323803257170279-0.06839334930889811j)
71050000.2895,(0.014974959968169114-0.0672971157901806j),(0.010626709354147617-0.04080883010355541j),(0.010626709354149125-0.040808830103554794j),(0.014963007848689798-0.06758138453515004j)
71100000.289,(0.014619800530177593-0.0664825839983367j),(0.010384064318599794-0.04032188897888337j),(0.010384064318601649-0.040321888978882524j),(0.014606359006751092-0.06676712210603289j)
71150000.2885,(0.014268810332906518-0.0656657881705818j),(0.010144197057072172-0.03983316391603435j),(0.010144197057074882-0.039833163916033205j),(0.014253875373243737-0.06595058662402453j)
71200000.288,(0.013922007776441488-0.06484675315094195j),(0.009907123879672013-0.03934267377347698j),(0.009907123879669773-0.0393426737734778j),(0.01390557541349202-0.06513180288408381j)
71250000.2875,(0.013579411081282645-0.06402550397384768j),(0.009672860943329531-0.03885043759065501j),(0.009672860943332015-0.038850437590654284j),(0.013561477413821766-0.0643107958721461j)
71300000.287,(0.013241038285899152-0.06320206586259033j),(0.009441424249454032-0.03835647458654564j),(0.009441424249462383-0.03835647458654269j),(0.01322159947916764-0.06348759076356213j)
71350000.28649999,(0.012906907244370531-0.06237646422771657j),(0.009212829641581915-0.037860804158190195j),(0.009212829641579923-0.037860804158191014j),(0.012885959530656865-0.06266221292152167j)
71400000.286,(0.012577035623989902-0.06154872466540483j),(0.008987092803013904-0.037363445879200485j),(0.008987092803015304-0.03736344587919984j),(0.012554575303230264-0.061834687895428404j)
71450000.28549999,(0.01225144090291199-0.06071887295579643j),(0.008764229254549434-0.03686441949819688j),(0.008764229254545692-0.036864419498198235j),(0.012227464343285713-0.061005041419241214j)
71500000.285,(0.011930140367797092-0.05988693506130709j),(0.008544254352136323-0.03636374493725568j),(0.00854425435213568-0.0363637449372558j),(0.01190464400631805-0.06017329940978667j)
71550000.2845,(0.0116131511115087-0.059052937124870857j),(0.008327183284629721-0.03586144229027653j),(0.008327183284626734-0.03586144229027743j),(0.011586131454594731-0.059339487965028914j)
71600000.284,(0.011300490030779759-0.058216905468191395j),(0.00811303107149421-0.035357531821353975j),(0.008113031071487989-0.03535753182135592j),(0.011271943654842803-0.05850363336230689j)
71650000.2835,(0.010992173823950601-0.05737886658992084j),(0.007901812560564308-0.034852033963091694j),(0.007901812560567444-0.03485203396309073j),(0.010962097375937924-0.05766576205654367j)
71700000.28299999,(0.010688218988673701-0.05653884716383421j),(0.007693542425835958-0.03434496931488456j),(0.0076935424258443045-0.03434496931488178j),(0.010656609186659841-0.05682590067840698j)
71750000.2825,(0.010388641819681545-0.05569687403694706j),(0.007488235165230044-0.03383635864117742j),(0.007488235165234335-0.033836358641176206j),(0.010355495453401411-0.05598407603245302j)
71800000.28199999,(0.010093458406555378-0.05485297422761357j),(0.007285905098407887-0.0333262228696834j),(0.007285905098409476-0.03332622286968274j),(0.010058772337960053-0.05514031509521833j)
71850000.2815,(0.009802684631509772-0.054007174923582875j),(0.007086566364610816-0.03281458308956421j),(0.007086566364605358-0.032814583089565884j),(0.009766455795309817-0.05429464501329231j)
71900000.281,(0.009516336167217178-0.05315950348002824j),(0.006890232920496942-0.03230146054959121j),(0.0068902329204969005-0.032301460549591286j),(0.009478561571404398-0.05344709310135542j)
71950000.2805,(0.00923442847463214-0.05230998741753409j),(0.006696918538036039-0.031786876656249206j),(0.006696918538041652-0.03178687665624748j),(0.009195105201024418-0.05259768684016363j)
72000000.28,(0.008956976800866377-0.05145865442006259j),(0.006506636802394181-0.03127085297183613j),(0.0065066368023984035-0.031270852971834906j),(0.008916102005612858-0.05174645387453503j)
72050000.2795,(0.008683996177050152-0.05060553233287837j),(0.006319401109838236-0.030753411212513425j),(0.006319401109838389-0.030753411212513352j),(0.008641567091152444-0.05089342201127176j)
72100000.279,(0.008415501416267639-0.04975064916044116j),(0.0061352246656983704-0.03023457324632466j),(0.006135224665688511-0.030234573246327435j),(0.008371515346070342-0.050038619217065275j)
72150000.27849999,(0.008151507111447062-0.04889403306427518j),(0.005954120482307804-0.02971436109119252j),(0.005954120482303588-0.029714361091193697j),(0.008105961439168839-0.04918207361636755j)
72200000.278,(0.00789202763336542-0.04803571236079181j),(0.005776101377028766-0.029192796912867244j),(0.005776101377029995-0.02919279691286686j),(0.00784491981754587-0.04832381348923346j)
72250000.2775,(0.0076370771285896024-0.047175715519097744j),(0.005601179970242019-0.02866990302285963j),(0.005601179970238987-0.028669903022860325j),(0.007588404704604344-0.04746386726911934j)
72300000.277,(0.007386669517503274-0.046314071158760885j),(0.005429368683375572-0.028145701876342754j),(0.005429368683380538-0.028145701876341377j),(0.007336430098019582-0.04660226354066802j)
72350000.2765,(0.007140818492345869-0.04545080804754783j),(0.005260679737018756-0.02762021607000414j),(0.005260679737013016-0.02762021607000569j),(0.007089009767802212-0.045739031037446046j)
72400000.276,(0.00689953751525935-0.04458595509913729j),(0.005095125148944347-0.02709346833990224j),(0.005095125148943324-0.027093468339902643j),(0.006846157254315017-0.04487419863966879j)
72450000.2755,(0.006662839816394102-0.043719541370790156j),(0.004932716732297426-0.02656548155925059j),(0.004932716732296155-0.026565481559250887j),(0.006607885866372883-0.0440077953718744j)
72500000.27499999,(0.006430738392012095-0.042851596061007226j),(0.004773466093703391-0.02603627873621048j),(0.00477346609370001-0.026036278736211314j),(0.0063742086793616955-0.04313985040058934j)
72550000.2745,(0.006203246002647221-0.04198214850714793j),(0.004617384631448246-0.025505883011635744j),(0.004617384631448056-0.025505883011635762j),(0.006145138533357031-0.04227039303194874j)
72600000.274,(0.005980375171271104-0.041111228183015075j),(0.004464483533697704-0.024974317656787152j),(0.0044644835336980805-0.024974317656787093j),(0.0059206880313043145-0.04139945270929731j)
72650000.2735,(0.005762138181503362-0.040238864696427935j),(0.004314773776720101-0.024441606071030044j),(0.004314773776716525-0.02444160607103095j),(0.005700869537222388-0.04052705901075666j)
72700000.273,(0.005548547075857069-0.03936508778674973j),(0.004168266123144053-0.02390777177949734j),(0.004168266123140913-0.02390777177949779j),(0.005485695174405945-0.03965324164676957j)
72750000.2725,(0.005339613653991932-0.0384899273224009j),(0.004024971120269284-0.02337283843072251j),(0.004024971120265396-0.02337283843072318j),(0.005275176823718091-0.03877803045761013j)
72800000.272,(0.005135349471024573-0.037613413298335285j),(0.0038848990983724892-0.022836829794254134j),(0.003884899098371678-0.022836829794254384j),(0.0050693261218483915-0.03790145541087734j)
72850000.27149999,(0.004935765835845456-0.03673557583350326j),(0.0037480601690866307-0.022299769758235354j),(0.003748060169079119-0.02229976975823682j),(0.004868154459670382-0.03702354659894616j)
72900000.271,(0.004740873809497818-0.03585644516827327j),(0.0036144642237467164-0.02176168232696867j),(0.0036144642237479463-0.02176168232696838j),(0.004671672980551843-0.03614433423641321j)
72950000.2705,(0.004550684203568476-0.03497605166183544j),(0.0034841209318657975-0.0212225916184369j),(0.003484120931868951-0.021222591618436207j),(0.004479892578779558-0.03526384865749641j)
73000000.27,(0.0043652075786088165-0.034094425789586214j),(0.003357039739539868-0.0206825218618217j),(0.0033570397395416333-0.02068252186182135j),(0.004292823897960559-0.03438212031342349j)
73050000.2695,(0.0041844542426074695-0.03321159814047665j),(0.0032332298679499678-0.020141497394981292j),(0.0032332298679527867-0.020141497394980685j),(0.00411047732948121-0.033499179769788195j)
73100000.269,(0.004008434249483666-0.03232759941434309j),(0.0031127003118856726-0.019599542661910177j),(0.0031127003118824052-0.019599542661910687j),(0.003932863010985204-0.0326150577038915j)
73150000.2685,(0.0038371573976165455-0.0314424604192162j),(0.0029954598382801846-0.01905668221017688j),(0.0029954598382826024-0.019056682210176284j),(0.003759990824913545-0.031729784902043964j)
73200000.26799999,(0.003670633228414824-0.03055621206860327j),(0.0028815169848255533-0.018512940688332574j),(0.0028815169848225002-0.01851294068833322j),(0.003591870397043354-0.03084339225686159j)
73250000.2675,(0.003508871024915066-0.029668885378745583j),(0.0027708800585549464-0.01796834284330695j),(0.0027708800585567166-0.017968342843306725j),(0.003428511095086277-0.029955910764526857j)
73300000.26699999,(0.0033518798104227236-0.02878051146586718j),(0.0026635571345384125-0.01742291351777407j),(0.0026635571345408047-0.01742291351777371j),(0.0032699220273227796-0.029067371522037627j)
73350000.2665,(0.0031996683471850144-0.027891121543381227j),(0.002559556054547111-0.01687667764749925j),(0.0025595560545507486-0.016876677647498766j),(0.003116112041255791-0.028177805724423417j)
73400000.266,(0.0030522451350947365-0.02700074691909525j),(0.002458884425789488-0.0163296602586676j),(0.0024588844257934723-0.016329660258667066j),(0.0029670897223143256-0.027287244661951645j)
73450000.2655,(0.002909618410450378-0.026109418992385086j),(0.0023615496196805817-0.01578188646519009j),(0.0023615496196834353-0.01578188646518968j),(0.002822863392599147-0.026395719717305966j)
73500000.265,(0.002771796144727646-0.025217169251352572j),(0.0022675587706345235-0.015233381465989897j),(0.0022675587706296853-0.015233381465990558j),(0.0026834411096405427-0.025503262362749163j)
73550000.26449999,(0.0026387860434135156-0.024324029269963486j),(0.0021769187748947694-0.014684170542273495j),(0.0021769187748934575-0.014684170542273549j),(0.0025488306652165665-0.02460990415726598j)
73600000.264,(0.002510595544845158-0.023430030705169226j),(0.002089636289439335-0.014134279054773581j),(0.0020896362894291956-0.014134279054774823j),(0.002419039584221005-0.023715676743681406j)
73650000.26349999,(0.002387231819136586-0.02253520529400656j),(0.0020057177308519863-0.013583732440990641j),(0.002005717730838217-0.013583732440992282j),(0.0022940751235202505-0.022820611845776165j)
73700000.263,(0.002268701767095434-0.021639584850681744j),(0.0019251692742974886-0.013032556212398473j),(0.0019251692742919253-0.01303255621239909j),(0.0021739442709019616-0.021924741265364266j)
73750000.2625,(0.0021550120192046795-0.02074320126364086j),(0.0018479968525208568-0.012480775951645073j),(0.001847996852515181-0.012480775951645704j),(0.002058653744037348-0.0210280968793692j)
73800000.262,(0.00204616893463967-0.019846086492620645j),(0.0017742061548400856-0.011928417309738369j),(0.0017742061548362464-0.011928417309738785j),(0.0019482099894719861-0.02013071063688255j)
73850000.2615,(0.0019421786003188024-0.01894827256568624j),(0.001703802626241563-0.011375506003207907j),(0.001703802626238482-0.011375506003208233j),(0.0018426191816924124-0.019232614556195887j)
73900000.26099999,(0.0018430468300043295-0.01804979157624775j),(0.0016367914664690746-0.010822067811257689j),(0.0016367914664693743-0.010822067811257562j),(0.0017418872221877416-0.018333840721830707j)
73950000.2605,(0.0017487791634238647-0.01715067568007593j),(0.0015731776291801147-0.010268128572905348j),(0.0015731776291797932-0.01026812857290532j),(0.001646019738594656-0.017434421281547628j)
74000000.25999999,(0.0016593808654625619-0.01625095709229049j),(0.0015129658211187034-0.009713714184105118j),(0.001512965821116611-0.009713714184105217j),(0.0015550220838428921-0.01653438844334187j)
74050000.2595,(0.0015748569253635509-0.015350668084341912j),(0.0014561605013408082-0.009158850594858476j),(0.0014561605013414633-0.009158850594858202j),(0.001468899335367148-0.015633774472426587j)
74100000.259,(0.0014952120559960991-0.014449840980978868j),(0.001402765880496138-0.008603563806312173j),(0.0014027658804913127-0.008603563806312314j),(0.0013876562943605103-0.014732611688206549j)
74150000.2585,(0.001420450693145416-0.013548508157214631j),(0.0013527859201034253-0.008047879867850827j),(0.0013527859200977114-0.008047879867851j),(0.0013112974850467065-0.013830932461236086j)
74200000.258,(0.0013505769948477001-0.012646702035257348j),(0.0013062243319134693-0.007491824874164452j),(0.001306224331916027-0.0074918248741643705j),(0.0012398271540180696-0.01292876921016294j)
74250000.2575,(0.0012855948407793616-0.011744455081461094j),(0.0012630845773072246-0.006935424962322087j),(0.0012630845773106605-0.006935424962321856j),(0.0011732492696056114-0.012026154398674698j)
74300000.257,(0.001225507831675874-0.010841799803242938j),(0.0012233698666918606-0.006378706308824404j),(0.0012233698666997907-0.006378706308823829j),(0.0011115675212792443-0.011123120532420311j)
74350000.25649999,(0.0011703192887847905-0.00993876874600519j),(0.0011870831589941388-0.005821695126651693j),(0.0011870831589932077-0.005821695126651761j),(0.0010547853191039042-0.01021970015593129j)
74400000.256,(0.0011200322533957605-0.009035394490039775j),(0.0011542271611517827-0.005264417662303307j),(0.0011542271611512023-0.005264417662303529j),(0.001002905793245808-0.009315925849530119j)
74450000.2555,(0.0010746494863528193-0.008131709647436956j),(0.0011248043276749406-0.004706900192829807j),(0.0011248043276765604-0.004706900192829645j),(0.0009559317934888952-0.008411830226235437j)
74500000.255,(0.0010341734676727239-0.0072277468589717385j),(0.0010988168602448828-0.004149169022855714j),(0.0010988168602450124-0.004149169022855696j),(0.0009138658888358899-0.007507445928659879j)
74550000.2545,(0.000998606396166994-0.0063235387909997475j),(0.0010762667073273143-0.003591250481600026j),(0.0010762667073290254-0.0035912504815997087j),(0.0008767103671041263-0.006602805625892871j)
74600000.254,(0.0009679501891134822-0.005419118132330844j),(0.0010571555638695638-0.003033170919884114j),(0.001057155563867959-0.003033170919884222j),(0.0008444672346092959-0.005697942010387184j)
74650000.2535,(0.0009422064819749864-0.00451451759111728j),(0.0010414848709972312-0.0024749567071463154j),(0.0010414848709985036-0.002474956707146274j),(0.0008171382158602211-0.004792887794839151j)
74700000.25299999,(0.0009213766281573894-0.003609769891719361j),(0.0010292558157958991-0.0019166342284385677j),(0.0010292558157991448-0.0019166342284384383j),(0.0007947247533168106-0.0038876757090589653j)
74750000.2525,(0.000905461698816239-0.0027049077715798017j),(0.0010204693311006844-0.0013582298814315524j),(0.001020469331095717-0.0013582298814317215j),(0.0007772280071682522-0.0029823384968473404j)
74800000.252,(0.000894462482702354-0.0017999639780893874j),(0.0010151260953242618-0.0007997700734077137j),(0.0010151260953311474-0.000799770073407604j),(0.0007646488551768789-0.0020769089128537376j)
74850000.2515,(0.0008883794860398091-0.0008949712654512309j),(0.0010132265323922777-0.0002412812182582349j),(0.001013226532391156-0.00024128121825828057j),(0.0007569878925531203-0.0011714197194510655j)
74900000.251,(0.0008872129324654752+1.003760845252197e-05j),(0.001014770811606603+0.00031721026652515715j),(0.0010147708116012935+0.000317210266525198j),(0.0007542454318713169-0.0002659036835893957j)
74950000.2505,(0.0008909627629990664+0.0009150298852005654j),(0.0010197588476574958+0.000875677962855709j),(0.0010197588476585553+0.0008756779628557624j),(0.0007564215030376459+0.0006396064263312828j)
75000000.25,(0.0008996286360652803+0.0018199728089711078j),(0.0010281903006424654+0.0014340954550633364j),(0.0010281903006353415+0.0014340954550633401j),(0.0007635158532884566+0.0015450778436076002j)
75050000.24949999,(0.0009132099275410187+0.0027248336296727357j),(0.001040064576074644+0.0019924363328970504j),(0.0010400645760746297+0.0019924363328969533j),(0.0007755279472434237+0.0024504778063646525j)
75100000.249,(0.0009317057308666111+0.0036295796060844417j),(0.00105538082503937+0.0025506741945333974j),(0.0010553808250410195+0.0025506741945334325j),(0.000792456967002443+0.003355773560692924j)
75150000.2485,(0.0009551148571899811+0.004534178008988613j),(0.0010741379442864006+0.003108782649582136j),(0.001074137944290558+0.0031087826495820054j),(0.0008143018122627063+0.0042609323637859695j)
75200000.248,(0.0009834358355508231+0.005438596124298649j),(0.0010963345764370494+0.003666735322083516j),(0.0010963345764392798+0.0036667353220835625j),(0.0008410611005122827+0.005165921487066308j)
75250000.2475,(0.0010166669131147072+0.006342801256188251j),(0.0011219691101927182+0.004224505853509907j),(0.0011219691101920397+0.004224505853510084j),(0.0008727331672375138+0.006070708219318929j)
75300000.247,(0.001054806055440766+0.007246760730215197j),(0.0011510396806108322+0.004782067905758668j),(0.0011510396806018663+0.00478206790575919j),(0.000909316066193201+0.00697525986981301j)
75350000.2465,(0.0010978509468053568+0.008150441896439396j),(0.0011835441693946599+0.005339395164143017j),(0.0011835441693928152+0.00533939516414293j),(0.0009508075696991315+0.007879543771423867j)
75400000.24599999,(0.001145798990549052+0.009053812132531135j),(0.0012194802052753148+0.005896461340371634j),(0.001219480205282259+0.0058964613403714j),(0.000997205169002608+0.008783527283745048j)
75450000.2455,(0.0011986473094871466+0.00995683884688743j),(0.0012588451643793669+0.006453240175533227j),(0.0012588451643836332+0.006453240175532968j),(0.0010485060746474213+0.00968717779619874j)
75500000.24499999,(0.0012563927463468017+0.010859489481721862j),(0.001301636170655045+0.007009705443063186j),(0.0013016361706516687+0.007009705443063367j),(0.0011047072169192533+0.010590462731139384j)
75550000.2445,(0.0013190318642534202+0.011761731516164135j),(0.0013478500963505623+0.00756583095171013j),(0.001347850096352354+0.007565830951710049j),(0.0011658052463150662+0.0114933495469435j)
75600000.244,(0.0013865609472582426+0.012663532469340384j),(0.0013974835625553596+0.008121590548489644j),(0.001397483562553211+0.008121590548489807j),(0.0012317965340611998+0.012395805741101279j)
75650000.2435,(0.0014589760009042468+0.01356485990345089j),(0.0014505329397154776+0.008676958121634206j),(0.0014505329397122965+0.008676958121634392j),(0.001302677172666918+0.013297798853292119j)
75700000.243,(0.0015362727528370156+0.014465681426837384j),(0.0015069943482615917+0.009231907603529968j),(0.001506994348257605+0.009231907603530334j),(0.0013784429765319613+0.014199296468455403j)
75750000.24249999,(0.001618446653457364+0.015365964697033184j),(0.0015668636592319797+0.009786412973643667j),(0.0015668636592271704+0.009786412973644042j),(0.001459089482576748+0.015100266219846241j)
75800000.242,(0.0017054928766178205+0.016265677423813373j),(0.0016301364949576605+0.010340448261440356j),(0.0016301364949605447+0.010340448261440186j),(0.0015446119509352494+0.016000675792085393j)
75850000.24149999,(0.0017974063203438748+0.017164787372230393j),(0.0016968082297881821+0.010893987549290444j),(0.0016968082297845058+0.01089398754929074j),(0.0016350053656707983+0.016900492924195046j)
75900000.241,(0.0018941816076252821+0.01806326236562718j),(0.0017668739908227376+0.011447004975362598j),(0.001766873990825243+0.01144700497536236j),(0.0017302644355410928+0.017799685412625808j)
75950000.2405,(0.0019958130872219358+0.0189610702886561j),(0.0018403286587546073+0.011999474736504506j),(0.001840328658753614+0.011999474736504468j),(0.0018303835948071932+0.01869822111426527j)
76000000.24,(0.0021022948345168044+0.019858179090263207j),(0.0019171668686656382+0.01255137109111129j),(0.0019171668686684112+0.012551371091110887j),(0.0019353570040794058+0.019596067949440486j)
76050000.2395,(0.0022136206524215824+0.020754556786681172j),(0.0019973830109385753+0.013102668361980312j),(0.0019973830109429624+0.013102668361979816j),(0.002045178551194933+0.02049319390490038j)
76100000.239,(0.002329784072304569+0.021650171464384742j),(0.002080971232156717+0.013653340939148008j),(0.0020809712321605265+0.01365334093914759j),(0.002159841852150766+0.02138956703678598j)
76150000.2385,(0.0024507783549677356+0.022544991283052384j),(0.0021679254360713915+0.01420336328271788j),(0.0021679254360616814+0.014203363282719195j),(0.0022793402520660277+0.022285155473588333j)
76200000.23799999,(0.0025765964916642306+0.02343898447849138j),(0.0022582392845701565+0.014752709925668041j),(0.0022582392845708803+0.014752709925667833j),(0.0024036668261878894+0.023179927419085415j)
76250000.2375,(0.0027072312051479607+0.024332119365567888j),(0.0023519061987678884+0.015301355476639572j),(0.002351906198766332+0.015301355476639654j),(0.002532814380934043+0.02407385115526553j)
76300000.237,(0.00284267495076676+0.025224364341095065j),(0.002448919360021126+0.015849274622716535j),(0.002448919360014297+0.01584927462271742j),(0.0026667754549732285+0.024966895045236796j)
76350000.2365,(0.002982919917599231+0.026115687886729595j),(0.002549271711059794+0.016396442132182065j),(0.0025492717110646304+0.01639644213218129j),(0.0028055423203524193+0.0258590275361074j)
76400000.236,(0.0031279580296108495+0.027006058571830395j),(0.0026529559571568406+0.016942832857253936j),(0.0026529559571522544+0.016942832857254727j),(0.0029491069836431634+0.026750217161864327j)
76450000.2355,(0.003277780946874326+0.027895445056307127j),(0.0027599645672662628+0.017488421736813937j),(0.002759964567259694+0.017488421736814953j),(0.003097461187153721+0.027640432546223323j)
76500000.235,(0.0034323800668018697+0.02878381609344652j),(0.0028702897752794186+0.018033183799100197j),(0.002870289775279155+0.018033183799100204j),(0.0032505964101521845+0.028529642405455795j)
76550000.23449999,(0.003591746525434109+0.02967114053272011j),(0.002983923581280314+0.018577094164391694j),(0.002983923581280913+0.018577094164391527j),(0.0034085038701403047+0.029417815551204703j)
76600000.234,(0.0037558711987516298+0.03055738732256929j),(0.0031008577528239085+0.019120128047670815j),(0.0031008577528229544+0.019120128047670836j),(0.003571174524162849+0.030304920893278707j)
76650000.2335,(0.003924744704033656+0.031442525513173815j),(0.0032210838262766816+0.019662260761260673j),(0.003221083826270963+0.019662260761261683j),(0.0037385990701518713+0.0311909274424159j)
76700000.233,(0.0040983574012434295+0.032326524259189415j),(0.0033445931081680694+0.020203467717445796j),(0.0033445931081658186+0.02020346771744627j),(0.0039107679483009715+0.03207580431303769j)
76750000.2325,(0.0042766993944546835+0.03320935282247512j),(0.0034713766766161906+0.020743724431065286j),(0.003471376676610309+0.020743724431066275j),(0.004087671342492074+0.03295952072597629j)
76800000.232,(0.00445976053331079+0.03409098057478705j),(0.0036014253827259474+0.02128300652208951j),(0.0036014253827269345+0.02128300652208927j),(0.0042692991817340235+0.03384204601117408j)
76850000.2315,(0.004647530414520135+0.034971377000457216j),(0.003734729852095161+0.021821289718166454j),(0.003734729852095735+0.021821289718166336j),(0.004455641141660441+0.03472334961036791j)
76900000.23099999,(0.0048399983833888344+0.0358505116990391j),(0.0038712804862830554+0.022358549857151536j),(0.0038712804862812544+0.022358549857151914j),(0.004646686646030393+0.03560340107974369j)
76950000.2305,(0.005037153535370353+0.03672835438793871j),(0.004011067464356727+0.02289476288960986j),(0.004011067464361715+0.022894762889608636j),(0.004842424868307031+0.03648217009257218j)
77000000.23,(0.005238984717677351+0.03760487490501559j),(0.004154080744474092+0.023429904881290382j),(0.004154080744476577+0.02342990488128978j),(0.005042844733224689+0.03735962644181459j)
77050000.2295,(0.0054454805309015935+0.038480043211156854j),(0.004300310065452425+0.023963952015584003j),(0.0043003100654604035+0.023963952015581963j),(0.005247934918416456+0.03823574004270588j)
77100000.229,(0.005656629330673507+0.0393538293928319j),(0.0044497449484385875+0.0244968805959426j),(0.004449744948433288+0.024496880595943786j),(0.005457683856067732+0.039110480935310867j)
77150000.2285,(0.005872419229361012+0.04022620366460953j),(0.004602374698516752+0.02502866704829106j),(0.0046023746985158825+0.02502866704829118j),(0.005672079734594082+0.039983819287055904j)
77200000.228,(0.0060928380977881644+0.04109713637166409j),(0.004758188406465535+0.025559287923389098j),(0.004758188406463879+0.025559287923389507j),(0.005891110500367592+0.040855725395234105j)
77250000.22749999,(0.0063178735669958104+0.041966597992239785j),(0.00491717495043931+0.026088719899186014j),(0.004917174950437692+0.026088719899186187j),(0.006114763859456122+0.04172616968947785j)
77300000.227,(0.006547513030023426+0.042834559140093986j),(0.005079322997730181+0.026616939783138574j),(0.005079322997735259+0.026616939783137467j),(0.006343027279401599+0.04259512273421337j)
77350000.22649999,(0.006781743643726441+0.04370099056691033j),(0.00524462100656748+0.027143924514499464j),(0.005244621006574547+0.027143924514497646j),(0.006575887991027741+0.043462555231078046j)
77400000.226,(0.00702055233062046+0.044565863164689544j),(0.005413057227914124+0.02766965116658483j),(0.005413057227914906+0.0276696511665846j),(0.00681333299028579+0.044328438021315066j)
77450000.2255,(0.007263925780760924+0.04542914796810165j),(0.005584619707297607+0.028194096949010993j),(0.005584619707301138+0.028194096949010032j),(0.0070553490401054145+0.04519274208813935j)
77500000.225,(0.007511850453633669+0.04629081615681167j),(0.005759296286707513+0.028717239209890007j),(0.005759296286712954+0.028717239209888522j),(0.00730192267230142+0.04605543855906608j)
77550000.2245,(0.007764312580101929+0.047150839057783785j),(0.005937074606470637+0.029239055438016262j),(0.005937074606477521+0.029239055438014343j),(0.007553040189493593+0.0469164987082239j)
77600000.22399999,(0.008021298164349907+0.04800918814754463j),(0.00611794210717974+0.02975952326500494j),(0.006117942107184923+0.029759523265003588j),(0.007808687667057027+0.047775893958621106j)
77650000.2235,(0.008282792985874352+0.048865835054417224j),(0.006301886031640104+0.030278620467412358j),(0.006301886031640374+0.03027862046741238j),(0.008068850955098735+0.04863359588439939j)
77700000.22299999,(0.008548782601495648+0.04972075156073694j),(0.006488893426838644+0.03079632496882127j),(0.006488893426844576+0.030796324968819424j),(0.0083335156804638+0.04948957621303911j)
77750000.2225,(0.008819252347394547+0.0505739096050149j),(0.006678951145966545+0.03131261484188898j),(0.006678951145968451+0.03131261484188805j),(0.008602667248757804+0.05034380682755091j)
77800000.222,(0.009094187341170994+0.05142528128409002j),(0.0068720458504124+0.0318274683103779j),(0.006872045850413956+0.031827468310377374j),(0.008876290846414427+0.05119625976861877j)
77850000.2215,(0.009373572483938244+0.052274838855234367j),(0.0070681640118355924+0.03234086375114001j),(0.007068164011837401+0.03234086375113916j),(0.009154371442765069+0.05204690723672066j)
77900000.221,(0.009657392462421574+0.053122554738238514j),(0.007267291914225831+0.03285277969608043j),(0.007267291914223652+0.03285277969608128j),(0.009436893792146059+0.05289572159422311j)
77950000.22049999,(0.009945631751109262+0.05396840151745349j),(0.00746941565599765+0.03336319483408563j),(0.007469415656000194+0.03336319483408482j),(0.009723842436026326+0.0537426753674284j)
78000000.22,(0.010238274614391911+0.054812351943806924j),(0.007674521152123799+0.03387208801290842j),(0.007674521152121369+0.03387208801290934j),(0.010015201705159718+0.05458774124859857j)
78050000.21949999,(0.01053530510875722+0.055654378936783905j),(0.007882594136251284+0.03437943824104209j),(0.007882594136241428+0.03437943824104539j),(0.010310955721754653+0.055430892097946854j)
78100000.219,(0.010836707084984363+0.056494455586372457j),(0.00809362016287051+0.0348852246895423j),(0.008093620162866636+0.03488522468954346j),(0.0106110884016732+0.05627210094559175j)
78150000.2185,(0.011142464190366424+0.057332555154982034j),(0.008307584609513172+0.035389426693818844j),(0.008307584609511663+0.035389426693819545j),(0.010915583456646217+0.05711134099348078j)
78200000.218,(0.011452559870955588+0.05816865107931777j),(0.00852447267893413+0.035892023755402465j),(0.00852447267893409+0.03589202375540235j),(0.011224424396509976+0.0579485856172757j)
78250000.2175,(0.011766977373826223+0.05900271697223132j),(0.008744269401335119+0.036392995543671224j),(0.008744269401337348+0.036392995543670446j),(0.011537594531463313+0.058783808368209164j)
78300000.217,(0.012085699749360104+0.0598347266245315j),(0.008966959636613637+0.03689232189754291j),(0.00896695963661378+0.03689232189754293j),(0.011855076974347359+0.059616982974909444j)
78350000.2165,(0.01240870985354323+0.06066465400675865j),(0.009192528076608126+0.037389982827136306j),(0.009192528076607913+0.03738998282713647j),(0.012176854642940018+0.06044808334517783j)
78400000.21599999,(0.01273599035029105+0.06149247327092968j),(0.009420959247388493+0.03788595851539131j),(0.009420959247385277+0.03788595851539242j),(0.012502910262270215+0.06127708356774389j)
78450000.2155,(0.013067523713782728+0.06231815875224481j),(0.009652237511535653+0.03838022931966584j),(0.00965223751153346+0.03838022931966667j),(0.012833226366950556+0.062103957913984695j)
78500000.215,(0.013403292230818467+0.06314168497076002j),(0.00988634707046193+0.03887277577328359j),(0.009886347070461286+0.03887277577328393j),(0.013167785303525636+0.06292868083959924j)
78550000.2145,(0.013743278003190106+0.0639630266330231j),(0.010123271966731556+0.03936357858705995j),(0.010123271966736482+0.039363578587058j),(0.013506569232843305+0.06375122698626047j)
78600000.214,(0.014087462950068836+0.06478215863367486j),(0.010362996086406688+0.039852618650781144j),(0.01036299608641141+0.03985261865077937j),(0.013849560132433086+0.06457157118322099j)
78650000.2135,(0.014435828810406923+0.0655990560570186j),(0.010605503161397845+0.04033987703465962j),(0.010605503161393286+0.04033987703466138j),(0.014196739798901247+0.06538968844889269j)
78700000.213,(0.01478835714535471+0.06641369417854433j),(0.010850776771823946+0.04082533499074841j),(0.010850776771820432+0.04082533499074971j),(0.014548089850350684+0.0662055539923806j)
78750000.21249999,(0.015145029340692295+0.06722604846642981j),(0.01109880034842123+0.041308973954312676j),(0.011098800348416966+0.0413089739543144j),(0.014903591728797953+0.06701914321499106j)
78800000.212,(0.015505826609280588+0.06803609458299231j),(0.011349557174922644+0.04179077554517793j),(0.011349557174917674+0.041790775545180035j),(0.015263226702628077+0.06783043171169573j)
78850000.2115,(0.015870729993507554+0.06884380838611397j),(0.011603030390462692+0.0422707215690386j),(0.011603030390467879+0.0422707215690363j),(0.015626975869031653+0.06863939527256602j)
78900000.211,(0.016239720367766972+0.06964916593062968j),(0.011859202992026049+0.04274879401871768j),(0.011859202992026089+0.04274879401871774j),(0.01599482015648374+0.06944600988416436j)
78950000.2105,(0.016612778440937132+0.07045214346967278j),(0.012118057836837842+0.043224975075419j),(0.012118057836830402+0.04322497507542239j),(0.01636674032721211+0.07025025173090693j)
79000000.21,(0.01698988475887811+0.07125271745599113j),(0.012379577644829255+0.04369924710991858j),(0.012379577644827413+0.04369924710991921j),(0.016742716979693952+0.0710520971963845j)
79050000.2095,(0.017371019706925152+0.07205086454322292j),(0.012643745001102475+0.04417159268371827j),(0.012643745001100734+0.044171592683719j),(0.017122730551151398+0.07185152286464985j)
79100000.20899999,(0.017756163512414862+0.07284656158714028j),(0.012910542358367012+0.044641994550187594j),(0.012910542358366073+0.044641994550188004j),(0.01750676132006201+0.07264850552146603j)
79150000.2085,(0.018145296247198406+0.07363978564684424j),(0.01317995203942419+0.045110435655644106j),(0.013179952039426224+0.04511043565564316j),(0.017894789408677506+0.07344302215551843j)
79200000.208,(0.018538397830176058+0.07443051398594733j),(0.013451956239646541+0.045576899140413j),(0.013451956239650007+0.04557689914041125j),(0.018286794785552177+0.0742350499596001j)
79250000.2075,(0.01893544802983541+0.07521872407369042j),(0.013726537029462464+0.04604136833983951j),(0.013726537029456158+0.04604136833984231j),(0.01868275726807781+0.07502456633174001j)
79300000.207,(0.01933642646680435+0.0760043935860424j),(0.014003676356832537+0.04650382678528421j),(0.014003676356834834+0.0465038267852828j),(0.019082656525030366+0.07581154887631716j)
79350000.2065,(0.019741312616395043+0.07678750040676224j),(0.014283356049791874+0.04696425820504619j),(0.014283356049793956+0.04696425820504494j),(0.01948647207912051+0.07659597540512132j)
79400000.206,(0.020150085811169765+0.07756802262841457j),(0.01456555781891227+0.04742264652529215j),(0.014565557818909329+0.0474226465252936j),(0.019894183309545906+0.0773778239383872j)
79450000.20549999,(0.020562725243510695+0.07834593855335598j),(0.014850263259829365+0.04787897587092564j),(0.014850263259829612+0.04787897587092548j),(0.02030576945456221+0.07815707270578967j)
79500000.205,(0.020979209968182377+0.07912122669468769j),(0.015137453855767091+0.04833323056641642j),(0.01513745385577289+0.048333230566413296j),(0.020721209614045184+0.0789337001474004j)
79550000.20449999,(0.02139951890491272+0.07989386577715982j),(0.015427110980056035+0.04878539513660203j),(0.015427110980053163+0.0487853951366034j),(0.021140482752067855+0.07970768491460567j)
79600000.204,(0.02182363084097484+0.08066383473805645j),(0.015719215898628718+0.04923545430747056j),(0.015719215898628944+0.049235454307470505j),(0.021563567699477357+0.08047900587100126j)
79650000.2035,(0.02225152443376353+0.08143111272802647j),(0.016013749772588605+0.04968339300686383j),(0.016013749772589344+0.04968339300686354j),(0.021990443156473714+0.0812476420932325j)
79700000.203,(0.02268317821338853+0.0821956791118921j),(0.016310693660711056+0.05012919636518646j),(0.0163106936607102+0.05012919636518666j),(0.022421087695195973+0.08201357287180866j)
79750000.2025,(0.023118570585260255+0.08295751346941484j),(0.016610028521977672+0.05057284971606073j),(0.01661002852197734+0.05057284971606084j),(0.022855479762313387+0.08277677771188409j)
79800000.20199999,(0.023557679832674566+0.08371659559602618j),(0.01691173521811534+0.05101433859694575j),(0.016911735218116362+0.05101433859694491j),(0.023293597681599155+0.08353723633399547j)
79850000.2015,(0.02400048411941436+0.08447290550352232j),(0.017215794516123893+0.051453648749722816j),(0.01721579451612487+0.05145364874972219j),(0.023735419656537752+0.08429492867476565j)
79900000.20099999,(0.024446961492332785+0.08522642342072452j),(0.017522187090807478+0.051890766121249536j),(0.01752218709080975+0.05189076612124826j),(0.024180923772904022+0.08504983488757349j)
79950000.2005,(0.024897089883953435+0.08597712979410102j),(0.017830893527310442+0.05232567686387294j),(0.01783089352731685+0.052325676863869165j),(0.024630088001361936+0.08580193534319133j)
80000000.2,(0.025350847115050923+0.0867250052883596j),(0.018141894323653398+0.05275836733590343j),(0.018141894323650914+0.052758367335904895j),(0.0250828902000427+0.08655121063037438j)
80050000.1995,(0.02580821089725433+0.0874700307869954j),(0.018455169893236825+0.05318882410207832j),(0.018455169893241672+0.05318882410207546j),(0.025539308117149728+0.08729764155642884j)
80100000.199,(0.026269158835625497+0.08821218739280871j),(0.018770700567412934+0.053617033933942945j),(0.018770700567417014+0.05361703393394051j),(0.02599931939353306+0.08804120914773683j)
80150000.19849999,(0.026733668431252744+0.08895145642839115j),(0.019088466597976965+0.054042983810248246j),(0.019088466597973176+0.05404298381025048j),(0.026462901565285916+0.08878189465024942j)
80200000.198,(0.027201717083831515+0.0896878194365694j),(0.019408448159687647+0.05446666091729103j),(0.0194084481596843+0.054466660917292985j),(0.026930032066320806+0.08951967952994463j)
80250000.19749999,(0.02767328209425014+0.09042125818081703j),(0.019730625352814682+0.05488805264920155j),(0.019730625352808614+0.05488805264920514j),(0.027400688230957527+0.09025454547324269j)
80300000.197,(0.028148340667159773+0.0911517546456395j),(0.020054978205621157+0.055307146608237774j),(0.02005497820562174+0.05530714660823719j),(0.027874847296490198+0.09098647438740393j)
80350000.1965,(0.028626869913558374+0.09187929103690899j),(0.020381486676909293+0.05572393060499792j),(0.020381486676905272+0.05572393060500035j),(0.028352486405772388+0.09171544840087022j)
80400000.196,(0.029108846853349277+0.09260384978217695j),(0.020710130658478067+0.0561383926586542j),(0.020710130658474473+0.05613839265865647j),(0.028833582609776556+0.09244144986359527j)
80450000.1955,(0.02959424841791371+0.09332541353095584j),(0.02104088997766647+0.056550520997099646j),(0.02104088997766435+0.056550520997101054j),(0.029318112870163074+0.09316446134732272j)
80500000.195,(0.03008305145266153+0.09404396515494941j),(0.021373744399823112+0.05696030405709317j),(0.021373744399825083+0.05696030405709193j),(0.02980605406183576+0.0938844656458377j)
80550000.1945,(0.03057523271959083+0.09475948774827053j),(0.021708673630798904+0.05736773048436282j),(0.02170867363080075+0.05736773048436162j),(0.030297382975496723+0.09460144577518531j)
80600000.19399999,(0.031070768899823915+0.0954719646276115j),(0.02204565731942814+0.05777278913367605j),(0.022045657319427477+0.05777278913367666j),(0.030792076320185012+0.09531538497385442j)
80650000.1935,(0.031569636596153965+0.09618137933238737j),(0.02238467505999277+0.058175469068881706j),(0.02238467505999092+0.058175469068882935j),(0.03129011072582506+0.09602626670293266j)
80700000.193,(0.032071812335574615+0.09688771562484261j),(0.022725706394696565+0.05857575956290764j),(0.02272570639469537+0.05857575956290856j),(0.03179146274575433+0.0967340746462149j)
80750000.1925,(0.03257727257179855+0.09759095749013089j),(0.023068730816113624+0.0589736500977396j),(0.023068730816113655+0.058973650097739486j),(0.03229610885924241+0.09743879271029816j)
80800000.192,(0.033085993687773506+0.09829108913635834j),(0.023413727769641415+0.05936913036436044j),(0.023413727769641395+0.05936913036436018j),(0.03280402547401237+0.09814040502463424j)
80850000.1915,(0.033597951998190836+0.09898809499459262j),(0.02376067665592727+0.05976219026266099j),(0.023760676655930228+0.05976219026265896j),(0.033315188928742204+0.09883889594154302j)
80900000.191,(0.03411312375197817+0.09968195971884902j),(0.024109556833312496+0.06015281990131501j),(0.024109556833314224+0.06015281990131385j),(0.03382957549556564+0.09953425003620973j)
80950000.19049999,(0.034631485134784826+0.10037266818603174j),(0.024460347620231884+0.06054100959763008j),(0.024460347620229025+0.06054100959763195j),(0.03434716138255586+0.10022645210664008j)
81000000.19,(0.03515301227146535+0.10106020549585716j),(0.02481302829762913+0.060926749877363184j),(0.024813028297622334+0.060926749877368014j),(0.034867922736209186+0.10091548717358369j)
81050000.1895,(0.03567768122853291+0.10174455697073957j),(0.025167578111348482+0.06131003147450807j),(0.025167578111345307+0.06131003147451059j),(0.03539183564390308+0.10160134048043863j)
81100000.189,(0.03620546801662508+0.10242570815564493j),(0.02552397627452769+0.061690845331042576j),(0.025523976274532914+0.06169084533103877j),(0.03591887613635921+0.10228399749310389j)
81150000.1885,(0.03673634859293996+0.10310364481791755j),(0.025882201969970393+0.06206918259665422j),(0.02588220196997174+0.06206918259665293j),(0.03644902019008478+0.10296344389982227j)
81200000.188,(0.0372702988636714+0.10377835294707993j),(0.026242234352482286+0.06244503462845534j),(0.026242234352487726+0.062445034628450954j),(0.03698224372980589+0.10363966561098384j)
81250000.1875,(0.03780729468642057+0.10444981875458716j),(0.02660405255125235+0.0628183929906196j),(0.026604052551253213+0.06281839299061868j),(0.03751852263088714+0.10431264875889884j)
81300000.18699999,(0.03834731187261877+0.10511802867358137j),(0.026967635672157524+0.06318924945404765j),(0.02696763567215625+0.06318924945404841j),(0.038057832721744275+0.10498237969754103j)
81350000.1865,(0.03889032618989567+0.10578296935857723j),(0.027332962800100807+0.06355759599595721j),(0.027332962800106227+0.06355759599595259j),(0.03860014978623312+0.10564884500227043j)
81400000.18599999,(0.039436313364484755+0.10644462768516216j),(0.027700013001322573+0.06392342479946204j),(0.027700013001324873+0.06392342479946007j),(0.039145449566035245+0.10631203146951078j)
81450000.1855,(0.03998524908356876+0.10710299074963293j),(0.028068765325672197+0.06428672825314172j),(0.028068765325673786+0.06428672825314063j),(0.039693707763023216+0.10697192611641883j)
81500000.185,(0.040537108997647016+0.10775804586861938j),(0.028439198808902468+0.06464749895055048j),(0.028439198808903363+0.0646474989505498j),(0.0402449000416232+0.1076285161805068j)
81550000.1845,(0.04109186872286365+0.1084097805786855j),(0.02881129247492997+0.06500572968971945j),(0.02881129247493361+0.06500572968971656j),(0.040799002031143165+0.10828178911924921j)
81600000.184,(0.04164950384333539+0.10905818263588908j),(0.02918502533808479+0.0653614134726239j),(0.0291850253380882+0.0653614134726208j),(0.04135598932810778+0.10893173260965655j)
81650000.18349999,(0.042209989913458236+0.10970324001532758j),(0.029560376405338627+0.06571454350463174j),(0.02956037640533906+0.06571454350463103j),(0.04191583749856539+0.10957833454782566j)
81700000.183,(0.04277330246019662+0.1103449409106454j),(0.02993732467851917+0.0660651131939197j),(0.029937324678520543+0.0660651131939186j),(0.042478522080380256+0.11022158304845704j)
81750000.18249999,(0.04333941698536313+0.11098327373352564j),(0.03031584915652619+0.06641311615085602j),(0.03031584915652192+0.06641311615085975j),(0.04304401858551605+0.11086146644435557j)
81800000.182,(0.043908308967878194+0.1116182271131511j),(0.030695928837487244+0.06675854618738673j),(0.030695928837488323+0.0667585461873861j),(0.04361230250229661+0.11149797328589674j)
81850000.1815,(0.04447995386601428+0.11224978989563492j),(0.031077542720962532+0.06710139731634454j),(0.031077542720966137+0.06710139731634135j),(0.04418334929765445+0.11213109234046591j)
81900000.181,(0.04505432711962661+0.11287795114343545j),(0.0314606698100659+0.06744166375078986j),(0.031460669810066975+0.06744166375078879j),(0.04475713441936388+0.11276081259188371j)
81950000.1805,(0.04563140415235768+0.11350270013474084j),(0.03184528911360382+0.06777933990329836j),(0.03184528911360685+0.0677793399032954j),(0.04533363329824861+0.11338712323979545j)
82000000.17999999,(0.046211160373829656+0.1141240263628258j),(0.03223137964820354+0.06811442038521137j),(0.032231379648201955+0.06811442038521286j),(0.04591282135037927+0.11401001369903738j)
82050000.1795,(0.0467935711818328+0.11474191953539387j),(0.0326189204403899+0.06844690000590418j),(0.03261892044038769+0.06844690000590625j),(0.04649467397926011+0.11462947359898477j)
82100000.17899999,(0.0473786119644678+0.11535636957388572j),(0.033007890528687245+0.06877677377198085j),(0.03300789052867983+0.06877677377198746j),(0.04707916657798308+0.11524549278287147j)
82150000.1785,(0.04796625810229481+0.115967366612768j),(0.03339826896565756+0.06910403688649057j),(0.033398268965651734+0.06910403688649583j),(0.04766627453137171+0.11585806130708251j)
82200000.178,(0.048556484970453194+0.11657490099880492j),(0.03379003481996265+0.06942868474808775j),(0.033790034819959555+0.06942868474809057j),(0.04825597321811056+0.11646716944043548j)
82250000.1775,(0.049149267940764914+0.11717896329029798j),(0.034183167178380054+0.06975071295018814j),(0.03418316717837488+0.06975071295019292j),(0.04884823801284701+0.11707280766342439j)
82300000.177,(0.049744582383819125+0.1177795442563036j),(0.0345776451477968+0.07007011728010766j),(0.034577645147796834+0.07007011728010762j),(0.0494430442882891+0.11767496666745364j)
82350000.1765,(0.05034240367103772+0.11837663487584435j),(0.03497344785721764+0.07038689371815161j),(0.03497344785721605+0.07038689371815325j),(0.05004036741725815+0.11827363735403976j)
82400000.176,(0.050942707176722626+0.11897022633707328j),(0.03537055445970558+0.07070103843672328j),(0.03537055445970227+0.07070103843672625j),(0.05064018277475794+0.11886881083400146j)
82450000.17549999,(0.05154546828008221+0.11956031003643851j),(0.03576894413433922+0.07101254779937961j),(0.03576894413433928+0.0710125477993794j),(0.05124246573999562+0.1194604784266203j)
82500000.175,(0.052150662367234035+0.1201468775778212j),(0.03616859608814531+0.0713214183598733j),(0.03616859608814432+0.07132141835987417j),(0.05184719169839038+0.12004863165878907j)
82550000.1745,(0.05275826483320486+0.12072992077164528j),(0.03656948955798705+0.07162764686119322j),(0.03656948955798817+0.07162764686119208j),(0.05245433604357512+0.12063326226412517j)
82600000.174,(0.053368251083883836+0.12130943163397702j),(0.03697160381246856+0.0719312302345527j),(0.036971603812467994+0.0719312302345533j),(0.053063874179357075+0.12121436218208159j)
82650000.1735,(0.05398059653798522+0.12188540238560076j),(0.037374918153775666+0.07223216559840358j),(0.03737491815378226+0.07223216559839685j),(0.0536757815216863+0.12179192355702848j)
82700000.173,(0.05459527662895757+0.1224578254510768j),(0.03777941191955474+0.07253045025736671j),(0.03777941191955746+0.07253045025736377j),(0.05429003350056309+0.12236593873731473j)
82750000.1725,(0.055212266806909355+0.12302669345778057j),(0.0381850644846945+0.07282608170122741j),(0.0381850644846955+0.07282608170122636j),(0.05490660556197206+0.122936400274315j)
82800000.17199999,(0.05583154254048089+0.12359199923491995j),(0.038591855263156005+0.07311905760383917j),(0.03859185526315764+0.07311905760383729j),(0.05552547316976144+0.12350330092145864j)
82850000.1715,(0.05645307931871841+0.124153735812539j),(0.038999763709750494+0.07340937582204037j),(0.038999763709751244+0.07340937582203946j),(0.05614661180751502+0.12406663363323128j)
82900000.171,(0.05707685265291441+0.12471189642050509j),(0.03940876932188879+0.07369703439456449j),(0.039408769321886285+0.07369703439456719j),(0.05676999698039946+0.12462639156417284j)
82950000.1705,(0.057702838078432045+0.12526647448747064j),(0.03981885164132354+0.07398203154091762j),(0.03981885164132283+0.07398203154091837j),(0.05739560421699693+0.12518256806784817j)
83000000.17,(0.058331011156508156+0.1258174636398283j),(0.04022999025587281+0.07426436566023663j),(0.04022999025587773+0.07426436566023134j),(0.0580234090711121+0.125735156695804j)
83050000.1695,(0.058961347476034764+0.12636485770064626j),(0.040642164801111+0.07454403533014042j),(0.04064216480111678+0.07454403533013368j),(0.058653387123548284+0.12628415119651085j)
83100000.169,(0.059593822655316896+0.12690865068858065j),(0.0410553549620383+0.07482103930556627j),(0.04105535496203854+0.07482103930556613j),(0.05928551398388314+0.12682954551428222j)
83150000.16849999,(0.06022841234380739+0.1274488368167853j),(0.0414695404747312+0.07509537651759747j),(0.04146954047473025+0.0750953765175985j),(0.05991976529220626+0.127371333788194j)
83200000.168,(0.06086509222383718+0.12798541049178971j),(0.0418847011279763+0.07536704607224977j),(0.041884701127977576+0.07536704607224828j),(0.06055611672084701+0.12790951035096315j)
83250000.1675,(0.06150383801229013+0.1285183663123838j),(0.042300816764882315+0.07563604724926411j),(0.04230081676488441+0.07563604724926169j),(0.06119454397605799+0.12844406972783723j)
83300000.167,(0.06214462546228955+0.1290476990684633j),(0.04271786728445638+0.0759023795008874j),(0.0427178672844561+0.07590237950088738j),(0.06183502279971252+0.1289750066354531j)
83350000.1665,(0.0627874303648464+0.12957340373988308j),(0.043135832643168455+0.07616604245063492j),(0.043135832643168094+0.07616604245063513j),(0.062477528970948805+0.12950231598068807j)
83400000.166,(0.06343222855048679+0.13009547549528663j),(0.043554692856492584+0.07642703589203578j),(0.043554692856495866+0.07642703589203169j),(0.06312203830780479+0.13002599285949726j)
83450000.1655,(0.06407899589086404+0.13061390969091505j),(0.043974428000433476+0.07668535978735935j),(0.04397442800043493+0.07668535978735741j),(0.0637685266688407+0.13054603255573058j)
83500000.16499999,(0.0647277083003303+0.131128701869419j),(0.044395018213006+0.0769410142663547j),(0.044395018213007315+0.07694101426635286j),(0.06441696995471058+0.13106243053994718j)
83550000.1645,(0.06537834173751847+0.13163984775864954j),(0.04481644369572356+0.07719399962495177j),(0.04481644369572585+0.07719399962494891j),(0.06506734410975284+0.1315751824682131j)
83600000.16399999,(0.06603087220686618+0.13214734327043434j),(0.04523868471504131+0.07744431632395743j),(0.04523868471504266+0.07744431632395568j),(0.06571962512351458+0.13208428418088067j)
83650000.1635,(0.0666852757601444+0.1326511844993459j),(0.04566172160378699+0.07769196498774936j),(0.04566172160378519+0.07769196498775165j),(0.06637378903228858+0.13258973170136348j)
83700000.163,(0.06734152849795148+0.13315136772146152j),(0.04608553476256346+0.07793694640295491j),(0.04608553476255943+0.0779369464029604j),(0.06702981192061429+0.13309152123490087j)
83750000.1625,(0.06799960657117937+0.1336478893931003j),(0.046510104661133075+0.07817926151711257j),(0.046510104661132354+0.0781792615171135j),(0.06768766992275597+0.13358964916730448j)
83800000.162,(0.06865948618248341+0.13414074614957247j),(0.04693541183978735+0.0784189114373221j),(0.04693541183978775+0.07841891143732152j),(0.06834733922415083+0.13408411206369839j)
83850000.16149999,(0.06932114358768995+0.13462993480388333j),(0.04736143691067073+0.07865589742890022j),(0.04736143691067061+0.07865589742890018j),(0.06900879606285888+0.13457490666724656j)
83900000.161,(0.06998455509721899+0.1351154523454667j),(0.047788160559102316+0.07889022091401811j),(0.047788160559101976+0.07889022091401836j),(0.0696720167309644+0.13506202989787616j)
83950000.16049999,(0.07064969707746185+0.135597295938877j),(0.048215563544866+0.07912188347032552j),(0.04821556354487301+0.07912188347031616j),(0.07033697757596853+0.1355454788509815j)
84000000.16,(0.0713165459521464+0.13607546292249179j),(0.04864362670349305+0.07935088682955838j),(0.04864362670349893+0.0793508868295502j),(0.07100365500216521+0.13602525079613062j)
84050000.1595,(0.07198507820367578+0.13654995080719565j),(0.049072330947489355+0.07957723287617063j),(0.04907233094749201+0.07957723287616683j),(0.07167202547197046+0.13650134317574916j)
84100000.159,(0.07265527037444505+0.13702075727505678j),(0.04950165726756956+0.07980092364592714j),(0.049501657267571664+0.079800923645924j),(0.07234206550726528+0.13697375360380742j)
84150000.1585,(0.07332709906814294+0.13748788017800373j),(0.04993158673386471+0.08002196132449191j),(0.04993158673386246+0.08002196132449478j),(0.07301375169067978+0.13744247986449443j)
84200000.15799999,(0.07400054095101467+0.13795131753647785j),(0.05036210049708747+0.08024034824603143j),(0.050362100497090445+0.08024034824602704j),(0.07368706066688241+0.1379075199108827j)
84250000.1575,(0.07467557275312077+0.13841106753809995j),(0.05079317978971301+0.08045608689176852j),(0.05079317978971409+0.08045608689176698j),(0.07436196914383456+0.13836887186359184j)
84300000.15699999,(0.07535217126956587+0.13886712853630612j),(0.05122480592708868+0.0806691798885843j),(0.0512248059270857+0.08066917988858881j),(0.07503845389402353+0.13882653400943173j)
84350000.1565,(0.07603031336170553+0.1393194990490008j),(0.05165696030855424+0.08087963000757988j),(0.05165696030855173+0.08087963000758334j),(0.07571649175567582+0.13928050480005685j)
84400000.156,(0.07670997595831949+0.13976817775718156j),(0.0520896244185385+0.08108744016262429j),(0.05208962441854056+0.08108744016262108j),(0.07639605963394454+0.1397307828506016j)
84450000.1555,(0.07739113605679349+0.1402131635035746j),(0.05252277982762535+0.08129261340891497j),(0.05252277982762552+0.08129261340891447j),(0.07707713450208631+0.14017736693830926j)
84500000.155,(0.07807377072424329+0.14065445529125545j),(0.052956408193587844+0.08149515294154369j),(0.05295640819358439+0.08149515294154881j),(0.07775969340259277+0.1406202560011643j)
84550000.1545,(0.07875785709864601+0.141092052282265j),(0.053390491262419036+0.08169506209403235j),(0.05339049126241639+0.08169506209403622j),(0.07844371344833462+0.14105944913650814j)
84600000.154,(0.07944337238992323+0.14152595379622623j),(0.05382501086933486+0.08189234433687076j),(0.053825010869336984+0.0818923443368672j),(0.0791291718236465+0.14149494559966289j)
84650000.15349999,(0.08013029388103143+0.14195615930894814j),(0.054259948939752+0.08208700327605328j),(0.05425994893975633+0.0820870032760464j),(0.07981604578541732+0.14192674480253345j)
84700000.153,(0.08081859892900493+0.14238266845103054j),(0.05469528749023979+0.08227904265162016j),(0.05469528749024327+0.08227904265161447j),(0.08050431266414886+0.142354846312219j)
84750000.1525,(0.08150826496598651+0.14280548100646534j),(0.0551310086294557+0.08246846633618693j),(0.055131008629457814+0.08246846633618399j),(0.0811939498649887+0.1427792498496188j)
84800000.152,(0.0821992695002429+0.14322459691123207j),(0.05556709455906469+0.08265527833346245j),(0.05556709455906167+0.08265527833346731j),(0.08188493486874567+0.143199955288026j)
84850000.1515,(0.08289159011715144+0.14364001625188655j),(0.056003527574615276+0.0828394827767902j),(0.05600352757461419+0.08283948277679172j),(0.08257724523289492+0.14361696265172472j)
84900000.151,(0.08358520448017212+0.14405173926415135j),(0.05644029006643063+0.08302108392763985j),(0.05644029006643041+0.08302108392763988j),(0.08327085859253901+0.14403027211457903j)
84950000.1505,(0.08428009033178056+0.14445976633150795j),(0.05687736452044126+0.08320008617414862j),(0.0568773645204387+0.08320008617415264j),(0.08396575266136166+0.1444398839986305j)
85000000.14999999,(0.08497622549440076+0.14486409798377026j),(0.05731473351901023+0.08337649402963743j),(0.057314733519009585+0.08337649402963866j),(0.08466190523256477+0.14484579877267487j)
85050000.1495,(0.08567358787131654+0.14526473489567557j),(0.057752379741748266+0.08355031213111336j),(0.057752379741749335+0.08355031213111157j),(0.08535929417977113+0.14524801705085258j)
85100000.149,(0.08637215544753968+0.14566167788545661j),(0.058190285966291555+0.0837215452377872j),(0.0581902859662917+0.0837215452377869j),(0.08605789745791598+0.14564653959122728j)
85150000.1485,(0.0870719062906782+0.14605492791342337j),(0.05862843506906118+0.0838901982295935j),(0.05862843506906092+0.08389019822959401j),(0.08675769310411563+0.14604136729436829j)
85200000.148,(0.08777281855177646+0.1464444860805413j),(0.0590668100260119+0.0840562761056938j),(0.05906681002601156+0.0840562761056943j),(0.08745865923851144+0.14643250120193177j)
85250000.1475,(0.08847487046614518+0.1468303536270006j),(0.05950539391334526+0.0842197839829881j),(0.05950539391334671+0.0842197839829859j),(0.08816077406509427+0.1468199424952275j)
85300000.147,(0.08917804035413977+0.14721253193079667j),(0.05994416990822183+0.08438072709461997j),(0.059944169908218714+0.08438072709462552j),(0.08886401587251833+0.14720369249381446j)
85350000.14649999,(0.08988230662195576+0.14759102250630118j),(0.06038312128941916+0.08453911078850669j),(0.06038312128941618+0.08453911078851234j),(0.08956836303487536+0.147583752654059j)
85400000.146,(0.09058764776239094+0.14796582700283253j),(0.06082223143801077+0.08469494052582827j),(0.0608222314380126+0.08469494052582456j),(0.09027379401247868+0.14796012456771837j)
85450000.14549999,(0.09129404235557205+0.14833694720324161j),(0.06126148383800139+0.08484822187953547j),(0.06126148383800344+0.08484822187953149j),(0.09098028735257432+0.14833280996052073j)
85500000.145,(0.09200146906967964+0.14870438502247016j),(0.06170086207693591+0.08499896053287909j),(0.06170086207693362+0.08499896053288335j),(0.09168782169010226+0.14870181069073116j)
85550000.1445,(0.09270990666164879+0.14906814250613434j),(0.06214034984649694+0.08514716227792497j),(0.062140349846494435+0.08514716227792984j),(0.09239637574838079+0.14906712874773642j)
85600000.144,(0.09341933397784286+0.1494282218291005j),(0.06257993094309475+0.08529283301404554j),(0.06257993094309326+0.08529283301404832j),(0.09310592833979583+0.14942876625061868j)
85650000.1435,(0.09412972995472303+0.14978462529405587j),(0.06301958926841794+0.08543597874644768j),(0.06301958926841755+0.08543597874644836j),(0.09381645836646593+0.14978672544673255j)
85700000.14299999,(0.09484107361947808+0.1501373553300901j),(0.06345930882997104+0.0855766055846917j),(0.06345930882997108+0.08557660558469114j),(0.0945279448208936+0.15014100871028566j)
85750000.1425,(0.0955533440906512+0.15048641449127467j),(0.06389907374159413+0.0857147197412107j),(0.06389907374159695+0.08571471974120452j),(0.09524036678658195+0.1504916185409201j)
85800000.14199999,(0.09626652057874391+0.15083180545523978j),(0.0643388682239674+0.08585032752981875j),(0.06433886822396816+0.08585032752981761j),(0.09595370343865521+0.150838557562291j)
85850000.1415,(0.09698058238678875+0.15117353102176292j),(0.06477867660508192+0.08598343536425881j),(0.06477867660508+0.08598343536426288j),(0.09666793404443604+0.15118182852065765j)
85900000.141,(0.09769550891092532+0.15151159411134613j),(0.06521848332070702+0.08611404975671028j),(0.06521848332070368+0.08611404975671728j),(0.0973830379640231+0.15152143428346018j)
85950000.1405,(0.09841127964093815+0.15184599776381094j),(0.06565827291483212+0.08624217731632677j),(0.06565827291483164+0.08624217731632762j),(0.09809899465083591+0.15185737783791775j)
86000000.14,(0.09912787416078578+0.15217674513688415j),(0.06609803004009357+0.0863678247477549j),(0.06609803004009308+0.08636782474775599j),(0.09881578365214994+0.15218966228961356j)
86050000.13949999,(0.09984527214911144+0.15250383950479166j),(0.06653773945817222+0.08649099884969232j),(0.06653773945817135+0.08649099884969416j),(0.09953338460961617+0.15251829086109087j)
86100000.139,(0.1005634533797319+0.1528272842568522j),(0.06697738604018277+0.08661170651341404j),(0.06697738604018301+0.08661170651341417j),(0.1002517772597474+0.1528432668904493j)
86150000.13849999,(0.10128239772210035+0.1531470828960842j),(0.06741695476704745+0.08672995472131369j),(0.06741695476704677+0.08672995472131496j),(0.10097094143440052+0.15316459382994962j)
86200000.138,(0.1020020851417799+0.15346323903779477j),(0.06785643072983587+0.08684575054546118j),(0.06785643072983653+0.08684575054545941j),(0.10169085706124098+0.15348227524460664j)
86250000.1375,(0.10272249570085905+0.1537757564082034j),(0.06829579913010889+0.08695910114614262j),(0.06829579913010886+0.08695910114614183j),(0.10241150416417515+0.15379631481081213j)
86300000.137,(0.10344360955839205+0.15408463884303522j),(0.06873504528022069+0.08707001377043079j),(0.06873504528022355+0.08707001377042353j),(0.10313286286378692+0.15410671631493056j)
86350000.1365,(0.1041654069707808+0.15438989028615072j),(0.0691741546036328+0.0871784957507205j),(0.06917415460363269+0.08717849575072026j),(0.10385491337773174+0.15441348365192556j)
86400000.13599999,(0.10488786829216816+0.1546915147881529j),(0.06961311263517111+0.08728455450333192j),(0.06961311263517207+0.08728455450332993j),(0.10457763602113593+0.15471662082397208j)
86450000.1355,(0.10561097397480776+0.15498951650501655j),(0.07005190502130942+0.08738819752704426j),(0.07005190502130866+0.08738819752704605j),(0.10530101120697008+0.1550161319390871j)
86500000.13499999,(0.10633470456941282+0.15528389969671447j),(0.07049051752040034+0.08748943240169793j),(0.07049051752040077+0.08748943240169582j),(0.10602501944639994+0.15531202120975046j)
86550000.1345,(0.10705904072548733+0.15557466872584946j),(0.07092893600291282+0.08758826678675256j),(0.07092893600291329+0.08758826678675072j),(0.10674964134912529+0.15560429295154343j)
86600000.134,(0.10778396319164284+0.15586182805629614j),(0.07136714645163802+0.08768470841989341j),(0.0713671464516378+0.08768470841989352j),(0.1074748576237059+0.155892951581787j)
86650000.1335,(0.10850945281590767+0.1561453822518358j),(0.07180513496188709+0.08777876511561503j),(0.0718051349618861+0.08777876511561762j),(0.10820064907787734+0.15617800161818035j)
86700000.133,(0.1092354905459996+0.15642533597481456j),(0.07224288774167005+0.08787044476381839j),(0.07224288774166833+0.08787044476382348j),(0.10892699661881632+0.15645944767745762j)
86750000.1325,(0.10996205742960265+0.15670169398478734j),(0.07268039111185481+0.08795975532842255j),(0.07268039111185448+0.08795975532842268j),(0.10965388125344645+0.1567372944740306j)
86800000.132,(0.11068913461462294+0.156974461137186j),(0.07311763150632451+0.08804670484595255j),(0.0731176315063231+0.08804670484595647j),(0.11038128408866511+0.15701154681865995j)
86850000.13149999,(0.11141670334941411+0.157243642381981j),(0.07355459547209431+0.0881313014241933j),(0.07355459547209439+0.088131301424193j),(0.11110918633161468+0.15728220961711425j)
86900000.131,(0.11214474498302272+0.15750924276234637j),(0.07399126966943793+0.08821355324077426j),(0.07399126966943688+0.08821355324077684j),(0.11183756928989076+0.1575492878688411j)
86950000.1305,(0.11287324096535775+0.15777126741335087j),(0.07442764087198134+0.08829346854182929j),(0.07442764087198135+0.08829346854182922j),(0.11256641437176393+0.157812786665648j)
87000000.13,(0.11360217284742255+0.15802972156062808j),(0.07486369596679134+0.08837105564061237j),(0.07486369596679135+0.08837105564061234j),(0.11329570308637346+0.15807271119038185j)
87050000.1295,(0.11433152228146547+0.15828461051907752j),(0.07529942195444353+0.08844632291615365j),(0.07529942195444364+0.08844632291615317j),(0.11402541704390969+0.15832906671562408j)
87100000.129,(0.1150612710211561+0.15853593969154953j),(0.07573480594907701+0.08851927881190372j),(0.07573480594907712+0.0885192788119031j),(0.11475553795578373+0.1585818586023787j)
87150000.1285,(0.1157914009217217+0.15878371456756016j),(0.07616983517843773+0.08858993183439175j),(0.07616983517843688+0.08858993183439409j),(0.11548604763477513+0.15883109229878734j)
87200000.12799999,(0.11652189394008908+0.15902794072199514j),(0.07660449698389889+0.08865829055189786j),(0.07660449698389755+0.08865829055190182j),(0.11621692799517855+0.15907677333882958j)
87250000.1275,(0.11725273213500693+0.15926862381382492j),(0.07703877882047636+0.08872436359311599j),(0.07703877882047548+0.08872436359311917j),(0.11694816105292409+0.1593189073410393j)
87300000.127,(0.11798389766713305+0.15950576958483553j),(0.07747266825682783+0.08878815964583552j),(0.07747266825682592+0.0887881596458406j),(0.11767972892568289+0.1595575000072374j)
87350000.1265,(0.11871537279915167+0.1597393838583546j),(0.07790615297523144+0.08884968745563872j),(0.07790615297523136+0.08884968745563898j),(0.11841161383297386+0.15979255712125556j)
87400000.126,(0.11944713989583566+0.15996947253799024j),(0.07833922077155989+0.08890895582458185j),(0.07833922077156112+0.08890895582457667j),(0.11914379809624362+0.1600240845476708j)
87450000.1255,(0.12017918142410865+0.1601960416063792j),(0.0787718595552376+0.08896597360990013j),(0.07877185955523706+0.08896597360990234j),(0.11987626413892444+0.16025208823056308j)
87500000.125,(0.1209114799531087+0.16041909712393856j),(0.07920405734917559+0.08902074972274618j),(0.07920405734917592+0.08902074972274479j),(0.12060899448651471+0.1604765741922549j)
87550000.12449999,(0.12164401815422192+0.16063864522762555j),(0.07963580228971315+0.08907329312686359j),(0.07963580228971122+0.08907329312687054j),(0.12134197176660125+0.16069754853207951j)
87600000.124,(0.12237677880110204+0.16085469212971107j),(0.08006708262652383+0.0891236128373675j),(0.08006708262652473+0.08912361283736388j),(0.12207517870890085+0.1609150174251484j)
87650000.12349999,(0.12310974476969248+0.16106724411655085j),(0.08049788672253266+0.08917171791941751j),(0.0804978867225316+0.08917171791942127j),(0.12280859814526901+0.16112898712112397j)
87700000.123,(0.12384289903822375+0.1612763075473745j),(0.08092820305379105+0.08921761748703527j),(0.08092820305379114+0.08921761748703479j),(0.12354221300971804+0.1613394639430074j)
87750000.1225,(0.12457622468719952+0.1614818888530727j),(0.08135802020937213+0.08926132070179253j),(0.08135802020937212+0.08926132070179263j),(0.12427600633840033+0.16154645428592562j)
87800000.122,(0.12530970489937232+0.16168399453500346j),(0.08178732689122777+0.0893028367716133j),(0.08178732689122711+0.08930283677161574j),(0.12500996126959793+0.16174996461593558j)
87850000.1215,(0.12604332295971654+0.16188263116379598j),(0.08221611191404869+0.08934217494953024j),(0.08221611191404739+0.08934217494953547j),(0.1257440610436806+0.1619500014688284j)
87900000.12099999,(0.12677706225537264+0.16207780537817207j),(0.08264436420510254+0.08937934453246983j),(0.0826443642051022+0.08937934453247048j),(0.12647828900307434+0.16214657144894767j)
87950000.1205,(0.1275109062755927+0.1622695238837645j),(0.08307207280407358+0.0894143548600243j),(0.08307207280407351+0.08941435486002319j),(0.12721262859220178+0.16233968122801123j)
88000000.11999999,(0.12824483861166905+0.16245779345195943j),(0.08349922686287604+0.08944721531326953j),(0.08349922686287617+0.08944721531326731j),(0.1279470633574203+0.16252933754394575j)
88050000.1195,(0.12897884295685128+0.1626426209187341j),(0.08392581564546604+0.08947793531355588j),(0.08392581564546456+0.0894779353135628j),(0.12868157694693064+0.16271554719973233j)
88100000.119,(0.1297129031062527+0.1628240131835045j),(0.08435182852763694+0.0895065243213431j),(0.08435182852763586+0.0895065243213469j),(0.12941615311072308+0.16289831706224303j)
88150000.1185,(0.130447002956757+0.1630019772079892j),(0.08477725499681124+0.08953299183499674j),(0.08477725499681187+0.08953299183499318j),(0.13015077570044062+0.1630776540611126j)
88200000.118,(0.13118112650690128+0.16317652001507707j),(0.0852020846518144+0.08955734738963379j),(0.08520208465181434+0.08955734738963382j),(0.13088542866928624+0.16325356518760106j)
88250000.11749999,(0.13191525785673722+0.16334764868770044j),(0.08562630720263753+0.08957960055597954j),(0.08562630720263716+0.08957960055598119j),(0.1316200960719234+0.1634260574934602j)
88300000.117,(0.13264938120771982+0.16351537036772185j),(0.08604991247019766+0.0895997609391979j),(0.08604991247019626+0.08959976093920345j),(0.13235476206430816+0.16359513808983167j)
88350000.11649999,(0.1333834808625483+0.16367969225483364j),(0.08647289038608064+0.08961783817777183j),(0.08647289038608051+0.08961783817777126j),(0.13308941090356813+0.16376081414613514j)
88400000.116,(0.13411754122501163+0.16384062160545304j),(0.0868952309922777+0.08963384194234993j),(0.08689523099227789+0.08963384194234761j),(0.1338240269478647+0.1639230928889621j)
88450000.1155,(0.13485154679984274+0.16399816573163406j),(0.08731692444091008+0.08964778193465114j),(0.08731692444091087+0.08964778193464504j),(0.1345585946562172+0.16408198160099527j)
88500000.115,(0.13558548219251532+0.16415233199999962j),(0.0877379609939465+0.08965966788633835j),(0.08773796099394743+0.08965966788633284j),(0.1352930985883344+0.1642374876199285j)
88550000.1145,(0.13631933210908811+0.1643031278306609j),(0.08815833102290763+0.0896695095579255j),(0.08815833102290718+0.08966950955792728j),(0.1360275234044392+0.16438961833739177j)
88600000.114,(0.13705308135599617+0.164450560696157j),(0.08857802500856432+0.08967731673769118j),(0.08857802500856403+0.08967731673769196j),(0.13676185386509046+0.16453838119788713j)
88650000.1135,(0.13778671483985966+0.16459463812040964j),(0.0889970335406274+0.08968309924057737j),(0.08899703354062623+0.08968309924058412j),(0.1374960748309701+0.16468378369774042j)
88700000.11299999,(0.13852021756727148+0.16473536767767277j),(0.08941534731742282+0.08968686690714901j),(0.08941534731742329+0.08968686690714561j),(0.1382301712626914+0.16482583338405188j)
88750000.1125,(0.13925357464457666+0.16487275699150486j),(0.08983295714556998+0.08968862960248505j),(0.08983295714556973+0.08968862960248425j),(0.13896412822057028+0.16496453785366635j)
88800000.112,(0.13998677127764897+0.16500681373374376j),(0.09024985393963618+0.0896883972151766j),(0.0902498539396363+0.08968839721517786j),(0.13969793086440735+0.16509990475214786j)
88850000.1115,(0.14071979277164462+0.16513754562348854j),(0.0906660287217925+0.08968617965625912j),(0.09066602872179268+0.0896861796562549j),(0.14043156445328425+0.1652319417727505j)
88900000.111,(0.14145262453078453+0.16526496042609626j),(0.0910814726214615+0.0896819868581715j),(0.09108147262146218+0.08968198685816547j),(0.14116501434526518+0.16536065665542998j)
88950000.1105,(0.14218525205807486+0.16538906595218217j),(0.09149617687495384+0.08967582877374936j),(0.09149617687495429+0.08967582877374426j),(0.14189826599721544+0.1654860571858286j)
89000000.11,(0.14291766095506978+0.16550987005663417j),(0.09191013282509604+0.08966771537520346j),(0.09191013282509615+0.08966771537520397j),(0.1426313049644953+0.16560815119429415j)
89050000.10949999,(0.14364983692157324+0.16562738063764387j),(0.09232333192085443+0.08965765665312794j),(0.0923233319208547+0.08965765665312275j),(0.14336411690072537+0.165726946554905j)
89100000.109,(0.1443817657554175+0.16574160563571916j),(0.0927357657169494+0.08964566261548024j),(0.09273576571694982+0.08964566261547639j),(0.14409668755750726+0.1658424511844864j)
89150000.1085,(0.14511343335212482+0.1658525530327378j),(0.09314742587346148+0.08963174328662321j),(0.09314742587346173+0.08963174328661912j),(0.14482900278414934+0.1659546730416581j)
89200000.108,(0.14584482570466245+0.16596023085099695j),(0.09355830415543219+0.0896159087063396j),(0.0935583041554318+0.08961590870634065j),(0.14556104852736676+0.1660636201258851j)
89250000.1075,(0.14657592890311427+0.1660646471522676j),(0.09396839243245506+0.08959816892887462j),(0.09396839243245474+0.08959816892887393j),(0.1462928108310222+0.16616930047652412j)
89300000.107,(0.1473067291344031+0.16616581003686753j),(0.09437768267826459+0.08957853402196854j),(0.09437768267826453+0.08957853402196914j),(0.14702427583578656+0.16627172217190317j)
89350000.1065,(0.14803721268197262+0.1662637276427324j),(0.09478616697031353+0.08955701406592474j),(0.0947861669703135+0.08955701406592609j),(0.1477554297788664+0.1663708933283861j)
89400000.10599999,(0.14876736592546144+0.166358408144515j),(0.09519383748934615+0.08953361915267058j),(0.09519383748934575+0.08953361915267397j),(0.14848625899367454+0.16646682209946823j)
89450000.1055,(0.14949717534039894+0.1664498597526718j),(0.09560068651896275+0.08950835938483659j),(0.0956006865189625+0.08950835938483763j),(0.14921674990951286+0.16655951667486527j)
89500000.10499999,(0.15022662749786764+0.1665380907125685j),(0.0960067064451831+0.08948124487483146j),(0.09600670644518307+0.08948124487483128j),(0.14994688905125445+0.16664898527961464j)
89550000.1045,(0.15095570906416184+0.166623109303606j),(0.09641188975599695+0.0894522857439522j),(0.09641188975599745+0.08945228574394448j),(0.1506766630390102+0.16673523617319666j)
89600000.104,(0.15168440680046816+0.1667049238383325j),(0.09681622904091722+0.0894214921214647j),(0.09681622904091738+0.08942149212146404j),(0.15140605858778594+0.16681827764865173j)
89650000.1035,(0.15241270756249167+0.1667835426615861j),(0.09721971699051363+0.08938887414376061j),(0.09721971699051407+0.08938887414375385j),(0.1521350625071452+0.1668981180317144j)
89700000.103,(0.15314059830013127+0.16685897414963674j),(0.09762234639595888+0.08935444195343019j),(0.09762234639595863+0.08935444195342963j),(0.15286366170086443+0.16697476567995506j)
89750000.10249999,(0.1538680660571049+0.16693122670933158j),(0.09802411014855243+0.08931820569844491j),(0.09802411014855292+0.08931820569843922j),(0.15359184316657717+0.16704822898192237j)
89800000.102,(0.1545950979705965+0.1670003087772704j),(0.09842500123925293+0.08928017553126044j),(0.09842500123925298+0.08928017553125714j),(0.1543195939953968+0.1671185163563249j)
89850000.10149999,(0.1553216812708791+0.16706622881896693j),(0.09882501275819205+0.08924036160800276j),(0.09882501275819218+0.08924036160800303j),(0.15504690137158395+0.16718563625117577j)
89900000.101,(0.15604780328095375+0.1671289953280296j),(0.09922413789419547+0.08919877408761674j),(0.09922413789419554+0.08919877408761506j),(0.1557737525721541+0.16724959714298154j)
89950000.1005,(0.15677345141616042+0.16718861682535663j),(0.09962236993429024+0.08915542313103793j),(0.09962236993429013+0.08915542313104094j),(0.15650013496651904+0.16731040753593232j)
90000000.1,(0.1574986131838066+0.16724510185833286j),(0.10001970226321354+0.08911031890038992j),(0.10001970226321331+0.08911031890039016j),(0.15722603601608934+0.1673680759610958j)
90050000.0995,(0.15822327618277612+0.16729845900003554j),(0.10041612836291246+0.08906347155815751j),(0.10041612836291271+0.08906347155815879j),(0.157951443273902+0.16742261097562397j)
90100000.09899999,(0.15894742810313225+0.16734869684845288j),(0.1008116418120402+0.08901489126640416j),(0.10081164181203991+0.08901489126640995j),(0.15867634438423586+0.16747402116196392j)
90150000.0985,(0.15967105672573245+0.16739582402571535j),(0.10120623628545027+0.08896458818599093j),(0.10120623628545027+0.08896458818599048j),(0.1594007270822072+0.16752231512709298j)
90200000.09799999,(0.16039414992181406+0.16743984917732627j),(0.1015999055536853+0.08891257247577014j),(0.10159990555368494+0.08891257247576861j),(0.16012457919338025+0.1675675015017435j)
90250000.0975,(0.16111669565260903+0.16748078097140864j),(0.10199264348245887+0.08885885429185052j),(0.10199264348245861+0.0888588542918435j),(0.16084788863336763+0.16760958893964573j)
90300000.097,(0.1618386819689257+0.16751862809795445j),(0.10238444403213777+0.08880344378681328j),(0.10238444403213771+0.08880344378680792j),(0.1615706434074252+0.16764858611678038j)
90350000.0965,(0.16256009701073004+0.16755339926809856j),(0.10277530125721847+0.08874635110898169j),(0.10277530125721833+0.08874635110897965j),(0.1622928316100315+0.16768450173064595j)
90400000.096,(0.16328092900674182+0.16758510321338135j),(0.10316520930580074+0.08868758640167074j),(0.10316520930580055+0.08868758640167264j),(0.16301444142449176+0.16771734449952042j)
90450000.09549999,(0.1640011662740161+0.16761374868503037j),(0.10355416241905395+0.0886271598024663j),(0.10355416241905388+0.08862715980246505j),(0.16373546112251267+0.16774712316173904j)
90500000.095,(0.16472079721751123+0.16763934445325585j),(0.10394215493068847+0.08856508144248564j),(0.10394215493068841+0.08856508144248486j),(0.16445587906378273+0.16777384647499233j)
90550000.09449999,(0.16543981032966468+0.16766189930654643j),(0.1043291812664117+0.08850136144569266j),(0.10432918126641154+0.08850136144568815j),(0.16517568369555757+0.1677975232156104j)
90600000.094,(0.16615819418997987+0.16768142205097572j),(0.10471523594339441+0.08843600992817124j),(0.10471523594339444+0.08843600992816872j),(0.16589486355221356+0.16781816217787804j)
90650000.0935,(0.1668759374645751+0.16769792150951737j),(0.10510031356972185+0.08836903699745544j),(0.1051003135697217+0.0883690369974514j),(0.16661340725484441+0.16783577217334203j)
90700000.093,(0.16759302890575323+0.1677114065213778j),(0.10548440884385053+0.08830045275182734j),(0.10548440884385031+0.08830045275182556j),(0.1673313035108101+0.16785036203013964j)
90750000.0925,(0.16830945735156902+0.16772188594132517j),(0.1058675165540579+0.08823026727965791j),(0.10586751655405784+0.08823026727965791j),(0.16804854111330922+0.16786194059232704j)
90800000.092,(0.16902521172538484+0.1677293686390356j),(0.10624963157789162+0.08815849065873292j),(0.10624963157789165+0.0881584906587374j),(0.16876510894093444+0.16787051671922523j)
90850000.0915,(0.1697402810354353+0.16773386349843308j),(0.10663074888161236+0.08808513295561013j),(0.10663074888161224+0.08808513295560981j),(0.16948099595725086+0.1678760992847549j)
90900000.09099999,(0.1704546543743616+0.16773537941707187j),(0.10701086351963918+0.08801020422494749j),(0.10701086351963947+0.08801020422495143j),(0.17019619121032217+0.16787869717681603j)
90950000.0905,(0.1711683209187912+0.16773392530548287j),(0.10738997063399168+0.08793371450890294j),(0.10738997063399167+0.08793371450890217j),(0.17091068383229488+0.16787831929663571j)
91000000.09,(0.17188126992886527+0.16772951008656545j),(0.10776806545372475+0.08785567383646796j),(0.1077680654537248+0.08785567383646854j),(0.17162446303892306+0.1678749745581564j)
91050000.0895,(0.17259349074779518+0.1677221426949696j),(0.10814514329436813+0.0877760922228811j),(0.10814514329436865+0.08777609222288378j),(0.1723375181291476+0.16786867188740792j)
91100000.089,(0.17330497280141105+0.16771183207648604j),(0.1085211995573592+0.08769497966900033j),(0.10852119955735927+0.08769497966900525j),(0.17304983848461922+0.16785942022190803j)
91150000.0885,(0.17401570559769544+0.16769858718745662j),(0.10889622972947686+0.08761234616071253j),(0.10889622972947653+0.0876123461607093j),(0.17376141356926433+0.16784722851005873j)
91200000.088,(0.17472567872633896+0.16768241699417913j),(0.10927022938227045+0.08752820166831127j),(0.10927022938227107+0.08752820166831887j),(0.17447223292879835+0.1678321057105593j)
91250000.08749999,(0.17543488185826348+0.16766333047233148j),(0.10964319417149201+0.08744255614597223j),(0.10964319417149244+0.08744255614597785j),(0.17518228619030612+0.16781406079182007j)
91300000.087,(0.17614330474517467+0.16764133660639738j),(0.11001511983651972+0.08735541953111939j),(0.11001511983652039+0.08735541953112508j),(0.17589156306176176+0.16779310273138384j)
91350000.0865,(0.17685093721909223+0.16761644438910095j),(0.11038600219978725+0.08726680174389344j),(0.11038600219978739+0.0872668017438949j),(0.17660005333156298+0.16776924051536932j)
91400000.086,(0.17755776919188426+0.16758866282085416j),(0.11075583716620592+0.08717671268657619j),(0.11075583716620628+0.08717671268657938j),(0.17730774686807732+0.16774248313790466j)
91450000.0855,(0.17826379065480852+0.16755800090920553j),(0.11112462072259041+0.087085162243061j),(0.11112462072259091+0.0870851622430646j),(0.17801463361918213+0.1677128396005812j)
91500000.085,(0.17896899167803546+0.16752446766830376j),(0.11149234893707899+0.08699216027829824j),(0.11149234893707921+0.08699216027830091j),(0.1787207036117872+0.1676803189119099j)
91550000.0845,(0.17967336241018064+0.1674880721183702j),(0.11185901795855659+0.08689771663776827j),(0.11185901795855639+0.08689771663776752j),(0.17942594695137534+0.1676449300867904j)
91600000.08399999,(0.1803768930778487+0.16744882328515895j),(0.11222462401607064+0.08680184114695161j),(0.1122246240160713+0.0868018411469564j),(0.18013035382153117+0.16760668214597857j)
91650000.0835,(0.1810795739851435+0.16740673019946015j),(0.11258916341825784+0.08670454361083965j),(0.11258916341825723+0.08670454361083722j),(0.18083391448348798+0.1675655841155716j)
91700000.08299999,(0.1817813955132051+0.1673618018965871j),(0.11295263255275284+0.08660583381338219j),(0.11295263255275365+0.08660583381338782j),(0.18153661927562031+0.1675216450265088j)
91750000.0825,(0.18248234811974726+0.16731404741586506j),(0.11331502788561558+0.08650572151704744j),(0.11331502788561577+0.08650572151704825j),(0.18223845861302174+0.1674748739140445j)
91800000.082,(0.18318242233856294+0.16726347580015352j),(0.11367634596074026+0.08640421646227683j),(0.11367634596074082+0.0864042164622808j),(0.18293942298700056+0.16742527981727623j)
91850000.0815,(0.1838816087790733+0.16721009609535223j),(0.11403658339927664+0.08630132836704567j),(0.11403658339927682+0.08630132836704704j),(0.1836395029646176+0.16737287177864524j)
91900000.081,(0.18457989812583853+0.1671539173499276j),(0.11439573689904403+0.08619706692636159j),(0.11439573689904424+0.08619706692636267j),(0.18433868918821109+0.167317658843463j)
91950000.08049999,(0.18527728113808228+0.1670949486144474j),(0.11475380323394865+0.0860914418118188j),(0.11475380323394746+0.08609144181181308j),(0.1850369723749292+0.16725965005943713j)
92000000.08,(0.18597374864923538+0.16703319894110857j),(0.11511077925339454+0.08598446267111973j),(0.11511077925339416+0.08598446267111737j),(0.18573434331625113+0.1671988544762046j)
92050000.07949999,(0.1866692915664289+0.16696867738329213j),(0.11546666188170447+0.08587613912764969j),(0.11546666188170465+0.08587613912765094j),(0.1864307928775187+0.167135281144878j)
92100000.079,(0.18736390087005303+0.16690139299511084j),(0.11582144811753106+0.08576648078002361j),(0.11582144811753153+0.08576648078002644j),(0.18712631199745824+0.16706893911759532j)
92150000.0785,(0.1880575676132528+0.16683135483097408j),(0.11617513503327319+0.08565549720164543j),(0.11617513503327405+0.08565549720165061j),(0.18782089168770544+0.16699983744707905j)
92200000.078,(0.18875028292146356+0.16675857194515337j),(0.11652771977449107+0.08554319794029891j),(0.11652771977448981+0.08554319794029294j),(0.18851452303233113+0.16692798518619734j)
92250000.0775,(0.1894420379919482+0.16668305339134978j),(0.11687919955931597+0.08542959251769938j),(0.11687919955931576+0.08542959251769813j),(0.18920719718737103+0.1668533913875409j)
92300000.07699999,(0.19013282409328883+0.16660480822229404j),(0.11722957167787655+0.08531469042912798j),(0.11722957167787526+0.08531469042912185j),(0.1898989053803453+0.16677606510300175j)
92350000.0765,(0.19082263256495088+0.16652384548931046j),(0.1175788334917014+0.08519850114298431j),(0.11757883349170103+0.08519850114298316j),(0.1905896389097942+0.16669601538335277j)
92400000.07599999,(0.19151145481676818+0.16644017424193916j),(0.117926982433144+0.08508103410042059j),(0.1179269824331454+0.0850810341004249j),(0.19127938914478482+0.1666132512778554j)
92450000.0755,(0.19219928232849198+0.1663538035275242j),(0.11827401600479659+0.08496229871494582j),(0.11827401600479785+0.08496229871495134j),(0.19196814752446267+0.1665277818338459j)
92500000.075,(0.19288610664931255+0.16626474239082245j),(0.11861993177890368+0.08484230437203712j),(0.11861993177890355+0.084842304372037j),(0.19265590555755674+0.16643961609635088j)
92550000.0745,(0.19357191939738863+0.16617299987362258j),(0.11896472739677963+0.08472106042876905j),(0.11896472739677959+0.08472106042876985j),(0.19334265482191418+0.16634876310770033j)
92600000.074,(0.19425671225934946+0.16607858501437728j),(0.11930840056822933+0.08459857621345349j),(0.11930840056823029+0.08459857621345736j),(0.19402838696402908+0.16625523190714725j)
92650000.07349999,(0.1949404769898455+0.16598150684782897j),(0.1196509490709669+0.08447486102528169j),(0.11965094907096764+0.08447486102528558j),(0.19471309369856515+0.16615903153050207j)
92700000.073,(0.1956232054110769+0.16588177440463356j),(0.11999237075002914+0.08434992413396898j),(0.11999237075002787+0.08434992413396336j),(0.1953967668078847+0.16606017100975665j)
92750000.07249999,(0.19630488941230054+0.16577939671102204j),(0.1203326635171965+0.08422377477939298j),(0.12033266351719665+0.0842237747793941j),(0.1960793981415948+0.16595865937272708j)
92800000.072,(0.19698552094936783+0.16567438278845004j),(0.12067182535042272+0.0840964221712985j),(0.1206718253504216+0.08409642217129394j),(0.19676097961603897+0.16585450564271836j)
92850000.0715,(0.1976650920442666+0.16556674165323693j),(0.12100985429324045+0.08396787548891806j),(0.1210098542932408+0.08396787548891993j),(0.19744150321386392+0.16574771883815437j)
92900000.071,(0.19834359478462718+0.16545648231625104j),(0.1213467484542003+0.0838381438806923j),(0.12134674845419917+0.08383814388068801j),(0.1981209609835334+0.16563830797225365j)
92950000.0705,(0.19902102132327693+0.16534361378256338j),(0.12168250600627892+0.08370723646390875j),(0.12168250600627958+0.08370723646391215j),(0.198799345038856+0.1655262820526981j)
93000000.07,(0.19969736387774153+0.165228145051136j),(0.12201712518631766+0.08357516232443699j),(0.12201712518631745+0.08357516232443662j),(0.19947664755852984+0.16541165008129646j)
93050000.0695,(0.20037261472982543+0.16511008511448536j),(0.12235060429443416+0.08344193051638718j),(0.12235060429443559+0.08344193051639194j),(0.20015286078567265+0.1652944210536673j)
93100000.06899999,(0.201046766225081+0.16498944295839862j),(0.12268294169346206+0.08330755006184037j),(0.12268294169346228+0.08330755006184107j),(0.2008279770273468+0.16517460395893313j)
93150000.0685,(0.2017198107724048+0.1648662275616005j),(0.12301413580836887+0.08317202995053617j),(0.12301413580836924+0.0831720299505383j),(0.2015019886541062+0.16505220777940333j)
93200000.068,(0.20239174084353231+0.1647404478954697j),(0.12334418512569052+0.08303537913960872j),(0.12334418512569119+0.0830353791396117j),(0.20217488809953615+0.16492724149026877j)
93250000.0675,(0.203062548972597+0.16461211292374114j),(0.12367308819296138+0.08289760655329884j),(0.12367308819296108+0.08289760655329811j),(0.20284666785976582+0.16479971405932536j)
93300000.067,(0.20373222775565075+0.16448123160222047j),(0.12400084361814366+0.08275872108268346j),(0.12400084361814201+0.0827587210826786j),(0.20351732049304552+0.16466963444665866j)
93350000.0665,(0.20440076985022082+0.16434781287849973j),(0.12432745006906278+0.08261873158540646j),(0.12432745006906265+0.08261873158540628j),(0.20418683861924877+0.16453701160438428j)
93400000.066,(0.20506816797483973+0.1642118656916797j),(0.12465290627284327+0.08247764688543921j),(0.12465290627284406+0.08247764688544199j),(0.20485521491944378+0.16440185447634653j)
93450000.06549999,(0.20573441490858171+0.16407339897211265j),(0.12497721101534393+0.08233547577281333j),(0.12497721101534373+0.08233547577281264j),(0.20552244213542045+0.1642641719978667j)
93500000.065,(0.20639950349063058+0.163932421641113j),(0.1253003631405916+0.08219222700336533j),(0.12530036314059337+0.08219222700337098j),(0.2061885130692377+0.1641239730954604j)
93550000.06449999,(0.20706342661979293+0.16378894261072563j),(0.1256223615502305+0.08204790929852838j),(0.1256223615502302+0.0820479092985281j),(0.20685342058277476+0.1639812666865845j)
93600000.064,(0.2077261772540681+0.1636429707834557j),(0.12594320520295127+0.081902531345063j),(0.1259432052029497+0.08190253134505912j),(0.20751715759726316+0.1638360616793841j)
93650000.0635,(0.20838774841018376+0.16349451505202975j),(0.12626289311394287+0.08175610179484864j),(0.1262628931139417+0.08175610179484502j),(0.2081797170928509+0.16368836697243783j)
93700000.063,(0.2090481331631455+0.16334358429914722j),(0.12658142435433448+0.08160862926466579j),(0.12658142435433203+0.08160862926465873j),(0.20884109210815727+0.16353819145450735j)
93750000.0625,(0.20970732464579922+0.16319018739724683j),(0.12689879805063872+0.08146012233596107j),(0.1268987980506374+0.08146012233595774j),(0.20950127573979613+0.16338554400431532j)
93800000.06199999,(0.2103653160483694+0.1630343332082778j),(0.12721501338420602+0.08131058955466092j),(0.1272150133842047+0.08131058955465706j),(0.21016026114195488+0.1632304334902988j)
93850000.0615,(0.21102210061802343+0.1628760305834654j),(0.1275300695906681+0.08116003943094437j),(0.12753006959066798+0.08116003943094435j),(0.21081804152595082+0.16307286877037713j)
93900000.06099999,(0.21167767165841572+0.1627152883631052j),(0.1278439659593954+0.08100848043906063j),(0.12784396595939576+0.08100848043906171j),(0.2114746101597646+0.16291285869174776j)
93950000.0605,(0.21233202252926528+0.16255211537632472j),(0.12815670183294445+0.08085592101712408j),(0.12815670183294647+0.08085592101713038j),(0.21212996036762258+0.16275041209064242j)
94000000.06,(0.21298514664589463+0.1623865204408939j),(0.12846827660652138+0.08070236956694081j),(0.12846827660652227+0.0807023695669433j),(0.2127840855295429+0.16258553779213594j)
94050000.0595,(0.21363703747880441+0.16221851236300994j),(0.128778689727433+0.08054783445380544j),(0.12877868972743267+0.08054783445380508j),(0.21343697908090173+0.16241824460992943j)
94100000.059,(0.21428768855322372+0.16204809993709943j),(0.1290879406945457+0.08039232400633471j),(0.12908794069454818+0.0803923240063415j),(0.21408863451199686+0.16224854134614458j)
94150000.05849999,(0.21493709344869927+0.16187529194561215j),(0.12939602905776026+0.08023584651631806j),(0.12939602905775902+0.08023584651631517j),(0.21473904536761734+0.16207643679113j)
94200000.058,(0.21558524579861935+0.16170009715885822j),(0.1297029544174533+0.08007841023849671j),(0.1297029544174541+0.08007841023849847j),(0.2153882052465961+0.16190193972327419j)
94250000.05749999,(0.2162321392898385+0.16152252433477965j),(0.13000871642396683+0.0799200233904684j),(0.13000871642396522+0.07992002339046521j),(0.2160361078014057+0.16172505890879327j)
94300000.057,(0.21687776766219624+0.16134258221881043j),(0.13031331477705563+0.07976069415247031j),(0.13031331477705752+0.07976069415247504j),(0.21668274673769505+0.16154580310158473j)
94350000.0565,(0.21752212470812227+0.16116027954367612j),(0.1306167492253777+0.07960043066728509j),(0.13061674922537722+0.07960043066728423j),(0.21732811581389086+0.16136418104301734j)
94400000.056,(0.21816520427220337+0.1609756250292225j),(0.13091901956594557+0.07943924104004094j),(0.13091901956594623+0.07943924104004309j),(0.21797220884076468+0.16118020146176557j)
94450000.0555,(0.2188070002507541+0.16078862738225683j),(0.1312201256436181+0.07927713333811368j),(0.13122012564361946+0.07927713333811702j),(0.21861501968100755+0.160993873073646j)
94500000.05499999,(0.21944750659139284+0.16059929529638842j),(0.1315200673505702+0.07911411559096913j),(0.13152006735057015+0.07911411559096906j),(0.2192565422488025+0.1608052045814514j)
94550000.0545,(0.2200867172926372+0.16040763745185296j),(0.13181884462576868+0.07895019579003049j),(0.1318188446257687+0.07895019579003117j),(0.2198967705094231+0.16061420467477985j)
94600000.05399999,(0.2207246264034809+0.16021366251537209j),(0.13211645745446102+0.07878538188856617j),(0.13211645745446218+0.07878538188856919j),(0.22053569847879292+0.16042088202989682j)
94650000.0535,(0.22136122802296818+0.1600173791400024j),(0.1324129058676558+0.07861968180155743j),(0.13241290586765722+0.07861968180156118j),(0.22117332022309732+0.16022524530956125j)
94700000.053,(0.22199651629979514+0.1598187959649834j),(0.1327081899416086+0.0784531034055895j),(0.13270818994160713+0.07845310340558628j),(0.22180962985835545+0.1600273031628925j)
94750000.0525,(0.22263048543188468+0.15961792161560961j),(0.1330023097973078+0.07828565453872192j),(0.13300230979730615+0.07828565453871879j),(0.22244462155000347+0.15982706422523152j)
94800000.052,(0.22326312966600068+0.15941476470307195j),(0.1332952655999703+0.0781173430004047j),(0.13329526559996993+0.07811734300040427j),(0.22307828951250966+0.15962453711797908j)
94850000.0515,(0.22389444329731342+0.15920933382435126j),(0.13358705755853623+0.07794817655136799j),(0.13358705755853323+0.07794817655136208j),(0.2237106280089444+0.15941973044848842j)
94900000.051,(0.22452442066901449+0.1590016375620667j),(0.13387768592515337+0.07777816291350405j),(0.13387768592515104+0.07777816291349951j),(0.2243416313505811+0.1592126528099191j)
94950000.05049999,(0.22515305617191486+0.1587916844843602j),(0.13416715099468984+0.07760730976980612j),(0.13416715099468776+0.07760730976980156j),(0.22497129389651543+0.15900331278110388j)
95000000.05,(0.2257803442440283+0.15857948314478346j),(0.1344554531042253+0.07743562476424985j),(0.13445545310422402+0.07743562476424708j),(0.22559961005323506+0.15879171892644603j)
95050000.0495,(0.22640627937019625+0.1583650420821644j),(0.13474259263255758+0.07726311550172625j),(0.13474259263255672+0.07726311550172456j),(0.22622657427424644+0.1585778797957791j)
95100000.049,(0.22703085608167523+0.15814836982051145j),(0.13502856999970653+0.07708978954795083j),(0.13502856999970653+0.07708978954795086j),(0.22685218105965776+0.158361803924274j)
95150000.0485,(0.22765406895575704+0.15792947486888728j),(0.1353133856664245+0.07691565442939226j),(0.13531338566642387+0.07691565442939167j),(0.2274764249558134+0.1581434998323018j)
95200000.048,(0.22827591261536437+0.15770836572131933j),(0.13559704013370422+0.07674071763319557j),(0.13559704013370086+0.07674071763318926j),(0.22809930055488725+0.15792297602534436j)
95250000.0475,(0.2288963817286776+0.15748505085668613j),(0.13587953394228905+0.0765649866071052j),(0.13587953394228952+0.07656498660710617j),(0.22872080249448343+0.15770024099389263j)
95300000.04699999,(0.22951547100873665+0.15725953873862097j),(0.13616086767220067+0.0763884687594277j),(0.13616086767220276+0.07638846875943131j),(0.22934092545728113+0.15747530321332515j)
95350000.0465,(0.2301331752130584+0.15703183781543206j),(0.13644104194224724+0.07621117145894502j),(0.13644104194224682+0.0762111714589441j),(0.22995966417062358+0.15724817114383938j)
95400000.04599999,(0.23074948914327614+0.15680195651998013j),(0.13672005740954002+0.07603310203485812j),(0.1367200574095403+0.07603310203485891j),(0.23057701340614467+0.15701885323034043j)
95450000.0455,(0.23136440764471514+0.15656990326963496j),(0.13699791476903062+0.07585426777675093j),(0.13699791476903084+0.0758542677767518j),(0.23119296797940134+0.15678735790235657j)
95500000.045,(0.23197792560607264+0.1563356864661438j),(0.13727461475302588+0.0756746759345291j),(0.13727461475302644+0.07567467593453021j),(0.2318075227494816+0.15655369357395157j)
95550000.0445,(0.23259003795900657+0.15609931449557998j),(0.13755015813072166+0.07549433371837899j),(0.13755015813072127+0.07549433371837821j),(0.23242067261863933+0.15631786864364322j)
95600000.044,(0.2332007396777641+0.15586079572826994j),(0.13782454570773148+0.07531324829871913j),(0.13782454570773128+0.07531324829871903j),(0.23303241253192072+0.15607989149432921j)
95650000.04349999,(0.23381002577882892+0.15562013851869894j),(0.13809777832562298+0.07513142680617363j),(0.13809777832562253+0.07513142680617274j),(0.2336427374767938+0.15583977049320347j)
95700000.043,(0.23441789132055163+0.15537735120544682j),(0.13836985686145106+0.07494887633152811j),(0.1383698568614522+0.07494887633153019j),(0.23425164248278557+0.15559751399168067j)
95750000.04249999,(0.23502433140276735+0.15513244211113214j),(0.13864078222730192+0.07476560392570579j),(0.1386407822273025+0.07476560392570675j),(0.23485912262110928+0.15535313032534195j)
95800000.042,(0.2356293411664631+0.15488541954232893j),(0.13891055536983107+0.07458161659973646j),(0.13891055536982982+0.07458161659973385j),(0.23546517300431272+0.15510662781385165j)
95850000.0415,(0.23623291579338684+0.15463629178952704j),(0.13917917726980616+0.07439692132472735j),(0.13917917726980564+0.07439692132472667j),(0.23606978878590693+0.15485801476090838j)
95900000.041,(0.23683505050571255+0.15438506712704964j),(0.13944664894165945+0.07421152503185688j),(0.1394466489416599+0.07421152503185788j),(0.2366729651600267+0.15460729945416538j)
95950000.0405,(0.23743574056567807+0.1541317538130212j),(0.1397129714330364+0.07402543461234759j),(0.1397129714330368+0.07402543461234849j),(0.23727469736104814+0.1543544901652029j)
96000000.03999999,(0.2380349812752297+0.1538763600892985j),(0.13997814582434626+0.07383865691745566j),(0.13997814582434323+0.07383865691745092j),(0.23787498066327015+0.15409959514944066j)
96050000.0395,(0.2386327679756765+0.15361889418142977j),(0.1402421732283116+0.07365119875844744j),(0.14024217322831276+0.07365119875844928j),(0.2384738103805324+0.15384262264611553j)
96100000.03899999,(0.2392290960473472+0.1533593642986003j),(0.14050505478954287+0.07346306690662327j),(0.1405050547895449+0.07346306690662661j),(0.23907118186588755+0.15358358087821375j)
96150000.0385,(0.23982396090922228+0.15309777863360677j),(0.14076679168408415+0.07327426809328466j),(0.14076679168408307+0.07327426809328369j),(0.2396670905112569+0.15332247805243077j)
96200000.038,(0.24041735801863676+0.15283414536278514j),(0.1410273851189774+0.07308480900973985j),(0.14102738511897722+0.07308480900973949j),(0.24026153174706538+0.15305932235913924j)
96250000.0375,(0.2410092828708805+0.1525684726460115j),(0.14128683633183772+0.07289469630731507j),(0.1412868363318378+0.07289469630731527j),(0.24085450104193717+0.15279412197232772j)
96300000.037,(0.2415997309989177+0.1523007686266286j),(0.14154514659041548+0.07270393659735658j),(0.14154514659041273+0.07270393659735191j),(0.2414459939023235+0.15252688504958453j)
96350000.03649999,(0.24218869797301418+0.15203104143143836j),(0.1418023171921642+0.07251253645122659j),(0.14180231719216307+0.07251253645122469j),(0.24203600587219332+0.15225761973204638j)
96400000.036,(0.24277617940041546+0.15175929917066916j),(0.14205834946382428+0.07232050240033266j),(0.14205834946382748+0.07232050240033765j),(0.24262453253267435+0.15198633414438817j)
96450000.03549999,(0.24336217092502366+0.15148554993793112j),(0.14231324476099858+0.07212784093614327j),(0.14231324476099752+0.07212784093614176j),(0.2432115695017574+0.1517130363947577j)
96500000.035,(0.24394666822706218+0.1512098018102091j),(0.14256700446771756+0.07193455851017279j),(0.1425670044677172+0.07193455851017222j),(0.24379711243393234+0.15143773457478865j)
96550000.0345,(0.24452966702274717+0.15093206284783675j),(0.1428196299960402+0.07174066153403968j),(0.1428196299960419+0.07174066153404215j),(0.24438115701988425+0.15116043675955207j)
96600000.034,(0.24511116306397504+0.1506523410944648j),(0.143071122785632+0.07154615637947564j),(0.1430711227856307+0.07154615637947367j),(0.24496369898616596+0.1508811510075372j)
96650000.0335,(0.24569115213799267+0.15037064457706276j),(0.1433214843033464+0.07135104937833726j),(0.14332148430334635+0.07135104937833792j),(0.24554473409488065+0.15059988536063879j)
96700000.03299999,(0.2462696300670851+0.15008698130588272j),(0.14357071604282717+0.07115534682265753j),(0.1435707160428248+0.07115534682265401j),(0.24612425814333866+0.15031664784414348j)
96750000.0325,(0.24684659270826254+0.14980135927445604j),(0.14381881952408687+0.07095905496465339j),(0.14381881952408854+0.07095905496465602j),(0.2467022669637882+0.15003144646669328j)
96800000.03199999,(0.2474220359529316+0.1495137864595919j),(0.14406579629312335+0.07076218001678622j),(0.14406579629312374+0.07076218001678701j),(0.2472787564230684+0.1497442892202928j)
96850000.0315,(0.2479959557266069+0.1492242708213462j),(0.1443116479214942+0.07056472815176612j),(0.14431164792149573+0.07056472815176845j),(0.24785372242229742+0.14945518408029676j)
96900000.031,(0.24856834798858257+0.14893282030304258j),(0.14455637600593962+0.07036670550261967j),(0.14455637600593807+0.0703667055026174j),(0.24842716089658334+0.14916413900539827j)
96950000.0305,(0.24913920873164674+0.14863944283123776j),(0.14479998216796736+0.07016811816270511j),(0.14479998216796705+0.07016811816270482j),(0.24899906781470216+0.1488711619376208j)
97000000.03,(0.2497085339817603+0.14834414631574586j),(0.14504246805347729+0.06996897218577933j),(0.1450424680534775+0.06996897218577973j),(0.24956943917879917+0.1485762608023218j)
97050000.0295,(0.25027631979775933+0.14804693864962865j),(0.1452838353323593+0.06976927358602812j),(0.145283835332357+0.06976927358602508j),(0.25013827102409475+0.14827944350817712j)
97100000.029,(0.25084256227107427+0.14774782770918563j),(0.14552408569810535+0.06956902833811524j),(0.14552408569810524+0.06956902833811528j),(0.25070555941857464+0.147980717947198j)
97150000.02849999,(0.2514072575254115+0.14744682135397566j),(0.1457632208674324+0.06936824237724294j),(0.14576322086743465+0.06936824237724594j),(0.25127130046269497+0.1476800919947267j)
97200000.028,(0.25197040171646096+0.14714392742682314j),(0.14600124257989647+0.06916692159919935j),(0.14600124257989622+0.06916692159919893j),(0.2518354902891034+0.14737757350943073j)
97250000.0275,(0.252531991031628+0.14683915375380793j),(0.14623815259750347+0.06896507186040203j),(0.1462381525975047+0.06896507186040352j),(0.2523981250623213+0.14707317033333195j)
97300000.027,(0.2530920216897226+0.14653250814428465j),(0.14647395270434813+0.06876269897797964j),(0.14647395270434682+0.06876269897797825j),(0.2529592009784844+0.14676689029178386j)
97350000.0265,(0.25365048994067163+0.1462239983909143j),(0.1467086447062282+0.06855980872980602j),(0.14670864470622474+0.06855980872980198j),(0.2535187142650263+0.14645874119352126j)
97400000.026,(0.2542073920652608+0.14591363226963397j),(0.14694223043027294+0.06835640685457724j),(0.14694223043027083+0.06835640685457464j),(0.2540766611804177+0.14614873083063254j)
97450000.0255,(0.2547627243748199+0.1456014175397138j),(0.147174711724581+0.06815249905187311j),(0.1471747117245824+0.06815249905187487j),(0.2546330380138796+0.1458368669785929j)
97500000.02499999,(0.25531648321096895+0.14528736194374958j),(0.14740609045785172+0.06794809098222236j),(0.1474060904578551+0.06794809098222651j),(0.25518784108509507+0.14552315739627947j)
97550000.0245,(0.25586866494532184+0.14497147320769677j),(0.1476363685190188+0.06774318826716894j),(0.14763636851901768+0.06774318826716777j),(0.25574106674393454+0.14520760982599046j)
97600000.02399999,(0.2564192659792277+0.14465375904088215j),(0.1478655478168827+0.06753779648933338j),(0.14786554781688435+0.06753779648933561j),(0.25629271137018445+0.14489023199346318j)
97650000.0235,(0.2569682827434979+0.14433422713601787j),(0.14809363027977107+0.06733192119250776j),(0.14809363027976966+0.06733192119250596j),(0.2568427713732827+0.1445710316078763j)
97700000.023,(0.25751571169812404+0.14401288516924302j),(0.1483206178551612+0.06712556788170118j),(0.14832061785516068+0.06712556788170035j),(0.2573912431920316+0.14425001636190093j)
97750000.0225,(0.2580615493320155+0.14368974080014318j),(0.14854651250934328+0.06691874202323762j),(0.14854651250934275+0.06691874202323661j),(0.25793812329433746+0.1439271939317106j)
97800000.022,(0.258605792162749+0.14336480167176627j),(0.14877131622705989+0.0667114490448219j),(0.14877131622706236+0.06671144904482504j),(0.2584834081769544+0.14360257197699938j)
97850000.02149999,(0.25914843673628546+0.14303807541066155j),(0.14899503101116826+0.06650369433562814j),(0.14899503101116512+0.06650369433562434j),(0.2590270943652008+0.14327615814102496j)
97900000.021,(0.2596894796267175+0.1427095696269129j),(0.14921765888227426+0.0662954832463584j),(0.14921765888227612+0.06629548324636038j),(0.2595691784127269+0.14294796005062105j)
97950000.02049999,(0.2602289174360164+0.1423792919141587j),(0.14943920187842077+0.06608682108936126j),(0.14943920187842133+0.06608682108936242j),(0.2601096569012245+0.14261798531624365j)
98000000.02,(0.26076674679377015+0.14204724984963155j),(0.14965966205471667+0.06587771313868335j),(0.14965966205471956+0.06587771313868641j),(0.26064852644019626+0.14228624153198538j)
98050000.0195,(0.2613029643569338+0.14171345099419153j),(0.1498790414830234+0.06566816463017816j),(0.14987904148302192+0.06566816463017702j),(0.2611857836666925+0.1419527362756195j)
98100000.019,(0.26183756680957476+0.14137790289236166j),(0.15009734225159851+0.06545818076157582j),(0.15009734225159752+0.06545818076157481j),(0.26172142524505726+0.14161747710863115j)
98150000.0185,(0.26237055086262584+0.14104061307236945j),(0.1503145664647823+0.06524776669258678j),(0.15031456646478186+0.06524776669258647j),(0.2622554478666758+0.14128047157625967j)
98200000.01799999,(0.26290191325364376+0.14070158904616772j),(0.15053071624265624+0.06503692754498744j),(0.1505307162426567+0.06503692754498773j),(0.2627878482497492+0.140941727207509j)
98250000.0175,(0.26343165074655545+0.14036083830949855j),(0.15074579372072122+0.06482566840271362j),(0.15074579372072228+0.0648256684027147j),(0.2633186231390168+0.14060125151522637j)
98300000.01699999,(0.2639597601314193+0.14001836834191841j),(0.15095980104956805+0.06461399431195325j),(0.15095980104956963+0.064613994311955j),(0.2638477693055393+0.1402590519961092j)
98350000.0165,(0.2644862382241957+0.13967418660684006j),(0.15117274039455786+0.06440191028124259j),(0.15117274039456408+0.06440191028124931j),(0.2643752835464459+0.13991513613076237j)
98400000.016,(0.2650110818664846+0.1393283005515929j),(0.1513846139355089+0.06418942128157076j),(0.15138461393551123+0.06418942128157346j),(0.26490116268470415+0.13956951138373225j)
98450000.0155,(0.26553428792532324+0.13898071760743655j),(0.15159542386636343+0.06397653224646396j),(0.15159542386636066+0.06397653224646088j),(0.26542540356887556+0.13922218520355245j)
98500000.015,(0.26605585329293+0.13863144518963053j),(0.15180517239488184+0.06376324807209206j),(0.15180517239487942+0.06376324807208959j),(0.26594800307288985+0.13887316502278924j)
98550000.01449999,(0.2665757748864763+0.13828049069747847j),(0.15201386174233705+0.06354957361737816j),(0.1520138617423353+0.06354957361737645j),(0.26646895809580673+0.13852245825808657j)
98600000.014,(0.2670940496478633+0.13792786151437j),(0.15222149414319602+0.0633355137040928j),(0.1522214941431962+0.06333551370409297j),(0.26698826556159566+0.13817007231020806j)
98650000.01349999,(0.26761067454348914+0.13757356500783147j),(0.15242807184481616+0.06312107311696276j),(0.15242807184481277+0.06312107311695946j),(0.26750592241890275+0.13781601456408682j)
98700000.013,(0.2681256465640433+0.13721760852956652j),(0.15263359710713292+0.06290625660376711j),(0.15263359710713134+0.06290625660376564j),(0.2680219256408186+0.13746029238888408j)
98750000.0125,(0.2686389627242523+0.13685999941552707j),(0.15283807220236925+0.06269106887545799j),(0.15283807220236867+0.06269106887545767j),(0.2685362722246746+0.13710291313801704j)
98800000.012,(0.26915062006268814+0.13650074498595222j),(0.15304149941473064+0.06247551460626072j),(0.1530414994147284+0.06247551460625847j),(0.269048959191803+0.13674388414923477j)
98850000.0115,(0.2696606156415356+0.13613985254541686j),(0.1532438810401018+0.062259598433779435j),(0.1532438810401003+0.06225959843377818j),(0.26955998358732935+0.13638321274464962j)
98900000.01099999,(0.27016894654638274+0.135777329382895j),(0.15344521938575983+0.062043324959119094j),(0.15344521938575909+0.06204332495911816j),(0.27006934247995656+0.1360209062307974j)
98950000.0105,(0.2706756098859964+0.13541318277181724j),(0.15364551677007787+0.061826698746984286j),(0.15364551677007687+0.06182669874698338j),(0.2705770329617418+0.13565697189869572j)
99000000.00999999,(0.27118060279213774+0.1350474199701044j),(0.1538447755222347+0.06160972432580376j),(0.1538447755222353+0.061609724325804374j),(0.27108305214789585+0.13529141702388967j)
99050000.0095,(0.2716839224193099+0.1346800482202588j),(0.15404299798192744+0.06139240618783549j),(0.1540429979819299+0.06139240618783795j),(0.27158739717656827+0.13492424886650783j)
99100000.009,(0.27218556594459364+0.13431107474938775j),(0.15424018649908652+0.06117474878928656j),(0.15424018649908852+0.06117474878928845j),(0.272090065208631+0.13455547467132958j)
99150000.0085,(0.272685530567418+0.13394050676927882j),(0.15443634343359283+0.06095675655043081j),(0.15443634343358986+0.06095675655042816j),(0.272591053427483+0.13418510166782985j)
99200000.008,(0.27318381350936066+0.1335683514764612j),(0.15463147115498677+0.06073843385571274j),(0.1546314711549894+0.06073843385571526j),(0.2730903590388527+0.13381313707023737j)
99250000.0075,(0.2736804120139488+0.1331946160522566j),(0.15482557204221228+0.06051978505389057j),(0.1548255720422162+0.060519785053894166j),(0.27358797927057293+0.13343958807760367j)
99300000.007,(0.2741753233464568+0.13281930766284586j),(0.1550186484833219+0.0603008144581354j),(0.15501864848332217+0.060300814458135635j),(0.2740839113724097+0.13306446187384352j)
99350000.00649999,(0.274668544793717+0.13244243345932788j),(0.15521070287520275+0.06008152634615264j),(0.15521070287520164+0.06008152634615172j),(0.27457815261583146+0.13268776562782914j)
99400000.006,(0.27516007366391776+0.13206400057777692j),(0.15540173762331438+0.05986192496031272j),(0.15540173762331624+0.0598619249603146j),(0.2750707002938509+0.13230950649340453j)
99450000.00549999,(0.27564990728641375+0.13168401613931044j),(0.1555917551414187+0.059642014507772005j),(0.15559175514141954+0.059642014507772685j),(0.275561551720804+0.13192969160948065j)
99500000.005,(0.276138043011522+0.13130248725016355j),(0.15578075785130358+0.05942179916058271j),(0.15578075785130666+0.05942179916058542j),(0.27605070423216144+0.1315483281000958j)
99550000.0045,(0.2766244782103552+0.1309194210017267j),(0.1559687481825291+0.05920128305583716j),(0.1559687481825333+0.05920128305584116j),(0.2765381551843566+0.13116542307445422j)
99600000.004,(0.27710921027462293+0.1305348244706308j),(0.15615572857216+0.05898047029577785j),(0.15615572857216356+0.058980470295781184j),(0.2770239019545696+0.13078098362702753j)
99650000.0035,(0.2775922366164383+0.13014870471880102j),(0.1563417014645014+0.05875936494792681j),(0.1563417014645029+0.058759364947928466j),(0.2775079419405711+0.13039501683757107j)
99700000.00299999,(0.2780735546681478+0.12976106879353932j),(0.15652666931084785+0.058537971045211024j),(0.15652666931084924+0.0585379710452122j),(0.2779902725605074+0.1300075297712443j)
99750000.0025,(0.278553161882141+0.12937192372757067j),(0.15671063456922646+0.0583162925860963j),(0.1567106345692253+0.058316292586095275j),(0.2784708912527525+0.12961852947862268j)
99800000.00199999,(0.27903105573067843+0.12898127653911987j),(0.15689359970413513+0.05809433353470521j),(0.15689359970413735+0.058094333534707436j),(0.2789497954756968+0.12922802299580147j)
99850000.0015,(0.27950723370570735+0.12858913423198168j),(0.15707556718630833+0.05787209782095995j),(0.1570755671863093+0.05787209782096095j),(0.27942698270758815+0.128836017344445j)
99900000.001,(0.27998169331868344+0.12819550379558425j),(0.15725653949244922+0.05764958934069682j),(0.15725653949244653+0.05764958934069471j),(0.2799024504463528+0.1284425195318499j)
99950000.0005,(0.28045443210041493+0.12780039220505202j),(0.15743651910498813+0.05742681195580272j),(0.15743651910498827+0.05742681195580275j),(0.2803761962094024+0.12804753655103734j)
100000000.0,(0.2809254476008702+0.12740380642128638j),(0.15761550851184744+0.057203769494351644j),(0.15761550851185216+0.0572037694943557j),(0.28084821753349504+0.12765107538078366j)
