ISO-10303-21;
HEADER;
FILE_DESCRIPTION(('STEP AP214'),'1');
FILE_NAME('star_quad_cable.stp','2025-03-27T02:17:28',(' '),(' '),'Spatial InterOp 3D',' ',' ');
FILE_SCHEMA(('AUTOMOTIVE_DESIGN { 1 0 10303 214 1 1 1 1 }'));
ENDSEC;
DATA;
#1=PRODUCT_DEFINITION_CONTEXT('',#9,'design');
#2=APPLICATION_PROTOCOL_DEFINITION('INTERNATIONAL STANDARD','automotive_design',1994,#9);
#3=PRODUCT_CATEGORY_RELATIONSHIP('NONE','NONE',#10,#11);
#4=SHAPE_DEFINITION_REPRESENTATION(#12,#13);
#5= (GEOMETRIC_REPRESENTATION_CONTEXT(3)GLOBAL_UNCERTAINTY_ASSIGNED_CONTEXT((#16))GLOBAL_UNIT_ASSIGNED_CONTEXT((#18,#19,#20))REPRESENTATION_CONTEXT('NONE','WORKSPACE'));
#9=APPLICATION_CONTEXT(' ');
#10=PRODUCT_CATEGORY('part','NONE');
#11=PRODUCT_RELATED_PRODUCT_CATEGORY('detail',' ',(#22));
#12=PRODUCT_DEFINITION_SHAPE('NONE','NONE',#23);
#13=GEOMETRICALLY_BOUNDED_SURFACE_SHAPE_REPRESENTATION('1',(#24,#25),#5);
#16=UNCERTAINTY_MEASURE_WITH_UNIT(LENGTH_MEASURE(1.0E-06),#18,'','');
#18= (CONVERSION_BASED_UNIT('MILLIMETRE',#28)LENGTH_UNIT()NAMED_UNIT(#31));
#19= (NAMED_UNIT(#33)PLANE_ANGLE_UNIT()SI_UNIT($,.RADIAN.));
#20= (NAMED_UNIT(#33)SOLID_ANGLE_UNIT()SI_UNIT($,.STERADIAN.));
#22=PRODUCT('1','','PART--DESC',(#39));
#23=PRODUCT_DEFINITION('','NONE',#40,#1);
#24=GEOMETRIC_SET('1',(#41,#42,#43,#44,#45,#46,#47,#48,#49,#50,#51,#52,#53,#54,#55,#56));
#25=AXIS2_PLACEMENT_3D('',#57,#58,#59);
#28=LENGTH_MEASURE_WITH_UNIT(LENGTH_MEASURE(1.0),#60);
#31=DIMENSIONAL_EXPONENTS(1.0,0.0,0.0,0.0,0.0,0.0,0.0);
#33=DIMENSIONAL_EXPONENTS(0.0,0.0,0.0,0.0,0.0,0.0,0.0);
#39=PRODUCT_CONTEXT('',#9,'mechanical');
#40=PRODUCT_DEFINITION_FORMATION_WITH_SPECIFIED_SOURCE(' ','NONE',#22,.NOT_KNOWN.);
#41=COMPOSITE_CURVE('',(#61),.U.);
#42=COMPOSITE_CURVE('',(#62),.U.);
#43=COMPOSITE_CURVE('',(#63),.U.);
#44=COMPOSITE_CURVE('',(#64),.U.);
#45=COMPOSITE_CURVE('',(#65),.U.);
#46=COMPOSITE_CURVE('',(#66),.U.);
#47=COMPOSITE_CURVE('',(#67),.U.);
#48=COMPOSITE_CURVE('',(#68),.U.);
#49=COMPOSITE_CURVE('',(#69),.U.);
#50=COMPOSITE_CURVE('',(#70),.U.);
#51=COMPOSITE_CURVE('',(#71),.U.);
#52=COMPOSITE_CURVE('',(#72),.U.);
#53=COMPOSITE_CURVE('',(#73),.U.);
#54=COMPOSITE_CURVE('',(#74),.U.);
#55=COMPOSITE_CURVE('',(#75),.U.);
#56=COMPOSITE_CURVE('',(#76),.U.);
#57=CARTESIAN_POINT('',(0.0,0.0,0.0));
#58=DIRECTION('',(0.0,0.0,1.0));
#59=DIRECTION('',(1.0,0.0,0.0));
#60= (NAMED_UNIT(#31)LENGTH_UNIT()SI_UNIT(.MILLI.,.METRE.));
#61=COMPOSITE_CURVE_SEGMENT(.CONTINUOUS.,.T.,#78);
#62=COMPOSITE_CURVE_SEGMENT(.CONTINUOUS.,.T.,#79);
#63=COMPOSITE_CURVE_SEGMENT(.CONTINUOUS.,.T.,#80);
#64=COMPOSITE_CURVE_SEGMENT(.CONTINUOUS.,.T.,#81);
#65=COMPOSITE_CURVE_SEGMENT(.CONTINUOUS.,.T.,#82);
#66=COMPOSITE_CURVE_SEGMENT(.CONTINUOUS.,.T.,#83);
#67=COMPOSITE_CURVE_SEGMENT(.CONTINUOUS.,.T.,#84);
#68=COMPOSITE_CURVE_SEGMENT(.CONTINUOUS.,.T.,#85);
#69=COMPOSITE_CURVE_SEGMENT(.CONTINUOUS.,.T.,#86);
#70=COMPOSITE_CURVE_SEGMENT(.CONTINUOUS.,.T.,#87);
#71=COMPOSITE_CURVE_SEGMENT(.CONTINUOUS.,.T.,#88);
#72=COMPOSITE_CURVE_SEGMENT(.CONTINUOUS.,.T.,#89);
#73=COMPOSITE_CURVE_SEGMENT(.CONTINUOUS.,.T.,#90);
#74=COMPOSITE_CURVE_SEGMENT(.CONTINUOUS.,.T.,#91);
#75=COMPOSITE_CURVE_SEGMENT(.CONTINUOUS.,.T.,#92);
#76=COMPOSITE_CURVE_SEGMENT(.CONTINUOUS.,.T.,#93);
#78=TRIMMED_CURVE('',#94,(PARAMETER_VALUE(0.0)),(PARAMETER_VALUE(1.0122618292728)),.T.,.UNSPECIFIED.);
#79=TRIMMED_CURVE('',#95,(PARAMETER_VALUE(0.0)),(PARAMETER_VALUE(1.0122618292728)),.T.,.UNSPECIFIED.);
#80=TRIMMED_CURVE('',#96,(PARAMETER_VALUE(0.0)),(PARAMETER_VALUE(1.0122618292728)),.T.,.UNSPECIFIED.);
#81=TRIMMED_CURVE('',#97,(PARAMETER_VALUE(0.0)),(PARAMETER_VALUE(1.0122618292728)),.T.,.UNSPECIFIED.);
#82=TRIMMED_CURVE('',#98,(PARAMETER_VALUE(0.0)),(PARAMETER_VALUE(0.01)),.T.,.UNSPECIFIED.);
#83=TRIMMED_CURVE('',#99,(PARAMETER_VALUE(0.0)),(PARAMETER_VALUE(0.00125)),.T.,.UNSPECIFIED.);
#84=TRIMMED_CURVE('',#100,(PARAMETER_VALUE(0.0)),(PARAMETER_VALUE(0.005)),.T.,.UNSPECIFIED.);
#85=TRIMMED_CURVE('',#101,(PARAMETER_VALUE(0.0)),(PARAMETER_VALUE(0.00125)),.T.,.UNSPECIFIED.);
#86=TRIMMED_CURVE('',#102,(PARAMETER_VALUE(0.0)),(PARAMETER_VALUE(0.00125)),.T.,.UNSPECIFIED.);
#87=TRIMMED_CURVE('',#103,(PARAMETER_VALUE(0.0)),(PARAMETER_VALUE(0.00125)),.T.,.UNSPECIFIED.);
#88=TRIMMED_CURVE('',#104,(PARAMETER_VALUE(0.0)),(PARAMETER_VALUE(0.00125)),.T.,.UNSPECIFIED.);
#89=TRIMMED_CURVE('',#105,(PARAMETER_VALUE(0.0)),(PARAMETER_VALUE(0.00125)),.T.,.UNSPECIFIED.);
#90=TRIMMED_CURVE('',#106,(PARAMETER_VALUE(0.0)),(PARAMETER_VALUE(0.00125)),.T.,.UNSPECIFIED.);
#91=TRIMMED_CURVE('',#107,(PARAMETER_VALUE(0.0)),(PARAMETER_VALUE(0.00499999999999989)),.T.,.UNSPECIFIED.);
#92=TRIMMED_CURVE('',#108,(PARAMETER_VALUE(0.0)),(PARAMETER_VALUE(0.00125)),.T.,.UNSPECIFIED.);
#93=TRIMMED_CURVE('',#109,(PARAMETER_VALUE(0.0)),(PARAMETER_VALUE(0.01)),.T.,.UNSPECIFIED.);
#94=B_SPLINE_CURVE_WITH_KNOTS('',3,(#110,#111,#112,#113,#114,#115,#116,#117,#118,#119,#120,#121,#122,#123,#124,#125,#126,#127,#128,#129,#130,#131,#132,#133,#134,#135,#136,#137,#138,#139,#140,#141,#142,#143,#144,#145,#146,#147,#148,#149,#150,#151,#152,#153,#154,#155,#156,#157,#158,#159,#160,#161,#162,#163,#164,#165,#166,#167,#168,#169,#170,#171,#172,#173,#174,#175,#176,#177,#178,#179,#180,#181,#182,#183,#184,#185,#186,#187,#188,#189,#190,#191,#192,#193,#194,#195,#196,#197,#198,#199,#200,#201,#202,#203,#204,#205,#206,#207,#208,#209,#210,#211,#212,#213,#214,#215,#216,#217,#218,#219,#220,#221,#222,#223,#224,#225,#226,#227,#228,#229,#230,#231,#232,#233,#234,#235,#236,#237,#238,#239,#240,#241,#242,#243,#244,#245,#246,#247,#248,#249,#250,#251,#252,#253,#254,#255,#256,#257,#258,#259,#260,#261,#262,#263,#264,#265,#266,#267,#268,#269,#270,#271,#272,#273,#274,#275,#276,#277,#278,#279,#280,#281,#282,#283,#284,#285,#286,#287,#288,#289,#290,#291,#292,#293,#294,#295,#296,#297,#298,#299,#300,#301,#302,#303,#304,#305,#306,#307,#308,#309,#310,#311,#312,#313,#314,#315,#316,#317,#318,#319,#320,#321,#322,#323,#324,#325,#326,#327,#328,#329,#330,#331,#332,#333,#334,#335,#336,#337,#338,#339,#340,#341,#342,#343,#344,#345,#346,#347,#348,#349,#350,#351,#352,#353,#354,#355,#356,#357,#358,#359,#360,#361,#362,#363,#364,#365,#366,#367),.UNSPECIFIED.,.F.,.F.,(4,2,2,2,2,2,2,2,2,2,2,2,2,2,2,2,2,2,2,2,2,2,2,2,2,2,2,2,2,2,2,2,2,2,2,2,2,2,2,2,2,2,2,2,2,2,2,2,2,2,2,2,2,2,2,2,2,2,2,2,2,2,2,2,2,2,2,2,2,2,2,2,2,2,2,2,2,2,2,2,2,2,2,2,2,2,2,2,2,2,2,2,2,2,2,2,2,2,2,2,2,2,2,2,2,2,2,2,2,2,2,2,2,2,2,2,2,2,2,2,2,2,2,2,2,2,2,2,4),(0.0,0.00790829554119378,0.0158165910823876,0.0237248866235813,0.0316331821647751,0.0395414777059689,0.0474497732471627,0.0553580687883565,0.0632663643295503,0.071174659870744,0.0790829554119378,0.0869912509531316,0.0948995464943254,0.102807842035519,0.110716137576713,0.118624433117907,0.126532728659101,0.134441024200294,0.142349319741488,0.150257615282682,0.158165910823876,0.166074206365069,0.173982501906263,0.181890797447457,0.189799092988651,0.197707388529845,0.205615684071038,0.213523979612232,0.221432275153426,0.22934057069462,0.237248866235813,0.245157161777007,0.253065457318201,0.260973752859395,0.268882048400589,0.276790343941782,0.284698639482976,0.29260693502417,0.300515230565364,0.308423526106558,0.316331821647751,0.324240117188945,0.332148412730139,0.340056708271333,0.347965003812526,0.35587329935372,0.363781594894914,0.371689890436108,0.379598185977302,0.387506481518495,0.395414777059689,0.403323072600883,0.411231368142077,0.41913966368327,0.427047959224464,0.434956254765658,0.442864550306852,0.450772845848046,0.458681141389239,0.466589436930433,0.474497732471627,0.482406028012821,0.490314323554014,0.498222619095208,0.506130914636402,0.514039210177596,0.52194750571879,0.529855801259983,0.537764096801177,0.545672392342371,0.553580687883565,0.561488983424759,0.569397278965952,0.577305574507146,0.58521387004834,0.593122165589534,0.601030461130727,0.608938756671921,0.616847052213115,0.624755347754309,0.632663643295503,0.640571938836696,0.64848023437789,0.656388529919084,0.664296825460278,0.672205121001471,0.680113416542665,0.688021712083859,0.695930007625053,0.703838303166247,0.711746598707441,0.719654894248634,0.727563189789828,0.735471485331022,0.743379780872216,0.751288076413409,0.759196371954603,0.767104667495797,0.775012963036991,0.782921258578184,0.790829554119378,0.798737849660572,0.806646145201766,0.814554440742959,0.822462736284153,0.830371031825347,0.838279327366541,0.846187622907735,0.854095918448929,0.862004213990122,0.869912509531316,0.87782080507251,0.885729100613704,0.893637396154897,0.901545691696091,0.909453987237285,0.917362282778479,0.925270578319672,0.933178873860866,0.94108716940206,0.948995464943254,0.956903760484448,0.964812056025641,0.972720351566835,0.980628647108029,0.988536942649223,0.996445238190417,1.00435353373161,1.0122618292728),.UNSPECIFIED.);
#95=B_SPLINE_CURVE_WITH_KNOTS('',3,(#368,#369,#370,#371,#372,#373,#374,#375,#376,#377,#378,#379,#380,#381,#382,#383,#384,#385,#386,#387,#388,#389,#390,#391,#392,#393,#394,#395,#396,#397,#398,#399,#400,#401,#402,#403,#404,#405,#406,#407,#408,#409,#410,#411,#412,#413,#414,#415,#416,#417,#418,#419,#420,#421,#422,#423,#424,#425,#426,#427,#428,#429,#430,#431,#432,#433,#434,#435,#436,#437,#438,#439,#440,#441,#442,#443,#444,#445,#446,#447,#448,#449,#450,#451,#452,#453,#454,#455,#456,#457,#458,#459,#460,#461,#462,#463,#464,#465,#466,#467,#468,#469,#470,#471,#472,#473,#474,#475,#476,#477,#478,#479,#480,#481,#482,#483,#484,#485,#486,#487,#488,#489,#490,#491,#492,#493,#494,#495,#496,#497,#498,#499,#500,#501,#502,#503,#504,#505,#506,#507,#508,#509,#510,#511,#512,#513,#514,#515,#516,#517,#518,#519,#520,#521,#522,#523,#524,#525,#526,#527,#528,#529,#530,#531,#532,#533,#534,#535,#536,#537,#538,#539,#540,#541,#542,#543,#544,#545,#546,#547,#548,#549,#550,#551,#552,#553,#554,#555,#556,#557,#558,#559,#560,#561,#562,#563,#564,#565,#566,#567,#568,#569,#570,#571,#572,#573,#574,#575,#576,#577,#578,#579,#580,#581,#582,#583,#584,#585,#586,#587,#588,#589,#590,#591,#592,#593,#594,#595,#596,#597,#598,#599,#600,#601,#602,#603,#604,#605,#606,#607,#608,#609,#610,#611,#612,#613,#614,#615,#616,#617,#618,#619,#620,#621,#622,#623,#624,#625),.UNSPECIFIED.,.F.,.F.,(4,2,2,2,2,2,2,2,2,2,2,2,2,2,2,2,2,2,2,2,2,2,2,2,2,2,2,2,2,2,2,2,2,2,2,2,2,2,2,2,2,2,2,2,2,2,2,2,2,2,2,2,2,2,2,2,2,2,2,2,2,2,2,2,2,2,2,2,2,2,2,2,2,2,2,2,2,2,2,2,2,2,2,2,2,2,2,2,2,2,2,2,2,2,2,2,2,2,2,2,2,2,2,2,2,2,2,2,2,2,2,2,2,2,2,2,2,2,2,2,2,2,2,2,2,2,2,2,4),(0.0,0.00790829554119378,0.0158165910823876,0.0237248866235813,0.0316331821647751,0.0395414777059689,0.0474497732471627,0.0553580687883565,0.0632663643295503,0.071174659870744,0.0790829554119378,0.0869912509531316,0.0948995464943254,0.102807842035519,0.110716137576713,0.118624433117907,0.126532728659101,0.134441024200294,0.142349319741488,0.150257615282682,0.158165910823876,0.166074206365069,0.173982501906263,0.181890797447457,0.189799092988651,0.197707388529845,0.205615684071038,0.213523979612232,0.221432275153426,0.22934057069462,0.237248866235813,0.245157161777007,0.253065457318201,0.260973752859395,0.268882048400589,0.276790343941782,0.284698639482976,0.29260693502417,0.300515230565364,0.308423526106558,0.316331821647751,0.324240117188945,0.332148412730139,0.340056708271333,0.347965003812526,0.35587329935372,0.363781594894914,0.371689890436108,0.379598185977302,0.387506481518495,0.395414777059689,0.403323072600883,0.411231368142077,0.41913966368327,0.427047959224464,0.434956254765658,0.442864550306852,0.450772845848046,0.458681141389239,0.466589436930433,0.474497732471627,0.482406028012821,0.490314323554014,0.498222619095208,0.506130914636402,0.514039210177596,0.52194750571879,0.529855801259983,0.537764096801177,0.545672392342371,0.553580687883565,0.561488983424759,0.569397278965952,0.577305574507146,0.58521387004834,0.593122165589534,0.601030461130727,0.608938756671921,0.616847052213115,0.624755347754309,0.632663643295503,0.640571938836696,0.64848023437789,0.656388529919084,0.664296825460278,0.672205121001471,0.680113416542665,0.688021712083859,0.695930007625053,0.703838303166247,0.711746598707441,0.719654894248634,0.727563189789828,0.735471485331022,0.743379780872216,0.751288076413409,0.759196371954603,0.767104667495797,0.775012963036991,0.782921258578184,0.790829554119378,0.798737849660572,0.806646145201766,0.814554440742959,0.822462736284153,0.830371031825347,0.838279327366541,0.846187622907735,0.854095918448929,0.862004213990122,0.869912509531316,0.87782080507251,0.885729100613704,0.893637396154897,0.901545691696091,0.909453987237285,0.917362282778479,0.925270578319672,0.933178873860866,0.94108716940206,0.948995464943254,0.956903760484448,0.964812056025641,0.972720351566835,0.980628647108029,0.988536942649223,0.996445238190417,1.00435353373161,1.0122618292728),.UNSPECIFIED.);
#96=B_SPLINE_CURVE_WITH_KNOTS('',3,(#626,#627,#628,#629,#630,#631,#632,#633,#634,#635,#636,#637,#638,#639,#640,#641,#642,#643,#644,#645,#646,#647,#648,#649,#650,#651,#652,#653,#654,#655,#656,#657,#658,#659,#660,#661,#662,#663,#664,#665,#666,#667,#668,#669,#670,#671,#672,#673,#674,#675,#676,#677,#678,#679,#680,#681,#682,#683,#684,#685,#686,#687,#688,#689,#690,#691,#692,#693,#694,#695,#696,#697,#698,#699,#700,#701,#702,#703,#704,#705,#706,#707,#708,#709,#710,#711,#712,#713,#714,#715,#716,#717,#718,#719,#720,#721,#722,#723,#724,#725,#726,#727,#728,#729,#730,#731,#732,#733,#734,#735,#736,#737,#738,#739,#740,#741,#742,#743,#744,#745,#746,#747,#748,#749,#750,#751,#752,#753,#754,#755,#756,#757,#758,#759,#760,#761,#762,#763,#764,#765,#766,#767,#768,#769,#770,#771,#772,#773,#774,#775,#776,#777,#778,#779,#780,#781,#782,#783,#784,#785,#786,#787,#788,#789,#790,#791,#792,#793,#794,#795,#796,#797,#798,#799,#800,#801,#802,#803,#804,#805,#806,#807,#808,#809,#810,#811,#812,#813,#814,#815,#816,#817,#818,#819,#820,#821,#822,#823,#824,#825,#826,#827,#828,#829,#830,#831,#832,#833,#834,#835,#836,#837,#838,#839,#840,#841,#842,#843,#844,#845,#846,#847,#848,#849,#850,#851,#852,#853,#854,#855,#856,#857,#858,#859,#860,#861,#862,#863,#864,#865,#866,#867,#868,#869,#870,#871,#872,#873,#874,#875,#876,#877,#878,#879,#880,#881,#882,#883),.UNSPECIFIED.,.F.,.F.,(4,2,2,2,2,2,2,2,2,2,2,2,2,2,2,2,2,2,2,2,2,2,2,2,2,2,2,2,2,2,2,2,2,2,2,2,2,2,2,2,2,2,2,2,2,2,2,2,2,2,2,2,2,2,2,2,2,2,2,2,2,2,2,2,2,2,2,2,2,2,2,2,2,2,2,2,2,2,2,2,2,2,2,2,2,2,2,2,2,2,2,2,2,2,2,2,2,2,2,2,2,2,2,2,2,2,2,2,2,2,2,2,2,2,2,2,2,2,2,2,2,2,2,2,2,2,2,2,4),(0.0,0.00790829554119378,0.0158165910823876,0.0237248866235813,0.0316331821647751,0.0395414777059689,0.0474497732471627,0.0553580687883565,0.0632663643295503,0.071174659870744,0.0790829554119378,0.0869912509531316,0.0948995464943254,0.102807842035519,0.110716137576713,0.118624433117907,0.126532728659101,0.134441024200294,0.142349319741488,0.150257615282682,0.158165910823876,0.166074206365069,0.173982501906263,0.181890797447457,0.189799092988651,0.197707388529845,0.205615684071038,0.213523979612232,0.221432275153426,0.22934057069462,0.237248866235813,0.245157161777007,0.253065457318201,0.260973752859395,0.268882048400589,0.276790343941782,0.284698639482976,0.29260693502417,0.300515230565364,0.308423526106558,0.316331821647751,0.324240117188945,0.332148412730139,0.340056708271333,0.347965003812526,0.35587329935372,0.363781594894914,0.371689890436108,0.379598185977302,0.387506481518495,0.395414777059689,0.403323072600883,0.411231368142077,0.41913966368327,0.427047959224464,0.434956254765658,0.442864550306852,0.450772845848046,0.458681141389239,0.466589436930433,0.474497732471627,0.482406028012821,0.490314323554014,0.498222619095208,0.506130914636402,0.514039210177596,0.52194750571879,0.529855801259983,0.537764096801177,0.545672392342371,0.553580687883565,0.561488983424759,0.569397278965952,0.577305574507146,0.58521387004834,0.593122165589534,0.601030461130727,0.608938756671921,0.616847052213115,0.624755347754309,0.632663643295503,0.640571938836696,0.64848023437789,0.656388529919084,0.664296825460278,0.672205121001471,0.680113416542665,0.688021712083859,0.695930007625053,0.703838303166247,0.711746598707441,0.719654894248634,0.727563189789828,0.735471485331022,0.743379780872216,0.751288076413409,0.759196371954603,0.767104667495797,0.775012963036991,0.782921258578184,0.790829554119378,0.798737849660572,0.806646145201766,0.814554440742959,0.822462736284153,0.830371031825347,0.838279327366541,0.846187622907735,0.854095918448929,0.862004213990122,0.869912509531316,0.87782080507251,0.885729100613704,0.893637396154897,0.901545691696091,0.909453987237285,0.917362282778479,0.925270578319672,0.933178873860866,0.94108716940206,0.948995464943254,0.956903760484448,0.964812056025641,0.972720351566835,0.980628647108029,0.988536942649223,0.996445238190417,1.00435353373161,1.0122618292728),.UNSPECIFIED.);
#97=B_SPLINE_CURVE_WITH_KNOTS('',3,(#884,#885,#886,#887,#888,#889,#890,#891,#892,#893,#894,#895,#896,#897,#898,#899,#900,#901,#902,#903,#904,#905,#906,#907,#908,#909,#910,#911,#912,#913,#914,#915,#916,#917,#918,#919,#920,#921,#922,#923,#924,#925,#926,#927,#928,#929,#930,#931,#932,#933,#934,#935,#936,#937,#938,#939,#940,#941,#942,#943,#944,#945,#946,#947,#948,#949,#950,#951,#952,#953,#954,#955,#956,#957,#958,#959,#960,#961,#962,#963,#964,#965,#966,#967,#968,#969,#970,#971,#972,#973,#974,#975,#976,#977,#978,#979,#980,#981,#982,#983,#984,#985,#986,#987,#988,#989,#990,#991,#992,#993,#994,#995,#996,#997,#998,#999,#1000,#1001,#1002,#1003,#1004,#1005,#1006,#1007,#1008,#1009,#1010,#1011,#1012,#1013,#1014,#1015,#1016,#1017,#1018,#1019,#1020,#1021,#1022,#1023,#1024,#1025,#1026,#1027,#1028,#1029,#1030,#1031,#1032,#1033,#1034,#1035,#1036,#1037,#1038,#1039,#1040,#1041,#1042,#1043,#1044,#1045,#1046,#1047,#1048,#1049,#1050,#1051,#1052,#1053,#1054,#1055,#1056,#1057,#1058,#1059,#1060,#1061,#1062,#1063,#1064,#1065,#1066,#1067,#1068,#1069,#1070,#1071,#1072,#1073,#1074,#1075,#1076,#1077,#1078,#1079,#1080,#1081,#1082,#1083,#1084,#1085,#1086,#1087,#1088,#1089,#1090,#1091,#1092,#1093,#1094,#1095,#1096,#1097,#1098,#1099,#1100,#1101,#1102,#1103,#1104,#1105,#1106,#1107,#1108,#1109,#1110,#1111,#1112,#1113,#1114,#1115,#1116,#1117,#1118,#1119,#1120,#1121,#1122,#1123,#1124,#1125,#1126,#1127,#1128,#1129,#1130,#1131,#1132,#1133,#1134,#1135,#1136,#1137,#1138,#1139,#1140,#1141),.UNSPECIFIED.,.F.,.F.,(4,2,2,2,2,2,2,2,2,2,2,2,2,2,2,2,2,2,2,2,2,2,2,2,2,2,2,2,2,2,2,2,2,2,2,2,2,2,2,2,2,2,2,2,2,2,2,2,2,2,2,2,2,2,2,2,2,2,2,2,2,2,2,2,2,2,2,2,2,2,2,2,2,2,2,2,2,2,2,2,2,2,2,2,2,2,2,2,2,2,2,2,2,2,2,2,2,2,2,2,2,2,2,2,2,2,2,2,2,2,2,2,2,2,2,2,2,2,2,2,2,2,2,2,2,2,2,2,4),(0.0,0.00790829554119378,0.0158165910823876,0.0237248866235813,0.0316331821647751,0.0395414777059689,0.0474497732471627,0.0553580687883565,0.0632663643295503,0.071174659870744,0.0790829554119378,0.0869912509531316,0.0948995464943254,0.102807842035519,0.110716137576713,0.118624433117907,0.126532728659101,0.134441024200294,0.142349319741488,0.150257615282682,0.158165910823876,0.166074206365069,0.173982501906263,0.181890797447457,0.189799092988651,0.197707388529845,0.205615684071038,0.213523979612232,0.221432275153426,0.22934057069462,0.237248866235813,0.245157161777007,0.253065457318201,0.260973752859395,0.268882048400589,0.276790343941782,0.284698639482976,0.29260693502417,0.300515230565364,0.308423526106558,0.316331821647751,0.324240117188945,0.332148412730139,0.340056708271333,0.347965003812526,0.35587329935372,0.363781594894914,0.371689890436108,0.379598185977302,0.387506481518495,0.395414777059689,0.403323072600883,0.411231368142077,0.41913966368327,0.427047959224464,0.434956254765658,0.442864550306852,0.450772845848046,0.458681141389239,0.466589436930433,0.474497732471627,0.482406028012821,0.490314323554014,0.498222619095208,0.506130914636402,0.514039210177596,0.52194750571879,0.529855801259983,0.537764096801177,0.545672392342371,0.553580687883565,0.561488983424759,0.569397278965952,0.577305574507146,0.58521387004834,0.593122165589534,0.601030461130727,0.608938756671921,0.616847052213115,0.624755347754309,0.632663643295503,0.640571938836696,0.64848023437789,0.656388529919084,0.664296825460278,0.672205121001471,0.680113416542665,0.688021712083859,0.695930007625053,0.703838303166247,0.711746598707441,0.719654894248634,0.727563189789828,0.735471485331022,0.743379780872216,0.751288076413409,0.759196371954603,0.767104667495797,0.775012963036991,0.782921258578184,0.790829554119378,0.798737849660572,0.806646145201766,0.814554440742959,0.822462736284153,0.830371031825347,0.838279327366541,0.846187622907735,0.854095918448929,0.862004213990122,0.869912509531316,0.87782080507251,0.885729100613704,0.893637396154897,0.901545691696091,0.909453987237285,0.917362282778479,0.925270578319672,0.933178873860866,0.94108716940206,0.948995464943254,0.956903760484448,0.964812056025641,0.972720351566835,0.980628647108029,0.988536942649223,0.996445238190417,1.00435353373161,1.0122618292728),.UNSPECIFIED.);
#98=LINE('',#1142,#1143);
#99=LINE('',#1144,#1145);
#100=LINE('',#1146,#1147);
#101=LINE('',#1148,#1149);
#102=LINE('',#1150,#1151);
#103=LINE('',#1152,#1153);
#104=LINE('',#1154,#1155);
#105=LINE('',#1156,#1157);
#106=LINE('',#1158,#1159);
#107=LINE('',#1160,#1161);
#108=LINE('',#1162,#1163);
#109=LINE('',#1164,#1165);
#110=CARTESIAN_POINT('',(0.0,0.0,11.25));
#111=CARTESIAN_POINT('',(0.409127351966819,2.6045856234746,11.2499746051604));
#112=CARTESIAN_POINT('',(0.812095710599204,5.20833333333542,11.0345991396787));
#113=CARTESIAN_POINT('',(1.26657832015716,10.4166666666646,10.3543264428703));
#114=CARTESIAN_POINT('',(1.31141394872957,13.0208333333308,9.89955957946742));
#115=CARTESIAN_POINT('',(0.998284882548647,18.2291666666692,9.14373183961986));
#116=CARTESIAN_POINT('',(0.645069395561978,20.8333333333309,8.85379744464374));
#117=CARTESIAN_POINT('',(-0.15734359052166,26.0416666666692,8.69423935434818));
#118=CARTESIAN_POINT('',(-0.594651239916576,28.6458333333126,8.82684837899968));
#119=CARTESIAN_POINT('',(-1.17311571304979,33.8541666666875,9.40538466803395));
#120=CARTESIAN_POINT('',(-1.3058104514137,36.4583333333308,9.84266631645876));
#121=CARTESIAN_POINT('',(-1.14615274959438,41.6666666666692,10.6450594885816));
#122=CARTESIAN_POINT('',(-0.856287593626171,44.2708333333309,10.9983317985537));
#123=CARTESIAN_POINT('',(-0.100420987286549,49.4791666666692,11.3113670327245));
#124=CARTESIAN_POINT('',(0.354354655568571,52.0833333333491,11.2666205434445));
#125=CARTESIAN_POINT('',(1.03457092698043,57.2916666666509,10.8120534873119));
#126=CARTESIAN_POINT('',(1.25002539075756,59.8958333333308,10.4090615423864));
#127=CARTESIAN_POINT('',(1.24997460924244,65.1041666666691,9.59093845761362));
#128=CARTESIAN_POINT('',(1.03459913967638,67.7083333333491,9.1879042893968));
#129=CARTESIAN_POINT('',(0.35432644287263,72.9166666666508,8.73342167984684));
#130=CARTESIAN_POINT('',(-0.100440420533863,75.5208333333125,8.68858605127214));
#131=CARTESIAN_POINT('',(-0.856268160378849,80.7291666666874,9.00171511744963));
#132=CARTESIAN_POINT('',(-1.14620255535626,83.3333333333125,9.35493060443666));
#133=CARTESIAN_POINT('',(-1.30576064565182,88.5416666666874,10.157343590523));
#134=CARTESIAN_POINT('',(-1.17315162100546,91.1458333333492,10.5946512399152));
#135=CARTESIAN_POINT('',(-0.594615331960897,96.3541666666509,11.1731157130512));
#136=CARTESIAN_POINT('',(-0.157333683536522,98.9583333333125,11.3058104514137));
#137=CARTESIAN_POINT('',(0.64505948857684,104.166666666687,11.1461527495944));
#138=CARTESIAN_POINT('',(0.99833179855315,106.770833333313,10.8562875936267));
#139=CARTESIAN_POINT('',(1.31136703272506,111.979166666687,10.100420987286));
#140=CARTESIAN_POINT('',(1.26662054344565,114.583333333313,9.64564534443257));
#141=CARTESIAN_POINT('',(0.81205348731071,119.791666666687,8.96542907301842));
#142=CARTESIAN_POINT('',(0.409061542388385,122.395833333386,8.7499746092453));
#143=CARTESIAN_POINT('',(-0.409061542388375,127.604166666614,8.75002539075471));
#144=CARTESIAN_POINT('',(-0.812095710600916,130.208333333276,8.96540086032133));
#145=CARTESIAN_POINT('',(-1.26657832015544,135.416666666724,9.64567355712965));
#146=CARTESIAN_POINT('',(-1.31141394872786,138.020833333276,10.1004404205326));
#147=CARTESIAN_POINT('',(-0.998284882550365,143.229166666724,10.8562681603801));
#148=CARTESIAN_POINT('',(-0.645069395570495,145.833333333349,11.1462025553517));
#149=CARTESIAN_POINT('',(0.157343590530149,151.041666666651,11.3057606456564));
#150=CARTESIAN_POINT('',(0.594651239918566,153.645833333349,11.1731516210003));
#151=CARTESIAN_POINT('',(1.17311571304778,158.854166666651,10.5946153319661));
#152=CARTESIAN_POINT('',(1.3058104514137,161.458333333276,10.1573336835367));
#153=CARTESIAN_POINT('',(1.14615274959438,166.666666666724,9.35494051142302));
#154=CARTESIAN_POINT('',(0.856287593634323,169.270833333276,9.00166820145085));
#155=CARTESIAN_POINT('',(0.100420987278408,174.479166666724,8.68863296727093));
#156=CARTESIAN_POINT('',(-0.354354655570859,177.083333333422,8.73337945655549));
#157=CARTESIAN_POINT('',(-1.03457092697815,182.291666666578,9.18794651268815));
#158=CARTESIAN_POINT('',(-1.25002539075756,184.895833333349,9.5909384576182));
#159=CARTESIAN_POINT('',(-1.24997460924244,190.104166666651,10.4090615423818));
#160=CARTESIAN_POINT('',(-1.03459913968581,192.708333333276,10.8120957105941));
#161=CARTESIAN_POINT('',(-0.354326442863197,197.916666666724,11.2665783201623));
#162=CARTESIAN_POINT('',(0.100440420533862,200.520833333276,11.3114139487279));
#163=CARTESIAN_POINT('',(0.856268160378849,205.729166666724,10.9982848825504));
#164=CARTESIAN_POINT('',(1.14620255535512,208.333333333349,10.6450693955725));
#165=CARTESIAN_POINT('',(1.30576064565296,213.541666666651,9.84265640946784));
#166=CARTESIAN_POINT('',(1.17315162100147,216.145833333276,9.40534876008029));
#167=CARTESIAN_POINT('',(0.594615331964914,221.354166666724,8.82688428695336));
#168=CARTESIAN_POINT('',(0.157333683536594,223.958333333276,8.6941895485863));
#169=CARTESIAN_POINT('',(-0.645059488576912,229.166666666724,8.85384725040562));
#170=CARTESIAN_POINT('',(-0.998331798548572,231.770833333422,9.1437124063641));
#171=CARTESIAN_POINT('',(-1.31136703272963,236.979166666578,9.89957901272315));
#172=CARTESIAN_POINT('',(-1.26662054344222,239.583333333349,10.354354655572));
#173=CARTESIAN_POINT('',(-0.812053487314138,244.791666666651,11.034570926977));
#174=CARTESIAN_POINT('',(-0.40906154237082,247.395833333422,11.2500253907547));
#175=CARTESIAN_POINT('',(0.40906154237082,252.604166666578,11.2499746092453));
#176=CARTESIAN_POINT('',(0.812095710607202,255.208333333422,11.034599139665));
#177=CARTESIAN_POINT('',(1.26657832014915,260.416666666578,10.3543264428841));
#178=CARTESIAN_POINT('',(1.31141394872329,263.020833333422,9.89955957945372));
#179=CARTESIAN_POINT('',(0.998284882554942,268.229166666578,9.1437318396336));
#180=CARTESIAN_POINT('',(0.645069395547542,270.833333333276,8.85379744464374));
#181=CARTESIAN_POINT('',(-0.157343590507228,276.041666666724,8.69423935434818));
#182=CARTESIAN_POINT('',(-0.594651239927138,278.645833333422,8.82684837900881));
#183=CARTESIAN_POINT('',(-1.17311571303921,283.854166666578,9.40538466802479));
#184=CARTESIAN_POINT('',(-1.30581045141084,286.458333333422,9.84266631647249));
#185=CARTESIAN_POINT('',(-1.14615274959724,291.666666666578,10.6450594885678));
#186=CARTESIAN_POINT('',(-0.856287593612474,294.270833333276,10.9983317985537));
#187=CARTESIAN_POINT('',(-0.100420987300284,299.479166666724,11.3113670327245));
#188=CARTESIAN_POINT('',(0.354354655561135,302.083333333276,11.2666205434491));
#189=CARTESIAN_POINT('',(1.03457092698786,307.291666666724,10.8120534873073));
#190=CARTESIAN_POINT('',(1.25002539075756,309.895833333422,10.4090615423727));
#191=CARTESIAN_POINT('',(1.24997460924244,315.104166666578,9.59093845762736));
#192=CARTESIAN_POINT('',(1.03459913966666,317.708333333569,9.18790428939222));
#193=CARTESIAN_POINT('',(0.35432644288234,322.916666666431,8.73342167985141));
#194=CARTESIAN_POINT('',(-0.100440420544589,325.520833333276,8.68858605127672));
#195=CARTESIAN_POINT('',(-0.856268160368137,330.729166666724,9.00171511744507));
#196=CARTESIAN_POINT('',(-1.14620255535969,333.333333333276,9.35493060445038));
#197=CARTESIAN_POINT('',(-1.30576064564839,338.541666666724,10.1573435905093));
#198=CARTESIAN_POINT('',(-1.17315162100976,341.145833333276,10.5946512399106));
#199=CARTESIAN_POINT('',(-0.594615331956621,346.354166666724,11.1731157130558));
#200=CARTESIAN_POINT('',(-0.157333683525165,348.958333333422,11.3058104514091));
#201=CARTESIAN_POINT('',(0.645059488565477,354.166666666578,11.146152749599));
#202=CARTESIAN_POINT('',(0.998331798557725,356.770833333569,10.856287593613));
#203=CARTESIAN_POINT('',(1.31136703272049,361.979166666431,10.1004209872997));
#204=CARTESIAN_POINT('',(1.26662054343593,364.583333333422,9.64564534441884));
#205=CARTESIAN_POINT('',(0.812053487320419,369.791666666578,8.96542907303213));
#206=CARTESIAN_POINT('',(0.409061542370799,372.395833333422,8.7499746092453));
#207=CARTESIAN_POINT('',(-0.409061542370839,377.604166666578,8.75002539075471));
#208=CARTESIAN_POINT('',(-0.812095710607201,380.208333333422,8.96540086033047));
#209=CARTESIAN_POINT('',(-1.26657832014915,385.416666666578,9.6456735571205));
#210=CARTESIAN_POINT('',(-1.31141394873243,388.020833333422,10.1004404205234));
#211=CARTESIAN_POINT('',(-0.998284882545792,393.229166666578,10.8562681603893));
#212=CARTESIAN_POINT('',(-0.645069395547618,395.833333333276,11.1462025553608));
#213=CARTESIAN_POINT('',(0.157343590507297,401.041666666724,11.3057606456472));
#214=CARTESIAN_POINT('',(0.594651239927424,403.645833333276,11.1731516209958));
#215=CARTESIAN_POINT('',(1.17311571303892,408.854166666724,10.5946153319706));
#216=CARTESIAN_POINT('',(1.30581045141084,411.458333333276,10.1573336835275));
#217=CARTESIAN_POINT('',(1.14615274959724,416.666666666724,9.35494051143217));
#218=CARTESIAN_POINT('',(0.856287593612602,419.270833333422,9.00166820144171));
#219=CARTESIAN_POINT('',(0.100420987300132,424.479166666578,8.68863296728008));
#220=CARTESIAN_POINT('',(-0.354354655561156,427.083333333569,8.73337945655093));
#221=CARTESIAN_POINT('',(-1.03457092698788,432.291666666432,9.18794651269273));
#222=CARTESIAN_POINT('',(-1.25002539075756,434.895833333276,9.59093845763188));
#223=CARTESIAN_POINT('',(-1.24997460924244,440.104166666724,10.4090615423681));
#224=CARTESIAN_POINT('',(-1.03459913966695,442.708333333569,10.8120957106078));
#225=CARTESIAN_POINT('',(-0.354326442882059,447.916666666431,11.2665783201486));
#226=CARTESIAN_POINT('',(0.100440420544878,450.520833333569,11.3114139487233));
#227=CARTESIAN_POINT('',(0.856268160367855,455.729166666431,10.9982848825549));
#228=CARTESIAN_POINT('',(1.14620255535968,458.333333333276,10.6450693955496));
#229=CARTESIAN_POINT('',(1.30576064564838,463.541666666724,9.84265640949073));
#230=CARTESIAN_POINT('',(1.17315162100976,466.145833333276,9.40534876008944));
#231=CARTESIAN_POINT('',(0.594615331956624,471.354166666724,8.82688428694421));
#232=CARTESIAN_POINT('',(0.157333683525081,473.958333333422,8.6941895485863));
#233=CARTESIAN_POINT('',(-0.645059488565418,479.166666666578,8.85384725040562));
#234=CARTESIAN_POINT('',(-0.998331798557154,481.770833333276,9.14371240638698));
#235=CARTESIAN_POINT('',(-1.31136703272107,486.979166666724,9.89957901270031));
#236=CARTESIAN_POINT('',(-1.26662054343593,489.583333333276,10.3543546555811));
#237=CARTESIAN_POINT('',(-0.812053487320427,494.791666666724,11.0345709269679));
#238=CARTESIAN_POINT('',(-0.409061542394235,497.39583333313,11.2500253907547));
#239=CARTESIAN_POINT('',(0.409061542394235,502.60416666687,11.2499746092453));
#240=CARTESIAN_POINT('',(0.812095710594053,505.20833333313,11.0345991396878));
#241=CARTESIAN_POINT('',(1.2665783201623,510.41666666687,10.3543264428612));
#242=CARTESIAN_POINT('',(1.31141394873243,513.02083333313,9.89955957947657));
#243=CARTESIAN_POINT('',(0.998284882545794,518.22916666687,9.14373183961072));
#244=CARTESIAN_POINT('',(0.645069395570433,520.83333333313,8.85379744464375));
#245=CARTESIAN_POINT('',(-0.157343590530065,526.04166666687,8.69423935434819));
#246=CARTESIAN_POINT('',(-0.594651239910585,528.645833333423,8.82684837899055));
#247=CARTESIAN_POINT('',(-1.17311571305581,533.854166666578,9.40538466804311));
#248=CARTESIAN_POINT('',(-1.30581045141599,536.45833333313,9.8426663164496));
#249=CARTESIAN_POINT('',(-1.1461527495921,541.66666666687,10.6450594885907));
#250=CARTESIAN_POINT('',(-0.856287593634312,544.27083333313,10.9983317985492));
#251=CARTESIAN_POINT('',(-0.100420987278399,549.47916666687,11.3113670327291));
#252=CARTESIAN_POINT('',(0.354354655561423,552.08333333313,11.2666205434491));
#253=CARTESIAN_POINT('',(1.03457092698757,557.29166666687,10.8120534873073));
#254=CARTESIAN_POINT('',(1.25002539075756,559.89583333313,10.4090615423955));
#255=CARTESIAN_POINT('',(1.24997460924244,565.10416666687,9.59093845760449));
#256=CARTESIAN_POINT('',(1.03459913968638,567.708333333422,9.18790428940136));
#257=CARTESIAN_POINT('',(0.354326442862621,572.916666666578,8.73342167984227));
#258=CARTESIAN_POINT('',(-0.10044042052316,575.520833333422,8.68858605126758));
#259=CARTESIAN_POINT('',(-0.856268160389579,580.729166666578,9.00171511745421));
#260=CARTESIAN_POINT('',(-1.14620255535512,583.33333333313,9.35493060442753));
#261=CARTESIAN_POINT('',(-1.30576064565296,588.54166666687,10.1573435905322));
#262=CARTESIAN_POINT('',(-1.17315162100974,591.145833333423,10.5946512399106));
#263=CARTESIAN_POINT('',(-0.594615331956601,596.354166666578,11.1731157130558));
#264=CARTESIAN_POINT('',(-0.157333683548097,598.958333333422,11.3058104514183));
#265=CARTESIAN_POINT('',(0.64505948858842,604.166666666578,11.1461527495898));
#266=CARTESIAN_POINT('',(0.998331798548582,606.77083333313,10.8562875936313));
#267=CARTESIAN_POINT('',(1.31136703272964,611.97916666687,10.1004209872814));
#268=CARTESIAN_POINT('',(1.26662054344907,614.58333333313,9.64564534443713));
#269=CARTESIAN_POINT('',(0.812053487307273,619.79166666687,8.96542907301384));
#270=CARTESIAN_POINT('',(0.409061542394267,622.395833333422,8.7499746092453));
#271=CARTESIAN_POINT('',(-0.409061542394197,627.604166666577,8.75002539075471));
#272=CARTESIAN_POINT('',(-0.812095710594615,630.208333333422,8.96540086031216));
#273=CARTESIAN_POINT('',(-1.26657832016171,635.416666666578,9.64567355713878));
#274=CARTESIAN_POINT('',(-1.31141394873242,638.02083333313,10.1004404205234));
#275=CARTESIAN_POINT('',(-0.998284882545785,643.22916666687,10.8562681603893));
#276=CARTESIAN_POINT('',(-0.645069395570644,645.83333333313,11.1462025553563));
#277=CARTESIAN_POINT('',(0.157343590530283,651.04166666687,11.3057606456518));
#278=CARTESIAN_POINT('',(0.594651239910575,653.64583333313,11.1731516210095));
#279=CARTESIAN_POINT('',(1.1731157130558,658.85416666687,10.5946153319569));
#280=CARTESIAN_POINT('',(1.30581045141541,661.45833333313,10.1573336835458));
#281=CARTESIAN_POINT('',(1.14615274959266,666.66666666687,9.35494051141386));
#282=CARTESIAN_POINT('',(0.856287593634182,669.27083333313,9.00166820145085));
#283=CARTESIAN_POINT('',(0.100420987278555,674.47916666687,8.68863296727094));
#284=CARTESIAN_POINT('',(-0.354354655561426,677.08333333313,8.73337945655092));
#285=CARTESIAN_POINT('',(-1.03457092698758,682.29166666687,9.18794651269272));
#286=CARTESIAN_POINT('',(-1.25002539075756,684.89583333313,9.59093845760447));
#287=CARTESIAN_POINT('',(-1.24997460924244,690.10416666687,10.4090615423955));
#288=CARTESIAN_POINT('',(-1.03459913968582,692.708333333422,10.8120957105941));
#289=CARTESIAN_POINT('',(-0.354326442863204,697.916666666578,11.2665783201623));
#290=CARTESIAN_POINT('',(0.100440420523004,700.520833333422,11.3114139487324));
#291=CARTESIAN_POINT('',(0.856268160389709,705.729166666578,10.9982848825458));
#292=CARTESIAN_POINT('',(1.14620255535569,708.33333333313,10.6450693955725));
#293=CARTESIAN_POINT('',(1.30576064565239,713.54166666687,9.84265640946782));
#294=CARTESIAN_POINT('',(1.17315162100975,716.145833333422,9.40534876008942));
#295=CARTESIAN_POINT('',(0.594615331956615,721.354166666578,8.8268842869442));
#296=CARTESIAN_POINT('',(0.157333683548105,723.958333333715,8.6941895485863));
#297=CARTESIAN_POINT('',(-0.645059488588406,729.166666666285,8.85384725040562));
#298=CARTESIAN_POINT('',(-0.998331798548011,731.77083333313,9.1437124063687));
#299=CARTESIAN_POINT('',(-1.31136703273022,736.97916666687,9.8995790127186));
#300=CARTESIAN_POINT('',(-1.26662054344909,739.58333333313,10.3543546555628));
#301=CARTESIAN_POINT('',(-0.812053487307291,744.79166666687,11.0345709269861));
#302=CARTESIAN_POINT('',(-0.409061542394139,747.395833333423,11.2500253907547));
#303=CARTESIAN_POINT('',(0.409061542394325,752.604166666578,11.2499746092453));
#304=CARTESIAN_POINT('',(0.812095710594065,755.208333333422,11.0345991396878));
#305=CARTESIAN_POINT('',(1.26657832016231,760.416666666578,10.3543264428612));
#306=CARTESIAN_POINT('',(1.31141394873243,763.020833333422,9.89955957947657));
#307=CARTESIAN_POINT('',(0.998284882545791,768.229166666578,9.14373183961072));
#308=CARTESIAN_POINT('',(0.645069395570552,770.83333333313,8.85379744464374));
#309=CARTESIAN_POINT('',(-0.157343590530232,776.04166666687,8.69423935434818));
#310=CARTESIAN_POINT('',(-0.594651239910851,778.64583333313,8.82684837899052));
#311=CARTESIAN_POINT('',(-1.1731157130555,783.85416666687,9.40538466804309));
#312=CARTESIAN_POINT('',(-1.30581045141541,786.45833333313,9.84266631645418));
#313=CARTESIAN_POINT('',(-1.14615274959267,791.66666666687,10.6450594885861));
#314=CARTESIAN_POINT('',(-0.856287593634321,794.27083333313,10.9983317985491));
#315=CARTESIAN_POINT('',(-0.100420987278409,799.47916666687,11.3113670327291));
#316=CARTESIAN_POINT('',(0.354354655561157,802.083333333423,11.2666205434491));
#317=CARTESIAN_POINT('',(1.03457092698789,807.291666666578,10.8120534873073));
#318=CARTESIAN_POINT('',(1.25002539075756,809.895833333423,10.4090615423909));
#319=CARTESIAN_POINT('',(1.24997460924244,815.104166666578,9.59093845760902));
#320=CARTESIAN_POINT('',(1.03459913972498,817.70833333313,9.18790428943339));
#321=CARTESIAN_POINT('',(0.354326442824046,822.91666666687,8.73342167981026));
#322=CARTESIAN_POINT('',(-0.100440420523008,825.52083333313,8.68858605126757));
#323=CARTESIAN_POINT('',(-0.856268160389713,830.72916666687,9.00171511745421));
#324=CARTESIAN_POINT('',(-1.14620255535512,833.33333333313,9.35493060442754));
#325=CARTESIAN_POINT('',(-1.30576064565296,838.54166666687,10.1573435905322));
#326=CARTESIAN_POINT('',(-1.17315162100975,841.14583333313,10.5946512399106));
#327=CARTESIAN_POINT('',(-0.594615331956612,846.35416666687,11.1731157130558));
#328=CARTESIAN_POINT('',(-0.157333683548084,848.95833333313,11.3058104514183));
#329=CARTESIAN_POINT('',(0.645059488588427,854.16666666687,11.1461527495898));
#330=CARTESIAN_POINT('',(0.998331798530273,856.770833333422,10.8562875936817));
#331=CARTESIAN_POINT('',(1.31136703274792,861.979166666578,10.1004209872311));
#332=CARTESIAN_POINT('',(1.26662054344909,864.583333333422,9.64564534444173));
#333=CARTESIAN_POINT('',(0.812053487307289,869.791666666578,8.96542907300929));
#334=CARTESIAN_POINT('',(0.409061542394277,872.395833333129,8.7499746092453));
#335=CARTESIAN_POINT('',(-0.409061542394187,877.60416666687,8.75002539075471));
#336=CARTESIAN_POINT('',(-0.812095710594629,880.208333333422,8.96540086031218));
#337=CARTESIAN_POINT('',(-1.26657832016173,885.416666666578,9.6456735571388));
#338=CARTESIAN_POINT('',(-1.31141394873186,888.020833333422,10.1004404205234));
#339=CARTESIAN_POINT('',(-0.998284882546361,893.229166666578,10.8562681603893));
#340=CARTESIAN_POINT('',(-0.645069395570566,895.833333333715,11.1462025553517));
#341=CARTESIAN_POINT('',(0.157343590530218,901.041666666285,11.3057606456564));
#342=CARTESIAN_POINT('',(0.594651239910555,903.64583333313,11.1731516210095));
#343=CARTESIAN_POINT('',(1.17311571305578,908.85416666687,10.5946153319569));
#344=CARTESIAN_POINT('',(1.30581045141541,911.45833333313,10.1573336835458));
#345=CARTESIAN_POINT('',(1.14615274959267,916.66666666687,9.35494051141387));
#346=CARTESIAN_POINT('',(0.856287593634208,919.27083333313,9.00166820145086));
#347=CARTESIAN_POINT('',(0.100420987278581,924.47916666687,8.68863296727095));
#348=CARTESIAN_POINT('',(-0.354354655561116,927.083333333129,8.7333794565509));
#349=CARTESIAN_POINT('',(-1.03457092698784,932.29166666687,9.18794651269271));
#350=CARTESIAN_POINT('',(-1.25002539075756,934.895833333129,9.5909384575587));
#351=CARTESIAN_POINT('',(-1.24997460924244,940.10416666687,10.4090615424412));
#352=CARTESIAN_POINT('',(-1.03459913968609,942.708333333715,10.8120957105941));
#353=CARTESIAN_POINT('',(-0.354326442862897,947.916666666285,11.2665783201623));
#354=CARTESIAN_POINT('',(0.100440420523313,950.520833333422,11.3114139487324));
#355=CARTESIAN_POINT('',(0.856268160389447,955.729166666578,10.9982848825458));
#356=CARTESIAN_POINT('',(1.14620255535569,958.33333333313,10.6450693955725));
#357=CARTESIAN_POINT('',(1.30576064565239,963.54166666687,9.84265640946784));
#358=CARTESIAN_POINT('',(1.17315162100946,966.14583333313,9.40534876008942));
#359=CARTESIAN_POINT('',(0.594615331956896,971.35416666687,8.8268842869442));
#360=CARTESIAN_POINT('',(0.157333683548132,973.958333333422,8.6941895485863));
#361=CARTESIAN_POINT('',(-0.645059488588379,979.166666666578,8.85384725040561));
#362=CARTESIAN_POINT('',(-0.998331798548008,981.77083333313,9.14371240636411));
#363=CARTESIAN_POINT('',(-1.31136703273021,986.97916666687,9.89957901272317));
#364=CARTESIAN_POINT('',(-1.26662054342278,989.583333333422,10.354354655604));
#365=CARTESIAN_POINT('',(-0.812053487333571,994.791666666578,11.034570926945));
#366=CARTESIAN_POINT('',(-0.409128131385927,997.395409414729,11.2500253948879));
#367=CARTESIAN_POINT('',(-6.12323399573677E-15,1000.0,11.25));
#368=CARTESIAN_POINT('',(1.25,0.0,10.0));
#369=CARTESIAN_POINT('',(1.24997460515759,2.60458562347453,9.5908726480323));
#370=CARTESIAN_POINT('',(1.03459913967752,5.20833333333542,9.18790428940137));
#371=CARTESIAN_POINT('',(0.354326442871483,10.4166666666646,8.73342167984227));
#372=CARTESIAN_POINT('',(-0.100440420530011,13.0208333333308,8.68858605127215));
#373=CARTESIAN_POINT('',(-0.856268160382713,18.2291666666692,9.00171511744964));
#374=CARTESIAN_POINT('',(-1.1462025553574,20.8333333333309,9.35493060443667));
#375=CARTESIAN_POINT('',(-1.30576064565067,26.0416666666692,10.157343590523));
#376=CARTESIAN_POINT('',(-1.17315162100346,28.6458333333126,10.5946512399151));
#377=CARTESIAN_POINT('',(-0.594615331962904,33.8541666666875,11.1731157130512));
#378=CARTESIAN_POINT('',(-0.157333683539452,36.4583333333308,11.3058104514137));
#379=CARTESIAN_POINT('',(0.64505948857977,41.6666666666692,11.1461527495944));
#380=CARTESIAN_POINT('',(0.998331798552009,44.2708333333309,10.8562875936267));
#381=CARTESIAN_POINT('',(1.31136703272621,49.4791666666692,10.100420987286));
#382=CARTESIAN_POINT('',(1.26662054344222,52.0833333333491,9.645645344428));
#383=CARTESIAN_POINT('',(0.81205348731414,57.2916666666509,8.965429073023));
#384=CARTESIAN_POINT('',(0.409061542388382,59.8958333333308,8.7499746092453));
#385=CARTESIAN_POINT('',(-0.409061542388377,65.1041666666691,8.75002539075471));
#386=CARTESIAN_POINT('',(-0.812095710600916,67.7083333333491,8.9654008603259));
#387=CARTESIAN_POINT('',(-1.26657832015544,72.9166666666508,9.64567355712508));
#388=CARTESIAN_POINT('',(-1.31141394872843,75.5208333333125,10.1004404205326));
#389=CARTESIAN_POINT('',(-0.998284882549793,80.7291666666874,10.8562681603801));
#390=CARTESIAN_POINT('',(-0.645069395564839,83.3333333333125,11.1462025553563));
#391=CARTESIAN_POINT('',(0.157343590524514,88.5416666666874,11.3057606456518));
#392=CARTESIAN_POINT('',(0.594651239914581,91.1458333333492,11.1731516210049));
#393=CARTESIAN_POINT('',(1.1731157130518,96.3541666666509,10.5946153319615));
#394=CARTESIAN_POINT('',(1.30581045141312,98.9583333333125,10.1573336835367));
#395=CARTESIAN_POINT('',(1.14615274959495,104.166666666687,9.35494051142302));
#396=CARTESIAN_POINT('',(0.856287593623462,106.770833333313,9.00166820144628));
#397=CARTESIAN_POINT('',(0.100420987289269,111.979166666687,8.68863296727551));
#398=CARTESIAN_POINT('',(-0.354354655570573,114.583333333313,8.73337945655549));
#399=CARTESIAN_POINT('',(-1.03457092697843,119.791666666687,9.18794651268815));
#400=CARTESIAN_POINT('',(-1.25002539075756,122.395833333386,9.59093845761819));
#401=CARTESIAN_POINT('',(-1.24997460924244,127.604166666614,10.4090615423818));
#402=CARTESIAN_POINT('',(-1.03459913968639,130.208333333276,10.8120957105941));
#403=CARTESIAN_POINT('',(-0.35432644286263,135.416666666724,11.2665783201623));
#404=CARTESIAN_POINT('',(0.100440420523142,138.020833333276,11.3114139487324));
#405=CARTESIAN_POINT('',(0.856268160389563,143.229166666724,10.9982848825458));
#406=CARTESIAN_POINT('',(1.14620255535568,145.833333333349,10.6450693955725));
#407=CARTESIAN_POINT('',(1.30576064565239,151.041666666651,9.84265640946785));
#408=CARTESIAN_POINT('',(1.17315162099318,153.645833333349,9.40534876007572));
#409=CARTESIAN_POINT('',(0.594615331973202,158.854166666651,8.82688428695793));
#410=CARTESIAN_POINT('',(0.157333683525157,161.458333333276,8.6941895485863));
#411=CARTESIAN_POINT('',(-0.645059488565484,166.666666666724,8.85384725040562));
#412=CARTESIAN_POINT('',(-0.998331798548577,169.270833333276,9.14371240636411));
#413=CARTESIAN_POINT('',(-1.31136703272964,174.479166666724,9.89957901272317));
#414=CARTESIAN_POINT('',(-1.26662054343536,177.083333333422,10.3543546555811));
#415=CARTESIAN_POINT('',(-0.812053487320997,182.291666666578,11.0345709269679));
#416=CARTESIAN_POINT('',(-0.409061542394224,184.895833333349,11.2500253907547));
#417=CARTESIAN_POINT('',(0.40906154239424,190.104166666651,11.2499746092453));
#418=CARTESIAN_POINT('',(0.812095710594057,192.708333333276,11.0345991396878));
#419=CARTESIAN_POINT('',(1.2665783201623,197.916666666724,10.3543264428612));
#420=CARTESIAN_POINT('',(1.31141394873243,200.520833333276,9.89955957947657));
#421=CARTESIAN_POINT('',(0.998284882545792,205.729166666724,9.14373183961072));
#422=CARTESIAN_POINT('',(0.645069395570487,208.333333333349,8.85379744464831));
#423=CARTESIAN_POINT('',(-0.157343590530156,213.541666666651,8.69423935434361));
#424=CARTESIAN_POINT('',(-0.594651239927144,216.145833333276,8.82684837900882));
#425=CARTESIAN_POINT('',(-1.17311571303921,221.354166666724,9.4053846680248));
#426=CARTESIAN_POINT('',(-1.30581045141541,223.958333333276,9.84266631644961));
#427=CARTESIAN_POINT('',(-1.14615274959267,229.166666666724,10.6450594885907));
#428=CARTESIAN_POINT('',(-0.85628759363405,231.770833333422,10.9983317985491));
#429=CARTESIAN_POINT('',(-0.100420987278707,236.979166666578,11.3113670327291));
#430=CARTESIAN_POINT('',(0.354354655580579,239.583333333349,11.2666205434354));
#431=CARTESIAN_POINT('',(1.03457092696843,244.791666666651,10.812053487321));
#432=CARTESIAN_POINT('',(1.25002539075756,247.395833333422,10.4090615423727));
#433=CARTESIAN_POINT('',(1.24997460924244,252.604166666578,9.59093845762734));
#434=CARTESIAN_POINT('',(1.03459913966638,255.208333333422,9.18790428939223));
#435=CARTESIAN_POINT('',(0.354326442882633,260.416666666578,8.73342167985142));
#436=CARTESIAN_POINT('',(-0.100440420544715,263.020833333422,8.68858605127671));
#437=CARTESIAN_POINT('',(-0.856268160367978,268.229166666578,9.00171511744506));
#438=CARTESIAN_POINT('',(-1.14620255535969,270.833333333276,9.35493060445039));
#439=CARTESIAN_POINT('',(-1.30576064564839,276.041666666724,10.1573435905093));
#440=CARTESIAN_POINT('',(-1.17315162099319,278.645833333422,10.5946512399243));
#441=CARTESIAN_POINT('',(-0.594615331973206,283.854166666578,11.1731157130421));
#442=CARTESIAN_POINT('',(-0.157333683525153,286.458333333422,11.3058104514091));
#443=CARTESIAN_POINT('',(0.645059488565489,291.666666666578,11.146152749599));
#444=CARTESIAN_POINT('',(0.998331798557145,294.270833333276,10.856287593613));
#445=CARTESIAN_POINT('',(1.31136703272106,299.479166666724,10.1004209872997));
#446=CARTESIAN_POINT('',(1.26662054344909,302.083333333276,9.64564534443715));
#447=CARTESIAN_POINT('',(0.812053487307282,307.291666666724,8.96542907301385));
#448=CARTESIAN_POINT('',(0.409061542370834,309.895833333422,8.7499746092453));
#449=CARTESIAN_POINT('',(-0.409061542370803,315.104166666578,8.75002539075471));
#450=CARTESIAN_POINT('',(-0.812095710607783,317.708333333569,8.96540086033049));
#451=CARTESIAN_POINT('',(-1.26657832014859,322.916666666431,9.64567355712052));
#452=CARTESIAN_POINT('',(-1.31141394872328,325.520833333276,10.1004404205463));
#453=CARTESIAN_POINT('',(-0.998284882554934,330.729166666724,10.8562681603664));
#454=CARTESIAN_POINT('',(-0.645069395547475,333.333333333276,11.1462025553608));
#455=CARTESIAN_POINT('',(0.157343590507155,338.541666666724,11.3057606456472));
#456=CARTESIAN_POINT('',(0.594651239910282,341.145833333276,11.1731516210095));
#457=CARTESIAN_POINT('',(1.17311571305608,346.354166666724,10.5946153319569));
#458=CARTESIAN_POINT('',(1.30581045141084,348.958333333422,10.1573336835229));
#459=CARTESIAN_POINT('',(1.14615274959724,354.166666666578,9.35494051143674));
#460=CARTESIAN_POINT('',(0.856287593612594,356.770833333569,9.0016682014417));
#461=CARTESIAN_POINT('',(0.100420987300124,361.979166666431,8.68863296728008));
#462=CARTESIAN_POINT('',(-0.354354655581163,364.583333333422,8.73337945656464));
#463=CARTESIAN_POINT('',(-1.03457092696787,369.791666666578,9.18794651267901));
#464=CARTESIAN_POINT('',(-1.25002539075756,372.395833333422,9.59093845763194));
#465=CARTESIAN_POINT('',(-1.24997460924244,377.604166666578,10.4090615423681));
#466=CARTESIAN_POINT('',(-1.03459913966638,380.208333333422,10.8120957106078));
#467=CARTESIAN_POINT('',(-0.354326442882638,385.416666666578,11.2665783201486));
#468=CARTESIAN_POINT('',(0.100440420523006,388.020833333422,11.3114139487324));
#469=CARTESIAN_POINT('',(0.856268160389711,393.229166666578,10.9982848825458));
#470=CARTESIAN_POINT('',(1.14620255535969,395.833333333276,10.6450693955496));
#471=CARTESIAN_POINT('',(1.30576064564839,401.041666666724,9.8426564094907));
#472=CARTESIAN_POINT('',(1.17315162099347,403.645833333276,9.40534876007115));
#473=CARTESIAN_POINT('',(0.594615331972915,408.854166666724,8.8268842869625));
#474=CARTESIAN_POINT('',(0.157333683525027,411.458333333276,8.6941895485863));
#475=CARTESIAN_POINT('',(-0.645059488565329,416.666666666724,8.85384725040562));
#476=CARTESIAN_POINT('',(-0.998331798557723,419.270833333422,9.14371240638697));
#477=CARTESIAN_POINT('',(-1.31136703272049,424.479166666578,9.8995790127003));
#478=CARTESIAN_POINT('',(-1.26662054344907,427.083333333569,10.3543546555629));
#479=CARTESIAN_POINT('',(-0.81205348730727,432.291666666432,11.0345709269862));
#480=CARTESIAN_POINT('',(-0.409061542370848,434.895833333276,11.2500253907547));
#481=CARTESIAN_POINT('',(0.40906154237079,440.104166666724,11.2499746092453));
#482=CARTESIAN_POINT('',(0.812095710607208,442.708333333569,11.0345991396649));
#483=CARTESIAN_POINT('',(1.26657832014916,447.916666666431,10.3543264428841));
#484=CARTESIAN_POINT('',(1.31141394872328,450.520833333569,9.89955957945826));
#485=CARTESIAN_POINT('',(0.998284882554932,455.729166666431,9.143731839629));
#486=CARTESIAN_POINT('',(0.64506939554764,458.333333333276,8.85379744464375));
#487=CARTESIAN_POINT('',(-0.157343590507275,463.541666666724,8.69423935434819));
#488=CARTESIAN_POINT('',(-0.594651239910278,466.145833333276,8.82684837899052));
#489=CARTESIAN_POINT('',(-1.17311571305608,471.354166666724,9.40538466804309));
#490=CARTESIAN_POINT('',(-1.30581045141141,473.958333333422,9.84266631647706));
#491=CARTESIAN_POINT('',(-1.14615274959666,479.166666666578,10.6450594885633));
#492=CARTESIAN_POINT('',(-0.85628759361259,481.770833333276,10.9983317985583));
#493=CARTESIAN_POINT('',(-0.10042098730012,486.979166666724,11.3113670327199));
#494=CARTESIAN_POINT('',(0.354354655580579,489.583333333276,11.2666205434354));
#495=CARTESIAN_POINT('',(1.03457092696843,494.791666666724,10.812053487321));
#496=CARTESIAN_POINT('',(1.25002539075756,497.39583333313,10.4090615423955));
#497=CARTESIAN_POINT('',(1.24997460924244,502.60416666687,9.59093845760448));
#498=CARTESIAN_POINT('',(1.03459913968611,505.20833333313,9.18790428940595));
#499=CARTESIAN_POINT('',(0.354326442862914,510.41666666687,8.7334216798377));
#500=CARTESIAN_POINT('',(-0.100440420523136,513.02083333313,8.68858605126757));
#501=CARTESIAN_POINT('',(-0.856268160389555,518.22916666687,9.00171511745421));
#502=CARTESIAN_POINT('',(-1.14620255535568,520.83333333313,9.35493060442749));
#503=CARTESIAN_POINT('',(-1.30576064565238,526.04166666687,10.1573435905321));
#504=CARTESIAN_POINT('',(-1.17315162100975,528.645833333423,10.594651239906));
#505=CARTESIAN_POINT('',(-0.594615331956611,533.854166666578,11.1731157130604));
#506=CARTESIAN_POINT('',(-0.157333683548045,536.45833333313,11.3058104514137));
#507=CARTESIAN_POINT('',(0.645059488588323,541.66666666687,11.1461527495944));
#508=CARTESIAN_POINT('',(0.998331798548007,544.27083333313,10.8562875936359));
#509=CARTESIAN_POINT('',(1.31136703273021,549.47916666687,10.1004209872768));
#510=CARTESIAN_POINT('',(1.26662054344909,552.08333333313,9.64564534444173));
#511=CARTESIAN_POINT('',(0.812053487307288,557.29166666687,8.96542907300929));
#512=CARTESIAN_POINT('',(0.409061542394258,559.89583333313,8.7499746092453));
#513=CARTESIAN_POINT('',(-0.409061542394206,565.10416666687,8.75002539075471));
#514=CARTESIAN_POINT('',(-0.81209571059463,567.708333333422,8.96540086031219));
#515=CARTESIAN_POINT('',(-1.26657832016173,572.916666666578,9.6456735571388));
#516=CARTESIAN_POINT('',(-1.31141394873243,575.520833333422,10.1004404205234));
#517=CARTESIAN_POINT('',(-0.998284882545789,580.729166666578,10.8562681603893));
#518=CARTESIAN_POINT('',(-0.645069395570547,583.33333333313,11.1462025553563));
#519=CARTESIAN_POINT('',(0.157343590530244,588.54166666687,11.3057606456518));
#520=CARTESIAN_POINT('',(0.594651239910577,591.145833333423,11.1731516210095));
#521=CARTESIAN_POINT('',(1.17311571305581,596.354166666578,10.5946153319569));
#522=CARTESIAN_POINT('',(1.30581045141541,598.958333333422,10.1573336835458));
#523=CARTESIAN_POINT('',(1.14615274959267,604.166666666578,9.35494051141387));
#524=CARTESIAN_POINT('',(0.856287593634031,606.77083333313,9.00166820145085));
#525=CARTESIAN_POINT('',(0.100420987278689,611.97916666687,8.68863296727093));
#526=CARTESIAN_POINT('',(-0.354354655561147,614.58333333313,8.73337945655092));
#527=CARTESIAN_POINT('',(-1.03457092698787,619.79166666687,9.18794651269272));
#528=CARTESIAN_POINT('',(-1.25002539075756,622.395833333422,9.59093845760443));
#529=CARTESIAN_POINT('',(-1.24997460924244,627.604166666577,10.4090615423955));
#530=CARTESIAN_POINT('',(-1.03459913968613,630.208333333422,10.8120957105895));
#531=CARTESIAN_POINT('',(-0.354326442862941,635.416666666578,11.2665783201669));
#532=CARTESIAN_POINT('',(0.100440420523298,638.02083333313,11.3114139487324));
#533=CARTESIAN_POINT('',(0.856268160389432,643.22916666687,10.9982848825458));
#534=CARTESIAN_POINT('',(1.14620255535511,645.83333333313,10.6450693955725));
#535=CARTESIAN_POINT('',(1.30576064565295,651.04166666687,9.84265640946787));
#536=CARTESIAN_POINT('',(1.17315162100976,653.64583333313,9.40534876008943));
#537=CARTESIAN_POINT('',(0.594615331956621,658.85416666687,8.82688428694421));
#538=CARTESIAN_POINT('',(0.157333683548025,661.45833333313,8.6941895485863));
#539=CARTESIAN_POINT('',(-0.645059488588344,666.66666666687,8.85384725040562));
#540=CARTESIAN_POINT('',(-0.998331798548573,669.27083333313,9.14371240636867));
#541=CARTESIAN_POINT('',(-1.31136703272963,674.47916666687,9.89957901271858));
#542=CARTESIAN_POINT('',(-1.26662054344909,677.08333333313,10.3543546555629));
#543=CARTESIAN_POINT('',(-0.812053487307282,682.29166666687,11.0345709269861));
#544=CARTESIAN_POINT('',(-0.409061542394242,684.89583333313,11.2500253907547));
#545=CARTESIAN_POINT('',(0.409061542394234,690.10416666687,11.2499746092453));
#546=CARTESIAN_POINT('',(0.812095710594047,692.708333333422,11.0345991396878));
#547=CARTESIAN_POINT('',(1.26657832016229,697.916666666578,10.3543264428612));
#548=CARTESIAN_POINT('',(1.31141394873243,700.520833333422,9.89955957947657));
#549=CARTESIAN_POINT('',(0.998284882545794,705.729166666578,9.14373183961073));
#550=CARTESIAN_POINT('',(0.645069395570543,708.33333333313,8.85379744464374));
#551=CARTESIAN_POINT('',(-0.157343590530242,713.54166666687,8.69423935434818));
#552=CARTESIAN_POINT('',(-0.594651239910571,716.145833333422,8.82684837899053));
#553=CARTESIAN_POINT('',(-1.17311571305579,721.354166666578,9.4053846680431));
#554=CARTESIAN_POINT('',(-1.30581045141541,723.958333333715,9.84266631645418));
#555=CARTESIAN_POINT('',(-1.14615274959267,729.166666666285,10.6450594885861));
#556=CARTESIAN_POINT('',(-0.856287593634027,731.77083333313,10.9983317985492));
#557=CARTESIAN_POINT('',(-0.100420987278686,736.97916666687,11.3113670327291));
#558=CARTESIAN_POINT('',(0.354354655561407,739.58333333313,11.2666205434491));
#559=CARTESIAN_POINT('',(1.03457092698756,744.79166666687,10.8120534873073));
#560=CARTESIAN_POINT('',(1.25002539075756,747.395833333423,10.4090615423954));
#561=CARTESIAN_POINT('',(1.24997460924244,752.604166666578,9.59093845760439));
#562=CARTESIAN_POINT('',(1.03459913968638,755.208333333422,9.18790428940594));
#563=CARTESIAN_POINT('',(0.354326442862622,760.416666666578,8.7334216798377));
#564=CARTESIAN_POINT('',(-0.100440420522999,763.020833333422,8.68858605126757));
#565=CARTESIAN_POINT('',(-0.856268160389705,768.229166666578,9.00171511745421));
#566=CARTESIAN_POINT('',(-1.14620255535512,770.83333333313,9.35493060442751));
#567=CARTESIAN_POINT('',(-1.30576064565296,776.04166666687,10.1573435905322));
#568=CARTESIAN_POINT('',(-1.17315162100977,778.64583333313,10.5946512399106));
#569=CARTESIAN_POINT('',(-0.594615331956631,783.85416666687,11.1731157130558));
#570=CARTESIAN_POINT('',(-0.15733368354811,786.45833333313,11.3058104514183));
#571=CARTESIAN_POINT('',(0.645059488588402,791.66666666687,11.1461527495898));
#572=CARTESIAN_POINT('',(0.998331798548575,794.27083333313,10.8562875936313));
#573=CARTESIAN_POINT('',(1.31136703272963,799.47916666687,10.1004209872814));
#574=CARTESIAN_POINT('',(1.26662054344908,802.083333333423,9.64564534444171));
#575=CARTESIAN_POINT('',(0.81205348730727,807.291666666578,8.96542907300926));
#576=CARTESIAN_POINT('',(0.409061542394221,809.895833333423,8.7499746092453));
#577=CARTESIAN_POINT('',(-0.409061542394255,815.104166666578,8.75002539075471));
#578=CARTESIAN_POINT('',(-0.812095710568327,817.70833333313,8.96540086027559));
#579=CARTESIAN_POINT('',(-1.26657832018802,822.91666666687,9.64567355717538));
#580=CARTESIAN_POINT('',(-1.31141394873243,825.52083333313,10.1004404205234));
#581=CARTESIAN_POINT('',(-0.998284882545793,830.72916666687,10.8562681603893));
#582=CARTESIAN_POINT('',(-0.645069395570539,833.33333333313,11.1462025553563));
#583=CARTESIAN_POINT('',(0.157343590530245,838.54166666687,11.3057606456518));
#584=CARTESIAN_POINT('',(0.594651239910288,841.14583333313,11.1731516210095));
#585=CARTESIAN_POINT('',(1.17311571305608,846.35416666687,10.5946153319569));
#586=CARTESIAN_POINT('',(1.30581045141541,848.95833333313,10.1573336835458));
#587=CARTESIAN_POINT('',(1.14615274959266,854.16666666687,9.35494051141387));
#588=CARTESIAN_POINT('',(0.856287593677372,856.770833333422,9.00166820146916));
#589=CARTESIAN_POINT('',(0.100420987235433,861.979166666578,8.68863296725266));
#590=CARTESIAN_POINT('',(-0.354354655561124,864.583333333422,8.73337945655091));
#591=CARTESIAN_POINT('',(-1.03457092698785,869.791666666578,9.18794651269271));
#592=CARTESIAN_POINT('',(-1.25002539075756,872.395833333129,9.59093845760442));
#593=CARTESIAN_POINT('',(-1.24997460924244,877.60416666687,10.4090615423955));
#594=CARTESIAN_POINT('',(-1.03459913968611,880.208333333422,10.8120957105941));
#595=CARTESIAN_POINT('',(-0.35432644286292,885.416666666578,11.2665783201623));
#596=CARTESIAN_POINT('',(0.100440420523146,888.020833333422,11.3114139487324));
#597=CARTESIAN_POINT('',(0.856268160389565,893.229166666578,10.9982848825458));
#598=CARTESIAN_POINT('',(1.14620255535568,895.833333333715,10.6450693955725));
#599=CARTESIAN_POINT('',(1.30576064565238,901.041666666285,9.84265640946786));
#600=CARTESIAN_POINT('',(1.17315162100949,903.64583333313,9.40534876008945));
#601=CARTESIAN_POINT('',(0.594615331956927,908.85416666687,8.82688428694423));
#602=CARTESIAN_POINT('',(0.157333683548106,911.45833333313,8.6941895485863));
#603=CARTESIAN_POINT('',(-0.645059488588405,916.66666666687,8.85384725040562));
#604=CARTESIAN_POINT('',(-0.998331798548562,919.27083333313,9.14371240636865));
#605=CARTESIAN_POINT('',(-1.31136703272962,924.47916666687,9.89957901271855));
#606=CARTESIAN_POINT('',(-1.26662054344853,927.083333333129,10.3543546555583));
#607=CARTESIAN_POINT('',(-0.81205348730787,932.29166666687,11.0345709269907));
#608=CARTESIAN_POINT('',(-0.409061542441114,934.895833333129,11.2500253907547));
#609=CARTESIAN_POINT('',(0.409061542441014,940.10416666687,11.2499746092453));
#610=CARTESIAN_POINT('',(0.812095710594632,942.708333333715,11.0345991396832));
#611=CARTESIAN_POINT('',(1.26657832016174,947.916666666285,10.3543264428658));
#612=CARTESIAN_POINT('',(1.31141394873242,950.520833333422,9.89955957947655));
#613=CARTESIAN_POINT('',(0.998284882545784,955.729166666578,9.1437318396107));
#614=CARTESIAN_POINT('',(0.645069395570553,958.33333333313,8.85379744464374));
#615=CARTESIAN_POINT('',(-0.157343590530231,963.54166666687,8.69423935434818));
#616=CARTESIAN_POINT('',(-0.594651239910291,966.14583333313,8.82684837899054));
#617=CARTESIAN_POINT('',(-1.17311571305608,971.35416666687,9.4053846680431));
#618=CARTESIAN_POINT('',(-1.30581045141542,973.958333333422,9.84266631645415));
#619=CARTESIAN_POINT('',(-1.14615274959267,979.166666666578,10.6450594885861));
#620=CARTESIAN_POINT('',(-0.85628759363418,981.77083333313,10.9983317985491));
#621=CARTESIAN_POINT('',(-0.100420987278553,986.97916666687,11.3113670327291));
#622=CARTESIAN_POINT('',(0.354354655600297,989.583333333422,11.2666205434216));
#623=CARTESIAN_POINT('',(1.03457092694871,994.791666666578,10.8120534873347));
#624=CARTESIAN_POINT('',(1.2500253948908,997.395409414728,10.4091281313838));
#625=CARTESIAN_POINT('',(1.25,1000.0,10.0));
#626=CARTESIAN_POINT('',(1.53080849893419E-16,0.0,8.75));
#627=CARTESIAN_POINT('',(-0.409127351966784,2.60458562347461,8.75002539483956));
#628=CARTESIAN_POINT('',(-0.812095710599204,5.20833333333542,8.96540086032133));
#629=CARTESIAN_POINT('',(-1.26657832015716,10.4166666666646,9.64567355712966));
#630=CARTESIAN_POINT('',(-1.311413948729,13.0208333333308,10.1004404205326));
#631=CARTESIAN_POINT('',(-0.998284882549218,18.2291666666692,10.8562681603801));
#632=CARTESIAN_POINT('',(-0.645069395561978,20.8333333333309,11.1462025553563));
#633=CARTESIAN_POINT('',(0.15734359052166,26.0416666666692,11.3057606456518));
#634=CARTESIAN_POINT('',(0.594651239916576,28.6458333333126,11.1731516210003));
#635=CARTESIAN_POINT('',(1.17311571304979,33.8541666666875,10.594615331966));
#636=CARTESIAN_POINT('',(1.30581045141427,36.4583333333308,10.1573336835458));
#637=CARTESIAN_POINT('',(1.14615274959381,41.6666666666692,9.35494051141387));
#638=CARTESIAN_POINT('',(0.856287593628888,44.2708333333309,9.00166820144628));
#639=CARTESIAN_POINT('',(0.100420987283835,49.4791666666692,8.6886329672755));
#640=CARTESIAN_POINT('',(-0.354354655566569,52.0833333333491,8.73337945655549));
#641=CARTESIAN_POINT('',(-1.03457092698243,57.2916666666509,9.18794651268815));
#642=CARTESIAN_POINT('',(-1.25002539075756,59.8958333333308,9.59093845761362));
#643=CARTESIAN_POINT('',(-1.24997460924244,65.1041666666691,10.4090615423864));
#644=CARTESIAN_POINT('',(-1.0345991396761,67.7083333333491,10.8120957106032));
#645=CARTESIAN_POINT('',(-0.354326442872916,72.9166666666508,11.2665783201532));
#646=CARTESIAN_POINT('',(0.100440420533863,75.5208333333125,11.3114139487279));
#647=CARTESIAN_POINT('',(0.856268160378849,80.7291666666874,10.9982848825504));
#648=CARTESIAN_POINT('',(1.14620255535626,83.3333333333125,10.6450693955633));
#649=CARTESIAN_POINT('',(1.30576064565182,88.5416666666874,9.84265640947699));
#650=CARTESIAN_POINT('',(1.17315162100517,91.1458333333492,9.40534876008485));
#651=CARTESIAN_POINT('',(0.594615331961183,96.3541666666509,8.82688428694877));
#652=CARTESIAN_POINT('',(0.157333683536594,98.9583333333125,8.6941895485863));
#653=CARTESIAN_POINT('',(-0.645059488576911,104.166666666687,8.85384725040562));
#654=CARTESIAN_POINT('',(-0.998331798557152,106.770833333313,9.14371240638697));
#655=CARTESIAN_POINT('',(-1.31136703272106,111.979166666687,9.8995790127003));
#656=CARTESIAN_POINT('',(-1.2666205434428,114.583333333313,10.354354655572));
#657=CARTESIAN_POINT('',(-0.812053487313569,119.791666666687,11.034570926977));
#658=CARTESIAN_POINT('',(-0.409061542382531,122.395833333386,11.2500253907547));
#659=CARTESIAN_POINT('',(0.409061542382521,127.604166666614,11.2499746092453));
#660=CARTESIAN_POINT('',(0.812095710600916,130.208333333276,11.0345991396787));
#661=CARTESIAN_POINT('',(1.26657832015544,135.416666666724,10.3543264428703));
#662=CARTESIAN_POINT('',(1.31141394872786,138.020833333276,9.89955957946742));
#663=CARTESIAN_POINT('',(0.998284882550365,143.229166666724,9.14373183961987));
#664=CARTESIAN_POINT('',(0.645069395570567,145.833333333349,8.85379744464832));
#665=CARTESIAN_POINT('',(-0.15734359053022,151.041666666651,8.69423935434362));
#666=CARTESIAN_POINT('',(-0.594651239918852,153.645833333349,8.82684837899967));
#667=CARTESIAN_POINT('',(-1.1731157130475,158.854166666651,9.40538466803394));
#668=CARTESIAN_POINT('',(-1.30581045141312,161.458333333276,9.84266631646334));
#669=CARTESIAN_POINT('',(-1.14615274959495,166.666666666724,10.645059488577));
#670=CARTESIAN_POINT('',(-0.85628759363418,169.270833333276,10.9983317985491));
#671=CARTESIAN_POINT('',(-0.100420987278551,174.479166666724,11.3113670327291));
#672=CARTESIAN_POINT('',(0.354354655571144,177.083333333422,11.2666205434399));
#673=CARTESIAN_POINT('',(1.03457092697786,182.291666666578,10.8120534873164));
#674=CARTESIAN_POINT('',(1.25002539075756,184.895833333349,10.4090615423818));
#675=CARTESIAN_POINT('',(1.24997460924244,190.104166666651,9.59093845761818));
#676=CARTESIAN_POINT('',(1.0345991396861,192.708333333276,9.18790428940594));
#677=CARTESIAN_POINT('',(0.354326442862911,197.916666666724,8.7334216798377));
#678=CARTESIAN_POINT('',(-0.100440420533862,200.520833333276,8.68858605127214));
#679=CARTESIAN_POINT('',(-0.856268160378849,205.729166666724,9.00171511744963));
#680=CARTESIAN_POINT('',(-1.14620255535512,208.333333333349,9.35493060442751));
#681=CARTESIAN_POINT('',(-1.30576064565296,213.541666666651,10.1573435905322));
#682=CARTESIAN_POINT('',(-1.17315162100119,216.145833333276,10.5946512399197));
#683=CARTESIAN_POINT('',(-0.5946153319652,221.354166666724,11.1731157130466));
#684=CARTESIAN_POINT('',(-0.157333683536594,223.958333333276,11.3058104514137));
#685=CARTESIAN_POINT('',(0.645059488576911,229.166666666724,11.1461527495944));
#686=CARTESIAN_POINT('',(0.998331798548572,231.770833333422,10.8562875936313));
#687=CARTESIAN_POINT('',(1.31136703272963,236.979166666578,10.1004209872814));
#688=CARTESIAN_POINT('',(1.26662054343593,239.583333333349,9.64564534441885));
#689=CARTESIAN_POINT('',(0.812053487320424,244.791666666651,8.96542907303214));
#690=CARTESIAN_POINT('',(0.409061542394238,247.395833333422,8.7499746092453));
#691=CARTESIAN_POINT('',(-0.409061542394229,252.604166666578,8.75002539075471));
#692=CARTESIAN_POINT('',(-0.812095710620352,255.208333333422,8.96540086035334));
#693=CARTESIAN_POINT('',(-1.26657832013601,260.416666666578,9.64567355709765));
#694=CARTESIAN_POINT('',(-1.31141394871414,263.020833333422,10.1004404205646));
#695=CARTESIAN_POINT('',(-0.998284882564086,268.229166666578,10.8562681603481));
#696=CARTESIAN_POINT('',(-0.645069395524673,270.833333333276,11.1462025553654));
#697=CARTESIAN_POINT('',(0.157343590484368,276.041666666724,11.3057606456427));
#698=CARTESIAN_POINT('',(0.594651239910844,278.645833333422,11.1731516210095));
#699=CARTESIAN_POINT('',(1.17311571305549,283.854166666578,10.5946153319569));
#700=CARTESIAN_POINT('',(1.30581045141484,286.458333333422,10.1573336835458));
#701=CARTESIAN_POINT('',(1.14615274959324,291.666666666578,9.35494051141387));
#702=CARTESIAN_POINT('',(0.856287593590891,294.270833333276,9.00166820143256));
#703=CARTESIAN_POINT('',(0.100420987321858,299.479166666724,8.68863296728923));
#704=CARTESIAN_POINT('',(-0.354354655561132,302.083333333276,8.73337945655091));
#705=CARTESIAN_POINT('',(-1.03457092698786,307.291666666724,9.18794651269272));
#706=CARTESIAN_POINT('',(-1.25002539075756,309.895833333422,9.59093845760445));
#707=CARTESIAN_POINT('',(-1.24997460924244,315.104166666578,10.4090615423955));
#708=CARTESIAN_POINT('',(-1.0345991396861,317.708333333569,10.8120957105941));
#709=CARTESIAN_POINT('',(-0.354326442862909,322.916666666431,11.2665783201623));
#710=CARTESIAN_POINT('',(0.100440420566314,325.520833333276,11.3114139487141));
#711=CARTESIAN_POINT('',(0.85626816034642,330.729166666724,10.9982848825641));
#712=CARTESIAN_POINT('',(1.14620255535569,333.333333333276,10.6450693955725));
#713=CARTESIAN_POINT('',(1.30576064565239,338.541666666724,9.84265640946784));
#714=CARTESIAN_POINT('',(1.17315162100947,341.145833333276,9.40534876008943));
#715=CARTESIAN_POINT('',(0.594615331956904,346.354166666724,8.82688428694421));
#716=CARTESIAN_POINT('',(0.157333683502154,348.958333333422,8.69418954859088));
#717=CARTESIAN_POINT('',(-0.645059488542474,354.166666666578,8.85384725040105));
#718=CARTESIAN_POINT('',(-0.998331798566872,356.770833333569,9.14371240640984));
#719=CARTESIAN_POINT('',(-1.31136703271135,361.979166666431,9.89957901267744));
#720=CARTESIAN_POINT('',(-1.2666205434485,364.583333333422,10.3543546555583));
#721=CARTESIAN_POINT('',(-0.812053487307846,369.791666666578,11.0345709269907));
#722=CARTESIAN_POINT('',(-0.409061542394217,372.395833333422,11.2500253907547));
#723=CARTESIAN_POINT('',(0.409061542394247,377.604166666578,11.2499746092453));
#724=CARTESIAN_POINT('',(0.812095710594051,380.208333333422,11.0345991396878));
#725=CARTESIAN_POINT('',(1.26657832016229,385.416666666578,10.3543264428612));
#726=CARTESIAN_POINT('',(1.31141394873243,388.020833333422,9.89955957947657));
#727=CARTESIAN_POINT('',(0.998284882545793,393.229166666578,9.14373183961072));
#728=CARTESIAN_POINT('',(0.645069395570558,395.833333333276,8.85379744464374));
#729=CARTESIAN_POINT('',(-0.157343590530228,401.041666666724,8.69423935434819));
#730=CARTESIAN_POINT('',(-0.594651239910272,403.645833333276,8.82684837899052));
#731=CARTESIAN_POINT('',(-1.17311571305607,408.854166666724,9.40538466804309));
#732=CARTESIAN_POINT('',(-1.30581045141541,411.458333333276,9.84266631645418));
#733=CARTESIAN_POINT('',(-1.14615274959267,416.666666666724,10.6450594885861));
#734=CARTESIAN_POINT('',(-0.856287593634185,419.270833333422,10.9983317985491));
#735=CARTESIAN_POINT('',(-0.100420987278558,424.479166666578,11.3113670327291));
#736=CARTESIAN_POINT('',(0.354354655561152,427.083333333569,11.2666205434491));
#737=CARTESIAN_POINT('',(1.03457092698787,432.291666666432,10.8120534873073));
#738=CARTESIAN_POINT('',(1.25002539075756,434.895833333276,10.4090615423956));
#739=CARTESIAN_POINT('',(1.24997460924244,440.104166666724,9.59093845760451));
#740=CARTESIAN_POINT('',(1.03459913964722,442.708333333569,9.1879042893785));
#741=CARTESIAN_POINT('',(0.354326442901776,447.916666666431,8.73342167986513));
#742=CARTESIAN_POINT('',(-0.10044042056646,450.520833333569,8.68858605128587));
#743=CARTESIAN_POINT('',(-0.856268160346281,455.729166666431,9.00171511743592));
#744=CARTESIAN_POINT('',(-1.14620255536426,458.333333333276,9.35493060447323));
#745=CARTESIAN_POINT('',(-1.30576064564381,463.541666666724,10.1573435904864));
#746=CARTESIAN_POINT('',(-1.17315162101005,466.145833333276,10.5946512399106));
#747=CARTESIAN_POINT('',(-0.594615331956342,471.354166666724,11.1731157130558));
#748=CARTESIAN_POINT('',(-0.157333683548093,473.958333333422,11.3058104514137));
#749=CARTESIAN_POINT('',(0.645059488588421,479.166666666578,11.1461527495944));
#750=CARTESIAN_POINT('',(0.998331798566302,481.770833333276,10.8562875935902));
#751=CARTESIAN_POINT('',(1.31136703271192,486.979166666724,10.1004209873226));
#752=CARTESIAN_POINT('',(1.26662054344908,489.583333333276,9.64564534443715));
#753=CARTESIAN_POINT('',(0.812053487307282,494.791666666724,8.96542907301385));
#754=CARTESIAN_POINT('',(0.409061542394231,497.39583333313,8.7499746092453));
#755=CARTESIAN_POINT('',(-0.409061542394239,502.60416666687,8.75002539075471));
#756=CARTESIAN_POINT('',(-0.812095710594622,505.20833333313,8.96540086031217));
#757=CARTESIAN_POINT('',(-1.26657832016173,510.41666666687,9.6456735571388));
#758=CARTESIAN_POINT('',(-1.31141394873243,513.02083333313,10.1004404205234));
#759=CARTESIAN_POINT('',(-0.998284882545792,518.22916666687,10.8562681603893));
#760=CARTESIAN_POINT('',(-0.645069395570572,520.83333333313,11.1462025553563));
#761=CARTESIAN_POINT('',(0.157343590530212,526.04166666687,11.3057606456518));
#762=CARTESIAN_POINT('',(0.594651239910302,528.645833333423,11.1731516210095));
#763=CARTESIAN_POINT('',(1.17311571305609,533.854166666578,10.5946153319569));
#764=CARTESIAN_POINT('',(1.30581045141541,536.45833333313,10.1573336835458));
#765=CARTESIAN_POINT('',(1.14615274959267,541.66666666687,9.35494051141388));
#766=CARTESIAN_POINT('',(0.856287593634308,544.27083333313,9.00166820145085));
#767=CARTESIAN_POINT('',(0.100420987278395,549.47916666687,8.68863296727093));
#768=CARTESIAN_POINT('',(-0.35435465556114,552.08333333313,8.73337945655092));
#769=CARTESIAN_POINT('',(-1.03457092698786,557.29166666687,9.18794651269272));
#770=CARTESIAN_POINT('',(-1.25002539075756,559.89583333313,9.59093845760903));
#771=CARTESIAN_POINT('',(-1.24997460924244,565.10416666687,10.4090615423909));
#772=CARTESIAN_POINT('',(-1.03459913968609,567.708333333422,10.8120957105941));
#773=CARTESIAN_POINT('',(-0.354326442862903,572.916666666578,11.2665783201623));
#774=CARTESIAN_POINT('',(0.100440420523164,575.520833333422,11.3114139487324));
#775=CARTESIAN_POINT('',(0.856268160389583,580.729166666578,10.9982848825458));
#776=CARTESIAN_POINT('',(1.14620255535512,583.33333333313,10.6450693955679));
#777=CARTESIAN_POINT('',(1.30576064565296,588.54166666687,9.84265640947239));
#778=CARTESIAN_POINT('',(1.17315162100974,591.145833333423,9.40534876008941));
#779=CARTESIAN_POINT('',(0.594615331956598,596.354166666578,8.82688428694419));
#780=CARTESIAN_POINT('',(0.157333683548093,598.958333333422,8.6941895485863));
#781=CARTESIAN_POINT('',(-0.645059488588425,604.166666666578,8.85384725040562));
#782=CARTESIAN_POINT('',(-0.998331798548583,606.77083333313,9.14371240636412));
#783=CARTESIAN_POINT('',(-1.31136703272964,611.97916666687,9.89957901272318));
#784=CARTESIAN_POINT('',(-1.26662054344907,614.58333333313,10.3543546555629));
#785=CARTESIAN_POINT('',(-0.812053487307271,619.79166666687,11.0345709269862));
#786=CARTESIAN_POINT('',(-0.409061542394263,622.395833333422,11.2500253907547));
#787=CARTESIAN_POINT('',(0.409061542394201,627.604166666577,11.2499746092453));
#788=CARTESIAN_POINT('',(0.812095710594046,630.208333333422,11.0345991396878));
#789=CARTESIAN_POINT('',(1.26657832016229,635.416666666578,10.3543264428612));
#790=CARTESIAN_POINT('',(1.31141394873242,638.02083333313,9.89955957947655));
#791=CARTESIAN_POINT('',(0.998284882545784,643.22916666687,9.1437318396107));
#792=CARTESIAN_POINT('',(0.645069395570426,645.83333333313,8.85379744464374));
#793=CARTESIAN_POINT('',(-0.157343590530073,651.04166666687,8.69423935434819));
#794=CARTESIAN_POINT('',(-0.594651239910578,653.64583333313,8.82684837899054));
#795=CARTESIAN_POINT('',(-1.1731157130558,658.85416666687,9.4053846680431));
#796=CARTESIAN_POINT('',(-1.30581045141541,661.45833333313,9.8426663164542));
#797=CARTESIAN_POINT('',(-1.14615274959266,666.66666666687,10.6450594885861));
#798=CARTESIAN_POINT('',(-0.856287593634035,669.27083333313,10.9983317985491));
#799=CARTESIAN_POINT('',(-0.100420987278694,674.47916666687,11.3113670327291));
#800=CARTESIAN_POINT('',(0.354354655561143,677.08333333313,11.2666205434491));
#801=CARTESIAN_POINT('',(1.03457092698787,682.29166666687,10.8120534873073));
#802=CARTESIAN_POINT('',(1.25002539075756,684.89583333313,10.4090615423955));
#803=CARTESIAN_POINT('',(1.24997460924244,690.10416666687,9.59093845760446));
#804=CARTESIAN_POINT('',(1.03459913968582,692.708333333422,9.18790428940595));
#805=CARTESIAN_POINT('',(0.354326442863201,697.916666666578,8.7334216798377));
#806=CARTESIAN_POINT('',(-0.100440420523008,700.520833333422,8.68858605126757));
#807=CARTESIAN_POINT('',(-0.856268160389713,705.729166666578,9.00171511745421));
#808=CARTESIAN_POINT('',(-1.14620255535455,708.33333333313,9.35493060443211));
#809=CARTESIAN_POINT('',(-1.30576064565354,713.54166666687,10.1573435905276));
#810=CARTESIAN_POINT('',(-1.17315162101003,716.145833333422,10.5946512399106));
#811=CARTESIAN_POINT('',(-0.594615331956326,721.354166666578,11.1731157130558));
#812=CARTESIAN_POINT('',(-0.157333683548101,723.958333333715,11.3058104514183));
#813=CARTESIAN_POINT('',(0.645059488588411,729.166666666285,11.1461527495898));
#814=CARTESIAN_POINT('',(0.998331798548585,731.77083333313,10.8562875936359));
#815=CARTESIAN_POINT('',(1.31136703272965,736.97916666687,10.1004209872768));
#816=CARTESIAN_POINT('',(1.26662054344909,739.58333333313,9.64564534443715));
#817=CARTESIAN_POINT('',(0.812053487307288,744.79166666687,8.96542907301386));
#818=CARTESIAN_POINT('',(0.409061542394135,747.395833333423,8.7499746092453));
#819=CARTESIAN_POINT('',(-0.40906154239433,752.604166666578,8.75002539075471));
#820=CARTESIAN_POINT('',(-0.812095710594067,755.208333333422,8.9654008603122));
#821=CARTESIAN_POINT('',(-1.26657832016231,760.416666666578,9.64567355713882));
#822=CARTESIAN_POINT('',(-1.31141394873243,763.020833333422,10.1004404205234));
#823=CARTESIAN_POINT('',(-0.998284882545789,768.229166666578,10.8562681603893));
#824=CARTESIAN_POINT('',(-0.645069395570548,770.83333333313,11.1462025553517));
#825=CARTESIAN_POINT('',(0.157343590530237,776.04166666687,11.3057606456564));
#826=CARTESIAN_POINT('',(0.594651239910568,778.64583333313,11.1731516210095));
#827=CARTESIAN_POINT('',(1.17311571305579,783.85416666687,10.5946153319569));
#828=CARTESIAN_POINT('',(1.30581045141541,786.45833333313,10.1573336835504));
#829=CARTESIAN_POINT('',(1.14615274959267,791.66666666687,9.3549405114093));
#830=CARTESIAN_POINT('',(0.856287593634317,794.27083333313,9.00166820145085));
#831=CARTESIAN_POINT('',(0.100420987278405,799.47916666687,8.68863296727093));
#832=CARTESIAN_POINT('',(-0.354354655561161,802.083333333423,8.73337945655093));
#833=CARTESIAN_POINT('',(-1.03457092698789,807.291666666578,9.18794651269274));
#834=CARTESIAN_POINT('',(-1.25002539075756,809.895833333423,9.5909384576045));
#835=CARTESIAN_POINT('',(-1.24997460924244,815.104166666578,10.4090615423956));
#836=CARTESIAN_POINT('',(-1.03459913972497,817.70833333313,10.8120957105712));
#837=CARTESIAN_POINT('',(-0.354326442824042,822.91666666687,11.2665783201852));
#838=CARTESIAN_POINT('',(0.100440420523154,825.52083333313,11.3114139487324));
#839=CARTESIAN_POINT('',(0.856268160389574,830.72916666687,10.9982848825458));
#840=CARTESIAN_POINT('',(1.14620255535512,833.33333333313,10.6450693955679));
#841=CARTESIAN_POINT('',(1.30576064565296,838.54166666687,9.84265640947239));
#842=CARTESIAN_POINT('',(1.17315162100946,841.14583333313,9.40534876008942));
#843=CARTESIAN_POINT('',(0.594615331956895,846.35416666687,8.8268842869442));
#844=CARTESIAN_POINT('',(0.15733368354808,848.95833333313,8.69418954858631));
#845=CARTESIAN_POINT('',(-0.645059488588432,854.16666666687,8.85384725040562));
#846=CARTESIAN_POINT('',(-0.998331798530274,856.770833333422,9.14371240632292));
#847=CARTESIAN_POINT('',(-1.31136703274792,861.979166666578,9.89957901276429));
#848=CARTESIAN_POINT('',(-1.26662054344852,864.583333333422,10.3543546555583));
#849=CARTESIAN_POINT('',(-0.812053487307858,869.791666666578,11.0345709269907));
#850=CARTESIAN_POINT('',(-0.409061542394273,872.395833333129,11.2500253907547));
#851=CARTESIAN_POINT('',(0.409061542394191,877.60416666687,11.2499746092453));
#852=CARTESIAN_POINT('',(0.812095710594059,880.208333333422,11.0345991396878));
#853=CARTESIAN_POINT('',(1.2665783201623,885.416666666578,10.3543264428612));
#854=CARTESIAN_POINT('',(1.31141394873243,888.020833333422,9.89955957947656));
#855=CARTESIAN_POINT('',(0.998284882545788,893.229166666578,9.14373183961071));
#856=CARTESIAN_POINT('',(0.645069395570562,895.833333333715,8.85379744464374));
#857=CARTESIAN_POINT('',(-0.157343590530223,901.041666666285,8.69423935434819));
#858=CARTESIAN_POINT('',(-0.594651239910844,903.64583333313,8.82684837899052));
#859=CARTESIAN_POINT('',(-1.17311571305549,908.85416666687,9.40538466804308));
#860=CARTESIAN_POINT('',(-1.30581045141541,911.45833333313,9.84266631644962));
#861=CARTESIAN_POINT('',(-1.14615274959267,916.66666666687,10.6450594885907));
#862=CARTESIAN_POINT('',(-0.856287593634204,919.27083333313,10.9983317985491));
#863=CARTESIAN_POINT('',(-0.100420987278577,924.47916666687,11.3113670327291));
#864=CARTESIAN_POINT('',(0.354354655561406,927.083333333129,11.2666205434491));
#865=CARTESIAN_POINT('',(1.03457092698756,932.29166666687,10.8120534873073));
#866=CARTESIAN_POINT('',(1.25002539075756,934.895833333129,10.4090615424413));
#867=CARTESIAN_POINT('',(1.24997460924244,940.10416666687,9.59093845755878));
#868=CARTESIAN_POINT('',(1.03459913968609,942.708333333715,9.18790428940593));
#869=CARTESIAN_POINT('',(0.354326442862894,947.916666666285,8.73342167983769));
#870=CARTESIAN_POINT('',(-0.100440420523031,950.520833333422,8.68858605126758));
#871=CARTESIAN_POINT('',(-0.856268160389737,955.729166666578,9.00171511745422));
#872=CARTESIAN_POINT('',(-1.14620255535512,958.33333333313,9.3549306044321));
#873=CARTESIAN_POINT('',(-1.30576064565296,963.54166666687,10.1573435905276));
#874=CARTESIAN_POINT('',(-1.17315162100974,966.14583333313,10.5946512399106));
#875=CARTESIAN_POINT('',(-0.594615331956607,971.35416666687,11.1731157130558));
#876=CARTESIAN_POINT('',(-0.157333683548057,973.958333333422,11.3058104514183));
#877=CARTESIAN_POINT('',(0.645059488588311,979.166666666578,11.1461527495898));
#878=CARTESIAN_POINT('',(0.998331798548009,981.77083333313,10.8562875936313));
#879=CARTESIAN_POINT('',(1.31136703273021,986.97916666687,10.1004209872814));
#880=CARTESIAN_POINT('',(1.26662054342278,989.583333333422,9.64564534439598));
#881=CARTESIAN_POINT('',(0.812053487333568,994.791666666578,8.965429073055));
#882=CARTESIAN_POINT('',(0.409128131431723,997.395409414735,8.74997460511206));
#883=CARTESIAN_POINT('',(1.95989911411321E-14,1000.0,8.75));
#884=CARTESIAN_POINT('',(-1.25,0.0,10.0));
#885=CARTESIAN_POINT('',(-1.24997460515759,2.60458562347453,10.4091273519677));
#886=CARTESIAN_POINT('',(-1.03459913967838,5.20833333333542,10.8120957105986));
#887=CARTESIAN_POINT('',(-0.354326442870626,10.4166666666646,11.2665783201577));
#888=CARTESIAN_POINT('',(0.100440420531298,13.0208333333308,11.3114139487279));
#889=CARTESIAN_POINT('',(0.856268160381427,18.2291666666692,10.9982848825504));
#890=CARTESIAN_POINT('',(1.14620255535683,20.8333333333309,10.6450693955633));
#891=CARTESIAN_POINT('',(1.30576064565125,26.0416666666692,9.84265640947698));
#892=CARTESIAN_POINT('',(1.17315162100546,28.6458333333126,9.40534876008485));
#893=CARTESIAN_POINT('',(0.594615331960903,33.8541666666875,8.82688428694878));
#894=CARTESIAN_POINT('',(0.157333683536523,36.4583333333308,8.6941895485863));
#895=CARTESIAN_POINT('',(-0.64505948857684,41.6666666666692,8.85384725040562));
#896=CARTESIAN_POINT('',(-0.99833179855258,44.2708333333309,9.14371240637783));
#897=CARTESIAN_POINT('',(-1.31136703272564,49.4791666666692,9.89957901270945));
#898=CARTESIAN_POINT('',(-1.26662054344222,52.0833333333491,10.354354655572));
#899=CARTESIAN_POINT('',(-0.81205348731414,57.2916666666509,11.034570926977));
#900=CARTESIAN_POINT('',(-0.409061542388382,59.8958333333308,11.2500253907547));
#901=CARTESIAN_POINT('',(0.409061542388376,65.1041666666691,11.2499746092453));
#902=CARTESIAN_POINT('',(0.812095710600916,67.7083333333491,11.0345991396741));
#903=CARTESIAN_POINT('',(1.26657832015544,72.9166666666508,10.3543264428749));
#904=CARTESIAN_POINT('',(1.31141394872843,75.5208333333125,9.89955957946742));
#905=CARTESIAN_POINT('',(0.998284882549793,80.7291666666874,9.14373183961987));
#906=CARTESIAN_POINT('',(0.645069395564839,83.3333333333125,8.85379744464374));
#907=CARTESIAN_POINT('',(-0.157343590524514,88.5416666666874,8.69423935434818));
#908=CARTESIAN_POINT('',(-0.594651239910294,91.1458333333492,8.82684837899054));
#909=CARTESIAN_POINT('',(-1.17311571305609,96.3541666666509,9.40538466804311));
#910=CARTESIAN_POINT('',(-1.30581045141598,98.9583333333125,9.84266631645419));
#911=CARTESIAN_POINT('',(-1.14615274959209,104.166666666687,10.6450594885861));
#912=CARTESIAN_POINT('',(-0.856287593623462,106.770833333313,10.9983317985537));
#913=CARTESIAN_POINT('',(-0.10042098728927,111.979166666687,11.3113670327245));
#914=CARTESIAN_POINT('',(0.354354655561424,114.583333333313,11.2666205434537));
#915=CARTESIAN_POINT('',(1.03457092698758,119.791666666687,10.8120534873027));
#916=CARTESIAN_POINT('',(1.25002539075756,122.395833333386,10.409061542391));
#917=CARTESIAN_POINT('',(1.24997460924244,127.604166666614,9.59093845760905));
#918=CARTESIAN_POINT('',(1.03459913966638,130.208333333276,9.1879042893968));
#919=CARTESIAN_POINT('',(0.354326442882633,135.416666666724,8.73342167984685));
#920=CARTESIAN_POINT('',(-0.100440420544724,138.020833333276,8.68858605127672));
#921=CARTESIAN_POINT('',(-0.856268160367988,143.229166666724,9.00171511744506));
#922=CARTESIAN_POINT('',(-1.14620255535569,145.833333333349,9.3549306044275));
#923=CARTESIAN_POINT('',(-1.30576064565239,151.041666666651,10.1573435905322));
#924=CARTESIAN_POINT('',(-1.17315162100976,153.645833333349,10.594651239906));
#925=CARTESIAN_POINT('',(-0.594615331956629,158.854166666651,11.1731157130604));
#926=CARTESIAN_POINT('',(-0.157333683548098,161.458333333276,11.3058104514137));
#927=CARTESIAN_POINT('',(0.645059488588416,166.666666666724,11.1461527495944));
#928=CARTESIAN_POINT('',(0.998331798548575,169.270833333276,10.8562875936313));
#929=CARTESIAN_POINT('',(1.31136703272964,174.479166666724,10.1004209872814));
#930=CARTESIAN_POINT('',(1.26662054344908,177.083333333422,9.64564534443715));
#931=CARTESIAN_POINT('',(0.812053487307281,182.291666666578,8.96542907301385));
#932=CARTESIAN_POINT('',(0.409061542370807,184.895833333349,8.7499746092453));
#933=CARTESIAN_POINT('',(-0.409061542370831,190.104166666651,8.75002539075471));
#934=CARTESIAN_POINT('',(-0.812095710594631,192.708333333276,8.96540086031219));
#935=CARTESIAN_POINT('',(-1.26657832016173,197.916666666724,9.64567355713881));
#936=CARTESIAN_POINT('',(-1.31141394872328,200.520833333276,10.1004404205463));
#937=CARTESIAN_POINT('',(-0.998284882554936,205.729166666724,10.8562681603664));
#938=CARTESIAN_POINT('',(-0.645069395570554,208.333333333349,11.1462025553563));
#939=CARTESIAN_POINT('',(0.157343590530231,213.541666666651,11.3057606456518));
#940=CARTESIAN_POINT('',(0.594651239910564,216.145833333276,11.1731516210095));
#941=CARTESIAN_POINT('',(1.17311571305579,221.354166666724,10.5946153319569));
#942=CARTESIAN_POINT('',(1.30581045141084,223.958333333276,10.1573336835229));
#943=CARTESIAN_POINT('',(1.14615274959724,229.166666666724,9.35494051143673));
#944=CARTESIAN_POINT('',(0.856287593634046,231.770833333422,9.00166820145085));
#945=CARTESIAN_POINT('',(0.100420987278703,236.979166666578,8.68863296727094));
#946=CARTESIAN_POINT('',(-0.354354655561141,239.583333333349,8.73337945655092));
#947=CARTESIAN_POINT('',(-1.03457092698786,244.791666666651,9.18794651269272));
#948=CARTESIAN_POINT('',(-1.25002539075756,247.395833333422,9.59093845763191));
#949=CARTESIAN_POINT('',(-1.24997460924244,252.604166666578,10.4090615423681));
#950=CARTESIAN_POINT('',(-1.03459913966667,255.208333333422,10.8120957106078));
#951=CARTESIAN_POINT('',(-0.354326442882351,260.416666666578,11.2665783201486));
#952=CARTESIAN_POINT('',(0.100440420544568,263.020833333422,11.3114139487233));
#953=CARTESIAN_POINT('',(0.856268160368117,268.229166666578,10.9982848825549));
#954=CARTESIAN_POINT('',(1.14620255535969,270.833333333276,10.645069395545));
#955=CARTESIAN_POINT('',(1.30576064564839,276.041666666724,9.84265640949527));
#956=CARTESIAN_POINT('',(1.17315162099319,278.645833333422,9.40534876007572));
#957=CARTESIAN_POINT('',(0.594615331973209,283.854166666578,8.82688428695794));
#958=CARTESIAN_POINT('',(0.157333683525086,286.458333333422,8.6941895485863));
#959=CARTESIAN_POINT('',(-0.645059488565413,291.666666666578,8.85384725040562));
#960=CARTESIAN_POINT('',(-0.998331798557715,294.270833333276,9.14371240638695));
#961=CARTESIAN_POINT('',(-1.31136703272049,299.479166666724,9.89957901270029));
#962=CARTESIAN_POINT('',(-1.26662054344852,302.083333333276,10.3543546555628));
#963=CARTESIAN_POINT('',(-0.812053487307856,307.291666666724,11.0345709269861));
#964=CARTESIAN_POINT('',(-0.409061542370839,309.895833333422,11.2500253907547));
#965=CARTESIAN_POINT('',(0.409061542370799,315.104166666578,11.2499746092453));
#966=CARTESIAN_POINT('',(0.812095710606637,317.708333333569,11.0345991396649));
#967=CARTESIAN_POINT('',(1.26657832014973,322.916666666431,10.3543264428841));
#968=CARTESIAN_POINT('',(1.31141394872385,325.520833333276,9.8995595794537));
#969=CARTESIAN_POINT('',(0.998284882554364,330.729166666724,9.14373183963358));
#970=CARTESIAN_POINT('',(0.645069395547551,333.333333333276,8.85379744464374));
#971=CARTESIAN_POINT('',(-0.157343590507222,338.541666666724,8.69423935434819));
#972=CARTESIAN_POINT('',(-0.594651239910279,341.145833333276,8.82684837899052));
#973=CARTESIAN_POINT('',(-1.17311571305608,346.354166666724,9.40538466804309));
#974=CARTESIAN_POINT('',(-1.30581045141084,348.958333333422,9.84266631647705));
#975=CARTESIAN_POINT('',(-1.14615274959724,354.166666666578,10.6450594885633));
#976=CARTESIAN_POINT('',(-0.856287593612455,356.770833333569,10.9983317985537));
#977=CARTESIAN_POINT('',(-0.100420987300271,361.979166666431,11.3113670327245));
#978=CARTESIAN_POINT('',(0.354354655580587,364.583333333422,11.2666205434354));
#979=CARTESIAN_POINT('',(1.03457092696844,369.791666666578,10.812053487321));
#980=CARTESIAN_POINT('',(1.25002539075756,372.395833333422,10.4090615423726));
#981=CARTESIAN_POINT('',(1.24997460924244,377.604166666578,9.59093845762732));
#982=CARTESIAN_POINT('',(1.03459913966667,380.208333333422,9.18790428939223));
#983=CARTESIAN_POINT('',(0.354326442882356,385.416666666578,8.73342167985142));
#984=CARTESIAN_POINT('',(-0.100440420523287,388.020833333422,8.68858605126757));
#985=CARTESIAN_POINT('',(-0.856268160389421,393.229166666578,9.00171511745421));
#986=CARTESIAN_POINT('',(-1.14620255535969,395.833333333276,9.35493060445495));
#987=CARTESIAN_POINT('',(-1.30576064564839,401.041666666724,10.1573435905047));
#988=CARTESIAN_POINT('',(-1.17315162099319,403.645833333276,10.5946512399289));
#989=CARTESIAN_POINT('',(-0.594615331973204,408.854166666724,11.1731157130375));
#990=CARTESIAN_POINT('',(-0.157333683525175,411.458333333276,11.3058104514091));
#991=CARTESIAN_POINT('',(0.645059488565468,416.666666666724,11.146152749599));
#992=CARTESIAN_POINT('',(0.998331798557149,419.270833333422,10.856287593613));
#993=CARTESIAN_POINT('',(1.31136703272106,424.479166666578,10.1004209872997));
#994=CARTESIAN_POINT('',(1.2666205434485,427.083333333569,9.64564534444171));
#995=CARTESIAN_POINT('',(0.812053487307844,432.291666666432,8.96542907300927));
#996=CARTESIAN_POINT('',(0.409061542370853,434.895833333276,8.7499746092453));
#997=CARTESIAN_POINT('',(-0.409061542370785,440.104166666724,8.75002539075471));
#998=CARTESIAN_POINT('',(-0.812095710607206,442.708333333569,8.96540086033048));
#999=CARTESIAN_POINT('',(-1.26657832014915,447.916666666431,9.64567355712051));
#1000=CARTESIAN_POINT('',(-1.31141394872328,450.520833333569,10.1004404205463));
#1001=CARTESIAN_POINT('',(-0.998284882554934,455.729166666431,10.8562681603664));
#1002=CARTESIAN_POINT('',(-0.645069395547645,458.333333333276,11.1462025553608));
#1003=CARTESIAN_POINT('',(0.15734359050727,463.541666666724,11.3057606456472));
#1004=CARTESIAN_POINT('',(0.594651239910847,466.145833333276,11.1731516210095));
#1005=CARTESIAN_POINT('',(1.1731157130555,471.354166666724,10.5946153319569));
#1006=CARTESIAN_POINT('',(1.30581045140683,473.958333333422,10.1573336835046));
#1007=CARTESIAN_POINT('',(1.14615274960124,479.166666666578,9.35494051145501));
#1008=CARTESIAN_POINT('',(0.856287593634316,481.770833333276,9.00166820145085));
#1009=CARTESIAN_POINT('',(0.100420987278403,486.979166666724,8.68863296727093));
#1010=CARTESIAN_POINT('',(-0.354354655600303,489.583333333276,8.73337945657836));
#1011=CARTESIAN_POINT('',(-1.03457092694871,494.791666666724,9.18794651266529));
#1012=CARTESIAN_POINT('',(-1.25002539075756,497.39583333313,9.59093845760447));
#1013=CARTESIAN_POINT('',(-1.24997460924244,502.60416666687,10.4090615423955));
#1014=CARTESIAN_POINT('',(-1.03459913968582,505.20833333313,10.8120957105941));
#1015=CARTESIAN_POINT('',(-0.354326442863196,510.41666666687,11.2665783201623));
#1016=CARTESIAN_POINT('',(0.10044042052314,513.02083333313,11.3114139487324));
#1017=CARTESIAN_POINT('',(0.856268160389559,518.22916666687,10.9982848825458));
#1018=CARTESIAN_POINT('',(1.14620255535511,520.83333333313,10.6450693955679));
#1019=CARTESIAN_POINT('',(1.30576064565295,526.04166666687,9.84265640947244));
#1020=CARTESIAN_POINT('',(1.17315162100974,528.645833333423,9.40534876008942));
#1021=CARTESIAN_POINT('',(0.594615331956608,533.854166666578,8.8268842869442));
#1022=CARTESIAN_POINT('',(0.157333683548041,536.45833333313,8.6941895485863));
#1023=CARTESIAN_POINT('',(-0.645059488588327,541.66666666687,8.85384725040562));
#1024=CARTESIAN_POINT('',(-0.998331798548008,544.27083333313,9.14371240636869));
#1025=CARTESIAN_POINT('',(-1.31136703273021,549.47916666687,9.8995790127186));
#1026=CARTESIAN_POINT('',(-1.26662054344909,552.08333333313,10.3543546555583));
#1027=CARTESIAN_POINT('',(-0.812053487307285,557.29166666687,11.0345709269907));
#1028=CARTESIAN_POINT('',(-0.409061542394253,559.89583333313,11.2500253907547));
#1029=CARTESIAN_POINT('',(0.409061542394211,565.10416666687,11.2499746092453));
#1030=CARTESIAN_POINT('',(0.812095710594632,567.708333333422,11.0345991396878));
#1031=CARTESIAN_POINT('',(1.26657832016173,572.916666666578,10.3543264428612));
#1032=CARTESIAN_POINT('',(1.31141394873243,575.520833333422,9.89955957947656));
#1033=CARTESIAN_POINT('',(0.998284882545787,580.729166666578,9.14373183961071));
#1034=CARTESIAN_POINT('',(0.645069395570471,583.33333333313,8.85379744464374));
#1035=CARTESIAN_POINT('',(-0.157343590530176,588.54166666687,8.69423935434818));
#1036=CARTESIAN_POINT('',(-0.594651239910294,591.145833333423,8.82684837899054));
#1037=CARTESIAN_POINT('',(-1.1731157130561,596.354166666578,9.40538466804311));
#1038=CARTESIAN_POINT('',(-1.30581045141541,598.958333333422,9.84266631644961));
#1039=CARTESIAN_POINT('',(-1.14615274959266,604.166666666578,10.6450594885907));
#1040=CARTESIAN_POINT('',(-0.856287593634027,606.77083333313,10.9983317985492));
#1041=CARTESIAN_POINT('',(-0.100420987278685,611.97916666687,11.3113670327291));
#1042=CARTESIAN_POINT('',(0.354354655561151,614.58333333313,11.2666205434491));
#1043=CARTESIAN_POINT('',(1.03457092698787,619.79166666687,10.8120534873073));
#1044=CARTESIAN_POINT('',(1.25002539075756,622.395833333422,10.4090615423956));
#1045=CARTESIAN_POINT('',(1.24997460924244,627.604166666577,9.59093845760451));
#1046=CARTESIAN_POINT('',(1.03459913968584,630.208333333422,9.18790428940596));
#1047=CARTESIAN_POINT('',(0.354326442863223,635.416666666578,8.73342167983771));
#1048=CARTESIAN_POINT('',(-0.10044042052316,638.02083333313,8.68858605126758));
#1049=CARTESIAN_POINT('',(-0.856268160389579,643.22916666687,9.00171511745421));
#1050=CARTESIAN_POINT('',(-1.14620255535511,645.83333333313,9.35493060443207));
#1051=CARTESIAN_POINT('',(-1.30576064565296,651.04166666687,10.1573435905276));
#1052=CARTESIAN_POINT('',(-1.17315162100975,653.64583333313,10.594651239906));
#1053=CARTESIAN_POINT('',(-0.594615331956618,658.85416666687,11.1731157130604));
#1054=CARTESIAN_POINT('',(-0.157333683547949,661.45833333313,11.3058104514183));
#1055=CARTESIAN_POINT('',(0.645059488588277,666.66666666687,11.1461527495898));
#1056=CARTESIAN_POINT('',(0.998331798548003,669.27083333313,10.8562875936359));
#1057=CARTESIAN_POINT('',(1.31136703273021,674.47916666687,10.1004209872768));
#1058=CARTESIAN_POINT('',(1.26662054344909,677.08333333313,9.64564534443715));
#1059=CARTESIAN_POINT('',(0.81205348730728,682.29166666687,8.96542907301385));
#1060=CARTESIAN_POINT('',(0.409061542394238,684.89583333313,8.7499746092453));
#1061=CARTESIAN_POINT('',(-0.409061542394238,690.10416666687,8.75002539075471));
#1062=CARTESIAN_POINT('',(-0.812095710594621,692.708333333422,8.96540086031675));
#1063=CARTESIAN_POINT('',(-1.26657832016172,697.916666666578,9.64567355713422));
#1064=CARTESIAN_POINT('',(-1.31141394873186,700.520833333422,10.1004404205234));
#1065=CARTESIAN_POINT('',(-0.998284882546364,705.729166666578,10.8562681603893));
#1066=CARTESIAN_POINT('',(-0.645069395570539,708.33333333313,11.1462025553563));
#1067=CARTESIAN_POINT('',(0.157343590530246,713.54166666687,11.3057606456518));
#1068=CARTESIAN_POINT('',(0.594651239910574,716.145833333422,11.1731516210095));
#1069=CARTESIAN_POINT('',(1.1731157130558,721.354166666578,10.5946153319569));
#1070=CARTESIAN_POINT('',(1.30581045141541,723.958333333715,10.1573336835504));
#1071=CARTESIAN_POINT('',(1.14615274959267,729.166666666285,9.35494051140931));
#1072=CARTESIAN_POINT('',(0.856287593634023,731.77083333313,9.00166820145085));
#1073=CARTESIAN_POINT('',(0.100420987278682,736.97916666687,8.68863296727093));
#1074=CARTESIAN_POINT('',(-0.354354655561125,739.58333333313,8.73337945655091));
#1075=CARTESIAN_POINT('',(-1.03457092698785,744.79166666687,9.18794651269271));
#1076=CARTESIAN_POINT('',(-1.25002539075756,747.395833333423,9.59093845760457));
#1077=CARTESIAN_POINT('',(-1.24997460924244,752.604166666578,10.4090615423956));
#1078=CARTESIAN_POINT('',(-1.0345991396858,755.208333333422,10.8120957105941));
#1079=CARTESIAN_POINT('',(-0.35432644286319,760.416666666578,11.2665783201623));
#1080=CARTESIAN_POINT('',(0.100440420523003,763.020833333422,11.3114139487324));
#1081=CARTESIAN_POINT('',(0.856268160389709,768.229166666578,10.9982848825458));
#1082=CARTESIAN_POINT('',(1.14620255535512,770.83333333313,10.6450693955679));
#1083=CARTESIAN_POINT('',(1.30576064565296,776.04166666687,9.84265640947241));
#1084=CARTESIAN_POINT('',(1.17315162100976,778.64583333313,9.40534876008944));
#1085=CARTESIAN_POINT('',(0.594615331956628,783.85416666687,8.82688428694422));
#1086=CARTESIAN_POINT('',(0.157333683548034,786.45833333313,8.6941895485863));
#1087=CARTESIAN_POINT('',(-0.645059488588335,791.66666666687,8.85384725040562));
#1088=CARTESIAN_POINT('',(-0.998331798548576,794.27083333313,9.1437124063641));
#1089=CARTESIAN_POINT('',(-1.31136703272964,799.47916666687,9.89957901272316));
#1090=CARTESIAN_POINT('',(-1.26662054344907,802.083333333423,10.3543546555583));
#1091=CARTESIAN_POINT('',(-0.812053487307268,807.291666666578,11.0345709269907));
#1092=CARTESIAN_POINT('',(-0.409061542394216,809.895833333423,11.2500253907547));
#1093=CARTESIAN_POINT('',(0.409061542394259,815.104166666578,11.2499746092453));
#1094=CARTESIAN_POINT('',(0.812095710568329,817.70833333313,11.0345991397244));
#1095=CARTESIAN_POINT('',(1.26657832018802,822.91666666687,10.3543264428246));
#1096=CARTESIAN_POINT('',(1.31141394873243,825.52083333313,9.89955957947657));
#1097=CARTESIAN_POINT('',(0.998284882545791,830.72916666687,9.14373183961072));
#1098=CARTESIAN_POINT('',(0.645069395570535,833.33333333313,8.85379744464374));
#1099=CARTESIAN_POINT('',(-0.157343590530249,838.54166666687,8.69423935434818));
#1100=CARTESIAN_POINT('',(-0.594651239910291,841.14583333313,8.82684837899054));
#1101=CARTESIAN_POINT('',(-1.17311571305608,846.35416666687,9.4053846680431));
#1102=CARTESIAN_POINT('',(-1.30581045141484,848.95833333313,9.84266631644963));
#1103=CARTESIAN_POINT('',(-1.14615274959323,854.16666666687,10.6450594885907));
#1104=CARTESIAN_POINT('',(-0.856287593677368,856.770833333422,10.9983317985308));
#1105=CARTESIAN_POINT('',(-0.100420987235429,861.979166666578,11.3113670327473));
#1106=CARTESIAN_POINT('',(0.354354655561128,864.583333333422,11.2666205434491));
#1107=CARTESIAN_POINT('',(1.03457092698785,869.791666666578,10.8120534873073));
#1108=CARTESIAN_POINT('',(1.25002539075756,872.395833333129,10.4090615423956));
#1109=CARTESIAN_POINT('',(1.24997460924244,877.60416666687,9.59093845760452));
#1110=CARTESIAN_POINT('',(1.0345991396861,880.208333333422,9.18790428940594));
#1111=CARTESIAN_POINT('',(0.354326442862916,885.416666666578,8.7334216798377));
#1112=CARTESIAN_POINT('',(-0.10044042052315,888.020833333422,8.68858605126757));
#1113=CARTESIAN_POINT('',(-0.856268160389569,893.229166666578,9.00171511745421));
#1114=CARTESIAN_POINT('',(-1.14620255535569,895.833333333715,9.35493060443208));
#1115=CARTESIAN_POINT('',(-1.30576064565238,901.041666666285,10.1573435905276));
#1116=CARTESIAN_POINT('',(-1.17315162100977,903.64583333313,10.5946512399106));
#1117=CARTESIAN_POINT('',(-0.594615331956638,908.85416666687,11.1731157130558));
#1118=CARTESIAN_POINT('',(-0.157333683548102,911.45833333313,11.3058104514183));
#1119=CARTESIAN_POINT('',(0.645059488588409,916.66666666687,11.1461527495898));
#1120=CARTESIAN_POINT('',(0.998331798548564,919.27083333313,10.8562875936359));
#1121=CARTESIAN_POINT('',(1.31136703272962,924.47916666687,10.1004209872769));
#1122=CARTESIAN_POINT('',(1.26662054344853,927.083333333129,9.64564534444175));
#1123=CARTESIAN_POINT('',(0.812053487307867,932.29166666687,8.9654290730093));
#1124=CARTESIAN_POINT('',(0.40906154244111,934.895833333129,8.7499746092453));
#1125=CARTESIAN_POINT('',(-0.409061542441018,940.10416666687,8.75002539075471));
#1126=CARTESIAN_POINT('',(-0.812095710594635,942.708333333715,8.96540086031677));
#1127=CARTESIAN_POINT('',(-1.26657832016174,947.916666666285,9.64567355713424));
#1128=CARTESIAN_POINT('',(-1.31141394873242,950.520833333422,10.1004404205235));
#1129=CARTESIAN_POINT('',(-0.998284882545783,955.729166666578,10.8562681603893));
#1130=CARTESIAN_POINT('',(-0.645069395570549,958.33333333313,11.1462025553517));
#1131=CARTESIAN_POINT('',(0.157343590530235,963.54166666687,11.3057606456564));
#1132=CARTESIAN_POINT('',(0.59465123991058,966.14583333313,11.1731516210095));
#1133=CARTESIAN_POINT('',(1.1731157130558,971.35416666687,10.5946153319569));
#1134=CARTESIAN_POINT('',(1.30581045141542,973.958333333422,10.1573336835504));
#1135=CARTESIAN_POINT('',(1.14615274959267,979.166666666578,9.35494051140934));
#1136=CARTESIAN_POINT('',(0.856287593634176,981.77083333313,9.00166820145543));
#1137=CARTESIAN_POINT('',(0.100420987278549,986.97916666687,8.68863296726636));
#1138=CARTESIAN_POINT('',(-0.354354655639185,989.583333333422,8.7333794566058));
#1139=CARTESIAN_POINT('',(-1.03457092690986,994.791666666578,9.18794651263786));
#1140=CARTESIAN_POINT('',(-1.2500253948908,997.395409414724,9.59087186865677));
#1141=CARTESIAN_POINT('',(-1.25,1000.0,10.0));
#1142=CARTESIAN_POINT('',(0.0,-5.0,10.0));
#1143=VECTOR('',#1166,1000.0);
#1144=CARTESIAN_POINT('',(0.0,0.0,10.0));
#1145=VECTOR('',#1167,1000.0);
#1146=CARTESIAN_POINT('',(0.0,-5.0,10.0));
#1147=VECTOR('',#1168,1000.0);
#1148=CARTESIAN_POINT('',(0.0,0.0,11.25));
#1149=VECTOR('',#1169,1000.0);
#1150=CARTESIAN_POINT('',(0.0,0.0,10.0));
#1151=VECTOR('',#1170,1000.0);
#1152=CARTESIAN_POINT('',(1.25,0.0,10.0));
#1153=VECTOR('',#1171,1000.0);
#1154=CARTESIAN_POINT('',(1.25,1000.0,10.0));
#1155=VECTOR('',#1172,1000.0);
#1156=CARTESIAN_POINT('',(0.0,1000.0,10.0));
#1157=VECTOR('',#1173,1000.0);
#1158=CARTESIAN_POINT('',(0.0,1000.0,10.0));
#1159=VECTOR('',#1174,1000.0);
#1160=CARTESIAN_POINT('',(0.0,1005.0,10.0));
#1161=VECTOR('',#1175,1000.0);
#1162=CARTESIAN_POINT('',(-6.12323399573677E-15,1000.0,11.25));
#1163=VECTOR('',#1176,1000.0);
#1164=CARTESIAN_POINT('',(0.0,1005.0,10.0));
#1165=VECTOR('',#1177,1000.0);
#1166=DIRECTION('',(0.0,0.0,-1.0));
#1167=DIRECTION('',(1.22464679914735E-16,0.0,-1.0));
#1168=DIRECTION('',(0.0,1.0,0.0));
#1169=DIRECTION('',(0.0,0.0,-1.0));
#1170=DIRECTION('',(-1.0,0.0,0.0));
#1171=DIRECTION('',(-1.0,0.0,0.0));
#1172=DIRECTION('',(-1.0,0.0,-9.71445146547012E-15));
#1173=DIRECTION('',(1.56791929129057E-14,0.0,-1.0));
#1174=DIRECTION('',(-1.0,0.0,6.93889390390723E-15));
#1175=DIRECTION('',(0.0,-1.0,0.0));
#1176=DIRECTION('',(4.89858719658942E-15,0.0,-1.0));
#1177=DIRECTION('',(0.0,0.0,-1.0));
ENDSEC;
END-ISO-10303-21;
